Device_id,Name,Type,Accelerator Core,Start Time(us),Duration(us),Wait Time(us),Block Num,Input Shapes,Output Shapes,mac_ratio,mte2_ratio
0,MatMulV2,AI_CORE,AI_CORE,1704161511424200.000,129.831,10.386,24,"[[1,1024],[1024,4096]]","[[1,4096]]",0.18,0.44
0,FusedInferAttentionScore,AI_CORE,AI_CORE,1704161511424329.750,72.199,5.776,24,"[[1,1024],[1024,4096]]","[[1,4096]]",0.18,0.44
0,RmsNorm,AI_VECTOR_CORE,AI_VECTOR_CORE,1704161511424402.000,27.646,2.212,24,"[[1,1024],[1024,4096]]","[[1,4096]]",0.05,0.3
0,MatMulV2,AI_CORE,AI_CORE,1704161511424689.750,110.586,8.847,24,"[[1,1024],[1024,4096]]","[[1,4096]]",0.18,0.44
0,FusedInferAttentionScore,AI_CORE,AI_CORE,1704161511424800.250,72.673,5.814,24,"[[1,1024],[1024,4096]]","[[1,4096]]",0.18,0.44
0,RmsNorm,AI_VECTOR_CORE,AI_VECTOR_CORE,1704161511424873.000,22.164,1.773,24,"[[1,1024],[1024,4096]]","[[1,4096]]",0.05,0.3
0,MatMulV2,AI_CORE,AI_CORE,1704161511424895.250,115.626,9.250,24,"[[1,1024],[1024,4096]]","[[1,4096]]",0.18,0.44
0,FusedInferAttentionScore,AI_CORE,AI_CORE,1704161511425011.000,73.819,5.906,24,"[[1,1024],[1024,4096]]","[[1,4096]]",0.18,0.44
0,RmsNorm,AI_VECTOR_CORE,AI_VECTOR_CORE,1704161511425084.750,24.209,1.937,24,"[[1,1024],[1024,4096]]","[[1,4096]]",0.05,0.3
0,MatMulV2,AI_CORE,AI_CORE,1704161511425109.000,115.409,9.233,24,"[[1,1024],[1024,4096]]","[[1,4096]]",0.18,0.44
0,FusedInferAttentionScore,AI_CORE,AI_CORE,1704161511425224.500,75.069,6.005,24,"[[1,1024],[1024,4096]]","[[1,4096]]",0.18,0.44
0,RmsNorm,AI_VECTOR_CORE,AI_VECTOR_CORE,1704161511425299.500,24.357,1.949,24,"[[1,1024],[1024,4096]]","[[1,4096]]",0.05,0.3
0,MatMulV2,AI_CORE,AI_CORE,1704161511425323.750,124.026,9.922,24,"[[1,1024],[1024,4096]]","[[1,4096]]",0.18,0.44
0,FusedInferAttentionScore,AI_CORE,AI_CORE,1704161511425447.750,73.424,5.874,24,"[[1,1024],[1024,4096]]","[[1,4096]]",0.18,0.44
0,RmsNorm,AI_VECTOR_CORE,AI_VECTOR_CORE,1704161511425521.250,25.266,2.021,24,"[[1,1024],[1024,4096]]","[[1,4096]]",0.05,0.3
0,MatMulV2,AI_CORE,AI_CORE,1704161511425546.500,115.024,9.202,24,"[[1,1024],[1024,4096]]","[[1,4096]]",0.18,0.44
0,FusedInferAttentionScore,AI_CORE,AI_CORE,1704161511425661.500,73.950,5.916,24,"[[1,1024],[1024,4096]]","[[1,4096]]",0.18,0.44
0,RmsNorm,AI_VECTOR_CORE,AI_VECTOR_CORE,1704161511425735.500,24.492,1.959,24,"[[1,1024],[1024,4096]]","[[1,4096]]",0.05,0.3
0,MatMulV2,AI_CORE,AI_CORE,1704161511425760.000,115.753,9.260,24,"[[1,1024],[1024,4096]]","[[1,4096]]",0.18,0.44
0,FusedInferAttentionScore,AI_CORE,AI_CORE,1704161511425875.750,75.065,6.005,24,"[[1,1024],[1024,4096]]","[[1,4096]]",0.18,0.44
0,RmsNorm,AI_VECTOR_CORE,AI_VECTOR_CORE,1704161511425950.750,27.089,2.167,24,"[[1,1024],[1024,4096]]","[[1,4096]]",0.05,0.3
0,MatMulV2,AI_CORE,AI_CORE,1704161511425977.750,117.619,9.410,24,"[[1,1024],[1024,4096]]","[[1,4096]]",0.18,0.44
0,FusedInferAttentionScore,AI_CORE,AI_CORE,1704161511426095.250,64.734,5.179,24,"[[1,1024],[1024,4096]]","[[1,4096]]",0.18,0.44
0,RmsNorm,AI_VECTOR_CORE,AI_VECTOR_CORE,1704161511426160.000,25.744,2.060,24,"[[1,1024],[1024,4096]]","[[1,4096]]",0.05,0.3
0,MatMulV2,AI_CORE,AI_CORE,1704161511426185.750,117.600,9.408,24,"[[1,1024],[1024,4096]]","[[1,4096]]",0.18,0.44
0,FusedInferAttentionScore,AI_CORE,AI_CORE,1704161511426303.250,67.148,5.372,24,"[[1,1024],[1024,4096]]","[[1,4096]]",0.18,0.44
0,RmsNorm,AI_VECTOR_CORE,AI_VECTOR_CORE,1704161511426370.500,22.999,1.840,24,"[[1,1024],[1024,4096]]","[[1,4096]]",0.05,0.3
0,MatMulV2,AI_CORE,AI_CORE,1704161511426393.500,108.416,8.673,24,"[[1,1024],[1024,4096]]","[[1,4096]]",0.18,0.44
0,FusedInferAttentionScore,AI_CORE,AI_CORE,1704161511426502.000,72.985,5.839,24,"[[1,1024],[1024,4096]]","[[1,4096]]",0.18,0.44
0,RmsNorm,AI_VECTOR_CORE,AI_VECTOR_CORE,1704161511426575.000,28.500,2.280,24,"[[1,1024],[1024,4096]]","[[1,4096]]",0.05,0.3
0,MatMulV2,AI_CORE,AI_CORE,1704161511426603.500,128.727,10.298,24,"[[1,1024],[1024,4096]]","[[1,4096]]",0.18,0.44
0,FusedInferAttentionScore,AI_CORE,AI_CORE,1704161511426732.250,67.856,5.428,24,"[[1,1024],[1024,4096]]","[[1,4096]]",0.18,0.44
0,RmsNorm,AI_VECTOR_CORE,AI_VECTOR_CORE,1704161511426800.000,24.240,1.939,24,"[[1,1024],[1024,4096]]","[[1,4096]]",0.05,0.3
0,MatMulV2,AI_CORE,AI_CORE,1704161511426824.250,130.716,10.457,24,"[[1,1024],[1024,4096]]","[[1,4096]]",0.18,0.44
0,FusedInferAttentionScore,AI_CORE,AI_CORE,1704161511426955.000,69.014,5.521,24,"[[1,1024],[1024,4096]]","[[1,4096]]",0.18,0.44
0,RmsNorm,AI_VECTOR_CORE,AI_VECTOR_CORE,1704161511427024.000,27.528,2.202,24,"[[1,1024],[1024,4096]]","[[1,4096]]",0.05,0.3
0,MatMulV2,AI_CORE,AI_CORE,1704161511427051.500,124.461,9.957,24,"[[1,1024],[1024,4096]]","[[1,4096]]",0.18,0.44
0,FusedInferAttentionScore,AI_CORE,AI_CORE,1704161511427176.000,69.937,5.595,24,"[[1,1024],[1024,4096]]","[[1,4096]]",0.18,0.44
0,RmsNorm,AI_VECTOR_CORE,AI_VECTOR_CORE,1704161511427246.000,28.646,2.292,24,"[[1,1024],[1024,4096]]","[[1,4096]]",0.05,0.3
0,MatMulV2,AI_CORE,AI_CORE,1704161511427274.750,128.446,10.276,24,"[[1,1024],[1024,4096]]","[[1,4096]]",0.18,0.44
0,FusedInferAttentionScore,AI_CORE,AI_CORE,1704161511427403.250,75.862,6.069,24,"[[1,1024],[1024,4096]]","[[1,4096]]",0.18,0.44
0,RmsNorm,AI_VECTOR_CORE,AI_VECTOR_CORE,1704161511427479.000,24.143,1.931,24,"[[1,1024],[1024,4096]]","[[1,4096]]",0.05,0.3
0,MatMulV2,AI_CORE,AI_CORE,1704161511427503.250,109.593,8.767,24,"[[1,1024],[1024,4096]]","[[1,4096]]",0.18,0.44
0,FusedInferAttentionScore,AI_CORE,AI_CORE,1704161511427612.750,66.877,5.350,24,"[[1,1024],[1024,4096]]","[[1,4096]]",0.18,0.44
0,RmsNorm,AI_VECTOR_CORE,AI_VECTOR_CORE,1704161511427679.750,23.507,1.881,24,"[[1,1024],[1024,4096]]","[[1,4096]]",0.05,0.3
0,MatMulV2,AI_CORE,AI_CORE,1704161511427703.250,126.206,10.096,24,"[[1,1024],[1024,4096]]","[[1,4096]]",0.18,0.44
0,FusedInferAttentionScore,AI_CORE,AI_CORE,1704161511427829.500,64.657,5.173,24,"[[1,1024],[1024,4096]]","[[1,4096]]",0.18,0.44
0,RmsNorm,AI_VECTOR_CORE,AI_VECTOR_CORE,1704161511427894.250,24.579,1.966,24,"[[1,1024],[1024,4096]]","[[1,4096]]",0.05,0.3
0,MatMulV2,AI_CORE,AI_CORE,1704161511427918.750,125.171,10.014,24,"[[1,1024],[1024,4096]]","[[1,4096]]",0.18,0.44
0,FusedInferAttentionScore,AI_CORE,AI_CORE,1704161511428044.000,76.441,6.115,24,"[[1,1024],[1024,4096]]","[[1,4096]]",0.18,0.44
0,RmsNorm,AI_VECTOR_CORE,AI_VECTOR_CORE,1704161511428120.500,22.643,1.811,24,"[[1,1024],[1024,4096]]","[[1,4096]]",0.05,0.3
0,MatMulV2,AI_CORE,AI_CORE,1704161511428143.250,122.817,9.825,24,"[[1,1024],[1024,4096]]","[[1,4096]]",0.18,0.44
0,FusedInferAttentionScore,AI_CORE,AI_CORE,1704161511428266.000,71.342,5.707,24,"[[1,1024],[1024,4096]]","[[1,4096]]",0.18,0.44
0,RmsNorm,AI_VECTOR_CORE,AI_VECTOR_CORE,1704161511428337.250,24.557,1.965,24,"[[1,1024],[1024,4096]]","[[1,4096]]",0.05,0.3
0,MatMulV2,AI_CORE,AI_CORE,1704161511428361.750,112.798,9.024,24,"[[1,1024],[1024,4096]]","[[1,4096]]",0.18,0.44
0,FusedInferAttentionScore,AI_CORE,AI_CORE,1704161511428474.500,63.588,5.087,24,"[[1,1024],[1024,4096]]","[[1,4096]]",0.18,0.44
0,RmsNorm,AI_VECTOR_CORE,AI_VECTOR_CORE,1704161511428538.000,22.467,1.797,24,"[[1,1024],[1024,4096]]","[[1,4096]]",0.05,0.3
0,MatMulV2,AI_CORE,AI_CORE,1704161511428560.500,130.368,10.429,24,"[[1,1024],[1024,4096]]","[[1,4096]]",0.18,0.44
0,FusedInferAttentionScore,AI_CORE,AI_CORE,1704161511428690.750,72.780,5.822,24,"[[1,1024],[1024,4096]]","[[1,4096]]",0.18,0.44
0,RmsNorm,AI_VECTOR_CORE,AI_VECTOR_CORE,1704161511428763.500,28.053,2.244,24,"[[1,1024],[1024,4096]]","[[1,4096]]",0.05,0.3
0,MatMulV2,AI_CORE,AI_CORE,1704161511428791.500,116.435,9.315,24,"[[1,1024],[1024,4096]]","[[1,4096]]",0.18,0.44
0,FusedInferAttentionScore,AI_CORE,AI_CORE,1704161511428908.000,70.769,5.661,24,"[[1,1024],[1024,4096]]","[[1,4096]]",0.18,0.44
0,RmsNorm,AI_VECTOR_CORE,AI_VECTOR_CORE,1704161511428978.750,21.059,1.685,24,"[[1,1024],[1024,4096]]","[[1,4096]]",0.05,0.3
0,MatMulV2,AI_CORE,AI_CORE,1704161511428999.750,118.760,9.501,24,"[[1,1024],[1024,4096]]","[[1,4096]]",0.18,0.44
0,FusedInferAttentionScore,AI_CORE,AI_CORE,1704161511429118.500,70.238,5.619,24,"[[1,1024],[1024,4096]]","[[1,4096]]",0.18,0.44
0,RmsNorm,AI_VECTOR_CORE,AI_VECTOR_CORE,1704161511429188.750,23.466,1.877,24,"[[1,1024],[1024,4096]]","[[1,4096]]",0.05,0.3
0,MatMulV2,AI_CORE,AI_CORE,1704161511429212.250,125.687,10.055,24,"[[1,1024],[1024,4096]]","[[1,4096]]",0.18,0.44
0,FusedInferAttentionScore,AI_CORE,AI_CORE,1704161511429338.000,65.591,5.247,24,"[[1,1024],[1024,4096]]","[[1,4096]]",0.18,0.44
0,RmsNorm,AI_VECTOR_CORE,AI_VECTOR_CORE,1704161511429403.500,23.432,1.875,24,"[[1,1024],[1024,4096]]","[[1,4096]]",0.05,0.3
0,MatMulV2,AI_CORE,AI_CORE,1704161511429427.000,129.756,10.381,24,"[[1,1024],[1024,4096]]","[[1,4096]]",0.18,0.44
0,FusedInferAttentionScore,AI_CORE,AI_CORE,1704161511429556.750,72.238,5.779,24,"[[1,1024],[1024,4096]]","[[1,4096]]",0.18,0.44
0,RmsNorm,AI_VECTOR_CORE,AI_VECTOR_CORE,1704161511429629.000,22.788,1.823,24,"[[1,1024],[1024,4096]]","[[1,4096]]",0.05,0.3
0,MatMulV2,AI_CORE,AI_CORE,1704161511429651.750,112.609,9.009,24,"[[1,1024],[1024,4096]]","[[1,4096]]",0.18,0.44
0,FusedInferAttentionScore,AI_CORE,AI_CORE,1704161511429764.250,65.864,5.269,24,"[[1,1024],[1024,4096]]","[[1,4096]]",0.18,0.44
0,RmsNorm,AI_VECTOR_CORE,AI_VECTOR_CORE,1704161511429830.000,23.400,1.872,24,"[[1,1024],[1024,4096]]","[[1,4096]]",0.05,0.3
0,MatMulV2,AI_CORE,AI_CORE,1704161511429853.500,128.527,10.282,24,"[[1,1024],[1024,4096]]","[[1,4096]]",0.18,0.44
0,FusedInferAttentionScore,AI_CORE,AI_CORE,1704161511429982.000,74.791,5.983,24,"[[1,1024],[1024,4096]]","[[1,4096]]",0.18,0.44
0,RmsNorm,AI_VECTOR_CORE,AI_VECTOR_CORE,1704161511430056.750,19.775,1.582,24,"[[1,1024],[1024,4096]]","[[1,4096]]",0.05,0.3
0,MatMulV2,AI_CORE,AI_CORE,1704161511430076.500,118.000,9.440,24,"[[1,1024],[1024,4096]]","[[1,4096]]",0.18,0.44
0,FusedInferAttentionScore,AI_CORE,AI_CORE,1704161511430194.500,66.014,5.281,24,"[[1,1024],[1024,4096]]","[[1,4096]]",0.18,0.44
0,RmsNorm,AI_VECTOR_CORE,AI_VECTOR_CORE,1704161511430260.500,19.649,1.572,24,"[[1,1024],[1024,4096]]","[[1,4096]]",0.05,0.3
0,MatMulV2,AI_CORE,AI_CORE,1704161511430280.250,120.697,9.656,24,"[[1,1024],[1024,4096]]","[[1,4096]]",0.18,0.44
0,FusedInferAttentionScore,AI_CORE,AI_CORE,1704161511430401.000,67.002,5.360,24,"[[1,1024],[1024,4096]]","[[1,4096]]",0.18,0.44
0,RmsNorm,AI_VECTOR_CORE,AI_VECTOR_CORE,1704161511430468.000,20.710,1.657,24,"[[1,1024],[1024,4096]]","[[1,4096]]",0.05,0.3
0,MatMulV2,AI_CORE,AI_CORE,1704161511430488.750,123.199,9.856,24,"[[1,1024],[1024,4096]]","[[1,4096]]",0.18,0.44
0,FusedInferAttentionScore,AI_CORE,AI_CORE,1704161511430612.000,72.879,5.830,24,"[[1,1024],[1024,4096]]","[[1,4096]]",0.18,0.44
0,RmsNorm,AI_VECTOR_CORE,AI_VECTOR_CORE,1704161511430685.000,27.605,2.208,24,"[[1,1024],[1024,4096]]","[[1,4096]]",0.05,0.3
0,MatMulV2,AI_CORE,AI_CORE,1704161511430712.500,126.893,10.151,24,"[[1,1024],[1024,4096]]","[[1,4096]]",0.18,0.44
0,FusedInferAttentionScore,AI_CORE,AI_CORE,1704161511430839.500,76.048,6.084,24,"[[1,1024],[1024,4096]]","[[1,4096]]",0.18,0.44
0,RmsNorm,AI_VECTOR_CORE,AI_VECTOR_CORE,1704161511430915.500,22.977,1.838,24,"[[1,1024],[1024,4096]]","[[1,4096]]",0.05,0.3
0,MatMulV2,AI_CORE,AI_CORE,1704161511430938.500,115.380,9.230,24,"[[1,1024],[1024,4096]]","[[1,4096]]",0.18,0.44
0,FusedInferAttentionScore,AI_CORE,AI_CORE,1704161511431054.000,68.878,5.510,24,"[[1,1024],[1024,4096]]","[[1,4096]]",0.18,0.44
0,RmsNorm,AI_VECTOR_CORE,AI_VECTOR_CORE,1704161511431123.000,19.899,1.592,24,"[[1,1024],[1024,4096]]","[[1,4096]]",0.05,0.3
0,MatMulV2,AI_CORE,AI_CORE,1704161511431143.000,110.789,8.863,24,"[[1,1024],[1024,4096]]","[[1,4096]]",0.18,0.44
0,FusedInferAttentionScore,AI_CORE,AI_CORE,1704161511431253.750,69.534,5.563,24,"[[1,1024],[1024,4096]]","[[1,4096]]",0.18,0.44
0,RmsNorm,AI_VECTOR_CORE,AI_VECTOR_CORE,1704161511431323.250,27.827,2.226,24,"[[1,1024],[1024,4096]]","[[1,4096]]",0.05,0.3
0,MatMulV2,AI_CORE,AI_CORE,1704161511446200.000,130.412,10.433,24,"[[1,1024],[1024,4096]]","[[1,4096]]",0.18,0.44
0,FusedInferAttentionScore,AI_CORE,AI_CORE,1704161511446330.500,70.383,5.631,24,"[[1,1024],[1024,4096]]","[[1,4096]]",0.18,0.44
0,RmsNorm,AI_VECTOR_CORE,AI_VECTOR_CORE,1704161511446401.000,24.107,1.929,24,"[[1,1024],[1024,4096]]","[[1,4096]]",0.05,0.3
0,MatMulV2,AI_CORE,AI_CORE,1704161511446685.000,111.682,8.935,24,"[[1,1024],[1024,4096]]","[[1,4096]]",0.18,0.44
0,FusedInferAttentionScore,AI_CORE,AI_CORE,1704161511446796.750,65.520,5.242,24,"[[1,1024],[1024,4096]]","[[1,4096]]",0.18,0.44
0,RmsNorm,AI_VECTOR_CORE,AI_VECTOR_CORE,1704161511446862.250,24.745,1.980,24,"[[1,1024],[1024,4096]]","[[1,4096]]",0.05,0.3
0,MatMulV2,AI_CORE,AI_CORE,1704161511446887.000,128.074,10.246,24,"[[1,1024],[1024,4096]]","[[1,4096]]",0.18,0.44
0,FusedInferAttentionScore,AI_CORE,AI_CORE,1704161511447015.000,76.588,6.127,24,"[[1,1024],[1024,4096]]","[[1,4096]]",0.18,0.44
0,RmsNorm,AI_VECTOR_CORE,AI_VECTOR_CORE,1704161511447091.500,21.100,1.688,24,"[[1,1024],[1024,4096]]","[[1,4096]]",0.05,0.3
0,MatMulV2,AI_CORE,AI_CORE,1704161511447112.500,118.866,9.509,24,"[[1,1024],[1024,4096]]","[[1,4096]]",0.18,0.44
0,FusedInferAttentionScore,AI_CORE,AI_CORE,1704161511447231.250,68.787,5.503,24,"[[1,1024],[1024,4096]]","[[1,4096]]",0.18,0.44
0,RmsNorm,AI_VECTOR_CORE,AI_VECTOR_CORE,1704161511447300.000,22.960,1.837,24,"[[1,1024],[1024,4096]]","[[1,4096]]",0.05,0.3
0,MatMulV2,AI_CORE,AI_CORE,1704161511447323.000,120.654,9.652,24,"[[1,1024],[1024,4096]]","[[1,4096]]",0.18,0.44
0,FusedInferAttentionScore,AI_CORE,AI_CORE,1704161511447443.750,63.781,5.102,24,"[[1,1024],[1024,4096]]","[[1,4096]]",0.18,0.44
0,RmsNorm,AI_VECTOR_CORE,AI_VECTOR_CORE,1704161511447507.500,26.403,2.112,24,"[[1,1024],[1024,4096]]","[[1,4096]]",0.05,0.3
0,MatMulV2,AI_CORE,AI_CORE,1704161511447534.000,109.964,8.797,24,"[[1,1024],[1024,4096]]","[[1,4096]]",0.18,0.44
0,FusedInferAttentionScore,AI_CORE,AI_CORE,1704161511447644.000,70.948,5.676,24,"[[1,1024],[1024,4096]]","[[1,4096]]",0.18,0.44
0,RmsNorm,AI_VECTOR_CORE,AI_VECTOR_CORE,1704161511447715.000,19.825,1.586,24,"[[1,1024],[1024,4096]]","[[1,4096]]",0.05,0.3
0,MatMulV2,AI_CORE,AI_CORE,1704161511447734.750,112.875,9.030,24,"[[1,1024],[1024,4096]]","[[1,4096]]",0.18,0.44
0,FusedInferAttentionScore,AI_CORE,AI_CORE,1704161511447847.500,76.559,6.125,24,"[[1,1024],[1024,4096]]","[[1,4096]]",0.18,0.44
0,RmsNorm,AI_VECTOR_CORE,AI_VECTOR_CORE,1704161511447924.000,21.552,1.724,24,"[[1,1024],[1024,4096]]","[[1,4096]]",0.05,0.3
0,MatMulV2,AI_CORE,AI_CORE,1704161511447945.500,123.055,9.844,24,"[[1,1024],[1024,4096]]","[[1,4096]]",0.18,0.44
0,FusedInferAttentionScore,AI_CORE,AI_CORE,1704161511448068.500,70.973,5.678,24,"[[1,1024],[1024,4096]]","[[1,4096]]",0.18,0.44
0,RmsNorm,AI_VECTOR_CORE,AI_VECTOR_CORE,1704161511448139.500,19.588,1.567,24,"[[1,1024],[1024,4096]]","[[1,4096]]",0.05,0.3
0,MatMulV2,AI_CORE,AI_CORE,1704161511448159.000,119.560,9.565,24,"[[1,1024],[1024,4096]]","[[1,4096]]",0.18,0.44
0,FusedInferAttentionScore,AI_CORE,AI_CORE,1704161511448278.500,69.450,5.556,24,"[[1,1024],[1024,4096]]","[[1,4096]]",0.18,0.44
0,RmsNorm,AI_VECTOR_CORE,AI_VECTOR_CORE,1704161511448348.000,22.447,1.796,24,"[[1,1024],[1024,4096]]","[[1,4096]]",0.05,0.3
0,MatMulV2,AI_CORE,AI_CORE,1704161511448370.500,121.784,9.743,24,"[[1,1024],[1024,4096]]","[[1,4096]]",0.18,0.44
0,FusedInferAttentionScore,AI_CORE,AI_CORE,1704161511448492.250,71.673,5.734,24,"[[1,1024],[1024,4096]]","[[1,4096]]",0.18,0.44
0,RmsNorm,AI_VECTOR_CORE,AI_VECTOR_CORE,1704161511448564.000,19.620,1.570,24,"[[1,1024],[1024,4096]]","[[1,4096]]",0.05,0.3
0,MatMulV2,AI_CORE,AI_CORE,1704161511448583.500,128.935,10.315,24,"[[1,1024],[1024,4096]]","[[1,4096]]",0.18,0.44
0,FusedInferAttentionScore,AI_CORE,AI_CORE,1704161511448712.500,76.575,6.126,24,"[[1,1024],[1024,4096]]","[[1,4096]]",0.18,0.44
0,RmsNorm,AI_VECTOR_CORE,AI_VECTOR_CORE,1704161511448789.000,27.024,2.162,24,"[[1,1024],[1024,4096]]","[[1,4096]]",0.05,0.3
0,MatMulV2,AI_CORE,AI_CORE,1704161511448816.000,109.406,8.752,24,"[[1,1024],[1024,4096]]","[[1,4096]]",0.18,0.44
0,FusedInferAttentionScore,AI_CORE,AI_CORE,1704161511448925.500,76.554,6.124,24,"[[1,1024],[1024,4096]]","[[1,4096]]",0.18,0.44
0,RmsNorm,AI_VECTOR_CORE,AI_VECTOR_CORE,1704161511449002.000,20.787,1.663,24,"[[1,1024],[1024,4096]]","[[1,4096]]",0.05,0.3
0,MatMulV2,AI_CORE,AI_CORE,1704161511449022.750,115.422,9.234,24,"[[1,1024],[1024,4096]]","[[1,4096]]",0.18,0.44
0,FusedInferAttentionScore,AI_CORE,AI_CORE,1704161511449138.250,70.693,5.655,24,"[[1,1024],[1024,4096]]","[[1,4096]]",0.18,0.44
0,RmsNorm,AI_VECTOR_CORE,AI_VECTOR_CORE,1704161511449209.000,25.918,2.073,24,"[[1,1024],[1024,4096]]","[[1,4096]]",0.05,0.3
0,MatMulV2,AI_CORE,AI_CORE,1704161511449235.000,124.334,9.947,24,"[[1,1024],[1024,4096]]","[[1,4096]]",0.18,0.44
0,FusedInferAttentionScore,AI_CORE,AI_CORE,1704161511449359.250,70.047,5.604,24,"[[1,1024],[1024,4096]]","[[1,4096]]",0.18,0.44
0,RmsNorm,AI_VECTOR_CORE,AI_VECTOR_CORE,1704161511449429.250,24.013,1.921,24,"[[1,1024],[1024,4096]]","[[1,4096]]",0.05,0.3
0,MatMulV2,AI_CORE,AI_CORE,1704161511449453.250,125.936,10.075,24,"[[1,1024],[1024,4096]]","[[1,4096]]",0.18,0.44
0,FusedInferAttentionScore,AI_CORE,AI_CORE,1704161511449579.250,71.620,5.730,24,"[[1,1024],[1024,4096]]","[[1,4096]]",0.18,0.44
0,RmsNorm,AI_VECTOR_CORE,AI_VECTOR_CORE,1704161511449650.750,28.138,2.251,24,"[[1,1024],[1024,4096]]","[[1,4096]]",0.05,0.3
0,MatMulV2,AI_CORE,AI_CORE,1704161511449679.000,117.184,9.375,24,"[[1,1024],[1024,4096]]","[[1,4096]]",0.18,0.44
0,FusedInferAttentionScore,AI_CORE,AI_CORE,1704161511449796.250,65.112,5.209,24,"[[1,1024],[1024,4096]]","[[1,4096]]",0.18,0.44
0,RmsNorm,AI_VECTOR_CORE,AI_VECTOR_CORE,1704161511449861.250,22.656,1.812,24,"[[1,1024],[1024,4096]]","[[1,4096]]",0.05,0.3
0,MatMulV2,AI_CORE,AI_CORE,1704161511449884.000,127.682,10.215,24,"[[1,1024],[1024,4096]]","[[1,4096]]",0.18,0.44
0,FusedInferAttentionScore,AI_CORE,AI_CORE,1704161511450011.750,70.022,5.602,24,"[[1,1024],[1024,4096]]","[[1,4096]]",0.18,0.44
0,RmsNorm,AI_VECTOR_CORE,AI_VECTOR_CORE,1704161511450081.750,24.931,1.994,24,"[[1,1024],[1024,4096]]","[[1,4096]]",0.05,0.3
0,MatMulV2,AI_CORE,AI_CORE,1704161511450106.750,117.325,9.386,24,"[[1,1024],[1024,4096]]","[[1,4096]]",0.18,0.44
0,FusedInferAttentionScore,AI_CORE,AI_CORE,1704161511450224.000,64.222,5.138,24,"[[1,1024],[1024,4096]]","[[1,4096]]",0.18,0.44
0,RmsNorm,AI_VECTOR_CORE,AI_VECTOR_CORE,1704161511450288.250,19.470,1.558,24,"[[1,1024],[1024,4096]]","[[1,4096]]",0.05,0.3
0,MatMulV2,AI_CORE,AI_CORE,1704161511450307.750,121.455,9.716,24,"[[1,1024],[1024,4096]]","[[1,4096]]",0.18,0.44
0,FusedInferAttentionScore,AI_CORE,AI_CORE,1704161511450429.250,74.578,5.966,24,"[[1,1024],[1024,4096]]","[[1,4096]]",0.18,0.44
0,RmsNorm,AI_VECTOR_CORE,AI_VECTOR_CORE,1704161511450503.750,26.251,2.100,24,"[[1,1024],[1024,4096]]","[[1,4096]]",0.05,0.3
0,MatMulV2,AI_CORE,AI_CORE,1704161511450530.000,112.925,9.034,24,"[[1,1024],[1024,4096]]","[[1,4096]]",0.18,0.44
0,FusedInferAttentionScore,AI_CORE,AI_CORE,1704161511450643.000,73.716,5.897,24,"[[1,1024],[1024,4096]]","[[1,4096]]",0.18,0.44
0,RmsNorm,AI_VECTOR_CORE,AI_VECTOR_CORE,1704161511450716.750,20.178,1.614,24,"[[1,1024],[1024,4096]]","[[1,4096]]",0.05,0.3
0,MatMulV2,AI_CORE,AI_CORE,1704161511450737.000,112.431,8.995,24,"[[1,1024],[1024,4096]]","[[1,4096]]",0.18,0.44
0,FusedInferAttentionScore,AI_CORE,AI_CORE,1704161511450849.500,72.531,5.802,24,"[[1,1024],[1024,4096]]","[[1,4096]]",0.18,0.44
0,RmsNorm,AI_VECTOR_CORE,AI_VECTOR_CORE,1704161511450922.000,25.832,2.067,24,"[[1,1024],[1024,4096]]","[[1,4096]]",0.05,0.3
0,MatMulV2,AI_CORE,AI_CORE,1704161511450947.750,124.495,9.960,24,"[[1,1024],[1024,4096]]","[[1,4096]]",0.18,0.44
0,FusedInferAttentionScore,AI_CORE,AI_CORE,1704161511451072.250,73.530,5.882,24,"[[1,1024],[1024,4096]]","[[1,4096]]",0.18,0.44
0,RmsNorm,AI_VECTOR_CORE,AI_VECTOR_CORE,1704161511451145.750,22.841,1.827,24,"[[1,1024],[1024,4096]]","[[1,4096]]",0.05,0.3
0,MatMulV2,AI_CORE,AI_CORE,1704161511451168.500,130.470,10.438,24,"[[1,1024],[1024,4096]]","[[1,4096]]",0.18,0.44
0,FusedInferAttentionScore,AI_CORE,AI_CORE,1704161511451299.000,71.600,5.728,24,"[[1,1024],[1024,4096]]","[[1,4096]]",0.18,0.44
0,RmsNorm,AI_VECTOR_CORE,AI_VECTOR_CORE,1704161511451370.500,19.652,1.572,24,"[[1,1024],[1024,4096]]","[[1,4096]]",0.05,0.3
0,MatMulV2,AI_CORE,AI_CORE,1704161511451390.250,111.941,8.955,24,"[[1,1024],[1024,4096]]","[[1,4096]]",0.18,0.44
0,FusedInferAttentionScore,AI_CORE,AI_CORE,1704161511451502.250,68.302,5.464,24,"[[1,1024],[1024,4096]]","[[1,4096]]",0.18,0.44
0,RmsNorm,AI_VECTOR_CORE,AI_VECTOR_CORE,1704161511451570.500,22.222,1.778,24,"[[1,1024],[1024,4096]]","[[1,4096]]",0.05,0.3
0,MatMulV2,AI_CORE,AI_CORE,1704161511451592.750,131.907,10.553,24,"[[1,1024],[1024,4096]]","[[1,4096]]",0.18,0.44
0,FusedInferAttentionScore,AI_CORE,AI_CORE,1704161511451724.750,69.276,5.542,24,"[[1,1024],[1024,4096]]","[[1,4096]]",0.18,0.44
0,RmsNorm,AI_VECTOR_CORE,AI_VECTOR_CORE,1704161511451794.000,20.204,1.616,24,"[[1,1024],[1024,4096]]","[[1,4096]]",0.05,0.3
0,MatMulV2,AI_CORE,AI_CORE,1704161511451814.250,123.105,9.848,24,"[[1,1024],[1024,4096]]","[[1,4096]]",0.18,0.44
0,FusedInferAttentionScore,AI_CORE,AI_CORE,1704161511451937.250,65.855,5.268,24,"[[1,1024],[1024,4096]]","[[1,4096]]",0.18,0.44
0,RmsNorm,AI_VECTOR_CORE,AI_VECTOR_CORE,1704161511452003.000,19.561,1.565,24,"[[1,1024],[1024,4096]]","[[1,4096]]",0.05,0.3
0,MatMulV2,AI_CORE,AI_CORE,1704161511452022.500,118.855,9.508,24,"[[1,1024],[1024,4096]]","[[1,4096]]",0.18,0.44
0,FusedInferAttentionScore,AI_CORE,AI_CORE,1704161511452141.250,75.487,6.039,24,"[[1,1024],[1024,4096]]","[[1,4096]]",0.18,0.44
0,RmsNorm,AI_VECTOR_CORE,AI_VECTOR_CORE,1704161511452216.750,28.166,2.253,24,"[[1,1024],[1024,4096]]","[[1,4096]]",0.05,0.3
0,MatMulV2,AI_CORE,AI_CORE,1704161511452245.000,131.816,10.545,24,"[[1,1024],[1024,4096]]","[[1,4096]]",0.18,0.44
0,FusedInferAttentionScore,AI_CORE,AI_CORE,1704161511452376.750,67.047,5.364,24,"[[1,1024],[1024,4096]]","[[1,4096]]",0.18,0.44
0,RmsNorm,AI_VECTOR_CORE,AI_VECTOR_CORE,1704161511452443.750,28.139,2.251,24,"[[1,1024],[1024,4096]]","[[1,4096]]",0.05,0.3
0,MatMulV2,AI_CORE,AI_CORE,1704161511452472.000,115.997,9.280,24,"[[1,1024],[1024,4096]]","[[1,4096]]",0.18,0.44
0,FusedInferAttentionScore,AI_CORE,AI_CORE,1704161511452588.000,76.645,6.132,24,"[[1,1024],[1024,4096]]","[[1,4096]]",0.18,0.44
0,RmsNorm,AI_VECTOR_CORE,AI_VECTOR_CORE,1704161511452664.750,28.666,2.293,24,"[[1,1024],[1024,4096]]","[[1,4096]]",0.05,0.3
0,MatMulV2,AI_CORE,AI_CORE,1704161511452693.500,117.436,9.395,24,"[[1,1024],[1024,4096]]","[[1,4096]]",0.18,0.44
0,FusedInferAttentionScore,AI_CORE,AI_CORE,1704161511452811.000,67.009,5.361,24,"[[1,1024],[1024,4096]]","[[1,4096]]",0.18,0.44
0,RmsNorm,AI_VECTOR_CORE,AI_VECTOR_CORE,1704161511452878.000,26.650,2.132,24,"[[1,1024],[1024,4096]]","[[1,4096]]",0.05,0.3
0,MatMulV2,AI_CORE,AI_CORE,1704161511452904.750,124.886,9.991,24,"[[1,1024],[1024,4096]]","[[1,4096]]",0.18,0.44
0,FusedInferAttentionScore,AI_CORE,AI_CORE,1704161511453029.750,67.059,5.365,24,"[[1,1024],[1024,4096]]","[[1,4096]]",0.18,0.44
0,RmsNorm,AI_VECTOR_CORE,AI_VECTOR_CORE,1704161511453096.750,21.753,1.740,24,"[[1,1024],[1024,4096]]","[[1,4096]]",0.05,0.3
0,MatMulV2,AI_CORE,AI_CORE,1704161511453118.500,121.908,9.753,24,"[[1,1024],[1024,4096]]","[[1,4096]]",0.18,0.44
0,FusedInferAttentionScore,AI_CORE,AI_CORE,1704161511453240.500,67.743,5.419,24,"[[1,1024],[1024,4096]]","[[1,4096]]",0.18,0.44
0,RmsNorm,AI_VECTOR_CORE,AI_VECTOR_CORE,1704161511453308.250,23.566,1.885,24,"[[1,1024],[1024,4096]]","[[1,4096]]",0.05,0.3
0,MatMulV2,AI_CORE,AI_CORE,1704161511468200.000,130.591,10.447,24,"[[1,1024],[1024,4096]]","[[1,4096]]",0.18,0.44
0,FusedInferAttentionScore,AI_CORE,AI_CORE,1704161511468330.500,63.505,5.080,24,"[[1,1024],[1024,4096]]","[[1,4096]]",0.18,0.44
0,RmsNorm,AI_VECTOR_CORE,AI_VECTOR_CORE,1704161511468394.000,19.359,1.549,24,"[[1,1024],[1024,4096]]","[[1,4096]]",0.05,0.3
0,MatMulV2,AI_CORE,AI_CORE,1704161511468673.250,117.609,9.409,24,"[[1,1024],[1024,4096]]","[[1,4096]]",0.18,0.44
0,FusedInferAttentionScore,AI_CORE,AI_CORE,1704161511468790.750,74.108,5.929,24,"[[1,1024],[1024,4096]]","[[1,4096]]",0.18,0.44
0,RmsNorm,AI_VECTOR_CORE,AI_VECTOR_CORE,1704161511468864.750,24.344,1.947,24,"[[1,1024],[1024,4096]]","[[1,4096]]",0.05,0.3
0,MatMulV2,AI_CORE,AI_CORE,1704161511468889.000,122.539,9.803,24,"[[1,1024],[1024,4096]]","[[1,4096]]",0.18,0.44
0,FusedInferAttentionScore,AI_CORE,AI_CORE,1704161511469011.500,73.927,5.914,24,"[[1,1024],[1024,4096]]","[[1,4096]]",0.18,0.44
0,RmsNorm,AI_VECTOR_CORE,AI_VECTOR_CORE,1704161511469085.500,28.764,2.301,24,"[[1,1024],[1024,4096]]","[[1,4096]]",0.05,0.3
0,MatMulV2,AI_CORE,AI_CORE,1704161511469114.250,123.509,9.881,24,"[[1,1024],[1024,4096]]","[[1,4096]]",0.18,0.44
0,FusedInferAttentionScore,AI_CORE,AI_CORE,1704161511469237.750,76.219,6.098,24,"[[1,1024],[1024,4096]]","[[1,4096]]",0.18,0.44
0,RmsNorm,AI_VECTOR_CORE,AI_VECTOR_CORE,1704161511469314.000,20.103,1.608,24,"[[1,1024],[1024,4096]]","[[1,4096]]",0.05,0.3
0,MatMulV2,AI_CORE,AI_CORE,1704161511469334.000,112.419,8.994,24,"[[1,1024],[1024,4096]]","[[1,4096]]",0.18,0.44
0,FusedInferAttentionScore,AI_CORE,AI_CORE,1704161511469446.500,69.699,5.576,24,"[[1,1024],[1024,4096]]","[[1,4096]]",0.18,0.44
0,RmsNorm,AI_VECTOR_CORE,AI_VECTOR_CORE,1704161511469516.250,28.530,2.282,24,"[[1,1024],[1024,4096]]","[[1,4096]]",0.05,0.3
0,MatMulV2,AI_CORE,AI_CORE,1704161511469544.750,129.853,10.388,24,"[[1,1024],[1024,4096]]","[[1,4096]]",0.18,0.44
0,FusedInferAttentionScore,AI_CORE,AI_CORE,1704161511469674.500,71.102,5.688,24,"[[1,1024],[1024,4096]]","[[1,4096]]",0.18,0.44
0,RmsNorm,AI_VECTOR_CORE,AI_VECTOR_CORE,1704161511469745.500,28.728,2.298,24,"[[1,1024],[1024,4096]]","[[1,4096]]",0.05,0.3
0,MatMulV2,AI_CORE,AI_CORE,1704161511469774.250,124.890,9.991,24,"[[1,1024],[1024,4096]]","[[1,4096]]",0.18,0.44
0,FusedInferAttentionScore,AI_CORE,AI_CORE,1704161511469899.250,74.891,5.991,24,"[[1,1024],[1024,4096]]","[[1,4096]]",0.18,0.44
0,RmsNorm,AI_VECTOR_CORE,AI_VECTOR_CORE,1704161511469974.250,24.052,1.924,24,"[[1,1024],[1024,4096]]","[[1,4096]]",0.05,0.3
0,MatMulV2,AI_CORE,AI_CORE,1704161511469998.250,123.186,9.855,24,"[[1,1024],[1024,4096]]","[[1,4096]]",0.18,0.44
0,FusedInferAttentionScore,AI_CORE,AI_CORE,1704161511470121.500,65.698,5.256,24,"[[1,1024],[1024,4096]]","[[1,4096]]",0.18,0.44
0,RmsNorm,AI_VECTOR_CORE,AI_VECTOR_CORE,1704161511470187.250,22.774,1.822,24,"[[1,1024],[1024,4096]]","[[1,4096]]",0.05,0.3
0,MatMulV2,AI_CORE,AI_CORE,1704161511470210.000,112.706,9.017,24,"[[1,1024],[1024,4096]]","[[1,4096]]",0.18,0.44
0,FusedInferAttentionScore,AI_CORE,AI_CORE,1704161511470322.750,66.609,5.329,24,"[[1,1024],[1024,4096]]","[[1,4096]]",0.18,0.44
0,RmsNorm,AI_VECTOR_CORE,AI_VECTOR_CORE,1704161511470389.250,21.761,1.741,24,"[[1,1024],[1024,4096]]","[[1,4096]]",0.05,0.3
0,MatMulV2,AI_CORE,AI_CORE,1704161511470411.000,118.483,9.479,24,"[[1,1024],[1024,4096]]","[[1,4096]]",0.18,0.44
0,FusedInferAttentionScore,AI_CORE,AI_CORE,1704161511470529.500,73.866,5.909,24,"[[1,1024],[1024,4096]]","[[1,4096]]",0.18,0.44
0,RmsNorm,AI_VECTOR_CORE,AI_VECTOR_CORE,1704161511470603.250,19.341,1.547,24,"[[1,1024],[1024,4096]]","[[1,4096]]",0.05,0.3
0,MatMulV2,AI_CORE,AI_CORE,1704161511470622.500,127.765,10.221,24,"[[1,1024],[1024,4096]]","[[1,4096]]",0.18,0.44
0,FusedInferAttentionScore,AI_CORE,AI_CORE,1704161511470750.250,68.100,5.448,24,"[[1,1024],[1024,4096]]","[[1,4096]]",0.18,0.44
0,RmsNorm,AI_VECTOR_CORE,AI_VECTOR_CORE,1704161511470818.250,23.895,1.912,24,"[[1,1024],[1024,4096]]","[[1,4096]]",0.05,0.3
0,MatMulV2,AI_CORE,AI_CORE,1704161511470842.250,108.948,8.716,24,"[[1,1024],[1024,4096]]","[[1,4096]]",0.18,0.44
0,FusedInferAttentionScore,AI_CORE,AI_CORE,1704161511470951.250,71.672,5.734,24,"[[1,1024],[1024,4096]]","[[1,4096]]",0.18,0.44
0,RmsNorm,AI_VECTOR_CORE,AI_VECTOR_CORE,1704161511471023.000,27.144,2.172,24,"[[1,1024],[1024,4096]]","[[1,4096]]",0.05,0.3
0,MatMulV2,AI_CORE,AI_CORE,1704161511471050.250,109.650,8.772,24,"[[1,1024],[1024,4096]]","[[1,4096]]",0.18,0.44
0,FusedInferAttentionScore,AI_CORE,AI_CORE,1704161511471160.000,71.229,5.698,24,"[[1,1024],[1024,4096]]","[[1,4096]]",0.18,0.44
0,RmsNorm,AI_VECTOR_CORE,AI_VECTOR_CORE,1704161511471231.250,28.664,2.293,24,"[[1,1024],[1024,4096]]","[[1,4096]]",0.05,0.3
0,MatMulV2,AI_CORE,AI_CORE,1704161511471260.000,113.310,9.065,24,"[[1,1024],[1024,4096]]","[[1,4096]]",0.18,0.44
0,FusedInferAttentionScore,AI_CORE,AI_CORE,1704161511471373.250,76.059,6.085,24,"[[1,1024],[1024,4096]]","[[1,4096]]",0.18,0.44
0,RmsNorm,AI_VECTOR_CORE,AI_VECTOR_CORE,1704161511471449.250,27.783,2.223,24,"[[1,1024],[1024,4096]]","[[1,4096]]",0.05,0.3
0,MatMulV2,AI_CORE,AI_CORE,1704161511471477.000,131.685,10.535,24,"[[1,1024],[1024,4096]]","[[1,4096]]",0.18,0.44
0,FusedInferAttentionScore,AI_CORE,AI_CORE,1704161511471608.750,68.340,5.467,24,"[[1,1024],[1024,4096]]","[[1,4096]]",0.18,0.44
0,RmsNorm,AI_VECTOR_CORE,AI_VECTOR_CORE,1704161511471677.000,26.221,2.098,24,"[[1,1024],[1024,4096]]","[[1,4096]]",0.05,0.3
0,MatMulV2,AI_CORE,AI_CORE,1704161511471703.250,128.620,10.290,24,"[[1,1024],[1024,4096]]","[[1,4096]]",0.18,0.44
0,FusedInferAttentionScore,AI_CORE,AI_CORE,1704161511471831.750,66.889,5.351,24,"[[1,1024],[1024,4096]]","[[1,4096]]",0.18,0.44
0,RmsNorm,AI_VECTOR_CORE,AI_VECTOR_CORE,1704161511471898.750,20.006,1.600,24,"[[1,1024],[1024,4096]]","[[1,4096]]",0.05,0.3
0,MatMulV2,AI_CORE,AI_CORE,1704161511471918.750,120.472,9.638,24,"[[1,1024],[1024,4096]]","[[1,4096]]",0.18,0.44
0,FusedInferAttentionScore,AI_CORE,AI_CORE,1704161511472039.250,67.481,5.399,24,"[[1,1024],[1024,4096]]","[[1,4096]]",0.18,0.44
0,RmsNorm,AI_VECTOR_CORE,AI_VECTOR_CORE,1704161511472106.750,19.231,1.538,24,"[[1,1024],[1024,4096]]","[[1,4096]]",0.05,0.3
0,MatMulV2,AI_CORE,AI_CORE,1704161511472126.000,108.547,8.684,24,"[[1,1024],[1024,4096]]","[[1,4096]]",0.18,0.44
0,FusedInferAttentionScore,AI_CORE,AI_CORE,1704161511472234.500,74.361,5.949,24,"[[1,1024],[1024,4096]]","[[1,4096]]",0.18,0.44
0,RmsNorm,AI_VECTOR_CORE,AI_VECTOR_CORE,1704161511472308.750,21.387,1.711,24,"[[1,1024],[1024,4096]]","[[1,4096]]",0.05,0.3
0,MatMulV2,AI_CORE,AI_CORE,1704161511472330.250,128.946,10.316,24,"[[1,1024],[1024,4096]]","[[1,4096]]",0.18,0.44
0,FusedInferAttentionScore,AI_CORE,AI_CORE,1704161511472459.250,63.013,5.041,24,"[[1,1024],[1024,4096]]","[[1,4096]]",0.18,0.44
0,RmsNorm,AI_VECTOR_CORE,AI_VECTOR_CORE,1704161511472522.250,20.040,1.603,24,"[[1,1024],[1024,4096]]","[[1,4096]]",0.05,0.3
0,MatMulV2,AI_CORE,AI_CORE,1704161511472542.250,111.176,8.894,24,"[[1,1024],[1024,4096]]","[[1,4096]]",0.18,0.44
0,FusedInferAttentionScore,AI_CORE,AI_CORE,1704161511472653.500,67.805,5.424,24,"[[1,1024],[1024,4096]]","[[1,4096]]",0.18,0.44
0,RmsNorm,AI_VECTOR_CORE,AI_VECTOR_CORE,1704161511472721.250,27.386,2.191,24,"[[1,1024],[1024,4096]]","[[1,4096]]",0.05,0.3
0,MatMulV2,AI_CORE,AI_CORE,1704161511472748.750,130.916,10.473,24,"[[1,1024],[1024,4096]]","[[1,4096]]",0.18,0.44
0,FusedInferAttentionScore,AI_CORE,AI_CORE,1704161511472879.750,73.589,5.887,24,"[[1,1024],[1024,4096]]","[[1,4096]]",0.18,0.44
0,RmsNorm,AI_VECTOR_CORE,AI_VECTOR_CORE,1704161511472953.250,24.442,1.955,24,"[[1,1024],[1024,4096]]","[[1,4096]]",0.05,0.3
0,MatMulV2,AI_CORE,AI_CORE,1704161511472977.750,112.303,8.984,24,"[[1,1024],[1024,4096]]","[[1,4096]]",0.18,0.44
0,FusedInferAttentionScore,AI_CORE,AI_CORE,1704161511473090.000,65.849,5.268,24,"[[1,1024],[1024,4096]]","[[1,4096]]",0.18,0.44
0,RmsNorm,AI_VECTOR_CORE,AI_VECTOR_CORE,1704161511473155.750,23.822,1.906,24,"[[1,1024],[1024,4096]]","[[1,4096]]",0.05,0.3
0,MatMulV2,AI_CORE,AI_CORE,1704161511473179.500,129.116,10.329,24,"[[1,1024],[1024,4096]]","[[1,4096]]",0.18,0.44
0,FusedInferAttentionScore,AI_CORE,AI_CORE,1704161511473308.500,65.509,5.241,24,"[[1,1024],[1024,4096]]","[[1,4096]]",0.18,0.44
0,RmsNorm,AI_VECTOR_CORE,AI_VECTOR_CORE,1704161511473374.000,19.649,1.572,24,"[[1,1024],[1024,4096]]","[[1,4096]]",0.05,0.3
0,MatMulV2,AI_CORE,AI_CORE,1704161511473393.750,108.236,8.659,24,"[[1,1024],[1024,4096]]","[[1,4096]]",0.18,0.44
0,FusedInferAttentionScore,AI_CORE,AI_CORE,1704161511473502.000,75.962,6.077,24,"[[1,1024],[1024,4096]]","[[1,4096]]",0.18,0.44
0,RmsNorm,AI_VECTOR_CORE,AI_VECTOR_CORE,1704161511473578.000,23.943,1.915,24,"[[1,1024],[1024,4096]]","[[1,4096]]",0.05,0.3
0,MatMulV2,AI_CORE,AI_CORE,1704161511473602.000,120.750,9.660,24,"[[1,1024],[1024,4096]]","[[1,4096]]",0.18,0.44
0,FusedInferAttentionScore,AI_CORE,AI_CORE,1704161511473722.750,69.453,5.556,24,"[[1,1024],[1024,4096]]","[[1,4096]]",0.18,0.44
0,RmsNorm,AI_VECTOR_CORE,AI_VECTOR_CORE,1704161511473792.250,26.459,2.117,24,"[[1,1024],[1024,4096]]","[[1,4096]]",0.05,0.3
0,MatMulV2,AI_CORE,AI_CORE,1704161511473818.750,124.086,9.927,24,"[[1,1024],[1024,4096]]","[[1,4096]]",0.18,0.44
0,FusedInferAttentionScore,AI_CORE,AI_CORE,1704161511473942.750,73.372,5.870,24,"[[1,1024],[1024,4096]]","[[1,4096]]",0.18,0.44
0,RmsNorm,AI_VECTOR_CORE,AI_VECTOR_CORE,1704161511474016.000,24.492,1.959,24,"[[1,1024],[1024,4096]]","[[1,4096]]",0.05,0.3
0,MatMulV2,AI_CORE,AI_CORE,1704161511474040.500,112.538,9.003,24,"[[1,1024],[1024,4096]]","[[1,4096]]",0.18,0.44
0,FusedInferAttentionScore,AI_CORE,AI_CORE,1704161511474153.000,70.584,5.647,24,"[[1,1024],[1024,4096]]","[[1,4096]]",0.18,0.44
0,RmsNorm,AI_VECTOR_CORE,AI_VECTOR_CORE,1704161511474223.500,22.027,1.762,24,"[[1,1024],[1024,4096]]","[[1,4096]]",0.05,0.3
0,MatMulV2,AI_CORE,AI_CORE,1704161511474245.500,127.570,10.206,24,"[[1,1024],[1024,4096]]","[[1,4096]]",0.18,0.44
0,FusedInferAttentionScore,AI_CORE,AI_CORE,1704161511474373.000,75.360,6.029,24,"[[1,1024],[1024,4096]]","[[1,4096]]",0.18,0.44
0,RmsNorm,AI_VECTOR_CORE,AI_VECTOR_CORE,1704161511474448.250,24.774,1.982,24,"[[1,1024],[1024,4096]]","[[1,4096]]",0.05,0.3
0,MatMulV2,AI_CORE,AI_CORE,1704161511474473.000,113.266,9.061,24,"[[1,1024],[1024,4096]]","[[1,4096]]",0.18,0.44
0,FusedInferAttentionScore,AI_CORE,AI_CORE,1704161511474586.250,64.029,5.122,24,"[[1,1024],[1024,4096]]","[[1,4096]]",0.18,0.44
0,RmsNorm,AI_VECTOR_CORE,AI_VECTOR_CORE,1704161511474650.250,21.631,1.730,24,"[[1,1024],[1024,4096]]","[[1,4096]]",0.05,0.3
0,MatMulV2,AI_CORE,AI_CORE,1704161511474672.000,112.303,8.984,24,"[[1,1024],[1024,4096]]","[[1,4096]]",0.18,0.44
0,FusedInferAttentionScore,AI_CORE,AI_CORE,1704161511474784.250,72.925,5.834,24,"[[1,1024],[1024,4096]]","[[1,4096]]",0.18,0.44
0,RmsNorm,AI_VECTOR_CORE,AI_VECTOR_CORE,1704161511474857.250,22.332,1.787,24,"[[1,1024],[1024,4096]]","[[1,4096]]",0.05,0.3
0,MatMulV2,AI_CORE,AI_CORE,1704161511474879.500,127.828,10.226,24,"[[1,1024],[1024,4096]]","[[1,4096]]",0.18,0.44
0,FusedInferAttentionScore,AI_CORE,AI_CORE,1704161511475007.250,65.735,5.259,24,"[[1,1024],[1024,4096]]","[[1,4096]]",0.18,0.44
0,RmsNorm,AI_VECTOR_CORE,AI_VECTOR_CORE,1704161511475073.000,21.840,1.747,24,"[[1,1024],[1024,4096]]","[[1,4096]]",0.05,0.3
0,MatMulV2,AI_CORE,AI_CORE,1704161511475094.750,110.598,8.848,24,"[[1,1024],[1024,4096]]","[[1,4096]]",0.18,0.44
0,FusedInferAttentionScore,AI_CORE,AI_CORE,1704161511475205.250,71.832,5.747,24,"[[1,1024],[1024,4096]]","[[1,4096]]",0.18,0.44
0,RmsNorm,AI_VECTOR_CORE,AI_VECTOR_CORE,1704161511475277.000,23.608,1.889,24,"[[1,1024],[1024,4096]]","[[1,4096]]",0.05,0.3
0,MatMulV2,AI_CORE,AI_CORE,1704161511490200.000,114.243,9.139,24,"[[1,1024],[1024,4096]]","[[1,4096]]",0.18,0.44
0,FusedInferAttentionScore,AI_CORE,AI_CORE,1704161511490314.250,70.810,5.665,24,"[[1,1024],[1024,4096]]","[[1,4096]]",0.18,0.44
0,RmsNorm,AI_VECTOR_CORE,AI_VECTOR_CORE,1704161511490385.000,25.118,2.009,24,"[[1,1024],[1024,4096]]","[[1,4096]]",0.05,0.3
0,MatMulV2,AI_CORE,AI_CORE,1704161511490670.000,110.532,8.843,24,"[[1,1024],[1024,4096]]","[[1,4096]]",0.18,0.44
0,FusedInferAttentionScore,AI_CORE,AI_CORE,1704161511490780.500,73.940,5.915,24,"[[1,1024],[1024,4096]]","[[1,4096]]",0.18,0.44
0,RmsNorm,AI_VECTOR_CORE,AI_VECTOR_CORE,1704161511490854.500,25.496,2.040,24,"[[1,1024],[1024,4096]]","[[1,4096]]",0.05,0.3
0,MatMulV2,AI_CORE,AI_CORE,1704161511490880.000,128.240,10.259,24,"[[1,1024],[1024,4096]]","[[1,4096]]",0.18,0.44
0,FusedInferAttentionScore,AI_CORE,AI_CORE,1704161511491008.250,64.790,5.183,24,"[[1,1024],[1024,4096]]","[[1,4096]]",0.18,0.44
0,RmsNorm,AI_VECTOR_CORE,AI_VECTOR_CORE,1704161511491073.000,19.533,1.563,24,"[[1,1024],[1024,4096]]","[[1,4096]]",0.05,0.3
0,MatMulV2,AI_CORE,AI_CORE,1704161511491092.500,110.728,8.858,24,"[[1,1024],[1024,4096]]","[[1,4096]]",0.18,0.44
0,FusedInferAttentionScore,AI_CORE,AI_CORE,1704161511491203.250,76.301,6.104,24,"[[1,1024],[1024,4096]]","[[1,4096]]",0.18,0.44
0,RmsNorm,AI_VECTOR_CORE,AI_VECTOR_CORE,1704161511491279.500,27.150,2.172,24,"[[1,1024],[1024,4096]]","[[1,4096]]",0.05,0.3
0,MatMulV2,AI_CORE,AI_CORE,1704161511491306.750,124.134,9.931,24,"[[1,1024],[1024,4096]]","[[1,4096]]",0.18,0.44
0,FusedInferAttentionScore,AI_CORE,AI_CORE,1704161511491431.000,65.872,5.270,24,"[[1,1024],[1024,4096]]","[[1,4096]]",0.18,0.44
0,RmsNorm,AI_VECTOR_CORE,AI_VECTOR_CORE,1704161511491496.750,21.689,1.735,24,"[[1,1024],[1024,4096]]","[[1,4096]]",0.05,0.3
0,MatMulV2,AI_CORE,AI_CORE,1704161511491518.500,129.738,10.379,24,"[[1,1024],[1024,4096]]","[[1,4096]]",0.18,0.44
0,FusedInferAttentionScore,AI_CORE,AI_CORE,1704161511491648.250,76.939,6.155,24,"[[1,1024],[1024,4096]]","[[1,4096]]",0.18,0.44
0,RmsNorm,AI_VECTOR_CORE,AI_VECTOR_CORE,1704161511491725.250,25.963,2.077,24,"[[1,1024],[1024,4096]]","[[1,4096]]",0.05,0.3
0,MatMulV2,AI_CORE,AI_CORE,1704161511491751.250,114.477,9.158,24,"[[1,1024],[1024,4096]]","[[1,4096]]",0.18,0.44
0,FusedInferAttentionScore,AI_CORE,AI_CORE,1704161511491865.750,71.506,5.720,24,"[[1,1024],[1024,4096]]","[[1,4096]]",0.18,0.44
0,RmsNorm,AI_VECTOR_CORE,AI_VECTOR_CORE,1704161511491937.250,25.553,2.044,24,"[[1,1024],[1024,4096]]","[[1,4096]]",0.05,0.3
0,MatMulV2,AI_CORE,AI_CORE,1704161511491962.750,114.978,9.198,24,"[[1,1024],[1024,4096]]","[[1,4096]]",0.18,0.44
0,FusedInferAttentionScore,AI_CORE,AI_CORE,1704161511492077.750,68.245,5.460,24,"[[1,1024],[1024,4096]]","[[1,4096]]",0.18,0.44
0,RmsNorm,AI_VECTOR_CORE,AI_VECTOR_CORE,1704161511492146.000,28.277,2.262,24,"[[1,1024],[1024,4096]]","[[1,4096]]",0.05,0.3
0,MatMulV2,AI_CORE,AI_CORE,1704161511492174.250,108.496,8.680,24,"[[1,1024],[1024,4096]]","[[1,4096]]",0.18,0.44
0,FusedInferAttentionScore,AI_CORE,AI_CORE,1704161511492282.750,76.224,6.098,24,"[[1,1024],[1024,4096]]","[[1,4096]]",0.18,0.44
0,RmsNorm,AI_VECTOR_CORE,AI_VECTOR_CORE,1704161511492359.000,25.208,2.017,24,"[[1,1024],[1024,4096]]","[[1,4096]]",0.05,0.3
0,MatMulV2,AI_CORE,AI_CORE,1704161511492384.250,110.121,8.810,24,"[[1,1024],[1024,4096]]","[[1,4096]]",0.18,0.44
0,FusedInferAttentionScore,AI_CORE,AI_CORE,1704161511492494.250,73.890,5.911,24,"[[1,1024],[1024,4096]]","[[1,4096]]",0.18,0.44
0,RmsNorm,AI_VECTOR_CORE,AI_VECTOR_CORE,1704161511492568.250,23.761,1.901,24,"[[1,1024],[1024,4096]]","[[1,4096]]",0.05,0.3
0,MatMulV2,AI_CORE,AI_CORE,1704161511492592.000,125.635,10.051,24,"[[1,1024],[1024,4096]]","[[1,4096]]",0.18,0.44
0,FusedInferAttentionScore,AI_CORE,AI_CORE,1704161511492717.750,76.376,6.110,24,"[[1,1024],[1024,4096]]","[[1,4096]]",0.18,0.44
0,RmsNorm,AI_VECTOR_CORE,AI_VECTOR_CORE,1704161511492794.250,28.226,2.258,24,"[[1,1024],[1024,4096]]","[[1,4096]]",0.05,0.3
0,MatMulV2,AI_CORE,AI_CORE,1704161511492822.500,119.395,9.552,24,"[[1,1024],[1024,4096]]","[[1,4096]]",0.18,0.44
0,FusedInferAttentionScore,AI_CORE,AI_CORE,1704161511492942.000,71.741,5.739,24,"[[1,1024],[1024,4096]]","[[1,4096]]",0.18,0.44
0,RmsNorm,AI_VECTOR_CORE,AI_VECTOR_CORE,1704161511493013.750,27.879,2.230,24,"[[1,1024],[1024,4096]]","[[1,4096]]",0.05,0.3
0,MatMulV2,AI_CORE,AI_CORE,1704161511493041.750,114.609,9.169,24,"[[1,1024],[1024,4096]]","[[1,4096]]",0.18,0.44
0,FusedInferAttentionScore,AI_CORE,AI_CORE,1704161511493156.250,72.232,5.779,24,"[[1,1024],[1024,4096]]","[[1,4096]]",0.18,0.44
0,RmsNorm,AI_VECTOR_CORE,AI_VECTOR_CORE,1704161511493228.500,26.432,2.115,24,"[[1,1024],[1024,4096]]","[[1,4096]]",0.05,0.3
0,MatMulV2,AI_CORE,AI_CORE,1704161511493255.000,117.386,9.391,24,"[[1,1024],[1024,4096]]","[[1,4096]]",0.18,0.44
0,FusedInferAttentionScore,AI_CORE,AI_CORE,1704161511493372.500,68.155,5.452,24,"[[1,1024],[1024,4096]]","[[1,4096]]",0.18,0.44
0,RmsNorm,AI_VECTOR_CORE,AI_VECTOR_CORE,1704161511493440.750,24.161,1.933,24,"[[1,1024],[1024,4096]]","[[1,4096]]",0.05,0.3
0,MatMulV2,AI_CORE,AI_CORE,1704161511493465.000,113.943,9.115,24,"[[1,1024],[1024,4096]]","[[1,4096]]",0.18,0.44
0,FusedInferAttentionScore,AI_CORE,AI_CORE,1704161511493579.000,67.463,5.397,24,"[[1,1024],[1024,4096]]","[[1,4096]]",0.18,0.44
0,RmsNorm,AI_VECTOR_CORE,AI_VECTOR_CORE,1704161511493646.500,20.075,1.606,24,"[[1,1024],[1024,4096]]","[[1,4096]]",0.05,0.3
0,MatMulV2,AI_CORE,AI_CORE,1704161511493666.500,108.324,8.666,24,"[[1,1024],[1024,4096]]","[[1,4096]]",0.18,0.44
0,FusedInferAttentionScore,AI_CORE,AI_CORE,1704161511493774.750,71.644,5.732,24,"[[1,1024],[1024,4096]]","[[1,4096]]",0.18,0.44
0,RmsNorm,AI_VECTOR_CORE,AI_VECTOR_CORE,1704161511493846.500,27.068,2.165,24,"[[1,1024],[1024,4096]]","[[1,4096]]",0.05,0.3
0,MatMulV2,AI_CORE,AI_CORE,1704161511493873.500,126.025,10.082,24,"[[1,1024],[1024,4096]]","[[1,4096]]",0.18,0.44
0,FusedInferAttentionScore,AI_CORE,AI_CORE,1704161511493999.500,66.000,5.280,24,"[[1,1024],[1024,4096]]","[[1,4096]]",0.18,0.44
0,RmsNorm,AI_VECTOR_CORE,AI_VECTOR_CORE,1704161511494065.500,28.199,2.256,24,"[[1,1024],[1024,4096]]","[[1,4096]]",0.05,0.3
0,MatMulV2,AI_CORE,AI_CORE,1704161511494093.750,114.890,9.191,24,"[[1,1024],[1024,4096]]","[[1,4096]]",0.18,0.44
0,FusedInferAttentionScore,AI_CORE,AI_CORE,1704161511494208.750,63.925,5.114,24,"[[1,1024],[1024,4096]]","[[1,4096]]",0.18,0.44
0,RmsNorm,AI_VECTOR_CORE,AI_VECTOR_CORE,1704161511494272.750,25.465,2.037,24,"[[1,1024],[1024,4096]]","[[1,4096]]",0.05,0.3
0,MatMulV2,AI_CORE,AI_CORE,1704161511494298.250,112.652,9.012,24,"[[1,1024],[1024,4096]]","[[1,4096]]",0.18,0.44
0,FusedInferAttentionScore,AI_CORE,AI_CORE,1704161511494411.000,66.259,5.301,24,"[[1,1024],[1024,4096]]","[[1,4096]]",0.18,0.44
0,RmsNorm,AI_VECTOR_CORE,AI_VECTOR_CORE,1704161511494477.250,27.606,2.209,24,"[[1,1024],[1024,4096]]","[[1,4096]]",0.05,0.3
0,MatMulV2,AI_CORE,AI_CORE,1704161511494504.750,120.506,9.640,24,"[[1,1024],[1024,4096]]","[[1,4096]]",0.18,0.44
0,FusedInferAttentionScore,AI_CORE,AI_CORE,1704161511494625.250,66.329,5.306,24,"[[1,1024],[1024,4096]]","[[1,4096]]",0.18,0.44
0,RmsNorm,AI_VECTOR_CORE,AI_VECTOR_CORE,1704161511494691.500,27.489,2.199,24,"[[1,1024],[1024,4096]]","[[1,4096]]",0.05,0.3
0,MatMulV2,AI_CORE,AI_CORE,1704161511494719.000,112.072,8.966,24,"[[1,1024],[1024,4096]]","[[1,4096]]",0.18,0.44
0,FusedInferAttentionScore,AI_CORE,AI_CORE,1704161511494831.000,66.751,5.340,24,"[[1,1024],[1024,4096]]","[[1,4096]]",0.18,0.44
0,RmsNorm,AI_VECTOR_CORE,AI_VECTOR_CORE,1704161511494897.750,22.033,1.763,24,"[[1,1024],[1024,4096]]","[[1,4096]]",0.05,0.3
0,MatMulV2,AI_CORE,AI_CORE,1704161511494919.750,109.137,8.731,24,"[[1,1024],[1024,4096]]","[[1,4096]]",0.18,0.44
0,FusedInferAttentionScore,AI_CORE,AI_CORE,1704161511495029.000,63.603,5.088,24,"[[1,1024],[1024,4096]]","[[1,4096]]",0.18,0.44
0,RmsNorm,AI_VECTOR_CORE,AI_VECTOR_CORE,1704161511495092.500,24.414,1.953,24,"[[1,1024],[1024,4096]]","[[1,4096]]",0.05,0.3
0,MatMulV2,AI_CORE,AI_CORE,1704161511495117.000,117.538,9.403,24,"[[1,1024],[1024,4096]]","[[1,4096]]",0.18,0.44
0,FusedInferAttentionScore,AI_CORE,AI_CORE,1704161511495234.500,69.058,5.525,24,"[[1,1024],[1024,4096]]","[[1,4096]]",0.18,0.44
0,RmsNorm,AI_VECTOR_CORE,AI_VECTOR_CORE,1704161511495303.500,20.711,1.657,24,"[[1,1024],[1024,4096]]","[[1,4096]]",0.05,0.3
0,MatMulV2,AI_CORE,AI_CORE,1704161511495324.250,130.583,10.447,24,"[[1,1024],[1024,4096]]","[[1,4096]]",0.18,0.44
0,FusedInferAttentionScore,AI_CORE,AI_CORE,1704161511495454.750,65.069,5.206,24,"[[1,1024],[1024,4096]]","[[1,4096]]",0.18,0.44
0,RmsNorm,AI_VECTOR_CORE,AI_VECTOR_CORE,1704161511495519.750,27.125,2.170,24,"[[1,1024],[1024,4096]]","[[1,4096]]",0.05,0.3
0,MatMulV2,AI_CORE,AI_CORE,1704161511495546.750,125.350,10.028,24,"[[1,1024],[1024,4096]]","[[1,4096]]",0.18,0.44
0,FusedInferAttentionScore,AI_CORE,AI_CORE,1704161511495672.000,64.195,5.136,24,"[[1,1024],[1024,4096]]","[[1,4096]]",0.18,0.44
0,RmsNorm,AI_VECTOR_CORE,AI_VECTOR_CORE,1704161511495736.250,22.343,1.787,24,"[[1,1024],[1024,4096]]","[[1,4096]]",0.05,0.3
0,MatMulV2,AI_CORE,AI_CORE,1704161511495758.500,127.279,10.182,24,"[[1,1024],[1024,4096]]","[[1,4096]]",0.18,0.44
0,FusedInferAttentionScore,AI_CORE,AI_CORE,1704161511495885.750,65.175,5.214,24,"[[1,1024],[1024,4096]]","[[1,4096]]",0.18,0.44
0,RmsNorm,AI_VECTOR_CORE,AI_VECTOR_CORE,1704161511495951.000,21.581,1.726,24,"[[1,1024],[1024,4096]]","[[1,4096]]",0.05,0.3
0,MatMulV2,AI_CORE,AI_CORE,1704161511495972.500,112.401,8.992,24,"[[1,1024],[1024,4096]]","[[1,4096]]",0.18,0.44
0,FusedInferAttentionScore,AI_CORE,AI_CORE,1704161511496085.000,72.332,5.787,24,"[[1,1024],[1024,4096]]","[[1,4096]]",0.18,0.44
0,RmsNorm,AI_VECTOR_CORE,AI_VECTOR_CORE,1704161511496157.250,23.665,1.893,24,"[[1,1024],[1024,4096]]","[[1,4096]]",0.05,0.3
0,MatMulV2,AI_CORE,AI_CORE,1704161511496181.000,122.593,9.807,24,"[[1,1024],[1024,4096]]","[[1,4096]]",0.18,0.44
0,FusedInferAttentionScore,AI_CORE,AI_CORE,1704161511496303.500,71.407,5.713,24,"[[1,1024],[1024,4096]]","[[1,4096]]",0.18,0.44
0,RmsNorm,AI_VECTOR_CORE,AI_VECTOR_CORE,1704161511496375.000,25.690,2.055,24,"[[1,1024],[1024,4096]]","[[1,4096]]",0.05,0.3
0,MatMulV2,AI_CORE,AI_CORE,1704161511496400.750,111.231,8.898,24,"[[1,1024],[1024,4096]]","[[1,4096]]",0.18,0.44
0,FusedInferAttentionScore,AI_CORE,AI_CORE,1704161511496512.000,67.908,5.433,24,"[[1,1024],[1024,4096]]","[[1,4096]]",0.18,0.44
0,RmsNorm,AI_VECTOR_CORE,AI_VECTOR_CORE,1704161511496580.000,23.821,1.906,24,"[[1,1024],[1024,4096]]","[[1,4096]]",0.05,0.3
0,MatMulV2,AI_CORE,AI_CORE,1704161511496603.750,122.619,9.810,24,"[[1,1024],[1024,4096]]","[[1,4096]]",0.18,0.44
0,FusedInferAttentionScore,AI_CORE,AI_CORE,1704161511496726.250,73.586,5.887,24,"[[1,1024],[1024,4096]]","[[1,4096]]",0.18,0.44
0,RmsNorm,AI_VECTOR_CORE,AI_VECTOR_CORE,1704161511496799.750,26.773,2.142,24,"[[1,1024],[1024,4096]]","[[1,4096]]",0.05,0.3
0,MatMulV2,AI_CORE,AI_CORE,1704161511496826.500,118.564,9.485,24,"[[1,1024],[1024,4096]]","[[1,4096]]",0.18,0.44
0,FusedInferAttentionScore,AI_CORE,AI_CORE,1704161511496945.000,70.106,5.608,24,"[[1,1024],[1024,4096]]","[[1,4096]]",0.18,0.44
0,RmsNorm,AI_VECTOR_CORE,AI_VECTOR_CORE,1704161511497015.000,24.528,1.962,24,"[[1,1024],[1024,4096]]","[[1,4096]]",0.05,0.3
0,MatMulV2,AI_CORE,AI_CORE,1704161511497039.500,115.476,9.238,24,"[[1,1024],[1024,4096]]","[[1,4096]]",0.18,0.44
0,FusedInferAttentionScore,AI_CORE,AI_CORE,1704161511497155.000,66.533,5.323,24,"[[1,1024],[1024,4096]]","[[1,4096]]",0.18,0.44
0,RmsNorm,AI_VECTOR_CORE,AI_VECTOR_CORE,1704161511497221.500,20.434,1.635,24,"[[1,1024],[1024,4096]]","[[1,4096]]",0.05,0.3
0,MatMulV2,AI_CORE,AI_CORE,1704161511512200.000,116.819,9.346,24,"[[1,1024],[1024,4096]]","[[1,4096]]",0.18,0.44
0,FusedInferAttentionScore,AI_CORE,AI_CORE,1704161511512316.750,71.944,5.756,24,"[[1,1024],[1024,4096]]","[[1,4096]]",0.18,0.44
0,RmsNorm,AI_VECTOR_CORE,AI_VECTOR_CORE,1704161511512388.750,26.568,2.125,24,"[[1,1024],[1024,4096]]","[[1,4096]]",0.05,0.3
0,MatMulV2,AI_CORE,AI_CORE,1704161511512675.250,126.214,10.097,24,"[[1,1024],[1024,4096]]","[[1,4096]]",0.18,0.44
0,FusedInferAttentionScore,AI_CORE,AI_CORE,1704161511512801.500,71.568,5.725,24,"[[1,1024],[1024,4096]]","[[1,4096]]",0.18,0.44
0,RmsNorm,AI_VECTOR_CORE,AI_VECTOR_CORE,1704161511512873.000,28.733,2.299,24,"[[1,1024],[1024,4096]]","[[1,4096]]",0.05,0.3
0,MatMulV2,AI_CORE,AI_CORE,1704161511512901.750,130.954,10.476,24,"[[1,1024],[1024,4096]]","[[1,4096]]",0.18,0.44
0,FusedInferAttentionScore,AI_CORE,AI_CORE,1704161511513032.750,74.629,5.970,24,"[[1,1024],[1024,4096]]","[[1,4096]]",0.18,0.44
0,RmsNorm,AI_VECTOR_CORE,AI_VECTOR_CORE,1704161511513107.500,23.234,1.859,24,"[[1,1024],[1024,4096]]","[[1,4096]]",0.05,0.3
0,MatMulV2,AI_CORE,AI_CORE,1704161511513130.750,118.120,9.450,24,"[[1,1024],[1024,4096]]","[[1,4096]]",0.18,0.44
0,FusedInferAttentionScore,AI_CORE,AI_CORE,1704161511513248.750,70.538,5.643,24,"[[1,1024],[1024,4096]]","[[1,4096]]",0.18,0.44
0,RmsNorm,AI_VECTOR_CORE,AI_VECTOR_CORE,1704161511513319.250,25.812,2.065,24,"[[1,1024],[1024,4096]]","[[1,4096]]",0.05,0.3
0,MatMulV2,AI_CORE,AI_CORE,1704161511513345.000,113.277,9.062,24,"[[1,1024],[1024,4096]]","[[1,4096]]",0.18,0.44
0,FusedInferAttentionScore,AI_CORE,AI_CORE,1704161511513458.250,67.993,5.439,24,"[[1,1024],[1024,4096]]","[[1,4096]]",0.18,0.44
0,RmsNorm,AI_VECTOR_CORE,AI_VECTOR_CORE,1704161511513526.250,21.388,1.711,24,"[[1,1024],[1024,4096]]","[[1,4096]]",0.05,0.3
0,MatMulV2,AI_CORE,AI_CORE,1704161511513547.750,123.877,9.910,24,"[[1,1024],[1024,4096]]","[[1,4096]]",0.18,0.44
0,FusedInferAttentionScore,AI_CORE,AI_CORE,1704161511513671.750,67.779,5.422,24,"[[1,1024],[1024,4096]]","[[1,4096]]",0.18,0.44
0,RmsNorm,AI_VECTOR_CORE,AI_VECTOR_CORE,1704161511513739.500,22.509,1.801,24,"[[1,1024],[1024,4096]]","[[1,4096]]",0.05,0.3
0,MatMulV2,AI_CORE,AI_CORE,1704161511513762.000,113.514,9.081,24,"[[1,1024],[1024,4096]]","[[1,4096]]",0.18,0.44
0,FusedInferAttentionScore,AI_CORE,AI_CORE,1704161511513875.500,66.647,5.332,24,"[[1,1024],[1024,4096]]","[[1,4096]]",0.18,0.44
0,RmsNorm,AI_VECTOR_CORE,AI_VECTOR_CORE,1704161511513942.250,25.599,2.048,24,"[[1,1024],[1024,4096]]","[[1,4096]]",0.05,0.3
0,MatMulV2,AI_CORE,AI_CORE,1704161511513967.750,125.932,10.075,24,"[[1,1024],[1024,4096]]","[[1,4096]]",0.18,0.44
0,FusedInferAttentionScore,AI_CORE,AI_CORE,1704161511514093.750,69.731,5.578,24,"[[1,1024],[1024,4096]]","[[1,4096]]",0.18,0.44
0,RmsNorm,AI_VECTOR_CORE,AI_VECTOR_CORE,1704161511514163.500,19.398,1.552,24,"[[1,1024],[1024,4096]]","[[1,4096]]",0.05,0.3
0,MatMulV2,AI_CORE,AI_CORE,1704161511514183.000,131.642,10.531,24,"[[1,1024],[1024,4096]]","[[1,4096]]",0.18,0.44
0,FusedInferAttentionScore,AI_CORE,AI_CORE,1704161511514314.750,64.489,5.159,24,"[[1,1024],[1024,4096]]","[[1,4096]]",0.18,0.44
0,RmsNorm,AI_VECTOR_CORE,AI_VECTOR_CORE,1704161511514379.250,19.906,1.593,24,"[[1,1024],[1024,4096]]","[[1,4096]]",0.05,0.3
0,MatMulV2,AI_CORE,AI_CORE,1704161511514399.250,112.036,8.963,24,"[[1,1024],[1024,4096]]","[[1,4096]]",0.18,0.44
0,FusedInferAttentionScore,AI_CORE,AI_CORE,1704161511514511.250,66.618,5.329,24,"[[1,1024],[1024,4096]]","[[1,4096]]",0.18,0.44
0,RmsNorm,AI_VECTOR_CORE,AI_VECTOR_CORE,1704161511514577.750,22.217,1.777,24,"[[1,1024],[1024,4096]]","[[1,4096]]",0.05,0.3
0,MatMulV2,AI_CORE,AI_CORE,1704161511514600.000,109.869,8.790,24,"[[1,1024],[1024,4096]]","[[1,4096]]",0.18,0.44
0,FusedInferAttentionScore,AI_CORE,AI_CORE,1704161511514709.750,71.922,5.754,24,"[[1,1024],[1024,4096]]","[[1,4096]]",0.18,0.44
0,RmsNorm,AI_VECTOR_CORE,AI_VECTOR_CORE,1704161511514781.750,21.158,1.693,24,"[[1,1024],[1024,4096]]","[[1,4096]]",0.05,0.3
0,MatMulV2,AI_CORE,AI_CORE,1704161511514803.000,124.979,9.998,24,"[[1,1024],[1024,4096]]","[[1,4096]]",0.18,0.44
0,FusedInferAttentionScore,AI_CORE,AI_CORE,1704161511514928.000,73.603,5.888,24,"[[1,1024],[1024,4096]]","[[1,4096]]",0.18,0.44
0,RmsNorm,AI_VECTOR_CORE,AI_VECTOR_CORE,1704161511515001.500,24.711,1.977,24,"[[1,1024],[1024,4096]]","[[1,4096]]",0.05,0.3
0,MatMulV2,AI_CORE,AI_CORE,1704161511515026.250,124.126,9.930,24,"[[1,1024],[1024,4096]]","[[1,4096]]",0.18,0.44
0,FusedInferAttentionScore,AI_CORE,AI_CORE,1704161511515150.500,69.938,5.595,24,"[[1,1024],[1024,4096]]","[[1,4096]]",0.18,0.44
0,RmsNorm,AI_VECTOR_CORE,AI_VECTOR_CORE,1704161511515220.500,24.956,1.997,24,"[[1,1024],[1024,4096]]","[[1,4096]]",0.05,0.3
0,MatMulV2,AI_CORE,AI_CORE,1704161511515245.500,127.824,10.226,24,"[[1,1024],[1024,4096]]","[[1,4096]]",0.18,0.44
0,FusedInferAttentionScore,AI_CORE,AI_CORE,1704161511515373.250,74.814,5.985,24,"[[1,1024],[1024,4096]]","[[1,4096]]",0.18,0.44
0,RmsNorm,AI_VECTOR_CORE,AI_VECTOR_CORE,1704161511515448.000,28.078,2.246,24,"[[1,1024],[1024,4096]]","[[1,4096]]",0.05,0.3
0,MatMulV2,AI_CORE,AI_CORE,1704161511515476.000,127.041,10.163,24,"[[1,1024],[1024,4096]]","[[1,4096]]",0.18,0.44
0,FusedInferAttentionScore,AI_CORE,AI_CORE,1704161511515603.000,63.090,5.047,24,"[[1,1024],[1024,4096]]","[[1,4096]]",0.18,0.44
0,RmsNorm,AI_VECTOR_CORE,AI_VECTOR_CORE,1704161511515666.000,26.604,2.128,24,"[[1,1024],[1024,4096]]","[[1,4096]]",0.05,0.3
0,MatMulV2,AI_CORE,AI_CORE,1704161511515692.500,116.640,9.331,24,"[[1,1024],[1024,4096]]","[[1,4096]]",0.18,0.44
0,FusedInferAttentionScore,AI_CORE,AI_CORE,1704161511515809.250,66.249,5.300,24,"[[1,1024],[1024,4096]]","[[1,4096]]",0.18,0.44
0,RmsNorm,AI_VECTOR_CORE,AI_VECTOR_CORE,1704161511515875.500,20.208,1.617,24,"[[1,1024],[1024,4096]]","[[1,4096]]",0.05,0.3
0,MatMulV2,AI_CORE,AI_CORE,1704161511515895.750,130.434,10.435,24,"[[1,1024],[1024,4096]]","[[1,4096]]",0.18,0.44
0,FusedInferAttentionScore,AI_CORE,AI_CORE,1704161511516026.250,63.325,5.066,24,"[[1,1024],[1024,4096]]","[[1,4096]]",0.18,0.44
0,RmsNorm,AI_VECTOR_CORE,AI_VECTOR_CORE,1704161511516089.500,21.043,1.683,24,"[[1,1024],[1024,4096]]","[[1,4096]]",0.05,0.3
0,MatMulV2,AI_CORE,AI_CORE,1704161511516110.500,120.740,9.659,24,"[[1,1024],[1024,4096]]","[[1,4096]]",0.18,0.44
0,FusedInferAttentionScore,AI_CORE,AI_CORE,1704161511516231.250,71.550,5.724,24,"[[1,1024],[1024,4096]]","[[1,4096]]",0.18,0.44
0,RmsNorm,AI_VECTOR_CORE,AI_VECTOR_CORE,1704161511516302.750,20.333,1.627,24,"[[1,1024],[1024,4096]]","[[1,4096]]",0.05,0.3
0,MatMulV2,AI_CORE,AI_CORE,1704161511516323.000,131.293,10.503,24,"[[1,1024],[1024,4096]]","[[1,4096]]",0.18,0.44
0,FusedInferAttentionScore,AI_CORE,AI_CORE,1704161511516454.250,74.707,5.977,24,"[[1,1024],[1024,4096]]","[[1,4096]]",0.18,0.44
0,RmsNorm,AI_VECTOR_CORE,AI_VECTOR_CORE,1704161511516529.000,20.203,1.616,24,"[[1,1024],[1024,4096]]","[[1,4096]]",0.05,0.3
0,MatMulV2,AI_CORE,AI_CORE,1704161511516549.250,114.411,9.153,24,"[[1,1024],[1024,4096]]","[[1,4096]]",0.18,0.44
0,FusedInferAttentionScore,AI_CORE,AI_CORE,1704161511516663.750,74.656,5.972,24,"[[1,1024],[1024,4096]]","[[1,4096]]",0.18,0.44
0,RmsNorm,AI_VECTOR_CORE,AI_VECTOR_CORE,1704161511516738.500,25.866,2.069,24,"[[1,1024],[1024,4096]]","[[1,4096]]",0.05,0.3
0,MatMulV2,AI_CORE,AI_CORE,1704161511516764.250,117.264,9.381,24,"[[1,1024],[1024,4096]]","[[1,4096]]",0.18,0.44
0,FusedInferAttentionScore,AI_CORE,AI_CORE,1704161511516881.500,64.996,5.200,24,"[[1,1024],[1024,4096]]","[[1,4096]]",0.18,0.44
0,RmsNorm,AI_VECTOR_CORE,AI_VECTOR_CORE,1704161511516946.500,20.542,1.643,24,"[[1,1024],[1024,4096]]","[[1,4096]]",0.05,0.3
0,MatMulV2,AI_CORE,AI_CORE,1704161511516967.000,128.151,10.252,24,"[[1,1024],[1024,4096]]","[[1,4096]]",0.18,0.44
0,FusedInferAttentionScore,AI_CORE,AI_CORE,1704161511517095.250,65.332,5.227,24,"[[1,1024],[1024,4096]]","[[1,4096]]",0.18,0.44
0,RmsNorm,AI_VECTOR_CORE,AI_VECTOR_CORE,1704161511517160.500,24.646,1.972,24,"[[1,1024],[1024,4096]]","[[1,4096]]",0.05,0.3
0,MatMulV2,AI_CORE,AI_CORE,1704161511517185.250,127.631,10.210,24,"[[1,1024],[1024,4096]]","[[1,4096]]",0.18,0.44
0,FusedInferAttentionScore,AI_CORE,AI_CORE,1704161511517313.000,64.123,5.130,24,"[[1,1024],[1024,4096]]","[[1,4096]]",0.18,0.44
0,RmsNorm,AI_VECTOR_CORE,AI_VECTOR_CORE,1704161511517377.000,26.393,2.111,24,"[[1,1024],[1024,4096]]","[[1,4096]]",0.05,0.3
0,MatMulV2,AI_CORE,AI_CORE,1704161511517403.500,127.404,10.192,24,"[[1,1024],[1024,4096]]","[[1,4096]]",0.18,0.44
0,FusedInferAttentionScore,AI_CORE,AI_CORE,1704161511517531.000,71.571,5.726,24,"[[1,1024],[1024,4096]]","[[1,4096]]",0.18,0.44
0,RmsNorm,AI_VECTOR_CORE,AI_VECTOR_CORE,1704161511517602.500,24.584,1.967,24,"[[1,1024],[1024,4096]]","[[1,4096]]",0.05,0.3
0,MatMulV2,AI_CORE,AI_CORE,1704161511517627.000,129.805,10.384,24,"[[1,1024],[1024,4096]]","[[1,4096]]",0.18,0.44
0,FusedInferAttentionScore,AI_CORE,AI_CORE,1704161511517756.750,67.525,5.402,24,"[[1,1024],[1024,4096]]","[[1,4096]]",0.18,0.44
0,RmsNorm,AI_VECTOR_CORE,AI_VECTOR_CORE,1704161511517824.250,23.504,1.880,24,"[[1,1024],[1024,4096]]","[[1,4096]]",0.05,0.3
0,MatMulV2,AI_CORE,AI_CORE,1704161511517847.750,114.792,9.183,24,"[[1,1024],[1024,4096]]","[[1,4096]]",0.18,0.44
0,FusedInferAttentionScore,AI_CORE,AI_CORE,1704161511517962.500,66.870,5.350,24,"[[1,1024],[1024,4096]]","[[1,4096]]",0.18,0.44
0,RmsNorm,AI_VECTOR_CORE,AI_VECTOR_CORE,1704161511518029.250,23.903,1.912,24,"[[1,1024],[1024,4096]]","[[1,4096]]",0.05,0.3
0,MatMulV2,AI_CORE,AI_CORE,1704161511518053.250,119.303,9.544,24,"[[1,1024],[1024,4096]]","[[1,4096]]",0.18,0.44
0,FusedInferAttentionScore,AI_CORE,AI_CORE,1704161511518172.500,66.360,5.309,24,"[[1,1024],[1024,4096]]","[[1,4096]]",0.18,0.44
0,RmsNorm,AI_VECTOR_CORE,AI_VECTOR_CORE,1704161511518238.750,27.585,2.207,24,"[[1,1024],[1024,4096]]","[[1,4096]]",0.05,0.3
0,MatMulV2,AI_CORE,AI_CORE,1704161511518266.250,119.851,9.588,24,"[[1,1024],[1024,4096]]","[[1,4096]]",0.18,0.44
0,FusedInferAttentionScore,AI_CORE,AI_CORE,1704161511518386.000,74.382,5.951,24,"[[1,1024],[1024,4096]]","[[1,4096]]",0.18,0.44
0,RmsNorm,AI_VECTOR_CORE,AI_VECTOR_CORE,1704161511518460.500,27.584,2.207,24,"[[1,1024],[1024,4096]]","[[1,4096]]",0.05,0.3
0,MatMulV2,AI_CORE,AI_CORE,1704161511518488.000,131.238,10.499,24,"[[1,1024],[1024,4096]]","[[1,4096]]",0.18,0.44
0,FusedInferAttentionScore,AI_CORE,AI_CORE,1704161511518619.250,64.598,5.168,24,"[[1,1024],[1024,4096]]","[[1,4096]]",0.18,0.44
0,RmsNorm,AI_VECTOR_CORE,AI_VECTOR_CORE,1704161511518683.750,25.449,2.036,24,"[[1,1024],[1024,4096]]","[[1,4096]]",0.05,0.3
0,MatMulV2,AI_CORE,AI_CORE,1704161511518709.250,124.264,9.941,24,"[[1,1024],[1024,4096]]","[[1,4096]]",0.18,0.44
0,FusedInferAttentionScore,AI_CORE,AI_CORE,1704161511518833.500,75.948,6.076,24,"[[1,1024],[1024,4096]]","[[1,4096]]",0.18,0.44
0,RmsNorm,AI_VECTOR_CORE,AI_VECTOR_CORE,1704161511518909.500,23.610,1.889,24,"[[1,1024],[1024,4096]]","[[1,4096]]",0.05,0.3
0,MatMulV2,AI_CORE,AI_CORE,1704161511518933.000,115.299,9.224,24,"[[1,1024],[1024,4096]]","[[1,4096]]",0.18,0.44
0,FusedInferAttentionScore,AI_CORE,AI_CORE,1704161511519048.250,68.983,5.519,24,"[[1,1024],[1024,4096]]","[[1,4096]]",0.18,0.44
0,RmsNorm,AI_VECTOR_CORE,AI_VECTOR_CORE,1704161511519117.250,19.959,1.597,24,"[[1,1024],[1024,4096]]","[[1,4096]]",0.05,0.3
0,MatMulV2,AI_CORE,AI_CORE,1704161511519137.250,114.598,9.168,24,"[[1,1024],[1024,4096]]","[[1,4096]]",0.18,0.44
0,FusedInferAttentionScore,AI_CORE,AI_CORE,1704161511519251.750,75.991,6.079,24,"[[1,1024],[1024,4096]]","[[1,4096]]",0.18,0.44
0,RmsNorm,AI_VECTOR_CORE,AI_VECTOR_CORE,1704161511519327.750,24.609,1.969,24,"[[1,1024],[1024,4096]]","[[1,4096]]",0.05,0.3
0,MatMulV2,AI_CORE,AI_CORE,1704161511534200.000,130.187,10.415,24,"[[1,1024],[1024,4096]]","[[1,4096]]",0.18,0.44
0,FusedInferAttentionScore,AI_CORE,AI_CORE,1704161511534330.250,64.669,5.173,24,"[[1,1024],[1024,4096]]","[[1,4096]]",0.18,0.44
0,RmsNorm,AI_VECTOR_CORE,AI_VECTOR_CORE,1704161511534395.000,22.201,1.776,24,"[[1,1024],[1024,4096]]","[[1,4096]]",0.05,0.3
0,MatMulV2,AI_CORE,AI_CORE,1704161511534677.250,111.180,8.894,24,"[[1,1024],[1024,4096]]","[[1,4096]]",0.18,0.44
0,FusedInferAttentionScore,AI_CORE,AI_CORE,1704161511534788.500,68.413,5.473,24,"[[1,1024],[1024,4096]]","[[1,4096]]",0.18,0.44
0,RmsNorm,AI_VECTOR_CORE,AI_VECTOR_CORE,1704161511534857.000,25.657,2.053,24,"[[1,1024],[1024,4096]]","[[1,4096]]",0.05,0.3
0,MatMulV2,AI_CORE,AI_CORE,1704161511534882.750,127.947,10.236,24,"[[1,1024],[1024,4096]]","[[1,4096]]",0.18,0.44
0,FusedInferAttentionScore,AI_CORE,AI_CORE,1704161511535010.750,73.363,5.869,24,"[[1,1024],[1024,4096]]","[[1,4096]]",0.18,0.44
0,RmsNorm,AI_VECTOR_CORE,AI_VECTOR_CORE,1704161511535084.000,24.077,1.926,24,"[[1,1024],[1024,4096]]","[[1,4096]]",0.05,0.3
0,MatMulV2,AI_CORE,AI_CORE,1704161511535108.000,117.188,9.375,24,"[[1,1024],[1024,4096]]","[[1,4096]]",0.18,0.44
0,FusedInferAttentionScore,AI_CORE,AI_CORE,1704161511535225.250,65.895,5.272,24,"[[1,1024],[1024,4096]]","[[1,4096]]",0.18,0.44
0,RmsNorm,AI_VECTOR_CORE,AI_VECTOR_CORE,1704161511535291.250,19.840,1.587,24,"[[1,1024],[1024,4096]]","[[1,4096]]",0.05,0.3
0,MatMulV2,AI_CORE,AI_CORE,1704161511535311.000,117.089,9.367,24,"[[1,1024],[1024,4096]]","[[1,4096]]",0.18,0.44
0,FusedInferAttentionScore,AI_CORE,AI_CORE,1704161511535428.000,67.611,5.409,24,"[[1,1024],[1024,4096]]","[[1,4096]]",0.18,0.44
0,RmsNorm,AI_VECTOR_CORE,AI_VECTOR_CORE,1704161511535495.500,22.960,1.837,24,"[[1,1024],[1024,4096]]","[[1,4096]]",0.05,0.3
0,MatMulV2,AI_CORE,AI_CORE,1704161511535518.500,113.625,9.090,24,"[[1,1024],[1024,4096]]","[[1,4096]]",0.18,0.44
0,FusedInferAttentionScore,AI_CORE,AI_CORE,1704161511535632.000,75.381,6.030,24,"[[1,1024],[1024,4096]]","[[1,4096]]",0.18,0.44
0,RmsNorm,AI_VECTOR_CORE,AI_VECTOR_CORE,1704161511535707.500,21.452,1.716,24,"[[1,1024],[1024,4096]]","[[1,4096]]",0.05,0.3
0,MatMulV2,AI_CORE,AI_CORE,1704161511535729.000,111.794,8.944,24,"[[1,1024],[1024,4096]]","[[1,4096]]",0.18,0.44
0,FusedInferAttentionScore,AI_CORE,AI_CORE,1704161511535840.750,76.086,6.087,24,"[[1,1024],[1024,4096]]","[[1,4096]]",0.18,0.44
0,RmsNorm,AI_VECTOR_CORE,AI_VECTOR_CORE,1704161511535916.750,27.342,2.187,24,"[[1,1024],[1024,4096]]","[[1,4096]]",0.05,0.3
0,MatMulV2,AI_CORE,AI_CORE,1704161511535944.000,127.659,10.213,24,"[[1,1024],[1024,4096]]","[[1,4096]]",0.18,0.44
0,FusedInferAttentionScore,AI_CORE,AI_CORE,1704161511536071.750,69.817,5.585,24,"[[1,1024],[1024,4096]]","[[1,4096]]",0.18,0.44
0,RmsNorm,AI_VECTOR_CORE,AI_VECTOR_CORE,1704161511536141.500,20.275,1.622,24,"[[1,1024],[1024,4096]]","[[1,4096]]",0.05,0.3
0,MatMulV2,AI_CORE,AI_CORE,1704161511536161.750,115.060,9.205,24,"[[1,1024],[1024,4096]]","[[1,4096]]",0.18,0.44
0,FusedInferAttentionScore,AI_CORE,AI_CORE,1704161511536276.750,66.709,5.337,24,"[[1,1024],[1024,4096]]","[[1,4096]]",0.18,0.44
0,RmsNorm,AI_VECTOR_CORE,AI_VECTOR_CORE,1704161511536343.500,25.871,2.070,24,"[[1,1024],[1024,4096]]","[[1,4096]]",0.05,0.3
0,MatMulV2,AI_CORE,AI_CORE,1704161511536369.250,110.894,8.871,24,"[[1,1024],[1024,4096]]","[[1,4096]]",0.18,0.44
0,FusedInferAttentionScore,AI_CORE,AI_CORE,1704161511536480.250,68.163,5.453,24,"[[1,1024],[1024,4096]]","[[1,4096]]",0.18,0.44
0,RmsNorm,AI_VECTOR_CORE,AI_VECTOR_CORE,1704161511536548.500,21.172,1.694,24,"[[1,1024],[1024,4096]]","[[1,4096]]",0.05,0.3
0,MatMulV2,AI_CORE,AI_CORE,1704161511536569.750,120.810,9.665,24,"[[1,1024],[1024,4096]]","[[1,4096]]",0.18,0.44
0,FusedInferAttentionScore,AI_CORE,AI_CORE,1704161511536690.500,74.648,5.972,24,"[[1,1024],[1024,4096]]","[[1,4096]]",0.18,0.44
0,RmsNorm,AI_VECTOR_CORE,AI_VECTOR_CORE,1704161511536765.250,24.345,1.948,24,"[[1,1024],[1024,4096]]","[[1,4096]]",0.05,0.3
0,MatMulV2,AI_CORE,AI_CORE,1704161511536789.500,113.225,9.058,24,"[[1,1024],[1024,4096]]","[[1,4096]]",0.18,0.44
0,FusedInferAttentionScore,AI_CORE,AI_CORE,1704161511536902.750,67.824,5.426,24,"[[1,1024],[1024,4096]]","[[1,4096]]",0.18,0.44
0,RmsNorm,AI_VECTOR_CORE,AI_VECTOR_CORE,1704161511536970.500,27.375,2.190,24,"[[1,1024],[1024,4096]]","[[1,4096]]",0.05,0.3
0,MatMulV2,AI_CORE,AI_CORE,1704161511536998.000,111.502,8.920,24,"[[1,1024],[1024,4096]]","[[1,4096]]",0.18,0.44
0,FusedInferAttentionScore,AI_CORE,AI_CORE,1704161511537109.500,72.187,5.775,24,"[[1,1024],[1024,4096]]","[[1,4096]]",0.18,0.44
0,RmsNorm,AI_VECTOR_CORE,AI_VECTOR_CORE,1704161511537181.750,28.107,2.249,24,"[[1,1024],[1024,4096]]","[[1,4096]]",0.05,0.3
0,MatMulV2,AI_CORE,AI_CORE,1704161511537209.750,116.199,9.296,24,"[[1,1024],[1024,4096]]","[[1,4096]]",0.18,0.44
0,FusedInferAttentionScore,AI_CORE,AI_CORE,1704161511537326.000,68.964,5.517,24,"[[1,1024],[1024,4096]]","[[1,4096]]",0.18,0.44
0,RmsNorm,AI_VECTOR_CORE,AI_VECTOR_CORE,1704161511537395.000,26.784,2.143,24,"[[1,1024],[1024,4096]]","[[1,4096]]",0.05,0.3
0,MatMulV2,AI_CORE,AI_CORE,1704161511537421.750,123.237,9.859,24,"[[1,1024],[1024,4096]]","[[1,4096]]",0.18,0.44
0,FusedInferAttentionScore,AI_CORE,AI_CORE,1704161511537545.000,70.475,5.638,24,"[[1,1024],[1024,4096]]","[[1,4096]]",0.18,0.44
0,RmsNorm,AI_VECTOR_CORE,AI_VECTOR_CORE,1704161511537615.500,27.435,2.195,24,"[[1,1024],[1024,4096]]","[[1,4096]]",0.05,0.3
0,MatMulV2,AI_CORE,AI_CORE,1704161511537643.000,125.876,10.070,24,"[[1,1024],[1024,4096]]","[[1,4096]]",0.18,0.44
0,FusedInferAttentionScore,AI_CORE,AI_CORE,1704161511537769.000,64.683,5.175,24,"[[1,1024],[1024,4096]]","[[1,4096]]",0.18,0.44
0,RmsNorm,AI_VECTOR_CORE,AI_VECTOR_CORE,1704161511537833.750,19.655,1.572,24,"[[1,1024],[1024,4096]]","[[1,4096]]",0.05,0.3
0,MatMulV2,AI_CORE,AI_CORE,1704161511537853.500,114.371,9.150,24,"[[1,1024],[1024,4096]]","[[1,4096]]",0.18,0.44
0,FusedInferAttentionScore,AI_CORE,AI_CORE,1704161511537967.750,75.144,6.012,24,"[[1,1024],[1024,4096]]","[[1,4096]]",0.18,0.44
0,RmsNorm,AI_VECTOR_CORE,AI_VECTOR_CORE,1704161511538043.000,24.339,1.947,24,"[[1,1024],[1024,4096]]","[[1,4096]]",0.05,0.3
0,MatMulV2,AI_CORE,AI_CORE,1704161511538067.250,117.183,9.375,24,"[[1,1024],[1024,4096]]","[[1,4096]]",0.18,0.44
0,FusedInferAttentionScore,AI_CORE,AI_CORE,1704161511538184.500,67.081,5.367,24,"[[1,1024],[1024,4096]]","[[1,4096]]",0.18,0.44
0,RmsNorm,AI_VECTOR_CORE,AI_VECTOR_CORE,1704161511538251.500,20.501,1.640,24,"[[1,1024],[1024,4096]]","[[1,4096]]",0.05,0.3
0,MatMulV2,AI_CORE,AI_CORE,1704161511538272.000,117.621,9.410,24,"[[1,1024],[1024,4096]]","[[1,4096]]",0.18,0.44
0,FusedInferAttentionScore,AI_CORE,AI_CORE,1704161511538389.500,63.806,5.104,24,"[[1,1024],[1024,4096]]","[[1,4096]]",0.18,0.44
0,RmsNorm,AI_VECTOR_CORE,AI_VECTOR_CORE,1704161511538453.250,23.955,1.916,24,"[[1,1024],[1024,4096]]","[[1,4096]]",0.05,0.3
0,MatMulV2,AI_CORE,AI_CORE,1704161511538477.250,117.781,9.422,24,"[[1,1024],[1024,4096]]","[[1,4096]]",0.18,0.44
0,FusedInferAttentionScore,AI_CORE,AI_CORE,1704161511538595.000,71.189,5.695,24,"[[1,1024],[1024,4096]]","[[1,4096]]",0.18,0.44
0,RmsNorm,AI_VECTOR_CORE,AI_VECTOR_CORE,1704161511538666.250,24.579,1.966,24,"[[1,1024],[1024,4096]]","[[1,4096]]",0.05,0.3
0,MatMulV2,AI_CORE,AI_CORE,1704161511538690.750,123.677,9.894,24,"[[1,1024],[1024,4096]]","[[1,4096]]",0.18,0.44
0,FusedInferAttentionScore,AI_CORE,AI_CORE,1704161511538814.500,69.425,5.554,24,"[[1,1024],[1024,4096]]","[[1,4096]]",0.18,0.44
0,RmsNorm,AI_VECTOR_CORE,AI_VECTOR_CORE,1704161511538884.000,19.335,1.547,24,"[[1,1024],[1024,4096]]","[[1,4096]]",0.05,0.3
0,MatMulV2,AI_CORE,AI_CORE,1704161511538903.250,119.417,9.553,24,"[[1,1024],[1024,4096]]","[[1,4096]]",0.18,0.44
0,FusedInferAttentionScore,AI_CORE,AI_CORE,1704161511539022.750,68.778,5.502,24,"[[1,1024],[1024,4096]]","[[1,4096]]",0.18,0.44
0,RmsNorm,AI_VECTOR_CORE,AI_VECTOR_CORE,1704161511539091.500,25.386,2.031,24,"[[1,1024],[1024,4096]]","[[1,4096]]",0.05,0.3
0,MatMulV2,AI_CORE,AI_CORE,1704161511539117.000,128.311,10.265,24,"[[1,1024],[1024,4096]]","[[1,4096]]",0.18,0.44
0,FusedInferAttentionScore,AI_CORE,AI_CORE,1704161511539245.250,75.562,6.045,24,"[[1,1024],[1024,4096]]","[[1,4096]]",0.18,0.44
0,RmsNorm,AI_VECTOR_CORE,AI_VECTOR_CORE,1704161511539320.750,27.247,2.180,24,"[[1,1024],[1024,4096]]","[[1,4096]]",0.05,0.3
0,MatMulV2,AI_CORE,AI_CORE,1704161511539348.000,128.788,10.303,24,"[[1,1024],[1024,4096]]","[[1,4096]]",0.18,0.44
0,FusedInferAttentionScore,AI_CORE,AI_CORE,1704161511539476.750,70.043,5.603,24,"[[1,1024],[1024,4096]]","[[1,4096]]",0.18,0.44
0,RmsNorm,AI_VECTOR_CORE,AI_VECTOR_CORE,1704161511539546.750,25.554,2.044,24,"[[1,1024],[1024,4096]]","[[1,4096]]",0.05,0.3
0,MatMulV2,AI_CORE,AI_CORE,1704161511539572.250,126.985,10.159,24,"[[1,1024],[1024,4096]]","[[1,4096]]",0.18,0.44
0,FusedInferAttentionScore,AI_CORE,AI_CORE,1704161511539699.250,73.499,5.880,24,"[[1,1024],[1024,4096]]","[[1,4096]]",0.18,0.44
0,RmsNorm,AI_VECTOR_CORE,AI_VECTOR_CORE,1704161511539772.750,21.361,1.709,24,"[[1,1024],[1024,4096]]","[[1,4096]]",0.05,0.3
0,MatMulV2,AI_CORE,AI_CORE,1704161511539794.000,117.900,9.432,24,"[[1,1024],[1024,4096]]","[[1,4096]]",0.18,0.44
0,FusedInferAttentionScore,AI_CORE,AI_CORE,1704161511539912.000,63.160,5.053,24,"[[1,1024],[1024,4096]]","[[1,4096]]",0.18,0.44
0,RmsNorm,AI_VECTOR_CORE,AI_VECTOR_CORE,1704161511539975.250,21.944,1.756,24,"[[1,1024],[1024,4096]]","[[1,4096]]",0.05,0.3
0,MatMulV2,AI_CORE,AI_CORE,1704161511539997.250,128.963,10.317,24,"[[1,1024],[1024,4096]]","[[1,4096]]",0.18,0.44
0,FusedInferAttentionScore,AI_CORE,AI_CORE,1704161511540126.250,71.230,5.698,24,"[[1,1024],[1024,4096]]","[[1,4096]]",0.18,0.44
0,RmsNorm,AI_VECTOR_CORE,AI_VECTOR_CORE,1704161511540197.500,22.050,1.764,24,"[[1,1024],[1024,4096]]","[[1,4096]]",0.05,0.3
0,MatMulV2,AI_CORE,AI_CORE,1704161511540219.500,113.925,9.114,24,"[[1,1024],[1024,4096]]","[[1,4096]]",0.18,0.44
0,FusedInferAttentionScore,AI_CORE,AI_CORE,1704161511540333.500,65.723,5.258,24,"[[1,1024],[1024,4096]]","[[1,4096]]",0.18,0.44
0,RmsNorm,AI_VECTOR_CORE,AI_VECTOR_CORE,1704161511540399.250,22.538,1.803,24,"[[1,1024],[1024,4096]]","[[1,4096]]",0.05,0.3
0,MatMulV2,AI_CORE,AI_CORE,1704161511540421.750,118.917,9.513,24,"[[1,1024],[1024,4096]]","[[1,4096]]",0.18,0.44
0,FusedInferAttentionScore,AI_CORE,AI_CORE,1704161511540540.750,68.335,5.467,24,"[[1,1024],[1024,4096]]","[[1,4096]]",0.18,0.44
0,RmsNorm,AI_VECTOR_CORE,AI_VECTOR_CORE,1704161511540609.000,25.978,2.078,24,"[[1,1024],[1024,4096]]","[[1,4096]]",0.05,0.3
0,MatMulV2,AI_CORE,AI_CORE,1704161511540635.000,116.564,9.325,24,"[[1,1024],[1024,4096]]","[[1,4096]]",0.18,0.44
0,FusedInferAttentionScore,AI_CORE,AI_CORE,1704161511540751.500,72.050,5.764,24,"[[1,1024],[1024,4096]]","[[1,4096]]",0.18,0.44
0,RmsNorm,AI_VECTOR_CORE,AI_VECTOR_CORE,1704161511540823.500,27.932,2.235,24,"[[1,1024],[1024,4096]]","[[1,4096]]",0.05,0.3
0,MatMulV2,AI_CORE,AI_CORE,1704161511540851.500,110.037,8.803,24,"[[1,1024],[1024,4096]]","[[1,4096]]",0.18,0.44
0,FusedInferAttentionScore,AI_CORE,AI_CORE,1704161511540961.500,66.727,5.338,24,"[[1,1024],[1024,4096]]","[[1,4096]]",0.18,0.44
0,RmsNorm,AI_VECTOR_CORE,AI_VECTOR_CORE,1704161511541028.250,25.098,2.008,24,"[[1,1024],[1024,4096]]","[[1,4096]]",0.05,0.3
0,MatMulV2,AI_CORE,AI_CORE,1704161511541053.250,130.901,10.472,24,"[[1,1024],[1024,4096]]","[[1,4096]]",0.18,0.44
0,FusedInferAttentionScore,AI_CORE,AI_CORE,1704161511541184.250,64.365,5.149,24,"[[1,1024],[1024,4096]]","[[1,4096]]",0.18,0.44
0,RmsNorm,AI_VECTOR_CORE,AI_VECTOR_CORE,1704161511541248.500,25.434,2.035,24,"[[1,1024],[1024,4096]]","[[1,4096]]",0.05,0.3
0,MatMulV2,AI_CORE,AI_CORE,1704161511556200.000,120.842,9.667,24,"[[1,1024],[1024,4096]]","[[1,4096]]",0.18,0.44
0,FusedInferAttentionScore,AI_CORE,AI_CORE,1704161511556320.750,72.016,5.761,24,"[[1,1024],[1024,4096]]","[[1,4096]]",0.18,0.44
0,RmsNorm,AI_VECTOR_CORE,AI_VECTOR_CORE,1704161511556392.750,20.622,1.650,24,"[[1,1024],[1024,4096]]","[[1,4096]]",0.05,0.3
0,MatMulV2,AI_CORE,AI_CORE,1704161511556673.250,126.074,10.086,24,"[[1,1024],[1024,4096]]","[[1,4096]]",0.18,0.44
0,FusedInferAttentionScore,AI_CORE,AI_CORE,1704161511556799.250,76.638,6.131,24,"[[1,1024],[1024,4096]]","[[1,4096]]",0.18,0.44
0,RmsNorm,AI_VECTOR_CORE,AI_VECTOR_CORE,1704161511556876.000,26.488,2.119,24,"[[1,1024],[1024,4096]]","[[1,4096]]",0.05,0.3
0,MatMulV2,AI_CORE,AI_CORE,1704161511556902.500,126.330,10.106,24,"[[1,1024],[1024,4096]]","[[1,4096]]",0.18,0.44
0,FusedInferAttentionScore,AI_CORE,AI_CORE,1704161511557028.750,73.012,5.841,24,"[[1,1024],[1024,4096]]","[[1,4096]]",0.18,0.44
0,RmsNorm,AI_VECTOR_CORE,AI_VECTOR_CORE,1704161511557101.750,27.806,2.225,24,"[[1,1024],[1024,4096]]","[[1,4096]]",0.05,0.3
0,MatMulV2,AI_CORE,AI_CORE,1704161511557129.500,109.934,8.795,24,"[[1,1024],[1024,4096]]","[[1,4096]]",0.18,0.44
0,FusedInferAttentionScore,AI_CORE,AI_CORE,1704161511557239.500,72.361,5.789,24,"[[1,1024],[1024,4096]]","[[1,4096]]",0.18,0.44
0,RmsNorm,AI_VECTOR_CORE,AI_VECTOR_CORE,1704161511557311.750,28.112,2.249,24,"[[1,1024],[1024,4096]]","[[1,4096]]",0.05,0.3
0,MatMulV2,AI_CORE,AI_CORE,1704161511557339.750,131.373,10.510,24,"[[1,1024],[1024,4096]]","[[1,4096]]",0.18,0.44
0,FusedInferAttentionScore,AI_CORE,AI_CORE,1704161511557471.000,64.800,5.184,24,"[[1,1024],[1024,4096]]","[[1,4096]]",0.18,0.44
0,RmsNorm,AI_VECTOR_CORE,AI_VECTOR_CORE,1704161511557535.750,20.473,1.638,24,"[[1,1024],[1024,4096]]","[[1,4096]]",0.05,0.3
0,MatMulV2,AI_CORE,AI_CORE,1704161511557556.250,119.223,9.538,24,"[[1,1024],[1024,4096]]","[[1,4096]]",0.18,0.44
0,FusedInferAttentionScore,AI_CORE,AI_CORE,1704161511557675.500,70.842,5.667,24,"[[1,1024],[1024,4096]]","[[1,4096]]",0.18,0.44
0,RmsNorm,AI_VECTOR_CORE,AI_VECTOR_CORE,1704161511557746.250,27.442,2.195,24,"[[1,1024],[1024,4096]]","[[1,4096]]",0.05,0.3
0,MatMulV2,AI_CORE,AI_CORE,1704161511557773.750,127.441,10.195,24,"[[1,1024],[1024,4096]]","[[1,4096]]",0.18,0.44
0,FusedInferAttentionScore,AI_CORE,AI_CORE,1704161511557901.250,76.085,6.087,24,"[[1,1024],[1024,4096]]","[[1,4096]]",0.18,0.44
0,RmsNorm,AI_VECTOR_CORE,AI_VECTOR_CORE,1704161511557977.250,26.230,2.098,24,"[[1,1024],[1024,4096]]","[[1,4096]]",0.05,0.3
0,MatMulV2,AI_CORE,AI_CORE,1704161511558003.500,116.898,9.352,24,"[[1,1024],[1024,4096]]","[[1,4096]]",0.18,0.44
0,FusedInferAttentionScore,AI_CORE,AI_CORE,1704161511558120.500,64.586,5.167,24,"[[1,1024],[1024,4096]]","[[1,4096]]",0.18,0.44
0,RmsNorm,AI_VECTOR_CORE,AI_VECTOR_CORE,1704161511558185.000,28.646,2.292,24,"[[1,1024],[1024,4096]]","[[1,4096]]",0.05,0.3
0,MatMulV2,AI_CORE,AI_CORE,1704161511558213.750,112.033,8.963,24,"[[1,1024],[1024,4096]]","[[1,4096]]",0.18,0.44
0,FusedInferAttentionScore,AI_CORE,AI_CORE,1704161511558325.750,75.865,6.069,24,"[[1,1024],[1024,4096]]","[[1,4096]]",0.18,0.44
0,RmsNorm,AI_VECTOR_CORE,AI_VECTOR_CORE,1704161511558401.500,21.366,1.709,24,"[[1,1024],[1024,4096]]","[[1,4096]]",0.05,0.3
0,MatMulV2,AI_CORE,AI_CORE,1704161511558422.750,119.498,9.560,24,"[[1,1024],[1024,4096]]","[[1,4096]]",0.18,0.44
0,FusedInferAttentionScore,AI_CORE,AI_CORE,1704161511558542.250,74.018,5.921,24,"[[1,1024],[1024,4096]]","[[1,4096]]",0.18,0.44
0,RmsNorm,AI_VECTOR_CORE,AI_VECTOR_CORE,1704161511558616.250,21.667,1.733,24,"[[1,1024],[1024,4096]]","[[1,4096]]",0.05,0.3
0,MatMulV2,AI_CORE,AI_CORE,1704161511558638.000,113.666,9.093,24,"[[1,1024],[1024,4096]]","[[1,4096]]",0.18,0.44
0,FusedInferAttentionScore,AI_CORE,AI_CORE,1704161511558751.750,64.904,5.192,24,"[[1,1024],[1024,4096]]","[[1,4096]]",0.18,0.44
0,RmsNorm,AI_VECTOR_CORE,AI_VECTOR_CORE,1704161511558816.750,26.192,2.095,24,"[[1,1024],[1024,4096]]","[[1,4096]]",0.05,0.3
0,MatMulV2,AI_CORE,AI_CORE,1704161511558843.000,111.886,8.951,24,"[[1,1024],[1024,4096]]","[[1,4096]]",0.18,0.44
0,FusedInferAttentionScore,AI_CORE,AI_CORE,1704161511558955.000,74.883,5.991,24,"[[1,1024],[1024,4096]]","[[1,4096]]",0.18,0.44
0,RmsNorm,AI_VECTOR_CORE,AI_VECTOR_CORE,1704161511559030.000,26.272,2.102,24,"[[1,1024],[1024,4096]]","[[1,4096]]",0.05,0.3
0,MatMulV2,AI_CORE,AI_CORE,1704161511559056.250,128.355,10.268,24,"[[1,1024],[1024,4096]]","[[1,4096]]",0.18,0.44
0,FusedInferAttentionScore,AI_CORE,AI_CORE,1704161511559184.500,70.061,5.605,24,"[[1,1024],[1024,4096]]","[[1,4096]]",0.18,0.44
0,RmsNorm,AI_VECTOR_CORE,AI_VECTOR_CORE,1704161511559254.500,25.787,2.063,24,"[[1,1024],[1024,4096]]","[[1,4096]]",0.05,0.3
0,MatMulV2,AI_CORE,AI_CORE,1704161511559280.250,113.477,9.078,24,"[[1,1024],[1024,4096]]","[[1,4096]]",0.18,0.44
0,FusedInferAttentionScore,AI_CORE,AI_CORE,1704161511559393.750,66.524,5.322,24,"[[1,1024],[1024,4096]]","[[1,4096]]",0.18,0.44
0,RmsNorm,AI_VECTOR_CORE,AI_VECTOR_CORE,1704161511559460.250,28.687,2.295,24,"[[1,1024],[1024,4096]]","[[1,4096]]",0.05,0.3
0,MatMulV2,AI_CORE,AI_CORE,1704161511559489.000,111.598,8.928,24,"[[1,1024],[1024,4096]]","[[1,4096]]",0.18,0.44
0,FusedInferAttentionScore,AI_CORE,AI_CORE,1704161511559600.500,69.515,5.561,24,"[[1,1024],[1024,4096]]","[[1,4096]]",0.18,0.44
0,RmsNorm,AI_VECTOR_CORE,AI_VECTOR_CORE,1704161511559670.000,23.340,1.867,24,"[[1,1024],[1024,4096]]","[[1,4096]]",0.05,0.3
0,MatMulV2,AI_CORE,AI_CORE,1704161511559693.250,131.974,10.558,24,"[[1,1024],[1024,4096]]","[[1,4096]]",0.18,0.44
0,FusedInferAttentionScore,AI_CORE,AI_CORE,1704161511559825.250,71.037,5.683,24,"[[1,1024],[1024,4096]]","[[1,4096]]",0.18,0.44
0,RmsNorm,AI_VECTOR_CORE,AI_VECTOR_CORE,1704161511559896.250,22.049,1.764,24,"[[1,1024],[1024,4096]]","[[1,4096]]",0.05,0.3
0,MatMulV2,AI_CORE,AI_CORE,1704161511559918.250,121.863,9.749,24,"[[1,1024],[1024,4096]]","[[1,4096]]",0.18,0.44
0,FusedInferAttentionScore,AI_CORE,AI_CORE,1704161511560040.000,72.846,5.828,24,"[[1,1024],[1024,4096]]","[[1,4096]]",0.18,0.44
0,RmsNorm,AI_VECTOR_CORE,AI_VECTOR_CORE,1704161511560112.750,24.494,1.960,24,"[[1,1024],[1024,4096]]","[[1,4096]]",0.05,0.3
0,MatMulV2,AI_CORE,AI_CORE,1704161511560137.250,124.604,9.968,24,"[[1,1024],[1024,4096]]","[[1,4096]]",0.18,0.44
0,FusedInferAttentionScore,AI_CORE,AI_CORE,1704161511560261.750,63.294,5.064,24,"[[1,1024],[1024,4096]]","[[1,4096]]",0.18,0.44
0,RmsNorm,AI_VECTOR_CORE,AI_VECTOR_CORE,1704161511560325.000,25.845,2.068,24,"[[1,1024],[1024,4096]]","[[1,4096]]",0.05,0.3
0,MatMulV2,AI_CORE,AI_CORE,1704161511560350.750,111.570,8.926,24,"[[1,1024],[1024,4096]]","[[1,4096]]",0.18,0.44
0,FusedInferAttentionScore,AI_CORE,AI_CORE,1704161511560462.250,76.006,6.081,24,"[[1,1024],[1024,4096]]","[[1,4096]]",0.18,0.44
0,RmsNorm,AI_VECTOR_CORE,AI_VECTOR_CORE,1704161511560538.250,19.893,1.591,24,"[[1,1024],[1024,4096]]","[[1,4096]]",0.05,0.3
0,MatMulV2,AI_CORE,AI_CORE,1704161511560558.250,110.852,8.868,24,"[[1,1024],[1024,4096]]","[[1,4096]]",0.18,0.44
0,FusedInferAttentionScore,AI_CORE,AI_CORE,1704161511560669.000,69.848,5.588,24,"[[1,1024],[1024,4096]]","[[1,4096]]",0.18,0.44
0,RmsNorm,AI_VECTOR_CORE,AI_VECTOR_CORE,1704161511560738.750,26.758,2.141,24,"[[1,1024],[1024,4096]]","[[1,4096]]",0.05,0.3
0,MatMulV2,AI_CORE,AI_CORE,1704161511560765.500,109.575,8.766,24,"[[1,1024],[1024,4096]]","[[1,4096]]",0.18,0.44
0,FusedInferAttentionScore,AI_CORE,AI_CORE,1704161511560875.000,73.158,5.853,24,"[[1,1024],[1024,4096]]","[[1,4096]]",0.18,0.44
0,RmsNorm,AI_VECTOR_CORE,AI_VECTOR_CORE,1704161511560948.250,23.519,1.881,24,"[[1,1024],[1024,4096]]","[[1,4096]]",0.05,0.3
0,MatMulV2,AI_CORE,AI_CORE,1704161511560971.750,124.693,9.975,24,"[[1,1024],[1024,4096]]","[[1,4096]]",0.18,0.44
0,FusedInferAttentionScore,AI_CORE,AI_CORE,1704161511561096.500,72.711,5.817,24,"[[1,1024],[1024,4096]]","[[1,4096]]",0.18,0.44
0,RmsNorm,AI_VECTOR_CORE,AI_VECTOR_CORE,1704161511561169.250,23.309,1.865,24,"[[1,1024],[1024,4096]]","[[1,4096]]",0.05,0.3
0,MatMulV2,AI_CORE,AI_CORE,1704161511561192.500,123.158,9.853,24,"[[1,1024],[1024,4096]]","[[1,4096]]",0.18,0.44
0,FusedInferAttentionScore,AI_CORE,AI_CORE,1704161511561315.750,69.387,5.551,24,"[[1,1024],[1024,4096]]","[[1,4096]]",0.18,0.44
0,RmsNorm,AI_VECTOR_CORE,AI_VECTOR_CORE,1704161511561385.250,22.842,1.827,24,"[[1,1024],[1024,4096]]","[[1,4096]]",0.05,0.3
0,MatMulV2,AI_CORE,AI_CORE,1704161511561408.000,126.329,10.106,24,"[[1,1024],[1024,4096]]","[[1,4096]]",0.18,0.44
0,FusedInferAttentionScore,AI_CORE,AI_CORE,1704161511561534.250,68.005,5.440,24,"[[1,1024],[1024,4096]]","[[1,4096]]",0.18,0.44
0,RmsNorm,AI_VECTOR_CORE,AI_VECTOR_CORE,1704161511561602.250,20.702,1.656,24,"[[1,1024],[1024,4096]]","[[1,4096]]",0.05,0.3
0,MatMulV2,AI_CORE,AI_CORE,1704161511561623.000,119.502,9.560,24,"[[1,1024],[1024,4096]]","[[1,4096]]",0.18,0.44
0,FusedInferAttentionScore,AI_CORE,AI_CORE,1704161511561742.500,66.295,5.304,24,"[[1,1024],[1024,4096]]","[[1,4096]]",0.18,0.44
0,RmsNorm,AI_VECTOR_CORE,AI_VECTOR_CORE,1704161511561808.750,23.161,1.853,24,"[[1,1024],[1024,4096]]","[[1,4096]]",0.05,0.3
0,MatMulV2,AI_CORE,AI_CORE,1704161511561832.000,113.423,9.074,24,"[[1,1024],[1024,4096]]","[[1,4096]]",0.18,0.44
0,FusedInferAttentionScore,AI_CORE,AI_CORE,1704161511561945.500,69.487,5.559,24,"[[1,1024],[1024,4096]]","[[1,4096]]",0.18,0.44
0,RmsNorm,AI_VECTOR_CORE,AI_VECTOR_CORE,1704161511562015.000,23.867,1.909,24,"[[1,1024],[1024,4096]]","[[1,4096]]",0.05,0.3
0,MatMulV2,AI_CORE,AI_CORE,1704161511562038.750,110.681,8.854,24,"[[1,1024],[1024,4096]]","[[1,4096]]",0.18,0.44
0,FusedInferAttentionScore,AI_CORE,AI_CORE,1704161511562149.500,76.462,6.117,24,"[[1,1024],[1024,4096]]","[[1,4096]]",0.18,0.44
0,RmsNorm,AI_VECTOR_CORE,AI_VECTOR_CORE,1704161511562226.000,22.950,1.836,24,"[[1,1024],[1024,4096]]","[[1,4096]]",0.05,0.3
0,MatMulV2,AI_CORE,AI_CORE,1704161511562249.000,119.831,9.586,24,"[[1,1024],[1024,4096]]","[[1,4096]]",0.18,0.44
0,FusedInferAttentionScore,AI_CORE,AI_CORE,1704161511562368.750,70.958,5.677,24,"[[1,1024],[1024,4096]]","[[1,4096]]",0.18,0.44
0,RmsNorm,AI_VECTOR_CORE,AI_VECTOR_CORE,1704161511562439.750,28.705,2.296,24,"[[1,1024],[1024,4096]]","[[1,4096]]",0.05,0.3
0,MatMulV2,AI_CORE,AI_CORE,1704161511562468.500,126.144,10.092,24,"[[1,1024],[1024,4096]]","[[1,4096]]",0.18,0.44
0,FusedInferAttentionScore,AI_CORE,AI_CORE,1704161511562594.750,68.787,5.503,24,"[[1,1024],[1024,4096]]","[[1,4096]]",0.18,0.44
0,RmsNorm,AI_VECTOR_CORE,AI_VECTOR_CORE,1704161511562663.500,25.796,2.064,24,"[[1,1024],[1024,4096]]","[[1,4096]]",0.05,0.3
0,MatMulV2,AI_CORE,AI_CORE,1704161511562689.250,125.840,10.067,24,"[[1,1024],[1024,4096]]","[[1,4096]]",0.18,0.44
0,FusedInferAttentionScore,AI_CORE,AI_CORE,1704161511562815.000,65.533,5.243,24,"[[1,1024],[1024,4096]]","[[1,4096]]",0.18,0.44
0,RmsNorm,AI_VECTOR_CORE,AI_VECTOR_CORE,1704161511562880.500,21.130,1.690,24,"[[1,1024],[1024,4096]]","[[1,4096]]",0.05,0.3
0,MatMulV2,AI_CORE,AI_CORE,1704161511562901.750,120.699,9.656,24,"[[1,1024],[1024,4096]]","[[1,4096]]",0.18,0.44
0,FusedInferAttentionScore,AI_CORE,AI_CORE,1704161511563022.500,68.704,5.496,24,"[[1,1024],[1024,4096]]","[[1,4096]]",0.18,0.44
0,RmsNorm,AI_VECTOR_CORE,AI_VECTOR_CORE,1704161511563091.250,21.751,1.740,24,"[[1,1024],[1024,4096]]","[[1,4096]]",0.05,0.3
0,MatMulV2,AI_CORE,AI_CORE,1704161511563113.000,119.900,9.592,24,"[[1,1024],[1024,4096]]","[[1,4096]]",0.18,0.44
0,FusedInferAttentionScore,AI_CORE,AI_CORE,1704161511563233.000,65.799,5.264,24,"[[1,1024],[1024,4096]]","[[1,4096]]",0.18,0.44
0,RmsNorm,AI_VECTOR_CORE,AI_VECTOR_CORE,1704161511563298.750,22.314,1.785,24,"[[1,1024],[1024,4096]]","[[1,4096]]",0.05,0.3
0,MatMulV2,AI_CORE,AI_CORE,1704161511578200.000,119.000,9.520,24,"[[1,1024],[1024,4096]]","[[1,4096]]",0.18,0.44
0,FusedInferAttentionScore,AI_CORE,AI_CORE,1704161511578319.000,76.399,6.112,24,"[[1,1024],[1024,4096]]","[[1,4096]]",0.18,0.44
0,RmsNorm,AI_VECTOR_CORE,AI_VECTOR_CORE,1704161511578395.500,22.389,1.791,24,"[[1,1024],[1024,4096]]","[[1,4096]]",0.05,0.3
0,MatMulV2,AI_CORE,AI_CORE,1704161511578678.000,124.621,9.970,24,"[[1,1024],[1024,4096]]","[[1,4096]]",0.18,0.44
0,FusedInferAttentionScore,AI_CORE,AI_CORE,1704161511578802.500,68.939,5.515,24,"[[1,1024],[1024,4096]]","[[1,4096]]",0.18,0.44
0,RmsNorm,AI_VECTOR_CORE,AI_VECTOR_CORE,1704161511578871.500,20.802,1.664,24,"[[1,1024],[1024,4096]]","[[1,4096]]",0.05,0.3
0,MatMulV2,AI_CORE,AI_CORE,1704161511578892.250,121.426,9.714,24,"[[1,1024],[1024,4096]]","[[1,4096]]",0.18,0.44
0,FusedInferAttentionScore,AI_CORE,AI_CORE,1704161511579013.750,63.672,5.094,24,"[[1,1024],[1024,4096]]","[[1,4096]]",0.18,0.44
0,RmsNorm,AI_VECTOR_CORE,AI_VECTOR_CORE,1704161511579077.500,23.390,1.871,24,"[[1,1024],[1024,4096]]","[[1,4096]]",0.05,0.3
0,MatMulV2,AI_CORE,AI_CORE,1704161511579101.000,112.175,8.974,24,"[[1,1024],[1024,4096]]","[[1,4096]]",0.18,0.44
0,FusedInferAttentionScore,AI_CORE,AI_CORE,1704161511579213.250,64.014,5.121,24,"[[1,1024],[1024,4096]]","[[1,4096]]",0.18,0.44
0,RmsNorm,AI_VECTOR_CORE,AI_VECTOR_CORE,1704161511579277.250,20.324,1.626,24,"[[1,1024],[1024,4096]]","[[1,4096]]",0.05,0.3
0,MatMulV2,AI_CORE,AI_CORE,1704161511579297.500,109.970,8.798,24,"[[1,1024],[1024,4096]]","[[1,4096]]",0.18,0.44
0,FusedInferAttentionScore,AI_CORE,AI_CORE,1704161511579407.500,65.274,5.222,24,"[[1,1024],[1024,4096]]","[[1,4096]]",0.18,0.44
0,RmsNorm,AI_VECTOR_CORE,AI_VECTOR_CORE,1704161511579472.750,22.043,1.763,24,"[[1,1024],[1024,4096]]","[[1,4096]]",0.05,0.3
0,MatMulV2,AI_CORE,AI_CORE,1704161511579494.750,122.239,9.779,24,"[[1,1024],[1024,4096]]","[[1,4096]]",0.18,0.44
0,FusedInferAttentionScore,AI_CORE,AI_CORE,1704161511579617.000,63.997,5.120,24,"[[1,1024],[1024,4096]]","[[1,4096]]",0.18,0.44
0,RmsNorm,AI_VECTOR_CORE,AI_VECTOR_CORE,1704161511579681.000,22.241,1.779,24,"[[1,1024],[1024,4096]]","[[1,4096]]",0.05,0.3
0,MatMulV2,AI_CORE,AI_CORE,1704161511579703.250,119.740,9.579,24,"[[1,1024],[1024,4096]]","[[1,4096]]",0.18,0.44
0,FusedInferAttentionScore,AI_CORE,AI_CORE,1704161511579823.000,72.735,5.819,24,"[[1,1024],[1024,4096]]","[[1,4096]]",0.18,0.44
0,RmsNorm,AI_VECTOR_CORE,AI_VECTOR_CORE,1704161511579895.750,23.625,1.890,24,"[[1,1024],[1024,4096]]","[[1,4096]]",0.05,0.3
0,MatMulV2,AI_CORE,AI_CORE,1704161511579919.500,131.967,10.557,24,"[[1,1024],[1024,4096]]","[[1,4096]]",0.18,0.44
0,FusedInferAttentionScore,AI_CORE,AI_CORE,1704161511580051.500,64.338,5.147,24,"[[1,1024],[1024,4096]]","[[1,4096]]",0.18,0.44
0,RmsNorm,AI_VECTOR_CORE,AI_VECTOR_CORE,1704161511580115.750,25.817,2.065,24,"[[1,1024],[1024,4096]]","[[1,4096]]",0.05,0.3
0,MatMulV2,AI_CORE,AI_CORE,1704161511580141.500,112.323,8.986,24,"[[1,1024],[1024,4096]]","[[1,4096]]",0.18,0.44
0,FusedInferAttentionScore,AI_CORE,AI_CORE,1704161511580253.750,67.360,5.389,24,"[[1,1024],[1024,4096]]","[[1,4096]]",0.18,0.44
0,RmsNorm,AI_VECTOR_CORE,AI_VECTOR_CORE,1704161511580321.000,21.131,1.690,24,"[[1,1024],[1024,4096]]","[[1,4096]]",0.05,0.3
0,MatMulV2,AI_CORE,AI_CORE,1704161511580342.250,110.452,8.836,24,"[[1,1024],[1024,4096]]","[[1,4096]]",0.18,0.44
0,FusedInferAttentionScore,AI_CORE,AI_CORE,1704161511580452.750,63.673,5.094,24,"[[1,1024],[1024,4096]]","[[1,4096]]",0.18,0.44
0,RmsNorm,AI_VECTOR_CORE,AI_VECTOR_CORE,1704161511580516.500,27.192,2.175,24,"[[1,1024],[1024,4096]]","[[1,4096]]",0.05,0.3
0,MatMulV2,AI_CORE,AI_CORE,1704161511580543.750,119.081,9.526,24,"[[1,1024],[1024,4096]]","[[1,4096]]",0.18,0.44
0,FusedInferAttentionScore,AI_CORE,AI_CORE,1704161511580662.750,70.889,5.671,24,"[[1,1024],[1024,4096]]","[[1,4096]]",0.18,0.44
0,RmsNorm,AI_VECTOR_CORE,AI_VECTOR_CORE,1704161511580733.750,24.536,1.963,24,"[[1,1024],[1024,4096]]","[[1,4096]]",0.05,0.3
0,MatMulV2,AI_CORE,AI_CORE,1704161511580758.250,120.774,9.662,24,"[[1,1024],[1024,4096]]","[[1,4096]]",0.18,0.44
0,FusedInferAttentionScore,AI_CORE,AI_CORE,1704161511580879.000,67.673,5.414,24,"[[1,1024],[1024,4096]]","[[1,4096]]",0.18,0.44
0,RmsNorm,AI_VECTOR_CORE,AI_VECTOR_CORE,1704161511580946.750,24.946,1.996,24,"[[1,1024],[1024,4096]]","[[1,4096]]",0.05,0.3
0,MatMulV2,AI_CORE,AI_CORE,1704161511580971.750,121.947,9.756,24,"[[1,1024],[1024,4096]]","[[1,4096]]",0.18,0.44
0,FusedInferAttentionScore,AI_CORE,AI_CORE,1704161511581093.750,67.547,5.404,24,"[[1,1024],[1024,4096]]","[[1,4096]]",0.18,0.44
0,RmsNorm,AI_VECTOR_CORE,AI_VECTOR_CORE,1704161511581161.250,28.269,2.262,24,"[[1,1024],[1024,4096]]","[[1,4096]]",0.05,0.3
0,MatMulV2,AI_CORE,AI_CORE,1704161511581189.500,111.544,8.924,24,"[[1,1024],[1024,4096]]","[[1,4096]]",0.18,0.44
0,FusedInferAttentionScore,AI_CORE,AI_CORE,1704161511581301.000,76.280,6.102,24,"[[1,1024],[1024,4096]]","[[1,4096]]",0.18,0.44
0,RmsNorm,AI_VECTOR_CORE,AI_VECTOR_CORE,1704161511581377.250,21.473,1.718,24,"[[1,1024],[1024,4096]]","[[1,4096]]",0.05,0.3
0,MatMulV2,AI_CORE,AI_CORE,1704161511581398.750,127.723,10.218,24,"[[1,1024],[1024,4096]]","[[1,4096]]",0.18,0.44
0,FusedInferAttentionScore,AI_CORE,AI_CORE,1704161511581526.500,63.456,5.076,24,"[[1,1024],[1024,4096]]","[[1,4096]]",0.18,0.44
0,RmsNorm,AI_VECTOR_CORE,AI_VECTOR_CORE,1704161511581590.000,22.481,1.799,24,"[[1,1024],[1024,4096]]","[[1,4096]]",0.05,0.3
0,MatMulV2,AI_CORE,AI_CORE,1704161511581612.500,117.954,9.436,24,"[[1,1024],[1024,4096]]","[[1,4096]]",0.18,0.44
0,FusedInferAttentionScore,AI_CORE,AI_CORE,1704161511581730.500,68.309,5.465,24,"[[1,1024],[1024,4096]]","[[1,4096]]",0.18,0.44
0,RmsNorm,AI_VECTOR_CORE,AI_VECTOR_CORE,1704161511581798.750,20.147,1.612,24,"[[1,1024],[1024,4096]]","[[1,4096]]",0.05,0.3
0,MatMulV2,AI_CORE,AI_CORE,1704161511581819.000,123.877,9.910,24,"[[1,1024],[1024,4096]]","[[1,4096]]",0.18,0.44
0,FusedInferAttentionScore,AI_CORE,AI_CORE,1704161511581943.000,73.432,5.875,24,"[[1,1024],[1024,4096]]","[[1,4096]]",0.18,0.44
0,RmsNorm,AI_VECTOR_CORE,AI_VECTOR_CORE,1704161511582016.500,19.311,1.545,24,"[[1,1024],[1024,4096]]","[[1,4096]]",0.05,0.3
0,MatMulV2,AI_CORE,AI_CORE,1704161511582035.750,128.321,10.266,24,"[[1,1024],[1024,4096]]","[[1,4096]]",0.18,0.44
0,FusedInferAttentionScore,AI_CORE,AI_CORE,1704161511582164.000,67.432,5.395,24,"[[1,1024],[1024,4096]]","[[1,4096]]",0.18,0.44
0,RmsNorm,AI_VECTOR_CORE,AI_VECTOR_CORE,1704161511582231.500,27.890,2.231,24,"[[1,1024],[1024,4096]]","[[1,4096]]",0.05,0.3
0,MatMulV2,AI_CORE,AI_CORE,1704161511582259.500,131.839,10.547,24,"[[1,1024],[1024,4096]]","[[1,4096]]",0.18,0.44
0,FusedInferAttentionScore,AI_CORE,AI_CORE,1704161511582391.250,63.152,5.052,24,"[[1,1024],[1024,4096]]","[[1,4096]]",0.18,0.44
0,RmsNorm,AI_VECTOR_CORE,AI_VECTOR_CORE,1704161511582454.500,26.955,2.156,24,"[[1,1024],[1024,4096]]","[[1,4096]]",0.05,0.3
0,MatMulV2,AI_CORE,AI_CORE,1704161511582481.500,120.138,9.611,24,"[[1,1024],[1024,4096]]","[[1,4096]]",0.18,0.44
0,FusedInferAttentionScore,AI_CORE,AI_CORE,1704161511582601.750,65.529,5.242,24,"[[1,1024],[1024,4096]]","[[1,4096]]",0.18,0.44
0,RmsNorm,AI_VECTOR_CORE,AI_VECTOR_CORE,1704161511582667.250,24.741,1.979,24,"[[1,1024],[1024,4096]]","[[1,4096]]",0.05,0.3
0,MatMulV2,AI_CORE,AI_CORE,1704161511582692.000,117.797,9.424,24,"[[1,1024],[1024,4096]]","[[1,4096]]",0.18,0.44
0,FusedInferAttentionScore,AI_CORE,AI_CORE,1704161511582809.750,70.696,5.656,24,"[[1,1024],[1024,4096]]","[[1,4096]]",0.18,0.44
0,RmsNorm,AI_VECTOR_CORE,AI_VECTOR_CORE,1704161511582880.500,19.540,1.563,24,"[[1,1024],[1024,4096]]","[[1,4096]]",0.05,0.3
0,MatMulV2,AI_CORE,AI_CORE,1704161511582900.000,121.615,9.729,24,"[[1,1024],[1024,4096]]","[[1,4096]]",0.18,0.44
0,FusedInferAttentionScore,AI_CORE,AI_CORE,1704161511583021.500,69.421,5.554,24,"[[1,1024],[1024,4096]]","[[1,4096]]",0.18,0.44
0,RmsNorm,AI_VECTOR_CORE,AI_VECTOR_CORE,1704161511583091.000,25.229,2.018,24,"[[1,1024],[1024,4096]]","[[1,4096]]",0.05,0.3
0,MatMulV2,AI_CORE,AI_CORE,1704161511583116.250,120.998,9.680,24,"[[1,1024],[1024,4096]]","[[1,4096]]",0.18,0.44
0,FusedInferAttentionScore,AI_CORE,AI_CORE,1704161511583237.250,73.467,5.877,24,"[[1,1024],[1024,4096]]","[[1,4096]]",0.18,0.44
0,RmsNorm,AI_VECTOR_CORE,AI_VECTOR_CORE,1704161511583310.750,27.585,2.207,24,"[[1,1024],[1024,4096]]","[[1,4096]]",0.05,0.3
0,MatMulV2,AI_CORE,AI_CORE,1704161511583338.250,130.731,10.459,24,"[[1,1024],[1024,4096]]","[[1,4096]]",0.18,0.44
0,FusedInferAttentionScore,AI_CORE,AI_CORE,1704161511583469.000,74.978,5.998,24,"[[1,1024],[1024,4096]]","[[1,4096]]",0.18,0.44
0,RmsNorm,AI_VECTOR_CORE,AI_VECTOR_CORE,1704161511583544.000,20.334,1.627,24,"[[1,1024],[1024,4096]]","[[1,4096]]",0.05,0.3
0,MatMulV2,AI_CORE,AI_CORE,1704161511583564.250,119.539,9.563,24,"[[1,1024],[1024,4096]]","[[1,4096]]",0.18,0.44
0,FusedInferAttentionScore,AI_CORE,AI_CORE,1704161511583683.750,76.481,6.118,24,"[[1,1024],[1024,4096]]","[[1,4096]]",0.18,0.44
0,RmsNorm,AI_VECTOR_CORE,AI_VECTOR_CORE,1704161511583760.250,22.677,1.814,24,"[[1,1024],[1024,4096]]","[[1,4096]]",0.05,0.3
0,MatMulV2,AI_CORE,AI_CORE,1704161511583783.000,131.779,10.542,24,"[[1,1024],[1024,4096]]","[[1,4096]]",0.18,0.44
0,FusedInferAttentionScore,AI_CORE,AI_CORE,1704161511583914.750,66.593,5.327,24,"[[1,1024],[1024,4096]]","[[1,4096]]",0.18,0.44
0,RmsNorm,AI_VECTOR_CORE,AI_VECTOR_CORE,1704161511583981.250,20.863,1.669,24,"[[1,1024],[1024,4096]]","[[1,4096]]",0.05,0.3
0,MatMulV2,AI_CORE,AI_CORE,1704161511584002.000,113.670,9.094,24,"[[1,1024],[1024,4096]]","[[1,4096]]",0.18,0.44
0,FusedInferAttentionScore,AI_CORE,AI_CORE,1704161511584115.750,72.037,5.763,24,"[[1,1024],[1024,4096]]","[[1,4096]]",0.18,0.44
0,RmsNorm,AI_VECTOR_CORE,AI_VECTOR_CORE,1704161511584187.750,28.334,2.267,24,"[[1,1024],[1024,4096]]","[[1,4096]]",0.05,0.3
0,MatMulV2,AI_CORE,AI_CORE,1704161511584216.000,113.412,9.073,24,"[[1,1024],[1024,4096]]","[[1,4096]]",0.18,0.44
0,FusedInferAttentionScore,AI_CORE,AI_CORE,1704161511584329.500,70.044,5.604,24,"[[1,1024],[1024,4096]]","[[1,4096]]",0.18,0.44
0,RmsNorm,AI_VECTOR_CORE,AI_VECTOR_CORE,1704161511584399.500,19.815,1.585,24,"[[1,1024],[1024,4096]]","[[1,4096]]",0.05,0.3
0,MatMulV2,AI_CORE,AI_CORE,1704161511584419.250,114.585,9.167,24,"[[1,1024],[1024,4096]]","[[1,4096]]",0.18,0.44
0,FusedInferAttentionScore,AI_CORE,AI_CORE,1704161511584533.750,66.760,5.341,24,"[[1,1024],[1024,4096]]","[[1,4096]]",0.18,0.44
0,RmsNorm,AI_VECTOR_CORE,AI_VECTOR_CORE,1704161511584600.500,25.077,2.006,24,"[[1,1024],[1024,4096]]","[[1,4096]]",0.05,0.3
0,MatMulV2,AI_CORE,AI_CORE,1704161511584625.500,112.190,8.975,24,"[[1,1024],[1024,4096]]","[[1,4096]]",0.18,0.44
0,FusedInferAttentionScore,AI_CORE,AI_CORE,1704161511584737.750,76.720,6.138,24,"[[1,1024],[1024,4096]]","[[1,4096]]",0.18,0.44
0,RmsNorm,AI_VECTOR_CORE,AI_VECTOR_CORE,1704161511584814.500,27.349,2.188,24,"[[1,1024],[1024,4096]]","[[1,4096]]",0.05,0.3
0,MatMulV2,AI_CORE,AI_CORE,1704161511584841.750,110.722,8.858,24,"[[1,1024],[1024,4096]]","[[1,4096]]",0.18,0.44
0,FusedInferAttentionScore,AI_CORE,AI_CORE,1704161511584952.500,64.018,5.121,24,"[[1,1024],[1024,4096]]","[[1,4096]]",0.18,0.44
0,RmsNorm,AI_VECTOR_CORE,AI_VECTOR_CORE,1704161511585016.500,24.098,1.928,24,"[[1,1024],[1024,4096]]","[[1,4096]]",0.05,0.3
0,MatMulV2,AI_CORE,AI_CORE,1704161511585040.500,113.631,9.090,24,"[[1,1024],[1024,4096]]","[[1,4096]]",0.18,0.44
0,FusedInferAttentionScore,AI_CORE,AI_CORE,1704161511585154.250,63.230,5.058,24,"[[1,1024],[1024,4096]]","[[1,4096]]",0.18,0.44
0,RmsNorm,AI_VECTOR_CORE,AI_VECTOR_CORE,1704161511585217.500,24.757,1.981,24,"[[1,1024],[1024,4096]]","[[1,4096]]",0.05,0.3
0,MatMulV2,AI_CORE,AI_CORE,1704161511600200.000,131.212,10.497,24,"[[1,1024],[1024,4096]]","[[1,4096]]",0.18,0.44
0,FusedInferAttentionScore,AI_CORE,AI_CORE,1704161511600331.250,68.601,5.488,24,"[[1,1024],[1024,4096]]","[[1,4096]]",0.18,0.44
0,RmsNorm,AI_VECTOR_CORE,AI_VECTOR_CORE,1704161511600399.750,20.172,1.614,24,"[[1,1024],[1024,4096]]","[[1,4096]]",0.05,0.3
0,MatMulV2,AI_CORE,AI_CORE,1704161511600680.000,131.908,10.553,24,"[[1,1024],[1024,4096]]","[[1,4096]]",0.18,0.44
0,FusedInferAttentionScore,AI_CORE,AI_CORE,1704161511600812.000,71.283,5.703,24,"[[1,1024],[1024,4096]]","[[1,4096]]",0.18,0.44
0,RmsNorm,AI_VECTOR_CORE,AI_VECTOR_CORE,1704161511600883.250,20.221,1.618,24,"[[1,1024],[1024,4096]]","[[1,4096]]",0.05,0.3
0,MatMulV2,AI_CORE,AI_CORE,1704161511600903.500,126.509,10.121,24,"[[1,1024],[1024,4096]]","[[1,4096]]",0.18,0.44
0,FusedInferAttentionScore,AI_CORE,AI_CORE,1704161511601030.000,75.337,6.027,24,"[[1,1024],[1024,4096]]","[[1,4096]]",0.18,0.44
0,RmsNorm,AI_VECTOR_CORE,AI_VECTOR_CORE,1704161511601105.250,22.704,1.816,24,"[[1,1024],[1024,4096]]","[[1,4096]]",0.05,0.3
0,MatMulV2,AI_CORE,AI_CORE,1704161511601128.000,120.678,9.654,24,"[[1,1024],[1024,4096]]","[[1,4096]]",0.18,0.44
0,FusedInferAttentionScore,AI_CORE,AI_CORE,1704161511601248.750,72.733,5.819,24,"[[1,1024],[1024,4096]]","[[1,4096]]",0.18,0.44
0,RmsNorm,AI_VECTOR_CORE,AI_VECTOR_CORE,1704161511601321.500,20.604,1.648,24,"[[1,1024],[1024,4096]]","[[1,4096]]",0.05,0.3
0,MatMulV2,AI_CORE,AI_CORE,1704161511601342.000,130.668,10.453,24,"[[1,1024],[1024,4096]]","[[1,4096]]",0.18,0.44
0,FusedInferAttentionScore,AI_CORE,AI_CORE,1704161511601472.750,73.698,5.896,24,"[[1,1024],[1024,4096]]","[[1,4096]]",0.18,0.44
0,RmsNorm,AI_VECTOR_CORE,AI_VECTOR_CORE,1704161511601546.500,19.812,1.585,24,"[[1,1024],[1024,4096]]","[[1,4096]]",0.05,0.3
0,MatMulV2,AI_CORE,AI_CORE,1704161511601566.250,115.740,9.259,24,"[[1,1024],[1024,4096]]","[[1,4096]]",0.18,0.44
0,FusedInferAttentionScore,AI_CORE,AI_CORE,1704161511601682.000,75.050,6.004,24,"[[1,1024],[1024,4096]]","[[1,4096]]",0.18,0.44
0,RmsNorm,AI_VECTOR_CORE,AI_VECTOR_CORE,1704161511601757.000,20.481,1.638,24,"[[1,1024],[1024,4096]]","[[1,4096]]",0.05,0.3
0,MatMulV2,AI_CORE,AI_CORE,1704161511601777.500,126.607,10.129,24,"[[1,1024],[1024,4096]]","[[1,4096]]",0.18,0.44
0,FusedInferAttentionScore,AI_CORE,AI_CORE,1704161511601904.000,63.696,5.096,24,"[[1,1024],[1024,4096]]","[[1,4096]]",0.18,0.44
0,RmsNorm,AI_VECTOR_CORE,AI_VECTOR_CORE,1704161511601967.750,28.767,2.301,24,"[[1,1024],[1024,4096]]","[[1,4096]]",0.05,0.3
0,MatMulV2,AI_CORE,AI_CORE,1704161511601996.500,115.277,9.222,24,"[[1,1024],[1024,4096]]","[[1,4096]]",0.18,0.44
0,FusedInferAttentionScore,AI_CORE,AI_CORE,1704161511602111.750,63.409,5.073,24,"[[1,1024],[1024,4096]]","[[1,4096]]",0.18,0.44
0,RmsNorm,AI_VECTOR_CORE,AI_VECTOR_CORE,1704161511602175.250,27.098,2.168,24,"[[1,1024],[1024,4096]]","[[1,4096]]",0.05,0.3
0,MatMulV2,AI_CORE,AI_CORE,1704161511602202.250,129.663,10.373,24,"[[1,1024],[1024,4096]]","[[1,4096]]",0.18,0.44
0,FusedInferAttentionScore,AI_CORE,AI_CORE,1704161511602332.000,68.472,5.478,24,"[[1,1024],[1024,4096]]","[[1,4096]]",0.18,0.44
0,RmsNorm,AI_VECTOR_CORE,AI_VECTOR_CORE,1704161511602400.500,25.531,2.042,24,"[[1,1024],[1024,4096]]","[[1,4096]]",0.05,0.3
0,MatMulV2,AI_CORE,AI_CORE,1704161511602426.000,110.350,8.828,24,"[[1,1024],[1024,4096]]","[[1,4096]]",0.18,0.44
0,FusedInferAttentionScore,AI_CORE,AI_CORE,1704161511602536.250,75.274,6.022,24,"[[1,1024],[1024,4096]]","[[1,4096]]",0.18,0.44
0,RmsNorm,AI_VECTOR_CORE,AI_VECTOR_CORE,1704161511602611.500,21.548,1.724,24,"[[1,1024],[1024,4096]]","[[1,4096]]",0.05,0.3
0,MatMulV2,AI_CORE,AI_CORE,1704161511602633.000,120.881,9.671,24,"[[1,1024],[1024,4096]]","[[1,4096]]",0.18,0.44
0,FusedInferAttentionScore,AI_CORE,AI_CORE,1704161511602754.000,76.467,6.117,24,"[[1,1024],[1024,4096]]","[[1,4096]]",0.18,0.44
0,RmsNorm,AI_VECTOR_CORE,AI_VECTOR_CORE,1704161511602830.500,24.424,1.954,24,"[[1,1024],[1024,4096]]","[[1,4096]]",0.05,0.3
0,MatMulV2,AI_CORE,AI_CORE,1704161511602855.000,120.942,9.675,24,"[[1,1024],[1024,4096]]","[[1,4096]]",0.18,0.44
0,FusedInferAttentionScore,AI_CORE,AI_CORE,1704161511602976.000,67.760,5.421,24,"[[1,1024],[1024,4096]]","[[1,4096]]",0.18,0.44
0,RmsNorm,AI_VECTOR_CORE,AI_VECTOR_CORE,1704161511603043.750,24.343,1.947,24,"[[1,1024],[1024,4096]]","[[1,4096]]",0.05,0.3
0,MatMulV2,AI_CORE,AI_CORE,1704161511603068.000,125.819,10.066,24,"[[1,1024],[1024,4096]]","[[1,4096]]",0.18,0.44
0,FusedInferAttentionScore,AI_CORE,AI_CORE,1704161511603193.750,64.962,5.197,24,"[[1,1024],[1024,4096]]","[[1,4096]]",0.18,0.44
0,RmsNorm,AI_VECTOR_CORE,AI_VECTOR_CORE,1704161511603258.750,28.791,2.303,24,"[[1,1024],[1024,4096]]","[[1,4096]]",0.05,0.3
0,MatMulV2,AI_CORE,AI_CORE,1704161511603287.500,113.507,9.081,24,"[[1,1024],[1024,4096]]","[[1,4096]]",0.18,0.44
0,FusedInferAttentionScore,AI_CORE,AI_CORE,1704161511603401.000,76.357,6.109,24,"[[1,1024],[1024,4096]]","[[1,4096]]",0.18,0.44
0,RmsNorm,AI_VECTOR_CORE,AI_VECTOR_CORE,1704161511603477.250,22.383,1.791,24,"[[1,1024],[1024,4096]]","[[1,4096]]",0.05,0.3
0,MatMulV2,AI_CORE,AI_CORE,1704161511603499.750,126.839,10.147,24,"[[1,1024],[1024,4096]]","[[1,4096]]",0.18,0.44
0,FusedInferAttentionScore,AI_CORE,AI_CORE,1704161511603626.500,76.999,6.160,24,"[[1,1024],[1024,4096]]","[[1,4096]]",0.18,0.44
0,RmsNorm,AI_VECTOR_CORE,AI_VECTOR_CORE,1704161511603703.500,25.477,2.038,24,"[[1,1024],[1024,4096]]","[[1,4096]]",0.05,0.3
0,MatMulV2,AI_CORE,AI_CORE,1704161511603729.000,112.015,8.961,24,"[[1,1024],[1024,4096]]","[[1,4096]]",0.18,0.44
0,FusedInferAttentionScore,AI_CORE,AI_CORE,1704161511603841.000,63.042,5.043,24,"[[1,1024],[1024,4096]]","[[1,4096]]",0.18,0.44
0,RmsNorm,AI_VECTOR_CORE,AI_VECTOR_CORE,1704161511603904.000,26.121,2.090,24,"[[1,1024],[1024,4096]]","[[1,4096]]",0.05,0.3
0,MatMulV2,AI_CORE,AI_CORE,1704161511603930.000,120.906,9.672,24,"[[1,1024],[1024,4096]]","[[1,4096]]",0.18,0.44
0,FusedInferAttentionScore,AI_CORE,AI_CORE,1704161511604051.000,71.670,5.734,24,"[[1,1024],[1024,4096]]","[[1,4096]]",0.18,0.44
0,RmsNorm,AI_VECTOR_CORE,AI_VECTOR_CORE,1704161511604122.750,23.087,1.847,24,"[[1,1024],[1024,4096]]","[[1,4096]]",0.05,0.3
0,MatMulV2,AI_CORE,AI_CORE,1704161511604145.750,118.502,9.480,24,"[[1,1024],[1024,4096]]","[[1,4096]]",0.18,0.44
0,FusedInferAttentionScore,AI_CORE,AI_CORE,1704161511604264.250,69.753,5.580,24,"[[1,1024],[1024,4096]]","[[1,4096]]",0.18,0.44
0,RmsNorm,AI_VECTOR_CORE,AI_VECTOR_CORE,1704161511604334.000,26.535,2.123,24,"[[1,1024],[1024,4096]]","[[1,4096]]",0.05,0.3
0,MatMulV2,AI_CORE,AI_CORE,1704161511604360.500,130.886,10.471,24,"[[1,1024],[1024,4096]]","[[1,4096]]",0.18,0.44
0,FusedInferAttentionScore,AI_CORE,AI_CORE,1704161511604491.500,65.788,5.263,24,"[[1,1024],[1024,4096]]","[[1,4096]]",0.18,0.44
0,RmsNorm,AI_VECTOR_CORE,AI_VECTOR_CORE,1704161511604557.250,28.464,2.277,24,"[[1,1024],[1024,4096]]","[[1,4096]]",0.05,0.3
0,MatMulV2,AI_CORE,AI_CORE,1704161511604585.750,131.112,10.489,24,"[[1,1024],[1024,4096]]","[[1,4096]]",0.18,0.44
0,FusedInferAttentionScore,AI_CORE,AI_CORE,1704161511604716.750,75.251,6.020,24,"[[1,1024],[1024,4096]]","[[1,4096]]",0.18,0.44
0,RmsNorm,AI_VECTOR_CORE,AI_VECTOR_CORE,1704161511604792.000,24.696,1.976,24,"[[1,1024],[1024,4096]]","[[1,4096]]",0.05,0.3
0,MatMulV2,AI_CORE,AI_CORE,1704161511604816.750,122.342,9.787,24,"[[1,1024],[1024,4096]]","[[1,4096]]",0.18,0.44
0,FusedInferAttentionScore,AI_CORE,AI_CORE,1704161511604939.000,76.929,6.154,24,"[[1,1024],[1024,4096]]","[[1,4096]]",0.18,0.44
0,RmsNorm,AI_VECTOR_CORE,AI_VECTOR_CORE,1704161511605016.000,28.549,2.284,24,"[[1,1024],[1024,4096]]","[[1,4096]]",0.05,0.3
0,MatMulV2,AI_CORE,AI_CORE,1704161511605044.500,115.649,9.252,24,"[[1,1024],[1024,4096]]","[[1,4096]]",0.18,0.44
0,FusedInferAttentionScore,AI_CORE,AI_CORE,1704161511605160.250,73.344,5.868,24,"[[1,1024],[1024,4096]]","[[1,4096]]",0.18,0.44
0,RmsNorm,AI_VECTOR_CORE,AI_VECTOR_CORE,1704161511605233.500,28.336,2.267,24,"[[1,1024],[1024,4096]]","[[1,4096]]",0.05,0.3
0,MatMulV2,AI_CORE,AI_CORE,1704161511605261.750,113.829,9.106,24,"[[1,1024],[1024,4096]]","[[1,4096]]",0.18,0.44
0,FusedInferAttentionScore,AI_CORE,AI_CORE,1704161511605375.500,63.850,5.108,24,"[[1,1024],[1024,4096]]","[[1,4096]]",0.18,0.44
0,RmsNorm,AI_VECTOR_CORE,AI_VECTOR_CORE,1704161511605439.250,25.656,2.053,24,"[[1,1024],[1024,4096]]","[[1,4096]]",0.05,0.3
0,MatMulV2,AI_CORE,AI_CORE,1704161511605465.000,122.621,9.810,24,"[[1,1024],[1024,4096]]","[[1,4096]]",0.18,0.44
0,FusedInferAttentionScore,AI_CORE,AI_CORE,1704161511605587.500,64.499,5.160,24,"[[1,1024],[1024,4096]]","[[1,4096]]",0.18,0.44
0,RmsNorm,AI_VECTOR_CORE,AI_VECTOR_CORE,1704161511605652.000,25.017,2.001,24,"[[1,1024],[1024,4096]]","[[1,4096]]",0.05,0.3
0,MatMulV2,AI_CORE,AI_CORE,1704161511605677.000,120.694,9.656,24,"[[1,1024],[1024,4096]]","[[1,4096]]",0.18,0.44
0,FusedInferAttentionScore,AI_CORE,AI_CORE,1704161511605797.750,74.281,5.943,24,"[[1,1024],[1024,4096]]","[[1,4096]]",0.18,0.44
0,RmsNorm,AI_VECTOR_CORE,AI_VECTOR_CORE,1704161511605872.000,20.540,1.643,24,"[[1,1024],[1024,4096]]","[[1,4096]]",0.05,0.3
0,MatMulV2,AI_CORE,AI_CORE,1704161511605892.500,117.787,9.423,24,"[[1,1024],[1024,4096]]","[[1,4096]]",0.18,0.44
0,FusedInferAttentionScore,AI_CORE,AI_CORE,1704161511606010.250,72.816,5.825,24,"[[1,1024],[1024,4096]]","[[1,4096]]",0.18,0.44
0,RmsNorm,AI_VECTOR_CORE,AI_VECTOR_CORE,1704161511606083.000,27.901,2.232,24,"[[1,1024],[1024,4096]]","[[1,4096]]",0.05,0.3
0,MatMulV2,AI_CORE,AI_CORE,1704161511606111.000,124.371,9.950,24,"[[1,1024],[1024,4096]]","[[1,4096]]",0.18,0.44
0,FusedInferAttentionScore,AI_CORE,AI_CORE,1704161511606235.250,68.097,5.448,24,"[[1,1024],[1024,4096]]","[[1,4096]]",0.18,0.44
0,RmsNorm,AI_VECTOR_CORE,AI_VECTOR_CORE,1704161511606303.250,20.060,1.605,24,"[[1,1024],[1024,4096]]","[[1,4096]]",0.05,0.3
0,MatMulV2,AI_CORE,AI_CORE,1704161511606323.250,126.205,10.096,24,"[[1,1024],[1024,4096]]","[[1,4096]]",0.18,0.44
0,FusedInferAttentionScore,AI_CORE,AI_CORE,1704161511606449.500,76.388,6.111,24,"[[1,1024],[1024,4096]]","[[1,4096]]",0.18,0.44
0,RmsNorm,AI_VECTOR_CORE,AI_VECTOR_CORE,1704161511606526.000,21.317,1.705,24,"[[1,1024],[1024,4096]]","[[1,4096]]",0.05,0.3
0,MatMulV2,AI_CORE,AI_CORE,1704161511606547.250,115.177,9.214,24,"[[1,1024],[1024,4096]]","[[1,4096]]",0.18,0.44
0,FusedInferAttentionScore,AI_CORE,AI_CORE,1704161511606662.500,73.854,5.908,24,"[[1,1024],[1024,4096]]","[[1,4096]]",0.18,0.44
0,RmsNorm,AI_VECTOR_CORE,AI_VECTOR_CORE,1704161511606736.250,21.457,1.717,24,"[[1,1024],[1024,4096]]","[[1,4096]]",0.05,0.3
0,MatMulV2,AI_CORE,AI_CORE,1704161511606757.750,113.778,9.102,24,"[[1,1024],[1024,4096]]","[[1,4096]]",0.18,0.44
0,FusedInferAttentionScore,AI_CORE,AI_CORE,1704161511606871.500,75.030,6.002,24,"[[1,1024],[1024,4096]]","[[1,4096]]",0.18,0.44
0,RmsNorm,AI_VECTOR_CORE,AI_VECTOR_CORE,1704161511606946.500,26.931,2.154,24,"[[1,1024],[1024,4096]]","[[1,4096]]",0.05,0.3
0,MatMulV2,AI_CORE,AI_CORE,1704161511606973.500,112.613,9.009,24,"[[1,1024],[1024,4096]]","[[1,4096]]",0.18,0.44
0,FusedInferAttentionScore,AI_CORE,AI_CORE,1704161511607086.000,76.714,6.137,24,"[[1,1024],[1024,4096]]","[[1,4096]]",0.18,0.44
0,RmsNorm,AI_VECTOR_CORE,AI_VECTOR_CORE,1704161511607162.750,21.216,1.697,24,"[[1,1024],[1024,4096]]","[[1,4096]]",0.05,0.3
0,MatMulV2,AI_CORE,AI_CORE,1704161511607184.000,110.301,8.824,24,"[[1,1024],[1024,4096]]","[[1,4096]]",0.18,0.44
0,FusedInferAttentionScore,AI_CORE,AI_CORE,1704161511607294.250,71.385,5.711,24,"[[1,1024],[1024,4096]]","[[1,4096]]",0.18,0.44
0,RmsNorm,AI_VECTOR_CORE,AI_VECTOR_CORE,1704161511607365.750,21.714,1.737,24,"[[1,1024],[1024,4096]]","[[1,4096]]",0.05,0.3
0,MatMulV2,AI_CORE,AI_CORE,1704161511622200.000,111.026,8.882,24,"[[1,1024],[1024,4096]]","[[1,4096]]",0.18,0.44
0,FusedInferAttentionScore,AI_CORE,AI_CORE,1704161511622311.000,75.317,6.025,24,"[[1,1024],[1024,4096]]","[[1,4096]]",0.18,0.44
0,RmsNorm,AI_VECTOR_CORE,AI_VECTOR_CORE,1704161511622386.250,26.929,2.154,24,"[[1,1024],[1024,4096]]","[[1,4096]]",0.05,0.3
0,MatMulV2,AI_CORE,AI_CORE,1704161511622673.250,110.963,8.877,24,"[[1,1024],[1024,4096]]","[[1,4096]]",0.18,0.44
0,FusedInferAttentionScore,AI_CORE,AI_CORE,1704161511622784.250,64.399,5.152,24,"[[1,1024],[1024,4096]]","[[1,4096]]",0.18,0.44
0,RmsNorm,AI_VECTOR_CORE,AI_VECTOR_CORE,1704161511622848.750,20.412,1.633,24,"[[1,1024],[1024,4096]]","[[1,4096]]",0.05,0.3
0,MatMulV2,AI_CORE,AI_CORE,1704161511622869.250,115.076,9.206,24,"[[1,1024],[1024,4096]]","[[1,4096]]",0.18,0.44
0,FusedInferAttentionScore,AI_CORE,AI_CORE,1704161511622984.250,76.305,6.104,24,"[[1,1024],[1024,4096]]","[[1,4096]]",0.18,0.44
0,RmsNorm,AI_VECTOR_CORE,AI_VECTOR_CORE,1704161511623060.500,25.143,2.011,24,"[[1,1024],[1024,4096]]","[[1,4096]]",0.05,0.3
0,MatMulV2,AI_CORE,AI_CORE,1704161511623085.750,115.199,9.216,24,"[[1,1024],[1024,4096]]","[[1,4096]]",0.18,0.44
0,FusedInferAttentionScore,AI_CORE,AI_CORE,1704161511623201.000,66.474,5.318,24,"[[1,1024],[1024,4096]]","[[1,4096]]",0.18,0.44
0,RmsNorm,AI_VECTOR_CORE,AI_VECTOR_CORE,1704161511623267.500,24.921,1.994,24,"[[1,1024],[1024,4096]]","[[1,4096]]",0.05,0.3
0,MatMulV2,AI_CORE,AI_CORE,1704161511623292.500,118.527,9.482,24,"[[1,1024],[1024,4096]]","[[1,4096]]",0.18,0.44
0,FusedInferAttentionScore,AI_CORE,AI_CORE,1704161511623411.000,76.082,6.087,24,"[[1,1024],[1024,4096]]","[[1,4096]]",0.18,0.44
0,RmsNorm,AI_VECTOR_CORE,AI_VECTOR_CORE,1704161511623487.000,23.221,1.858,24,"[[1,1024],[1024,4096]]","[[1,4096]]",0.05,0.3
0,MatMulV2,AI_CORE,AI_CORE,1704161511623510.250,122.942,9.835,24,"[[1,1024],[1024,4096]]","[[1,4096]]",0.18,0.44
0,FusedInferAttentionScore,AI_CORE,AI_CORE,1704161511623633.250,74.215,5.937,24,"[[1,1024],[1024,4096]]","[[1,4096]]",0.18,0.44
0,RmsNorm,AI_VECTOR_CORE,AI_VECTOR_CORE,1704161511623707.500,20.748,1.660,24,"[[1,1024],[1024,4096]]","[[1,4096]]",0.05,0.3
0,MatMulV2,AI_CORE,AI_CORE,1704161511623728.250,111.290,8.903,24,"[[1,1024],[1024,4096]]","[[1,4096]]",0.18,0.44
0,FusedInferAttentionScore,AI_CORE,AI_CORE,1704161511623839.500,76.822,6.146,24,"[[1,1024],[1024,4096]]","[[1,4096]]",0.18,0.44
0,RmsNorm,AI_VECTOR_CORE,AI_VECTOR_CORE,1704161511623916.250,26.748,2.140,24,"[[1,1024],[1024,4096]]","[[1,4096]]",0.05,0.3
0,MatMulV2,AI_CORE,AI_CORE,1704161511623943.000,125.006,10.000,24,"[[1,1024],[1024,4096]]","[[1,4096]]",0.18,0.44
0,FusedInferAttentionScore,AI_CORE,AI_CORE,1704161511624068.000,76.303,6.104,24,"[[1,1024],[1024,4096]]","[[1,4096]]",0.18,0.44
0,RmsNorm,AI_VECTOR_CORE,AI_VECTOR_CORE,1704161511624144.250,28.628,2.290,24,"[[1,1024],[1024,4096]]","[[1,4096]]",0.05,0.3
0,MatMulV2,AI_CORE,AI_CORE,1704161511624173.000,123.438,9.875,24,"[[1,1024],[1024,4096]]","[[1,4096]]",0.18,0.44
0,FusedInferAttentionScore,AI_CORE,AI_CORE,1704161511624296.500,75.073,6.006,24,"[[1,1024],[1024,4096]]","[[1,4096]]",0.18,0.44
0,RmsNorm,AI_VECTOR_CORE,AI_VECTOR_CORE,1704161511624371.500,19.635,1.571,24,"[[1,1024],[1024,4096]]","[[1,4096]]",0.05,0.3
0,MatMulV2,AI_CORE,AI_CORE,1704161511624391.250,109.266,8.741,24,"[[1,1024],[1024,4096]]","[[1,4096]]",0.18,0.44
0,FusedInferAttentionScore,AI_CORE,AI_CORE,1704161511624500.500,71.937,5.755,24,"[[1,1024],[1024,4096]]","[[1,4096]]",0.18,0.44
0,RmsNorm,AI_VECTOR_CORE,AI_VECTOR_CORE,1704161511624572.500,23.552,1.884,24,"[[1,1024],[1024,4096]]","[[1,4096]]",0.05,0.3
0,MatMulV2,AI_CORE,AI_CORE,1704161511624596.000,118.377,9.470,24,"[[1,1024],[1024,4096]]","[[1,4096]]",0.18,0.44
0,FusedInferAttentionScore,AI_CORE,AI_CORE,1704161511624714.500,63.640,5.091,24,"[[1,1024],[1024,4096]]","[[1,4096]]",0.18,0.44
0,RmsNorm,AI_VECTOR_CORE,AI_VECTOR_CORE,1704161511624778.250,19.338,1.547,24,"[[1,1024],[1024,4096]]","[[1,4096]]",0.05,0.3
0,MatMulV2,AI_CORE,AI_CORE,1704161511624797.500,110.578,8.846,24,"[[1,1024],[1024,4096]]","[[1,4096]]",0.18,0.44
0,FusedInferAttentionScore,AI_CORE,AI_CORE,1704161511624908.000,71.407,5.713,24,"[[1,1024],[1024,4096]]","[[1,4096]]",0.18,0.44
0,RmsNorm,AI_VECTOR_CORE,AI_VECTOR_CORE,1704161511624979.500,26.293,2.103,24,"[[1,1024],[1024,4096]]","[[1,4096]]",0.05,0.3
0,MatMulV2,AI_CORE,AI_CORE,1704161511625005.750,115.519,9.241,24,"[[1,1024],[1024,4096]]","[[1,4096]]",0.18,0.44
0,FusedInferAttentionScore,AI_CORE,AI_CORE,1704161511625121.250,65.848,5.268,24,"[[1,1024],[1024,4096]]","[[1,4096]]",0.18,0.44
0,RmsNorm,AI_VECTOR_CORE,AI_VECTOR_CORE,1704161511625187.000,27.073,2.166,24,"[[1,1024],[1024,4096]]","[[1,4096]]",0.05,0.3
0,MatMulV2,AI_CORE,AI_CORE,1704161511625214.000,130.202,10.416,24,"[[1,1024],[1024,4096]]","[[1,4096]]",0.18,0.44
0,FusedInferAttentionScore,AI_CORE,AI_CORE,1704161511625344.250,73.044,5.844,24,"[[1,1024],[1024,4096]]","[[1,4096]]",0.18,0.44
0,RmsNorm,AI_VECTOR_CORE,AI_VECTOR_CORE,1704161511625417.250,22.719,1.818,24,"[[1,1024],[1024,4096]]","[[1,4096]]",0.05,0.3
0,MatMulV2,AI_CORE,AI_CORE,1704161511625440.000,110.452,8.836,24,"[[1,1024],[1024,4096]]","[[1,4096]]",0.18,0.44
0,FusedInferAttentionScore,AI_CORE,AI_CORE,1704161511625550.500,76.179,6.094,24,"[[1,1024],[1024,4096]]","[[1,4096]]",0.18,0.44
0,RmsNorm,AI_VECTOR_CORE,AI_VECTOR_CORE,1704161511625626.750,26.642,2.131,24,"[[1,1024],[1024,4096]]","[[1,4096]]",0.05,0.3
0,MatMulV2,AI_CORE,AI_CORE,1704161511625653.500,116.724,9.338,24,"[[1,1024],[1024,4096]]","[[1,4096]]",0.18,0.44
0,FusedInferAttentionScore,AI_CORE,AI_CORE,1704161511625770.250,72.546,5.804,24,"[[1,1024],[1024,4096]]","[[1,4096]]",0.18,0.44
0,RmsNorm,AI_VECTOR_CORE,AI_VECTOR_CORE,1704161511625842.750,27.717,2.217,24,"[[1,1024],[1024,4096]]","[[1,4096]]",0.05,0.3
0,MatMulV2,AI_CORE,AI_CORE,1704161511625870.500,128.617,10.289,24,"[[1,1024],[1024,4096]]","[[1,4096]]",0.18,0.44
0,FusedInferAttentionScore,AI_CORE,AI_CORE,1704161511625999.000,75.284,6.023,24,"[[1,1024],[1024,4096]]","[[1,4096]]",0.18,0.44
0,RmsNorm,AI_VECTOR_CORE,AI_VECTOR_CORE,1704161511626074.250,22.244,1.780,24,"[[1,1024],[1024,4096]]","[[1,4096]]",0.05,0.3
0,MatMulV2,AI_CORE,AI_CORE,1704161511626096.500,128.478,10.278,24,"[[1,1024],[1024,4096]]","[[1,4096]]",0.18,0.44
0,FusedInferAttentionScore,AI_CORE,AI_CORE,1704161511626225.000,76.676,6.134,24,"[[1,1024],[1024,4096]]","[[1,4096]]",0.18,0.44
0,RmsNorm,AI_VECTOR_CORE,AI_VECTOR_CORE,1704161511626301.750,24.907,1.993,24,"[[1,1024],[1024,4096]]","[[1,4096]]",0.05,0.3
0,MatMulV2,AI_CORE,AI_CORE,1704161511626326.750,124.470,9.958,24,"[[1,1024],[1024,4096]]","[[1,4096]]",0.18,0.44
0,FusedInferAttentionScore,AI_CORE,AI_CORE,1704161511626451.250,63.367,5.069,24,"[[1,1024],[1024,4096]]","[[1,4096]]",0.18,0.44
0,RmsNorm,AI_VECTOR_CORE,AI_VECTOR_CORE,1704161511626514.500,19.301,1.544,24,"[[1,1024],[1024,4096]]","[[1,4096]]",0.05,0.3
0,MatMulV2,AI_CORE,AI_CORE,1704161511626533.750,125.466,10.037,24,"[[1,1024],[1024,4096]]","[[1,4096]]",0.18,0.44
0,FusedInferAttentionScore,AI_CORE,AI_CORE,1704161511626659.250,65.333,5.227,24,"[[1,1024],[1024,4096]]","[[1,4096]]",0.18,0.44
0,RmsNorm,AI_VECTOR_CORE,AI_VECTOR_CORE,1704161511626724.500,22.163,1.773,24,"[[1,1024],[1024,4096]]","[[1,4096]]",0.05,0.3
0,MatMulV2,AI_CORE,AI_CORE,1704161511626746.750,110.165,8.813,24,"[[1,1024],[1024,4096]]","[[1,4096]]",0.18,0.44
0,FusedInferAttentionScore,AI_CORE,AI_CORE,1704161511626857.000,69.950,5.596,24,"[[1,1024],[1024,4096]]","[[1,4096]]",0.18,0.44
0,RmsNorm,AI_VECTOR_CORE,AI_VECTOR_CORE,1704161511626927.000,25.069,2.006,24,"[[1,1024],[1024,4096]]","[[1,4096]]",0.05,0.3
0,MatMulV2,AI_CORE,AI_CORE,1704161511626952.000,110.783,8.863,24,"[[1,1024],[1024,4096]]","[[1,4096]]",0.18,0.44
0,FusedInferAttentionScore,AI_CORE,AI_CORE,1704161511627062.750,70.008,5.601,24,"[[1,1024],[1024,4096]]","[[1,4096]]",0.18,0.44
0,RmsNorm,AI_VECTOR_CORE,AI_VECTOR_CORE,1704161511627132.750,21.331,1.707,24,"[[1,1024],[1024,4096]]","[[1,4096]]",0.05,0.3
0,MatMulV2,AI_CORE,AI_CORE,1704161511627154.000,129.717,10.377,24,"[[1,1024],[1024,4096]]","[[1,4096]]",0.18,0.44
0,FusedInferAttentionScore,AI_CORE,AI_CORE,1704161511627283.750,70.010,5.601,24,"[[1,1024],[1024,4096]]","[[1,4096]]",0.18,0.44
0,RmsNorm,AI_VECTOR_CORE,AI_VECTOR_CORE,1704161511627353.750,21.064,1.685,24,"[[1,1024],[1024,4096]]","[[1,4096]]",0.05,0.3
0,MatMulV2,AI_CORE,AI_CORE,1704161511627374.750,117.536,9.403,24,"[[1,1024],[1024,4096]]","[[1,4096]]",0.18,0.44
0,FusedInferAttentionScore,AI_CORE,AI_CORE,1704161511627492.250,74.603,5.968,24,"[[1,1024],[1024,4096]]","[[1,4096]]",0.18,0.44
0,RmsNorm,AI_VECTOR_CORE,AI_VECTOR_CORE,1704161511627566.750,26.950,2.156,24,"[[1,1024],[1024,4096]]","[[1,4096]]",0.05,0.3
0,MatMulV2,AI_CORE,AI_CORE,1704161511627593.750,126.682,10.135,24,"[[1,1024],[1024,4096]]","[[1,4096]]",0.18,0.44
0,FusedInferAttentionScore,AI_CORE,AI_CORE,1704161511627720.500,72.486,5.799,24,"[[1,1024],[1024,4096]]","[[1,4096]]",0.18,0.44
0,RmsNorm,AI_VECTOR_CORE,AI_VECTOR_CORE,1704161511627793.000,22.475,1.798,24,"[[1,1024],[1024,4096]]","[[1,4096]]",0.05,0.3
0,MatMulV2,AI_CORE,AI_CORE,1704161511627815.500,113.267,9.061,24,"[[1,1024],[1024,4096]]","[[1,4096]]",0.18,0.44
0,FusedInferAttentionScore,AI_CORE,AI_CORE,1704161511627928.750,74.631,5.970,24,"[[1,1024],[1024,4096]]","[[1,4096]]",0.18,0.44
0,RmsNorm,AI_VECTOR_CORE,AI_VECTOR_CORE,1704161511628003.500,26.766,2.141,24,"[[1,1024],[1024,4096]]","[[1,4096]]",0.05,0.3
0,MatMulV2,AI_CORE,AI_CORE,1704161511628030.250,113.319,9.066,24,"[[1,1024],[1024,4096]]","[[1,4096]]",0.18,0.44
0,FusedInferAttentionScore,AI_CORE,AI_CORE,1704161511628143.500,73.171,5.854,24,"[[1,1024],[1024,4096]]","[[1,4096]]",0.18,0.44
0,RmsNorm,AI_VECTOR_CORE,AI_VECTOR_CORE,1704161511628216.750,22.989,1.839,24,"[[1,1024],[1024,4096]]","[[1,4096]]",0.05,0.3
0,MatMulV2,AI_CORE,AI_CORE,1704161511628239.750,109.875,8.790,24,"[[1,1024],[1024,4096]]","[[1,4096]]",0.18,0.44
0,FusedInferAttentionScore,AI_CORE,AI_CORE,1704161511628349.750,70.792,5.663,24,"[[1,1024],[1024,4096]]","[[1,4096]]",0.18,0.44
0,RmsNorm,AI_VECTOR_CORE,AI_VECTOR_CORE,1704161511628420.500,20.858,1.669,24,"[[1,1024],[1024,4096]]","[[1,4096]]",0.05,0.3
0,MatMulV2,AI_CORE,AI_CORE,1704161511628441.250,113.273,9.062,24,"[[1,1024],[1024,4096]]","[[1,4096]]",0.18,0.44
0,FusedInferAttentionScore,AI_CORE,AI_CORE,1704161511628554.500,67.972,5.438,24,"[[1,1024],[1024,4096]]","[[1,4096]]",0.18,0.44
0,RmsNorm,AI_VECTOR_CORE,AI_VECTOR_CORE,1704161511628622.500,26.603,2.128,24,"[[1,1024],[1024,4096]]","[[1,4096]]",0.05,0.3
0,MatMulV2,AI_CORE,AI_CORE,1704161511628649.000,119.039,9.523,24,"[[1,1024],[1024,4096]]","[[1,4096]]",0.18,0.44
0,FusedInferAttentionScore,AI_CORE,AI_CORE,1704161511628768.000,66.920,5.354,24,"[[1,1024],[1024,4096]]","[[1,4096]]",0.18,0.44
0,RmsNorm,AI_VECTOR_CORE,AI_VECTOR_CORE,1704161511628835.000,22.547,1.804,24,"[[1,1024],[1024,4096]]","[[1,4096]]",0.05,0.3
0,MatMulV2,AI_CORE,AI_CORE,1704161511628857.500,117.736,9.419,24,"[[1,1024],[1024,4096]]","[[1,4096]]",0.18,0.44
0,FusedInferAttentionScore,AI_CORE,AI_CORE,1704161511628975.250,70.545,5.644,24,"[[1,1024],[1024,4096]]","[[1,4096]]",0.18,0.44
0,RmsNorm,AI_VECTOR_CORE,AI_VECTOR_CORE,1704161511629045.750,22.446,1.796,24,"[[1,1024],[1024,4096]]","[[1,4096]]",0.05,0.3
0,MatMulV2,AI_CORE,AI_CORE,1704161511629068.250,121.138,9.691,24,"[[1,1024],[1024,4096]]","[[1,4096]]",0.18,0.44
0,FusedInferAttentionScore,AI_CORE,AI_CORE,1704161511629189.500,72.310,5.785,24,"[[1,1024],[1024,4096]]","[[1,4096]]",0.18,0.44
0,RmsNorm,AI_VECTOR_CORE,AI_VECTOR_CORE,1704161511629261.750,21.526,1.722,24,"[[1,1024],[1024,4096]]","[[1,4096]]",0.05,0.3
0,MatMulV2,AI_CORE,AI_CORE,1704161511644200.000,126.031,10.082,24,"[[1,1024],[1024,4096]]","[[1,4096]]",0.18,0.44
0,FusedInferAttentionScore,AI_CORE,AI_CORE,1704161511644326.000,69.736,5.579,24,"[[1,1024],[1024,4096]]","[[1,4096]]",0.18,0.44
0,RmsNorm,AI_VECTOR_CORE,AI_VECTOR_CORE,1704161511644395.750,24.599,1.968,24,"[[1,1024],[1024,4096]]","[[1,4096]]",0.05,0.3
0,MatMulV2,AI_CORE,AI_CORE,1704161511644680.250,126.776,10.142,24,"[[1,1024],[1024,4096]]","[[1,4096]]",0.18,0.44
0,FusedInferAttentionScore,AI_CORE,AI_CORE,1704161511644807.000,68.945,5.516,24,"[[1,1024],[1024,4096]]","[[1,4096]]",0.18,0.44
0,RmsNorm,AI_VECTOR_CORE,AI_VECTOR_CORE,1704161511644876.000,22.110,1.769,24,"[[1,1024],[1024,4096]]","[[1,4096]]",0.05,0.3
0,MatMulV2,AI_CORE,AI_CORE,1704161511644898.000,117.506,9.400,24,"[[1,1024],[1024,4096]]","[[1,4096]]",0.18,0.44
0,FusedInferAttentionScore,AI_CORE,AI_CORE,1704161511645015.500,63.426,5.074,24,"[[1,1024],[1024,4096]]","[[1,4096]]",0.18,0.44
0,RmsNorm,AI_VECTOR_CORE,AI_VECTOR_CORE,1704161511645079.000,22.992,1.839,24,"[[1,1024],[1024,4096]]","[[1,4096]]",0.05,0.3
0,MatMulV2,AI_CORE,AI_CORE,1704161511645102.000,129.765,10.381,24,"[[1,1024],[1024,4096]]","[[1,4096]]",0.18,0.44
0,FusedInferAttentionScore,AI_CORE,AI_CORE,1704161511645231.750,69.456,5.557,24,"[[1,1024],[1024,4096]]","[[1,4096]]",0.18,0.44
0,RmsNorm,AI_VECTOR_CORE,AI_VECTOR_CORE,1704161511645301.250,21.759,1.741,24,"[[1,1024],[1024,4096]]","[[1,4096]]",0.05,0.3
0,MatMulV2,AI_CORE,AI_CORE,1704161511645323.000,114.476,9.158,24,"[[1,1024],[1024,4096]]","[[1,4096]]",0.18,0.44
0,FusedInferAttentionScore,AI_CORE,AI_CORE,1704161511645437.500,67.678,5.414,24,"[[1,1024],[1024,4096]]","[[1,4096]]",0.18,0.44
0,RmsNorm,AI_VECTOR_CORE,AI_VECTOR_CORE,1704161511645505.250,27.417,2.193,24,"[[1,1024],[1024,4096]]","[[1,4096]]",0.05,0.3
0,MatMulV2,AI_CORE,AI_CORE,1704161511645532.750,112.424,8.994,24,"[[1,1024],[1024,4096]]","[[1,4096]]",0.18,0.44
0,FusedInferAttentionScore,AI_CORE,AI_CORE,1704161511645645.250,66.966,5.357,24,"[[1,1024],[1024,4096]]","[[1,4096]]",0.18,0.44
0,RmsNorm,AI_VECTOR_CORE,AI_VECTOR_CORE,1704161511645712.250,26.506,2.120,24,"[[1,1024],[1024,4096]]","[[1,4096]]",0.05,0.3
0,MatMulV2,AI_CORE,AI_CORE,1704161511645738.750,125.979,10.078,24,"[[1,1024],[1024,4096]]","[[1,4096]]",0.18,0.44
0,FusedInferAttentionScore,AI_CORE,AI_CORE,1704161511645864.750,65.718,5.257,24,"[[1,1024],[1024,4096]]","[[1,4096]]",0.18,0.44
0,RmsNorm,AI_VECTOR_CORE,AI_VECTOR_CORE,1704161511645930.500,25.321,2.026,24,"[[1,1024],[1024,4096]]","[[1,4096]]",0.05,0.3
0,MatMulV2,AI_CORE,AI_CORE,1704161511645955.750,128.933,10.315,24,"[[1,1024],[1024,4096]]","[[1,4096]]",0.18,0.44
0,FusedInferAttentionScore,AI_CORE,AI_CORE,1704161511646084.750,73.530,5.882,24,"[[1,1024],[1024,4096]]","[[1,4096]]",0.18,0.44
0,RmsNorm,AI_VECTOR_CORE,AI_VECTOR_CORE,1704161511646158.250,20.853,1.668,24,"[[1,1024],[1024,4096]]","[[1,4096]]",0.05,0.3
0,MatMulV2,AI_CORE,AI_CORE,1704161511646179.000,129.330,10.346,24,"[[1,1024],[1024,4096]]","[[1,4096]]",0.18,0.44
0,FusedInferAttentionScore,AI_CORE,AI_CORE,1704161511646308.250,65.736,5.259,24,"[[1,1024],[1024,4096]]","[[1,4096]]",0.18,0.44
0,RmsNorm,AI_VECTOR_CORE,AI_VECTOR_CORE,1704161511646374.000,21.200,1.696,24,"[[1,1024],[1024,4096]]","[[1,4096]]",0.05,0.3
0,MatMulV2,AI_CORE,AI_CORE,1704161511646395.250,110.171,8.814,24,"[[1,1024],[1024,4096]]","[[1,4096]]",0.18,0.44
0,FusedInferAttentionScore,AI_CORE,AI_CORE,1704161511646505.500,68.763,5.501,24,"[[1,1024],[1024,4096]]","[[1,4096]]",0.18,0.44
0,RmsNorm,AI_VECTOR_CORE,AI_VECTOR_CORE,1704161511646574.250,27.402,2.192,24,"[[1,1024],[1024,4096]]","[[1,4096]]",0.05,0.3
0,MatMulV2,AI_CORE,AI_CORE,1704161511646601.750,110.848,8.868,24,"[[1,1024],[1024,4096]]","[[1,4096]]",0.18,0.44
0,FusedInferAttentionScore,AI_CORE,AI_CORE,1704161511646712.500,73.792,5.903,24,"[[1,1024],[1024,4096]]","[[1,4096]]",0.18,0.44
0,RmsNorm,AI_VECTOR_CORE,AI_VECTOR_CORE,1704161511646786.250,25.446,2.036,24,"[[1,1024],[1024,4096]]","[[1,4096]]",0.05,0.3
0,MatMulV2,AI_CORE,AI_CORE,1704161511646811.750,118.206,9.457,24,"[[1,1024],[1024,4096]]","[[1,4096]]",0.18,0.44
0,FusedInferAttentionScore,AI_CORE,AI_CORE,1704161511646930.000,67.676,5.414,24,"[[1,1024],[1024,4096]]","[[1,4096]]",0.18,0.44
0,RmsNorm,AI_VECTOR_CORE,AI_VECTOR_CORE,1704161511646997.750,20.396,1.632,24,"[[1,1024],[1024,4096]]","[[1,4096]]",0.05,0.3
0,MatMulV2,AI_CORE,AI_CORE,1704161511647018.250,114.094,9.128,24,"[[1,1024],[1024,4096]]","[[1,4096]]",0.18,0.44
0,FusedInferAttentionScore,AI_CORE,AI_CORE,1704161511647132.250,67.591,5.407,24,"[[1,1024],[1024,4096]]","[[1,4096]]",0.18,0.44
0,RmsNorm,AI_VECTOR_CORE,AI_VECTOR_CORE,1704161511647199.750,22.190,1.775,24,"[[1,1024],[1024,4096]]","[[1,4096]]",0.05,0.3
0,MatMulV2,AI_CORE,AI_CORE,1704161511647222.000,128.279,10.262,24,"[[1,1024],[1024,4096]]","[[1,4096]]",0.18,0.44
0,FusedInferAttentionScore,AI_CORE,AI_CORE,1704161511647350.250,63.392,5.071,24,"[[1,1024],[1024,4096]]","[[1,4096]]",0.18,0.44
0,RmsNorm,AI_VECTOR_CORE,AI_VECTOR_CORE,1704161511647413.750,19.864,1.589,24,"[[1,1024],[1024,4096]]","[[1,4096]]",0.05,0.3
0,MatMulV2,AI_CORE,AI_CORE,1704161511647433.500,127.607,10.209,24,"[[1,1024],[1024,4096]]","[[1,4096]]",0.18,0.44
0,FusedInferAttentionScore,AI_CORE,AI_CORE,1704161511647561.000,69.134,5.531,24,"[[1,1024],[1024,4096]]","[[1,4096]]",0.18,0.44
0,RmsNorm,AI_VECTOR_CORE,AI_VECTOR_CORE,1704161511647630.250,21.745,1.740,24,"[[1,1024],[1024,4096]]","[[1,4096]]",0.05,0.3
0,MatMulV2,AI_CORE,AI_CORE,1704161511647652.000,130.283,10.423,24,"[[1,1024],[1024,4096]]","[[1,4096]]",0.18,0.44
0,FusedInferAttentionScore,AI_CORE,AI_CORE,1704161511647782.250,68.737,5.499,24,"[[1,1024],[1024,4096]]","[[1,4096]]",0.18,0.44
0,RmsNorm,AI_VECTOR_CORE,AI_VECTOR_CORE,1704161511647851.000,20.765,1.661,24,"[[1,1024],[1024,4096]]","[[1,4096]]",0.05,0.3
0,MatMulV2,AI_CORE,AI_CORE,1704161511647871.750,124.135,9.931,24,"[[1,1024],[1024,4096]]","[[1,4096]]",0.18,0.44
0,FusedInferAttentionScore,AI_CORE,AI_CORE,1704161511647996.000,64.250,5.140,24,"[[1,1024],[1024,4096]]","[[1,4096]]",0.18,0.44
0,RmsNorm,AI_VECTOR_CORE,AI_VECTOR_CORE,1704161511648060.250,24.850,1.988,24,"[[1,1024],[1024,4096]]","[[1,4096]]",0.05,0.3
0,MatMulV2,AI_CORE,AI_CORE,1704161511648085.000,117.754,9.420,24,"[[1,1024],[1024,4096]]","[[1,4096]]",0.18,0.44
0,FusedInferAttentionScore,AI_CORE,AI_CORE,1704161511648202.750,74.703,5.976,24,"[[1,1024],[1024,4096]]","[[1,4096]]",0.18,0.44
0,RmsNorm,AI_VECTOR_CORE,AI_VECTOR_CORE,1704161511648277.500,25.930,2.074,24,"[[1,1024],[1024,4096]]","[[1,4096]]",0.05,0.3
0,MatMulV2,AI_CORE,AI_CORE,1704161511648303.500,131.370,10.510,24,"[[1,1024],[1024,4096]]","[[1,4096]]",0.18,0.44
0,FusedInferAttentionScore,AI_CORE,AI_CORE,1704161511648434.750,76.993,6.159,24,"[[1,1024],[1024,4096]]","[[1,4096]]",0.18,0.44
0,RmsNorm,AI_VECTOR_CORE,AI_VECTOR_CORE,1704161511648511.750,23.516,1.881,24,"[[1,1024],[1024,4096]]","[[1,4096]]",0.05,0.3
0,MatMulV2,AI_CORE,AI_CORE,1704161511648535.250,108.351,8.668,24,"[[1,1024],[1024,4096]]","[[1,4096]]",0.18,0.44
0,FusedInferAttentionScore,AI_CORE,AI_CORE,1704161511648643.500,65.790,5.263,24,"[[1,1024],[1024,4096]]","[[1,4096]]",0.18,0.44
0,RmsNorm,AI_VECTOR_CORE,AI_VECTOR_CORE,1704161511648709.250,19.608,1.569,24,"[[1,1024],[1024,4096]]","[[1,4096]]",0.05,0.3
0,MatMulV2,AI_CORE,AI_CORE,1704161511648728.750,118.186,9.455,24,"[[1,1024],[1024,4096]]","[[1,4096]]",0.18,0.44
0,FusedInferAttentionScore,AI_CORE,AI_CORE,1704161511648847.000,76.923,6.154,24,"[[1,1024],[1024,4096]]","[[1,4096]]",0.18,0.44
0,RmsNorm,AI_VECTOR_CORE,AI_VECTOR_CORE,1704161511648924.000,19.266,1.541,24,"[[1,1024],[1024,4096]]","[[1,4096]]",0.05,0.3
0,MatMulV2,AI_CORE,AI_CORE,1704161511648943.250,123.844,9.908,24,"[[1,1024],[1024,4096]]","[[1,4096]]",0.18,0.44
0,FusedInferAttentionScore,AI_CORE,AI_CORE,1704161511649067.000,64.218,5.137,24,"[[1,1024],[1024,4096]]","[[1,4096]]",0.18,0.44
0,RmsNorm,AI_VECTOR_CORE,AI_VECTOR_CORE,1704161511649131.250,25.609,2.049,24,"[[1,1024],[1024,4096]]","[[1,4096]]",0.05,0.3
0,MatMulV2,AI_CORE,AI_CORE,1704161511649156.750,128.368,10.269,24,"[[1,1024],[1024,4096]]","[[1,4096]]",0.18,0.44
0,FusedInferAttentionScore,AI_CORE,AI_CORE,1704161511649285.000,69.256,5.540,24,"[[1,1024],[1024,4096]]","[[1,4096]]",0.18,0.44
0,RmsNorm,AI_VECTOR_CORE,AI_VECTOR_CORE,1704161511649354.250,20.382,1.631,24,"[[1,1024],[1024,4096]]","[[1,4096]]",0.05,0.3
0,MatMulV2,AI_CORE,AI_CORE,1704161511649374.750,129.594,10.367,24,"[[1,1024],[1024,4096]]","[[1,4096]]",0.18,0.44
0,FusedInferAttentionScore,AI_CORE,AI_CORE,1704161511649504.250,63.019,5.041,24,"[[1,1024],[1024,4096]]","[[1,4096]]",0.18,0.44
0,RmsNorm,AI_VECTOR_CORE,AI_VECTOR_CORE,1704161511649567.250,19.647,1.572,24,"[[1,1024],[1024,4096]]","[[1,4096]]",0.05,0.3
0,MatMulV2,AI_CORE,AI_CORE,1704161511649587.000,109.850,8.788,24,"[[1,1024],[1024,4096]]","[[1,4096]]",0.18,0.44
0,FusedInferAttentionScore,AI_CORE,AI_CORE,1704161511649696.750,73.893,5.911,24,"[[1,1024],[1024,4096]]","[[1,4096]]",0.18,0.44
0,RmsNorm,AI_VECTOR_CORE,AI_VECTOR_CORE,1704161511649770.750,27.745,2.220,24,"[[1,1024],[1024,4096]]","[[1,4096]]",0.05,0.3
0,MatMulV2,AI_CORE,AI_CORE,1704161511649798.500,125.540,10.043,24,"[[1,1024],[1024,4096]]","[[1,4096]]",0.18,0.44
0,FusedInferAttentionScore,AI_CORE,AI_CORE,1704161511649924.000,72.001,5.760,24,"[[1,1024],[1024,4096]]","[[1,4096]]",0.18,0.44
0,RmsNorm,AI_VECTOR_CORE,AI_VECTOR_CORE,1704161511649996.000,22.283,1.783,24,"[[1,1024],[1024,4096]]","[[1,4096]]",0.05,0.3
0,MatMulV2,AI_CORE,AI_CORE,1704161511650018.250,111.448,8.916,24,"[[1,1024],[1024,4096]]","[[1,4096]]",0.18,0.44
0,FusedInferAttentionScore,AI_CORE,AI_CORE,1704161511650129.750,63.323,5.066,24,"[[1,1024],[1024,4096]]","[[1,4096]]",0.18,0.44
0,RmsNorm,AI_VECTOR_CORE,AI_VECTOR_CORE,1704161511650193.000,28.485,2.279,24,"[[1,1024],[1024,4096]]","[[1,4096]]",0.05,0.3
0,MatMulV2,AI_CORE,AI_CORE,1704161511650221.500,124.683,9.975,24,"[[1,1024],[1024,4096]]","[[1,4096]]",0.18,0.44
0,FusedInferAttentionScore,AI_CORE,AI_CORE,1704161511650346.250,66.589,5.327,24,"[[1,1024],[1024,4096]]","[[1,4096]]",0.18,0.44
0,RmsNorm,AI_VECTOR_CORE,AI_VECTOR_CORE,1704161511650412.750,26.873,2.150,24,"[[1,1024],[1024,4096]]","[[1,4096]]",0.05,0.3
0,MatMulV2,AI_CORE,AI_CORE,1704161511650439.500,127.095,10.168,24,"[[1,1024],[1024,4096]]","[[1,4096]]",0.18,0.44
0,FusedInferAttentionScore,AI_CORE,AI_CORE,1704161511650566.500,69.398,5.552,24,"[[1,1024],[1024,4096]]","[[1,4096]]",0.18,0.44
0,RmsNorm,AI_VECTOR_CORE,AI_VECTOR_CORE,1704161511650636.000,26.217,2.097,24,"[[1,1024],[1024,4096]]","[[1,4096]]",0.05,0.3
0,MatMulV2,AI_CORE,AI_CORE,1704161511650662.250,115.073,9.206,24,"[[1,1024],[1024,4096]]","[[1,4096]]",0.18,0.44
0,FusedInferAttentionScore,AI_CORE,AI_CORE,1704161511650777.250,63.539,5.083,24,"[[1,1024],[1024,4096]]","[[1,4096]]",0.18,0.44
0,RmsNorm,AI_VECTOR_CORE,AI_VECTOR_CORE,1704161511650840.750,21.706,1.736,24,"[[1,1024],[1024,4096]]","[[1,4096]]",0.05,0.3
0,MatMulV2,AI_CORE,AI_CORE,1704161511650862.500,115.575,9.246,24,"[[1,1024],[1024,4096]]","[[1,4096]]",0.18,0.44
0,FusedInferAttentionScore,AI_CORE,AI_CORE,1704161511650978.000,66.986,5.359,24,"[[1,1024],[1024,4096]]","[[1,4096]]",0.18,0.44
0,RmsNorm,AI_VECTOR_CORE,AI_VECTOR_CORE,1704161511651045.000,21.491,1.719,24,"[[1,1024],[1024,4096]]","[[1,4096]]",0.05,0.3
0,MatMulV2,AI_CORE,AI_CORE,1704161511651066.500,125.286,10.023,24,"[[1,1024],[1024,4096]]","[[1,4096]]",0.18,0.44
0,FusedInferAttentionScore,AI_CORE,AI_CORE,1704161511651191.750,71.526,5.722,24,"[[1,1024],[1024,4096]]","[[1,4096]]",0.18,0.44
0,RmsNorm,AI_VECTOR_CORE,AI_VECTOR_CORE,1704161511651263.250,19.952,1.596,24,"[[1,1024],[1024,4096]]","[[1,4096]]",0.05,0.3
0,MatMulV2,AI_CORE,AI_CORE,1704161511666200.000,109.702,8.776,24,"[[1,1024],[1024,4096]]","[[1,4096]]",0.18,0.44
0,FusedInferAttentionScore,AI_CORE,AI_CORE,1704161511666309.750,74.448,5.956,24,"[[1,1024],[1024,4096]]","[[1,4096]]",0.18,0.44
0,RmsNorm,AI_VECTOR_CORE,AI_VECTOR_CORE,1704161511666384.250,25.007,2.001,24,"[[1,1024],[1024,4096]]","[[1,4096]]",0.05,0.3
0,MatMulV2,AI_CORE,AI_CORE,1704161511666669.250,120.113,9.609,24,"[[1,1024],[1024,4096]]","[[1,4096]]",0.18,0.44
0,FusedInferAttentionScore,AI_CORE,AI_CORE,1704161511666789.250,68.230,5.458,24,"[[1,1024],[1024,4096]]","[[1,4096]]",0.18,0.44
0,RmsNorm,AI_VECTOR_CORE,AI_VECTOR_CORE,1704161511666857.500,25.885,2.071,24,"[[1,1024],[1024,4096]]","[[1,4096]]",0.05,0.3
0,MatMulV2,AI_CORE,AI_CORE,1704161511666883.500,110.372,8.830,24,"[[1,1024],[1024,4096]]","[[1,4096]]",0.18,0.44
0,FusedInferAttentionScore,AI_CORE,AI_CORE,1704161511666993.750,64.714,5.177,24,"[[1,1024],[1024,4096]]","[[1,4096]]",0.18,0.44
0,RmsNorm,AI_VECTOR_CORE,AI_VECTOR_CORE,1704161511667058.500,22.109,1.769,24,"[[1,1024],[1024,4096]]","[[1,4096]]",0.05,0.3
0,MatMulV2,AI_CORE,AI_CORE,1704161511667080.500,112.484,8.999,24,"[[1,1024],[1024,4096]]","[[1,4096]]",0.18,0.44
0,FusedInferAttentionScore,AI_CORE,AI_CORE,1704161511667193.000,64.632,5.171,24,"[[1,1024],[1024,4096]]","[[1,4096]]",0.18,0.44
0,RmsNorm,AI_VECTOR_CORE,AI_VECTOR_CORE,1704161511667257.750,23.793,1.903,24,"[[1,1024],[1024,4096]]","[[1,4096]]",0.05,0.3
0,MatMulV2,AI_CORE,AI_CORE,1704161511667281.500,121.427,9.714,24,"[[1,1024],[1024,4096]]","[[1,4096]]",0.18,0.44
0,FusedInferAttentionScore,AI_CORE,AI_CORE,1704161511667403.000,75.439,6.035,24,"[[1,1024],[1024,4096]]","[[1,4096]]",0.18,0.44
0,RmsNorm,AI_VECTOR_CORE,AI_VECTOR_CORE,1704161511667478.500,24.006,1.920,24,"[[1,1024],[1024,4096]]","[[1,4096]]",0.05,0.3
0,MatMulV2,AI_CORE,AI_CORE,1704161511667502.500,131.749,10.540,24,"[[1,1024],[1024,4096]]","[[1,4096]]",0.18,0.44
0,FusedInferAttentionScore,AI_CORE,AI_CORE,1704161511667634.250,64.668,5.173,24,"[[1,1024],[1024,4096]]","[[1,4096]]",0.18,0.44
0,RmsNorm,AI_VECTOR_CORE,AI_VECTOR_CORE,1704161511667699.000,24.271,1.942,24,"[[1,1024],[1024,4096]]","[[1,4096]]",0.05,0.3
0,MatMulV2,AI_CORE,AI_CORE,1704161511667723.250,122.065,9.765,24,"[[1,1024],[1024,4096]]","[[1,4096]]",0.18,0.44
0,FusedInferAttentionScore,AI_CORE,AI_CORE,1704161511667845.250,71.183,5.695,24,"[[1,1024],[1024,4096]]","[[1,4096]]",0.18,0.44
0,RmsNorm,AI_VECTOR_CORE,AI_VECTOR_CORE,1704161511667916.500,22.802,1.824,24,"[[1,1024],[1024,4096]]","[[1,4096]]",0.05,0.3
0,MatMulV2,AI_CORE,AI_CORE,1704161511667939.250,110.832,8.867,24,"[[1,1024],[1024,4096]]","[[1,4096]]",0.18,0.44
0,FusedInferAttentionScore,AI_CORE,AI_CORE,1704161511668050.000,65.919,5.274,24,"[[1,1024],[1024,4096]]","[[1,4096]]",0.18,0.44
0,RmsNorm,AI_VECTOR_CORE,AI_VECTOR_CORE,1704161511668116.000,20.821,1.666,24,"[[1,1024],[1024,4096]]","[[1,4096]]",0.05,0.3
0,MatMulV2,AI_CORE,AI_CORE,1704161511668136.750,124.764,9.981,24,"[[1,1024],[1024,4096]]","[[1,4096]]",0.18,0.44
0,FusedInferAttentionScore,AI_CORE,AI_CORE,1704161511668261.500,67.213,5.377,24,"[[1,1024],[1024,4096]]","[[1,4096]]",0.18,0.44
0,RmsNorm,AI_VECTOR_CORE,AI_VECTOR_CORE,1704161511668328.750,27.912,2.233,24,"[[1,1024],[1024,4096]]","[[1,4096]]",0.05,0.3
0,MatMulV2,AI_CORE,AI_CORE,1704161511668356.750,119.278,9.542,24,"[[1,1024],[1024,4096]]","[[1,4096]]",0.18,0.44
0,FusedInferAttentionScore,AI_CORE,AI_CORE,1704161511668476.000,67.304,5.384,24,"[[1,1024],[1024,4096]]","[[1,4096]]",0.18,0.44
0,RmsNorm,AI_VECTOR_CORE,AI_VECTOR_CORE,1704161511668543.250,20.963,1.677,24,"[[1,1024],[1024,4096]]","[[1,4096]]",0.05,0.3
0,MatMulV2,AI_CORE,AI_CORE,1704161511668564.250,112.333,8.987,24,"[[1,1024],[1024,4096]]","[[1,4096]]",0.18,0.44
0,FusedInferAttentionScore,AI_CORE,AI_CORE,1704161511668676.500,72.111,5.769,24,"[[1,1024],[1024,4096]]","[[1,4096]]",0.18,0.44
0,RmsNorm,AI_VECTOR_CORE,AI_VECTOR_CORE,1704161511668748.500,24.833,1.987,24,"[[1,1024],[1024,4096]]","[[1,4096]]",0.05,0.3
0,MatMulV2,AI_CORE,AI_CORE,1704161511668773.250,127.047,10.164,24,"[[1,1024],[1024,4096]]","[[1,4096]]",0.18,0.44
0,FusedInferAttentionScore,AI_CORE,AI_CORE,1704161511668900.250,69.871,5.590,24,"[[1,1024],[1024,4096]]","[[1,4096]]",0.18,0.44
0,RmsNorm,AI_VECTOR_CORE,AI_VECTOR_CORE,1704161511668970.000,24.510,1.961,24,"[[1,1024],[1024,4096]]","[[1,4096]]",0.05,0.3
0,MatMulV2,AI_CORE,AI_CORE,1704161511668994.500,120.458,9.637,24,"[[1,1024],[1024,4096]]","[[1,4096]]",0.18,0.44
0,FusedInferAttentionScore,AI_CORE,AI_CORE,1704161511669115.000,69.746,5.580,24,"[[1,1024],[1024,4096]]","[[1,4096]]",0.18,0.44
0,RmsNorm,AI_VECTOR_CORE,AI_VECTOR_CORE,1704161511669184.750,25.707,2.057,24,"[[1,1024],[1024,4096]]","[[1,4096]]",0.05,0.3
0,MatMulV2,AI_CORE,AI_CORE,1704161511669210.500,129.811,10.385,24,"[[1,1024],[1024,4096]]","[[1,4096]]",0.18,0.44
0,FusedInferAttentionScore,AI_CORE,AI_CORE,1704161511669340.250,74.967,5.997,24,"[[1,1024],[1024,4096]]","[[1,4096]]",0.18,0.44
0,RmsNorm,AI_VECTOR_CORE,AI_VECTOR_CORE,1704161511669415.250,26.431,2.114,24,"[[1,1024],[1024,4096]]","[[1,4096]]",0.05,0.3
0,MatMulV2,AI_CORE,AI_CORE,1704161511669441.750,129.746,10.380,24,"[[1,1024],[1024,4096]]","[[1,4096]]",0.18,0.44
0,FusedInferAttentionScore,AI_CORE,AI_CORE,1704161511669571.500,68.639,5.491,24,"[[1,1024],[1024,4096]]","[[1,4096]]",0.18,0.44
0,RmsNorm,AI_VECTOR_CORE,AI_VECTOR_CORE,1704161511669640.250,19.697,1.576,24,"[[1,1024],[1024,4096]]","[[1,4096]]",0.05,0.3
0,MatMulV2,AI_CORE,AI_CORE,1704161511669660.000,131.751,10.540,24,"[[1,1024],[1024,4096]]","[[1,4096]]",0.18,0.44
0,FusedInferAttentionScore,AI_CORE,AI_CORE,1704161511669791.750,65.779,5.262,24,"[[1,1024],[1024,4096]]","[[1,4096]]",0.18,0.44
0,RmsNorm,AI_VECTOR_CORE,AI_VECTOR_CORE,1704161511669857.500,25.122,2.010,24,"[[1,1024],[1024,4096]]","[[1,4096]]",0.05,0.3
0,MatMulV2,AI_CORE,AI_CORE,1704161511669882.500,127.276,10.182,24,"[[1,1024],[1024,4096]]","[[1,4096]]",0.18,0.44
0,FusedInferAttentionScore,AI_CORE,AI_CORE,1704161511670009.750,64.688,5.175,24,"[[1,1024],[1024,4096]]","[[1,4096]]",0.18,0.44
0,RmsNorm,AI_VECTOR_CORE,AI_VECTOR_CORE,1704161511670074.500,24.751,1.980,24,"[[1,1024],[1024,4096]]","[[1,4096]]",0.05,0.3
0,MatMulV2,AI_CORE,AI_CORE,1704161511670099.250,129.856,10.388,24,"[[1,1024],[1024,4096]]","[[1,4096]]",0.18,0.44
0,FusedInferAttentionScore,AI_CORE,AI_CORE,1704161511670229.000,70.254,5.620,24,"[[1,1024],[1024,4096]]","[[1,4096]]",0.18,0.44
0,RmsNorm,AI_VECTOR_CORE,AI_VECTOR_CORE,1704161511670299.250,26.476,2.118,24,"[[1,1024],[1024,4096]]","[[1,4096]]",0.05,0.3
0,MatMulV2,AI_CORE,AI_CORE,1704161511670325.750,121.644,9.732,24,"[[1,1024],[1024,4096]]","[[1,4096]]",0.18,0.44
0,FusedInferAttentionScore,AI_CORE,AI_CORE,1704161511670447.500,71.274,5.702,24,"[[1,1024],[1024,4096]]","[[1,4096]]",0.18,0.44
0,RmsNorm,AI_VECTOR_CORE,AI_VECTOR_CORE,1704161511670518.750,19.975,1.598,24,"[[1,1024],[1024,4096]]","[[1,4096]]",0.05,0.3
0,MatMulV2,AI_CORE,AI_CORE,1704161511670538.750,123.715,9.897,24,"[[1,1024],[1024,4096]]","[[1,4096]]",0.18,0.44
0,FusedInferAttentionScore,AI_CORE,AI_CORE,1704161511670662.500,67.392,5.391,24,"[[1,1024],[1024,4096]]","[[1,4096]]",0.18,0.44
0,RmsNorm,AI_VECTOR_CORE,AI_VECTOR_CORE,1704161511670730.000,24.550,1.964,24,"[[1,1024],[1024,4096]]","[[1,4096]]",0.05,0.3
0,MatMulV2,AI_CORE,AI_CORE,1704161511670754.500,111.510,8.921,24,"[[1,1024],[1024,4096]]","[[1,4096]]",0.18,0.44
0,FusedInferAttentionScore,AI_CORE,AI_CORE,1704161511670866.000,76.744,6.140,24,"[[1,1024],[1024,4096]]","[[1,4096]]",0.18,0.44
0,RmsNorm,AI_VECTOR_CORE,AI_VECTOR_CORE,1704161511670942.750,27.394,2.192,24,"[[1,1024],[1024,4096]]","[[1,4096]]",0.05,0.3
0,MatMulV2,AI_CORE,AI_CORE,1704161511670970.250,126.819,10.145,24,"[[1,1024],[1024,4096]]","[[1,4096]]",0.18,0.44
0,FusedInferAttentionScore,AI_CORE,AI_CORE,1704161511671097.000,72.911,5.833,24,"[[1,1024],[1024,4096]]","[[1,4096]]",0.18,0.44
0,RmsNorm,AI_VECTOR_CORE,AI_VECTOR_CORE,1704161511671170.000,26.036,2.083,24,"[[1,1024],[1024,4096]]","[[1,4096]]",0.05,0.3
0,MatMulV2,AI_CORE,AI_CORE,1704161511671196.000,127.644,10.212,24,"[[1,1024],[1024,4096]]","[[1,4096]]",0.18,0.44
0,FusedInferAttentionScore,AI_CORE,AI_CORE,1704161511671323.750,69.263,5.541,24,"[[1,1024],[1024,4096]]","[[1,4096]]",0.18,0.44
0,RmsNorm,AI_VECTOR_CORE,AI_VECTOR_CORE,1704161511671393.000,26.330,2.106,24,"[[1,1024],[1024,4096]]","[[1,4096]]",0.05,0.3
0,MatMulV2,AI_CORE,AI_CORE,1704161511671419.250,131.355,10.508,24,"[[1,1024],[1024,4096]]","[[1,4096]]",0.18,0.44
0,FusedInferAttentionScore,AI_CORE,AI_CORE,1704161511671550.500,68.294,5.464,24,"[[1,1024],[1024,4096]]","[[1,4096]]",0.18,0.44
0,RmsNorm,AI_VECTOR_CORE,AI_VECTOR_CORE,1704161511671618.750,22.525,1.802,24,"[[1,1024],[1024,4096]]","[[1,4096]]",0.05,0.3
0,MatMulV2,AI_CORE,AI_CORE,1704161511671641.250,108.475,8.678,24,"[[1,1024],[1024,4096]]","[[1,4096]]",0.18,0.44
0,FusedInferAttentionScore,AI_CORE,AI_CORE,1704161511671749.750,73.046,5.844,24,"[[1,1024],[1024,4096]]","[[1,4096]]",0.18,0.44
0,RmsNorm,AI_VECTOR_CORE,AI_VECTOR_CORE,1704161511671822.750,26.766,2.141,24,"[[1,1024],[1024,4096]]","[[1,4096]]",0.05,0.3
0,MatMulV2,AI_CORE,AI_CORE,1704161511671849.500,122.505,9.800,24,"[[1,1024],[1024,4096]]","[[1,4096]]",0.18,0.44
0,FusedInferAttentionScore,AI_CORE,AI_CORE,1704161511671972.000,67.204,5.376,24,"[[1,1024],[1024,4096]]","[[1,4096]]",0.18,0.44
0,RmsNorm,AI_VECTOR_CORE,AI_VECTOR_CORE,1704161511672039.250,25.783,2.063,24,"[[1,1024],[1024,4096]]","[[1,4096]]",0.05,0.3
0,MatMulV2,AI_CORE,AI_CORE,1704161511672065.000,113.135,9.051,24,"[[1,1024],[1024,4096]]","[[1,4096]]",0.18,0.44
0,FusedInferAttentionScore,AI_CORE,AI_CORE,1704161511672178.250,69.966,5.597,24,"[[1,1024],[1024,4096]]","[[1,4096]]",0.18,0.44
0,RmsNorm,AI_VECTOR_CORE,AI_VECTOR_CORE,1704161511672248.250,23.314,1.865,24,"[[1,1024],[1024,4096]]","[[1,4096]]",0.05,0.3
0,MatMulV2,AI_CORE,AI_CORE,1704161511672271.500,118.239,9.459,24,"[[1,1024],[1024,4096]]","[[1,4096]]",0.18,0.44
0,FusedInferAttentionScore,AI_CORE,AI_CORE,1704161511672389.750,67.278,5.382,24,"[[1,1024],[1024,4096]]","[[1,4096]]",0.18,0.44
0,RmsNorm,AI_VECTOR_CORE,AI_VECTOR_CORE,1704161511672457.000,22.011,1.761,24,"[[1,1024],[1024,4096]]","[[1,4096]]",0.05,0.3
0,MatMulV2,AI_CORE,AI_CORE,1704161511672479.000,128.009,10.241,24,"[[1,1024],[1024,4096]]","[[1,4096]]",0.18,0.44
0,FusedInferAttentionScore,AI_CORE,AI_CORE,1704161511672607.000,72.529,5.802,24,"[[1,1024],[1024,4096]]","[[1,4096]]",0.18,0.44
0,RmsNorm,AI_VECTOR_CORE,AI_VECTOR_CORE,1704161511672679.500,21.784,1.743,24,"[[1,1024],[1024,4096]]","[[1,4096]]",0.05,0.3
0,MatMulV2,AI_CORE,AI_CORE,1704161511672701.250,114.618,9.169,24,"[[1,1024],[1024,4096]]","[[1,4096]]",0.18,0.44
0,FusedInferAttentionScore,AI_CORE,AI_CORE,1704161511672815.750,69.295,5.544,24,"[[1,1024],[1024,4096]]","[[1,4096]]",0.18,0.44
0,RmsNorm,AI_VECTOR_CORE,AI_VECTOR_CORE,1704161511672885.000,27.522,2.202,24,"[[1,1024],[1024,4096]]","[[1,4096]]",0.05,0.3
0,MatMulV2,AI_CORE,AI_CORE,1704161511672912.500,114.779,9.182,24,"[[1,1024],[1024,4096]]","[[1,4096]]",0.18,0.44
0,FusedInferAttentionScore,AI_CORE,AI_CORE,1704161511673027.250,68.235,5.459,24,"[[1,1024],[1024,4096]]","[[1,4096]]",0.18,0.44
0,RmsNorm,AI_VECTOR_CORE,AI_VECTOR_CORE,1704161511673095.500,23.157,1.853,24,"[[1,1024],[1024,4096]]","[[1,4096]]",0.05,0.3
0,MatMulV2,AI_CORE,AI_CORE,1704161511673118.750,128.583,10.287,24,"[[1,1024],[1024,4096]]","[[1,4096]]",0.18,0.44
0,FusedInferAttentionScore,AI_CORE,AI_CORE,1704161511673247.250,65.721,5.258,24,"[[1,1024],[1024,4096]]","[[1,4096]]",0.18,0.44
0,RmsNorm,AI_VECTOR_CORE,AI_VECTOR_CORE,1704161511673313.000,25.005,2.000,24,"[[1,1024],[1024,4096]]","[[1,4096]]",0.05,0.3
0,MatMulV2,AI_CORE,AI_CORE,1704161511688200.000,113.158,9.053,24,"[[1,1024],[1024,4096]]","[[1,4096]]",0.18,0.44
0,FusedInferAttentionScore,AI_CORE,AI_CORE,1704161511688313.250,75.912,6.073,24,"[[1,1024],[1024,4096]]","[[1,4096]]",0.18,0.44
0,RmsNorm,AI_VECTOR_CORE,AI_VECTOR_CORE,1704161511688389.250,27.397,2.192,24,"[[1,1024],[1024,4096]]","[[1,4096]]",0.05,0.3
0,MatMulV2,AI_CORE,AI_CORE,1704161511688676.750,109.424,8.754,24,"[[1,1024],[1024,4096]]","[[1,4096]]",0.18,0.44
0,FusedInferAttentionScore,AI_CORE,AI_CORE,1704161511688786.250,73.322,5.866,24,"[[1,1024],[1024,4096]]","[[1,4096]]",0.18,0.44
0,RmsNorm,AI_VECTOR_CORE,AI_VECTOR_CORE,1704161511688859.500,26.135,2.091,24,"[[1,1024],[1024,4096]]","[[1,4096]]",0.05,0.3
0,MatMulV2,AI_CORE,AI_CORE,1704161511688885.750,116.512,9.321,24,"[[1,1024],[1024,4096]]","[[1,4096]]",0.18,0.44
0,FusedInferAttentionScore,AI_CORE,AI_CORE,1704161511689002.250,76.375,6.110,24,"[[1,1024],[1024,4096]]","[[1,4096]]",0.18,0.44
0,RmsNorm,AI_VECTOR_CORE,AI_VECTOR_CORE,1704161511689078.500,22.589,1.807,24,"[[1,1024],[1024,4096]]","[[1,4096]]",0.05,0.3
0,MatMulV2,AI_CORE,AI_CORE,1704161511689101.000,126.048,10.084,24,"[[1,1024],[1024,4096]]","[[1,4096]]",0.18,0.44
0,FusedInferAttentionScore,AI_CORE,AI_CORE,1704161511689227.000,73.227,5.858,24,"[[1,1024],[1024,4096]]","[[1,4096]]",0.18,0.44
0,RmsNorm,AI_VECTOR_CORE,AI_VECTOR_CORE,1704161511689300.250,19.546,1.564,24,"[[1,1024],[1024,4096]]","[[1,4096]]",0.05,0.3
0,MatMulV2,AI_CORE,AI_CORE,1704161511689319.750,122.886,9.831,24,"[[1,1024],[1024,4096]]","[[1,4096]]",0.18,0.44
0,FusedInferAttentionScore,AI_CORE,AI_CORE,1704161511689442.750,76.797,6.144,24,"[[1,1024],[1024,4096]]","[[1,4096]]",0.18,0.44
0,RmsNorm,AI_VECTOR_CORE,AI_VECTOR_CORE,1704161511689519.500,26.054,2.084,24,"[[1,1024],[1024,4096]]","[[1,4096]]",0.05,0.3
0,MatMulV2,AI_CORE,AI_CORE,1704161511689545.500,114.546,9.164,24,"[[1,1024],[1024,4096]]","[[1,4096]]",0.18,0.44
0,FusedInferAttentionScore,AI_CORE,AI_CORE,1704161511689660.000,71.020,5.682,24,"[[1,1024],[1024,4096]]","[[1,4096]]",0.18,0.44
0,RmsNorm,AI_VECTOR_CORE,AI_VECTOR_CORE,1704161511689731.000,28.093,2.247,24,"[[1,1024],[1024,4096]]","[[1,4096]]",0.05,0.3
0,MatMulV2,AI_CORE,AI_CORE,1704161511689759.000,131.134,10.491,24,"[[1,1024],[1024,4096]]","[[1,4096]]",0.18,0.44
0,FusedInferAttentionScore,AI_CORE,AI_CORE,1704161511689890.250,76.354,6.108,24,"[[1,1024],[1024,4096]]","[[1,4096]]",0.18,0.44
0,RmsNorm,AI_VECTOR_CORE,AI_VECTOR_CORE,1704161511689966.500,28.528,2.282,24,"[[1,1024],[1024,4096]]","[[1,4096]]",0.05,0.3
0,MatMulV2,AI_CORE,AI_CORE,1704161511689995.000,116.639,9.331,24,"[[1,1024],[1024,4096]]","[[1,4096]]",0.18,0.44
0,FusedInferAttentionScore,AI_CORE,AI_CORE,1704161511690111.750,70.468,5.637,24,"[[1,1024],[1024,4096]]","[[1,4096]]",0.18,0.44
0,RmsNorm,AI_VECTOR_CORE,AI_VECTOR_CORE,1704161511690182.250,20.282,1.623,24,"[[1,1024],[1024,4096]]","[[1,4096]]",0.05,0.3
0,MatMulV2,AI_CORE,AI_CORE,1704161511690202.500,118.463,9.477,24,"[[1,1024],[1024,4096]]","[[1,4096]]",0.18,0.44
0,FusedInferAttentionScore,AI_CORE,AI_CORE,1704161511690321.000,63.614,5.089,24,"[[1,1024],[1024,4096]]","[[1,4096]]",0.18,0.44
0,RmsNorm,AI_VECTOR_CORE,AI_VECTOR_CORE,1704161511690384.500,27.879,2.230,24,"[[1,1024],[1024,4096]]","[[1,4096]]",0.05,0.3
0,MatMulV2,AI_CORE,AI_CORE,1704161511690412.500,108.077,8.646,24,"[[1,1024],[1024,4096]]","[[1,4096]]",0.18,0.44
0,FusedInferAttentionScore,AI_CORE,AI_CORE,1704161511690520.500,71.632,5.731,24,"[[1,1024],[1024,4096]]","[[1,4096]]",0.18,0.44
0,RmsNorm,AI_VECTOR_CORE,AI_VECTOR_CORE,1704161511690592.250,28.504,2.280,24,"[[1,1024],[1024,4096]]","[[1,4096]]",0.05,0.3
0,MatMulV2,AI_CORE,AI_CORE,1704161511690620.750,115.664,9.253,24,"[[1,1024],[1024,4096]]","[[1,4096]]",0.18,0.44
0,FusedInferAttentionScore,AI_CORE,AI_CORE,1704161511690736.500,69.063,5.525,24,"[[1,1024],[1024,4096]]","[[1,4096]]",0.18,0.44
0,RmsNorm,AI_VECTOR_CORE,AI_VECTOR_CORE,1704161511690805.500,26.950,2.156,24,"[[1,1024],[1024,4096]]","[[1,4096]]",0.05,0.3
0,MatMulV2,AI_CORE,AI_CORE,1704161511690832.500,119.627,9.570,24,"[[1,1024],[1024,4096]]","[[1,4096]]",0.18,0.44
0,FusedInferAttentionScore,AI_CORE,AI_CORE,1704161511690952.250,64.338,5.147,24,"[[1,1024],[1024,4096]]","[[1,4096]]",0.18,0.44
0,RmsNorm,AI_VECTOR_CORE,AI_VECTOR_CORE,1704161511691016.500,23.570,1.886,24,"[[1,1024],[1024,4096]]","[[1,4096]]",0.05,0.3
0,MatMulV2,AI_CORE,AI_CORE,1704161511691040.000,121.847,9.748,24,"[[1,1024],[1024,4096]]","[[1,4096]]",0.18,0.44
0,FusedInferAttentionScore,AI_CORE,AI_CORE,1704161511691161.750,64.510,5.161,24,"[[1,1024],[1024,4096]]","[[1,4096]]",0.18,0.44
0,RmsNorm,AI_VECTOR_CORE,AI_VECTOR_CORE,1704161511691226.250,20.008,1.601,24,"[[1,1024],[1024,4096]]","[[1,4096]]",0.05,0.3
0,MatMulV2,AI_CORE,AI_CORE,1704161511691246.250,125.552,10.044,24,"[[1,1024],[1024,4096]]","[[1,4096]]",0.18,0.44
0,FusedInferAttentionScore,AI_CORE,AI_CORE,1704161511691371.750,64.508,5.161,24,"[[1,1024],[1024,4096]]","[[1,4096]]",0.18,0.44
0,RmsNorm,AI_VECTOR_CORE,AI_VECTOR_CORE,1704161511691436.250,27.457,2.197,24,"[[1,1024],[1024,4096]]","[[1,4096]]",0.05,0.3
0,MatMulV2,AI_CORE,AI_CORE,1704161511691463.750,122.678,9.814,24,"[[1,1024],[1024,4096]]","[[1,4096]]",0.18,0.44
0,FusedInferAttentionScore,AI_CORE,AI_CORE,1704161511691586.500,73.361,5.869,24,"[[1,1024],[1024,4096]]","[[1,4096]]",0.18,0.44
0,RmsNorm,AI_VECTOR_CORE,AI_VECTOR_CORE,1704161511691659.750,25.379,2.030,24,"[[1,1024],[1024,4096]]","[[1,4096]]",0.05,0.3
0,MatMulV2,AI_CORE,AI_CORE,1704161511691685.250,131.602,10.528,24,"[[1,1024],[1024,4096]]","[[1,4096]]",0.18,0.44
0,FusedInferAttentionScore,AI_CORE,AI_CORE,1704161511691816.750,67.383,5.391,24,"[[1,1024],[1024,4096]]","[[1,4096]]",0.18,0.44
0,RmsNorm,AI_VECTOR_CORE,AI_VECTOR_CORE,1704161511691884.250,22.655,1.812,24,"[[1,1024],[1024,4096]]","[[1,4096]]",0.05,0.3
0,MatMulV2,AI_CORE,AI_CORE,1704161511691907.000,116.111,9.289,24,"[[1,1024],[1024,4096]]","[[1,4096]]",0.18,0.44
0,FusedInferAttentionScore,AI_CORE,AI_CORE,1704161511692023.000,71.772,5.742,24,"[[1,1024],[1024,4096]]","[[1,4096]]",0.18,0.44
0,RmsNorm,AI_VECTOR_CORE,AI_VECTOR_CORE,1704161511692094.750,20.301,1.624,24,"[[1,1024],[1024,4096]]","[[1,4096]]",0.05,0.3
0,MatMulV2,AI_CORE,AI_CORE,1704161511692115.000,126.494,10.120,24,"[[1,1024],[1024,4096]]","[[1,4096]]",0.18,0.44
0,FusedInferAttentionScore,AI_CORE,AI_CORE,1704161511692241.500,71.605,5.728,24,"[[1,1024],[1024,4096]]","[[1,4096]]",0.18,0.44
0,RmsNorm,AI_VECTOR_CORE,AI_VECTOR_CORE,1704161511692313.000,22.909,1.833,24,"[[1,1024],[1024,4096]]","[[1,4096]]",0.05,0.3
0,MatMulV2,AI_CORE,AI_CORE,1704161511692336.000,121.622,9.730,24,"[[1,1024],[1024,4096]]","[[1,4096]]",0.18,0.44
0,FusedInferAttentionScore,AI_CORE,AI_CORE,1704161511692457.500,72.680,5.814,24,"[[1,1024],[1024,4096]]","[[1,4096]]",0.18,0.44
0,RmsNorm,AI_VECTOR_CORE,AI_VECTOR_CORE,1704161511692530.250,27.560,2.205,24,"[[1,1024],[1024,4096]]","[[1,4096]]",0.05,0.3
0,MatMulV2,AI_CORE,AI_CORE,1704161511692557.750,112.898,9.032,24,"[[1,1024],[1024,4096]]","[[1,4096]]",0.18,0.44
0,FusedInferAttentionScore,AI_CORE,AI_CORE,1704161511692670.750,76.191,6.095,24,"[[1,1024],[1024,4096]]","[[1,4096]]",0.18,0.44
0,RmsNorm,AI_VECTOR_CORE,AI_VECTOR_CORE,1704161511692747.000,26.959,2.157,24,"[[1,1024],[1024,4096]]","[[1,4096]]",0.05,0.3
0,MatMulV2,AI_CORE,AI_CORE,1704161511692774.000,124.947,9.996,24,"[[1,1024],[1024,4096]]","[[1,4096]]",0.18,0.44
0,FusedInferAttentionScore,AI_CORE,AI_CORE,1704161511692899.000,70.699,5.656,24,"[[1,1024],[1024,4096]]","[[1,4096]]",0.18,0.44
0,RmsNorm,AI_VECTOR_CORE,AI_VECTOR_CORE,1704161511692969.750,27.538,2.203,24,"[[1,1024],[1024,4096]]","[[1,4096]]",0.05,0.3
0,MatMulV2,AI_CORE,AI_CORE,1704161511692997.250,121.922,9.754,24,"[[1,1024],[1024,4096]]","[[1,4096]]",0.18,0.44
0,FusedInferAttentionScore,AI_CORE,AI_CORE,1704161511693119.250,64.363,5.149,24,"[[1,1024],[1024,4096]]","[[1,4096]]",0.18,0.44
0,RmsNorm,AI_VECTOR_CORE,AI_VECTOR_CORE,1704161511693183.500,28.089,2.247,24,"[[1,1024],[1024,4096]]","[[1,4096]]",0.05,0.3
0,MatMulV2,AI_CORE,AI_CORE,1704161511693211.500,126.309,10.105,24,"[[1,1024],[1024,4096]]","[[1,4096]]",0.18,0.44
0,FusedInferAttentionScore,AI_CORE,AI_CORE,1704161511693337.750,71.904,5.752,24,"[[1,1024],[1024,4096]]","[[1,4096]]",0.18,0.44
0,RmsNorm,AI_VECTOR_CORE,AI_VECTOR_CORE,1704161511693409.750,22.058,1.765,24,"[[1,1024],[1024,4096]]","[[1,4096]]",0.05,0.3
0,MatMulV2,AI_CORE,AI_CORE,1704161511693431.750,115.093,9.207,24,"[[1,1024],[1024,4096]]","[[1,4096]]",0.18,0.44
0,FusedInferAttentionScore,AI_CORE,AI_CORE,1704161511693546.750,72.271,5.782,24,"[[1,1024],[1024,4096]]","[[1,4096]]",0.18,0.44
0,RmsNorm,AI_VECTOR_CORE,AI_VECTOR_CORE,1704161511693619.000,21.870,1.750,24,"[[1,1024],[1024,4096]]","[[1,4096]]",0.05,0.3
0,MatMulV2,AI_CORE,AI_CORE,1704161511693640.750,124.163,9.933,24,"[[1,1024],[1024,4096]]","[[1,4096]]",0.18,0.44
0,FusedInferAttentionScore,AI_CORE,AI_CORE,1704161511693765.000,68.478,5.478,24,"[[1,1024],[1024,4096]]","[[1,4096]]",0.18,0.44
0,RmsNorm,AI_VECTOR_CORE,AI_VECTOR_CORE,1704161511693833.500,19.623,1.570,24,"[[1,1024],[1024,4096]]","[[1,4096]]",0.05,0.3
0,MatMulV2,AI_CORE,AI_CORE,1704161511693853.000,109.845,8.788,24,"[[1,1024],[1024,4096]]","[[1,4096]]",0.18,0.44
0,FusedInferAttentionScore,AI_CORE,AI_CORE,1704161511693962.750,76.578,6.126,24,"[[1,1024],[1024,4096]]","[[1,4096]]",0.18,0.44
0,RmsNorm,AI_VECTOR_CORE,AI_VECTOR_CORE,1704161511694039.250,21.701,1.736,24,"[[1,1024],[1024,4096]]","[[1,4096]]",0.05,0.3
0,MatMulV2,AI_CORE,AI_CORE,1704161511694061.000,130.418,10.433,24,"[[1,1024],[1024,4096]]","[[1,4096]]",0.18,0.44
0,FusedInferAttentionScore,AI_CORE,AI_CORE,1704161511694191.500,70.244,5.620,24,"[[1,1024],[1024,4096]]","[[1,4096]]",0.18,0.44
0,RmsNorm,AI_VECTOR_CORE,AI_VECTOR_CORE,1704161511694261.750,28.463,2.277,24,"[[1,1024],[1024,4096]]","[[1,4096]]",0.05,0.3
0,MatMulV2,AI_CORE,AI_CORE,1704161511694290.250,120.503,9.640,24,"[[1,1024],[1024,4096]]","[[1,4096]]",0.18,0.44
0,FusedInferAttentionScore,AI_CORE,AI_CORE,1704161511694410.750,64.928,5.194,24,"[[1,1024],[1024,4096]]","[[1,4096]]",0.18,0.44
0,RmsNorm,AI_VECTOR_CORE,AI_VECTOR_CORE,1704161511694475.750,24.553,1.964,24,"[[1,1024],[1024,4096]]","[[1,4096]]",0.05,0.3
0,MatMulV2,AI_CORE,AI_CORE,1704161511694500.250,121.184,9.695,24,"[[1,1024],[1024,4096]]","[[1,4096]]",0.18,0.44
0,FusedInferAttentionScore,AI_CORE,AI_CORE,1704161511694621.500,67.063,5.365,24,"[[1,1024],[1024,4096]]","[[1,4096]]",0.18,0.44
0,RmsNorm,AI_VECTOR_CORE,AI_VECTOR_CORE,1704161511694688.500,28.579,2.286,24,"[[1,1024],[1024,4096]]","[[1,4096]]",0.05,0.3
0,MatMulV2,AI_CORE,AI_CORE,1704161511694717.000,130.765,10.461,24,"[[1,1024],[1024,4096]]","[[1,4096]]",0.18,0.44
0,FusedInferAttentionScore,AI_CORE,AI_CORE,1704161511694847.750,65.281,5.222,24,"[[1,1024],[1024,4096]]","[[1,4096]]",0.18,0.44
0,RmsNorm,AI_VECTOR_CORE,AI_VECTOR_CORE,1704161511694913.000,22.917,1.833,24,"[[1,1024],[1024,4096]]","[[1,4096]]",0.05,0.3
0,MatMulV2,AI_CORE,AI_CORE,1704161511694936.000,114.997,9.200,24,"[[1,1024],[1024,4096]]","[[1,4096]]",0.18,0.44
0,FusedInferAttentionScore,AI_CORE,AI_CORE,1704161511695051.000,76.113,6.089,24,"[[1,1024],[1024,4096]]","[[1,4096]]",0.18,0.44
0,RmsNorm,AI_VECTOR_CORE,AI_VECTOR_CORE,1704161511695127.000,28.386,2.271,24,"[[1,1024],[1024,4096]]","[[1,4096]]",0.05,0.3
0,MatMulV2,AI_CORE,AI_CORE,1704161511695155.500,121.689,9.735,24,"[[1,1024],[1024,4096]]","[[1,4096]]",0.18,0.44
0,FusedInferAttentionScore,AI_CORE,AI_CORE,1704161511695277.250,64.135,5.131,24,"[[1,1024],[1024,4096]]","[[1,4096]]",0.18,0.44
0,RmsNorm,AI_VECTOR_CORE,AI_VECTOR_CORE,1704161511695341.500,24.543,1.963,24,"[[1,1024],[1024,4096]]","[[1,4096]]",0.05,0.3
0,MatMulV2,AI_CORE,AI_CORE,1704161511710200.000,128.832,10.307,24,"[[1,1024],[1024,4096]]","[[1,4096]]",0.18,0.44
0,FusedInferAttentionScore,AI_CORE,AI_CORE,1704161511710328.750,75.902,6.072,24,"[[1,1024],[1024,4096]]","[[1,4096]]",0.18,0.44
0,RmsNorm,AI_VECTOR_CORE,AI_VECTOR_CORE,1704161511710404.750,22.250,1.780,24,"[[1,1024],[1024,4096]]","[[1,4096]]",0.05,0.3
0,MatMulV2,AI_CORE,AI_CORE,1704161511710687.000,118.420,9.474,24,"[[1,1024],[1024,4096]]","[[1,4096]]",0.18,0.44
0,FusedInferAttentionScore,AI_CORE,AI_CORE,1704161511710805.500,66.074,5.286,24,"[[1,1024],[1024,4096]]","[[1,4096]]",0.18,0.44
0,RmsNorm,AI_VECTOR_CORE,AI_VECTOR_CORE,1704161511710871.500,26.103,2.088,24,"[[1,1024],[1024,4096]]","[[1,4096]]",0.05,0.3
0,MatMulV2,AI_CORE,AI_CORE,1704161511710897.500,128.641,10.291,24,"[[1,1024],[1024,4096]]","[[1,4096]]",0.18,0.44
0,FusedInferAttentionScore,AI_CORE,AI_CORE,1704161511711026.250,66.004,5.280,24,"[[1,1024],[1024,4096]]","[[1,4096]]",0.18,0.44
0,RmsNorm,AI_VECTOR_CORE,AI_VECTOR_CORE,1704161511711092.250,25.855,2.068,24,"[[1,1024],[1024,4096]]","[[1,4096]]",0.05,0.3
0,MatMulV2,AI_CORE,AI_CORE,1704161511711118.000,124.531,9.962,24,"[[1,1024],[1024,4096]]","[[1,4096]]",0.18,0.44
0,FusedInferAttentionScore,AI_CORE,AI_CORE,1704161511711242.500,75.613,6.049,24,"[[1,1024],[1024,4096]]","[[1,4096]]",0.18,0.44
0,RmsNorm,AI_VECTOR_CORE,AI_VECTOR_CORE,1704161511711318.000,24.994,2.000,24,"[[1,1024],[1024,4096]]","[[1,4096]]",0.05,0.3
0,MatMulV2,AI_CORE,AI_CORE,1704161511711343.000,126.966,10.157,24,"[[1,1024],[1024,4096]]","[[1,4096]]",0.18,0.44
0,FusedInferAttentionScore,AI_CORE,AI_CORE,1704161511711470.000,74.606,5.969,24,"[[1,1024],[1024,4096]]","[[1,4096]]",0.18,0.44
0,RmsNorm,AI_VECTOR_CORE,AI_VECTOR_CORE,1704161511711544.500,19.929,1.594,24,"[[1,1024],[1024,4096]]","[[1,4096]]",0.05,0.3
0,MatMulV2,AI_CORE,AI_CORE,1704161511711564.500,130.060,10.405,24,"[[1,1024],[1024,4096]]","[[1,4096]]",0.18,0.44
0,FusedInferAttentionScore,AI_CORE,AI_CORE,1704161511711694.500,71.162,5.693,24,"[[1,1024],[1024,4096]]","[[1,4096]]",0.18,0.44
0,RmsNorm,AI_VECTOR_CORE,AI_VECTOR_CORE,1704161511711765.750,19.751,1.580,24,"[[1,1024],[1024,4096]]","[[1,4096]]",0.05,0.3
0,MatMulV2,AI_CORE,AI_CORE,1704161511711785.500,128.561,10.285,24,"[[1,1024],[1024,4096]]","[[1,4096]]",0.18,0.44
0,FusedInferAttentionScore,AI_CORE,AI_CORE,1704161511711914.000,67.734,5.419,24,"[[1,1024],[1024,4096]]","[[1,4096]]",0.18,0.44
0,RmsNorm,AI_VECTOR_CORE,AI_VECTOR_CORE,1704161511711981.750,23.076,1.846,24,"[[1,1024],[1024,4096]]","[[1,4096]]",0.05,0.3
0,MatMulV2,AI_CORE,AI_CORE,1704161511712004.750,128.109,10.249,24,"[[1,1024],[1024,4096]]","[[1,4096]]",0.18,0.44
0,FusedInferAttentionScore,AI_CORE,AI_CORE,1704161511712132.750,71.926,5.754,24,"[[1,1024],[1024,4096]]","[[1,4096]]",0.18,0.44
0,RmsNorm,AI_VECTOR_CORE,AI_VECTOR_CORE,1704161511712204.750,27.097,2.168,24,"[[1,1024],[1024,4096]]","[[1,4096]]",0.05,0.3
0,MatMulV2,AI_CORE,AI_CORE,1704161511712231.750,113.246,9.060,24,"[[1,1024],[1024,4096]]","[[1,4096]]",0.18,0.44
0,FusedInferAttentionScore,AI_CORE,AI_CORE,1704161511712345.000,73.918,5.913,24,"[[1,1024],[1024,4096]]","[[1,4096]]",0.18,0.44
0,RmsNorm,AI_VECTOR_CORE,AI_VECTOR_CORE,1704161511712419.000,21.620,1.730,24,"[[1,1024],[1024,4096]]","[[1,4096]]",0.05,0.3
0,MatMulV2,AI_CORE,AI_CORE,1704161511712440.500,122.029,9.762,24,"[[1,1024],[1024,4096]]","[[1,4096]]",0.18,0.44
0,FusedInferAttentionScore,AI_CORE,AI_CORE,1704161511712562.500,69.397,5.552,24,"[[1,1024],[1024,4096]]","[[1,4096]]",0.18,0.44
0,RmsNorm,AI_VECTOR_CORE,AI_VECTOR_CORE,1704161511712632.000,19.217,1.537,24,"[[1,1024],[1024,4096]]","[[1,4096]]",0.05,0.3
0,MatMulV2,AI_CORE,AI_CORE,1704161511712651.250,126.148,10.092,24,"[[1,1024],[1024,4096]]","[[1,4096]]",0.18,0.44
0,FusedInferAttentionScore,AI_CORE,AI_CORE,1704161511712777.500,70.478,5.638,24,"[[1,1024],[1024,4096]]","[[1,4096]]",0.18,0.44
0,RmsNorm,AI_VECTOR_CORE,AI_VECTOR_CORE,1704161511712848.000,21.449,1.716,24,"[[1,1024],[1024,4096]]","[[1,4096]]",0.05,0.3
0,MatMulV2,AI_CORE,AI_CORE,1704161511712869.500,117.405,9.392,24,"[[1,1024],[1024,4096]]","[[1,4096]]",0.18,0.44
0,FusedInferAttentionScore,AI_CORE,AI_CORE,1704161511712987.000,64.570,5.166,24,"[[1,1024],[1024,4096]]","[[1,4096]]",0.18,0.44
0,RmsNorm,AI_VECTOR_CORE,AI_VECTOR_CORE,1704161511713051.500,25.112,2.009,24,"[[1,1024],[1024,4096]]","[[1,4096]]",0.05,0.3
0,MatMulV2,AI_CORE,AI_CORE,1704161511713076.500,111.433,8.915,24,"[[1,1024],[1024,4096]]","[[1,4096]]",0.18,0.44
0,FusedInferAttentionScore,AI_CORE,AI_CORE,1704161511713188.000,66.670,5.334,24,"[[1,1024],[1024,4096]]","[[1,4096]]",0.18,0.44
0,RmsNorm,AI_VECTOR_CORE,AI_VECTOR_CORE,1704161511713254.750,21.257,1.701,24,"[[1,1024],[1024,4096]]","[[1,4096]]",0.05,0.3
0,MatMulV2,AI_CORE,AI_CORE,1704161511713276.000,121.539,9.723,24,"[[1,1024],[1024,4096]]","[[1,4096]]",0.18,0.44
0,FusedInferAttentionScore,AI_CORE,AI_CORE,1704161511713397.500,64.034,5.123,24,"[[1,1024],[1024,4096]]","[[1,4096]]",0.18,0.44
0,RmsNorm,AI_VECTOR_CORE,AI_VECTOR_CORE,1704161511713461.500,28.533,2.283,24,"[[1,1024],[1024,4096]]","[[1,4096]]",0.05,0.3
0,MatMulV2,AI_CORE,AI_CORE,1704161511713490.000,113.536,9.083,24,"[[1,1024],[1024,4096]]","[[1,4096]]",0.18,0.44
0,FusedInferAttentionScore,AI_CORE,AI_CORE,1704161511713603.500,75.716,6.057,24,"[[1,1024],[1024,4096]]","[[1,4096]]",0.18,0.44
0,RmsNorm,AI_VECTOR_CORE,AI_VECTOR_CORE,1704161511713679.250,22.393,1.791,24,"[[1,1024],[1024,4096]]","[[1,4096]]",0.05,0.3
0,MatMulV2,AI_CORE,AI_CORE,1704161511713701.750,126.439,10.115,24,"[[1,1024],[1024,4096]]","[[1,4096]]",0.18,0.44
0,FusedInferAttentionScore,AI_CORE,AI_CORE,1704161511713828.250,76.932,6.155,24,"[[1,1024],[1024,4096]]","[[1,4096]]",0.18,0.44
0,RmsNorm,AI_VECTOR_CORE,AI_VECTOR_CORE,1704161511713905.250,27.333,2.187,24,"[[1,1024],[1024,4096]]","[[1,4096]]",0.05,0.3
0,MatMulV2,AI_CORE,AI_CORE,1704161511713932.500,125.905,10.072,24,"[[1,1024],[1024,4096]]","[[1,4096]]",0.18,0.44
0,FusedInferAttentionScore,AI_CORE,AI_CORE,1704161511714058.500,73.708,5.897,24,"[[1,1024],[1024,4096]]","[[1,4096]]",0.18,0.44
0,RmsNorm,AI_VECTOR_CORE,AI_VECTOR_CORE,1704161511714132.250,27.297,2.184,24,"[[1,1024],[1024,4096]]","[[1,4096]]",0.05,0.3
0,MatMulV2,AI_CORE,AI_CORE,1704161511714159.500,123.296,9.864,24,"[[1,1024],[1024,4096]]","[[1,4096]]",0.18,0.44
0,FusedInferAttentionScore,AI_CORE,AI_CORE,1704161511714282.750,70.808,5.665,24,"[[1,1024],[1024,4096]]","[[1,4096]]",0.18,0.44
0,RmsNorm,AI_VECTOR_CORE,AI_VECTOR_CORE,1704161511714353.500,23.804,1.904,24,"[[1,1024],[1024,4096]]","[[1,4096]]",0.05,0.3
0,MatMulV2,AI_CORE,AI_CORE,1704161511714377.250,115.224,9.218,24,"[[1,1024],[1024,4096]]","[[1,4096]]",0.18,0.44
0,FusedInferAttentionScore,AI_CORE,AI_CORE,1704161511714492.500,71.381,5.710,24,"[[1,1024],[1024,4096]]","[[1,4096]]",0.18,0.44
0,RmsNorm,AI_VECTOR_CORE,AI_VECTOR_CORE,1704161511714564.000,26.550,2.124,24,"[[1,1024],[1024,4096]]","[[1,4096]]",0.05,0.3
0,MatMulV2,AI_CORE,AI_CORE,1704161511714590.500,124.474,9.958,24,"[[1,1024],[1024,4096]]","[[1,4096]]",0.18,0.44
0,FusedInferAttentionScore,AI_CORE,AI_CORE,1704161511714715.000,68.317,5.465,24,"[[1,1024],[1024,4096]]","[[1,4096]]",0.18,0.44
0,RmsNorm,AI_VECTOR_CORE,AI_VECTOR_CORE,1704161511714783.250,22.826,1.826,24,"[[1,1024],[1024,4096]]","[[1,4096]]",0.05,0.3
0,MatMulV2,AI_CORE,AI_CORE,1704161511714806.000,125.158,10.013,24,"[[1,1024],[1024,4096]]","[[1,4096]]",0.18,0.44
0,FusedInferAttentionScore,AI_CORE,AI_CORE,1704161511714931.250,74.768,5.981,24,"[[1,1024],[1024,4096]]","[[1,4096]]",0.18,0.44
0,RmsNorm,AI_VECTOR_CORE,AI_VECTOR_CORE,1704161511715006.000,22.515,1.801,24,"[[1,1024],[1024,4096]]","[[1,4096]]",0.05,0.3
0,MatMulV2,AI_CORE,AI_CORE,1704161511715028.500,120.995,9.680,24,"[[1,1024],[1024,4096]]","[[1,4096]]",0.18,0.44
0,FusedInferAttentionScore,AI_CORE,AI_CORE,1704161511715149.500,76.814,6.145,24,"[[1,1024],[1024,4096]]","[[1,4096]]",0.18,0.44
0,RmsNorm,AI_VECTOR_CORE,AI_VECTOR_CORE,1704161511715226.250,28.207,2.257,24,"[[1,1024],[1024,4096]]","[[1,4096]]",0.05,0.3
0,MatMulV2,AI_CORE,AI_CORE,1704161511715254.500,123.580,9.886,24,"[[1,1024],[1024,4096]]","[[1,4096]]",0.18,0.44
0,FusedInferAttentionScore,AI_CORE,AI_CORE,1704161511715378.000,74.729,5.978,24,"[[1,1024],[1024,4096]]","[[1,4096]]",0.18,0.44
0,RmsNorm,AI_VECTOR_CORE,AI_VECTOR_CORE,1704161511715452.750,22.383,1.791,24,"[[1,1024],[1024,4096]]","[[1,4096]]",0.05,0.3
0,MatMulV2,AI_CORE,AI_CORE,1704161511715475.250,119.518,9.561,24,"[[1,1024],[1024,4096]]","[[1,4096]]",0.18,0.44
0,FusedInferAttentionScore,AI_CORE,AI_CORE,1704161511715594.750,74.825,5.986,24,"[[1,1024],[1024,4096]]","[[1,4096]]",0.18,0.44
0,RmsNorm,AI_VECTOR_CORE,AI_VECTOR_CORE,1704161511715669.500,27.629,2.210,24,"[[1,1024],[1024,4096]]","[[1,4096]]",0.05,0.3
0,MatMulV2,AI_CORE,AI_CORE,1704161511715697.250,121.307,9.705,24,"[[1,1024],[1024,4096]]","[[1,4096]]",0.18,0.44
0,FusedInferAttentionScore,AI_CORE,AI_CORE,1704161511715818.500,65.349,5.228,24,"[[1,1024],[1024,4096]]","[[1,4096]]",0.18,0.44
0,RmsNorm,AI_VECTOR_CORE,AI_VECTOR_CORE,1704161511715883.750,19.813,1.585,24,"[[1,1024],[1024,4096]]","[[1,4096]]",0.05,0.3
0,MatMulV2,AI_CORE,AI_CORE,1704161511715903.500,114.828,9.186,24,"[[1,1024],[1024,4096]]","[[1,4096]]",0.18,0.44
0,FusedInferAttentionScore,AI_CORE,AI_CORE,1704161511716018.250,69.379,5.550,24,"[[1,1024],[1024,4096]]","[[1,4096]]",0.18,0.44
0,RmsNorm,AI_VECTOR_CORE,AI_VECTOR_CORE,1704161511716087.750,23.791,1.903,24,"[[1,1024],[1024,4096]]","[[1,4096]]",0.05,0.3
0,MatMulV2,AI_CORE,AI_CORE,1704161511716111.500,130.337,10.427,24,"[[1,1024],[1024,4096]]","[[1,4096]]",0.18,0.44
0,FusedInferAttentionScore,AI_CORE,AI_CORE,1704161511716241.750,63.219,5.057,24,"[[1,1024],[1024,4096]]","[[1,4096]]",0.18,0.44
0,RmsNorm,AI_VECTOR_CORE,AI_VECTOR_CORE,1704161511716305.000,22.779,1.822,24,"[[1,1024],[1024,4096]]","[[1,4096]]",0.05,0.3
0,MatMulV2,AI_CORE,AI_CORE,1704161511716327.750,117.818,9.425,24,"[[1,1024],[1024,4096]]","[[1,4096]]",0.18,0.44
0,FusedInferAttentionScore,AI_CORE,AI_CORE,1704161511716445.500,70.228,5.618,24,"[[1,1024],[1024,4096]]","[[1,4096]]",0.18,0.44
0,RmsNorm,AI_VECTOR_CORE,AI_VECTOR_CORE,1704161511716515.750,25.352,2.028,24,"[[1,1024],[1024,4096]]","[[1,4096]]",0.05,0.3
0,MatMulV2,AI_CORE,AI_CORE,1704161511716541.000,129.580,10.366,24,"[[1,1024],[1024,4096]]","[[1,4096]]",0.18,0.44
0,FusedInferAttentionScore,AI_CORE,AI_CORE,1704161511716670.500,71.587,5.727,24,"[[1,1024],[1024,4096]]","[[1,4096]]",0.18,0.44
0,RmsNorm,AI_VECTOR_CORE,AI_VECTOR_CORE,1704161511716742.000,22.012,1.761,24,"[[1,1024],[1024,4096]]","[[1,4096]]",0.05,0.3
0,MatMulV2,AI_CORE,AI_CORE,1704161511716764.000,118.975,9.518,24,"[[1,1024],[1024,4096]]","[[1,4096]]",0.18,0.44
0,FusedInferAttentionScore,AI_CORE,AI_CORE,1704161511716883.000,64.936,5.195,24,"[[1,1024],[1024,4096]]","[[1,4096]]",0.18,0.44
0,RmsNorm,AI_VECTOR_CORE,AI_VECTOR_CORE,1704161511716948.000,26.477,2.118,24,"[[1,1024],[1024,4096]]","[[1,4096]]",0.05,0.3
0,MatMulV2,AI_CORE,AI_CORE,1704161511716974.500,110.097,8.808,24,"[[1,1024],[1024,4096]]","[[1,4096]]",0.18,0.44
0,FusedInferAttentionScore,AI_CORE,AI_CORE,1704161511717084.500,73.386,5.871,24,"[[1,1024],[1024,4096]]","[[1,4096]]",0.18,0.44
0,RmsNorm,AI_VECTOR_CORE,AI_VECTOR_CORE,1704161511717158.000,24.845,1.988,24,"[[1,1024],[1024,4096]]","[[1,4096]]",0.05,0.3
0,MatMulV2,AI_CORE,AI_CORE,1704161511717182.750,131.363,10.509,24,"[[1,1024],[1024,4096]]","[[1,4096]]",0.18,0.44
0,FusedInferAttentionScore,AI_CORE,AI_CORE,1704161511717314.000,64.842,5.187,24,"[[1,1024],[1024,4096]]","[[1,4096]]",0.18,0.44
0,RmsNorm,AI_VECTOR_CORE,AI_VECTOR_CORE,1704161511717378.750,22.977,1.838,24,"[[1,1024],[1024,4096]]","[[1,4096]]",0.05,0.3
0,MatMulV2,AI_CORE,AI_CORE,1704161511732200.000,125.833,10.067,24,"[[1,1024],[1024,4096]]","[[1,4096]]",0.18,0.44
0,FusedInferAttentionScore,AI_CORE,AI_CORE,1704161511732325.750,73.592,5.887,24,"[[1,1024],[1024,4096]]","[[1,4096]]",0.18,0.44
0,RmsNorm,AI_VECTOR_CORE,AI_VECTOR_CORE,1704161511732399.250,27.750,2.220,24,"[[1,1024],[1024,4096]]","[[1,4096]]",0.05,0.3
0,MatMulV2,AI_CORE,AI_CORE,1704161511732687.000,131.888,10.551,24,"[[1,1024],[1024,4096]]","[[1,4096]]",0.18,0.44
0,FusedInferAttentionScore,AI_CORE,AI_CORE,1704161511732819.000,66.232,5.299,24,"[[1,1024],[1024,4096]]","[[1,4096]]",0.18,0.44
0,RmsNorm,AI_VECTOR_CORE,AI_VECTOR_CORE,1704161511732885.250,28.764,2.301,24,"[[1,1024],[1024,4096]]","[[1,4096]]",0.05,0.3
0,MatMulV2,AI_CORE,AI_CORE,1704161511732914.000,130.843,10.467,24,"[[1,1024],[1024,4096]]","[[1,4096]]",0.18,0.44
0,FusedInferAttentionScore,AI_CORE,AI_CORE,1704161511733044.750,73.607,5.889,24,"[[1,1024],[1024,4096]]","[[1,4096]]",0.18,0.44
0,RmsNorm,AI_VECTOR_CORE,AI_VECTOR_CORE,1704161511733118.250,28.741,2.299,24,"[[1,1024],[1024,4096]]","[[1,4096]]",0.05,0.3
0,MatMulV2,AI_CORE,AI_CORE,1704161511733147.000,109.761,8.781,24,"[[1,1024],[1024,4096]]","[[1,4096]]",0.18,0.44
0,FusedInferAttentionScore,AI_CORE,AI_CORE,1704161511733256.750,74.924,5.994,24,"[[1,1024],[1024,4096]]","[[1,4096]]",0.18,0.44
0,RmsNorm,AI_VECTOR_CORE,AI_VECTOR_CORE,1704161511733331.750,23.388,1.871,24,"[[1,1024],[1024,4096]]","[[1,4096]]",0.05,0.3
0,MatMulV2,AI_CORE,AI_CORE,1704161511733355.250,129.850,10.388,24,"[[1,1024],[1024,4096]]","[[1,4096]]",0.18,0.44
0,FusedInferAttentionScore,AI_CORE,AI_CORE,1704161511733485.000,68.374,5.470,24,"[[1,1024],[1024,4096]]","[[1,4096]]",0.18,0.44
0,RmsNorm,AI_VECTOR_CORE,AI_VECTOR_CORE,1704161511733553.250,19.350,1.548,24,"[[1,1024],[1024,4096]]","[[1,4096]]",0.05,0.3
0,MatMulV2,AI_CORE,AI_CORE,1704161511733572.500,112.540,9.003,24,"[[1,1024],[1024,4096]]","[[1,4096]]",0.18,0.44
0,FusedInferAttentionScore,AI_CORE,AI_CORE,1704161511733685.000,63.680,5.094,24,"[[1,1024],[1024,4096]]","[[1,4096]]",0.18,0.44
0,RmsNorm,AI_VECTOR_CORE,AI_VECTOR_CORE,1704161511733748.750,20.328,1.626,24,"[[1,1024],[1024,4096]]","[[1,4096]]",0.05,0.3
0,MatMulV2,AI_CORE,AI_CORE,1704161511733769.000,128.082,10.247,24,"[[1,1024],[1024,4096]]","[[1,4096]]",0.18,0.44
0,FusedInferAttentionScore,AI_CORE,AI_CORE,1704161511733897.000,70.459,5.637,24,"[[1,1024],[1024,4096]]","[[1,4096]]",0.18,0.44
0,RmsNorm,AI_VECTOR_CORE,AI_VECTOR_CORE,1704161511733967.500,28.575,2.286,24,"[[1,1024],[1024,4096]]","[[1,4096]]",0.05,0.3
0,MatMulV2,AI_CORE,AI_CORE,1704161511733996.000,128.046,10.244,24,"[[1,1024],[1024,4096]]","[[1,4096]]",0.18,0.44
0,FusedInferAttentionScore,AI_CORE,AI_CORE,1704161511734124.000,76.469,6.117,24,"[[1,1024],[1024,4096]]","[[1,4096]]",0.18,0.44
0,RmsNorm,AI_VECTOR_CORE,AI_VECTOR_CORE,1704161511734200.500,28.337,2.267,24,"[[1,1024],[1024,4096]]","[[1,4096]]",0.05,0.3
0,MatMulV2,AI_CORE,AI_CORE,1704161511734228.750,109.090,8.727,24,"[[1,1024],[1024,4096]]","[[1,4096]]",0.18,0.44
0,FusedInferAttentionScore,AI_CORE,AI_CORE,1704161511734337.750,69.351,5.548,24,"[[1,1024],[1024,4096]]","[[1,4096]]",0.18,0.44
0,RmsNorm,AI_VECTOR_CORE,AI_VECTOR_CORE,1704161511734407.000,25.767,2.061,24,"[[1,1024],[1024,4096]]","[[1,4096]]",0.05,0.3
0,MatMulV2,AI_CORE,AI_CORE,1704161511734432.750,117.382,9.391,24,"[[1,1024],[1024,4096]]","[[1,4096]]",0.18,0.44
0,FusedInferAttentionScore,AI_CORE,AI_CORE,1704161511734550.250,74.963,5.997,24,"[[1,1024],[1024,4096]]","[[1,4096]]",0.18,0.44
0,RmsNorm,AI_VECTOR_CORE,AI_VECTOR_CORE,1704161511734625.250,20.681,1.655,24,"[[1,1024],[1024,4096]]","[[1,4096]]",0.05,0.3
0,MatMulV2,AI_CORE,AI_CORE,1704161511734646.000,109.043,8.723,24,"[[1,1024],[1024,4096]]","[[1,4096]]",0.18,0.44
0,FusedInferAttentionScore,AI_CORE,AI_CORE,1704161511734755.000,76.874,6.150,24,"[[1,1024],[1024,4096]]","[[1,4096]]",0.18,0.44
0,RmsNorm,AI_VECTOR_CORE,AI_VECTOR_CORE,1704161511734831.750,27.897,2.232,24,"[[1,1024],[1024,4096]]","[[1,4096]]",0.05,0.3
0,MatMulV2,AI_CORE,AI_CORE,1704161511734859.750,119.983,9.599,24,"[[1,1024],[1024,4096]]","[[1,4096]]",0.18,0.44
0,FusedInferAttentionScore,AI_CORE,AI_CORE,1704161511734979.750,63.148,5.052,24,"[[1,1024],[1024,4096]]","[[1,4096]]",0.18,0.44
0,RmsNorm,AI_VECTOR_CORE,AI_VECTOR_CORE,1704161511735043.000,28.305,2.264,24,"[[1,1024],[1024,4096]]","[[1,4096]]",0.05,0.3
0,MatMulV2,AI_CORE,AI_CORE,1704161511735071.250,124.525,9.962,24,"[[1,1024],[1024,4096]]","[[1,4096]]",0.18,0.44
0,FusedInferAttentionScore,AI_CORE,AI_CORE,1704161511735195.750,71.982,5.759,24,"[[1,1024],[1024,4096]]","[[1,4096]]",0.18,0.44
0,RmsNorm,AI_VECTOR_CORE,AI_VECTOR_CORE,1704161511735267.750,20.227,1.618,24,"[[1,1024],[1024,4096]]","[[1,4096]]",0.05,0.3
0,MatMulV2,AI_CORE,AI_CORE,1704161511735288.000,120.159,9.613,24,"[[1,1024],[1024,4096]]","[[1,4096]]",0.18,0.44
0,FusedInferAttentionScore,AI_CORE,AI_CORE,1704161511735408.250,69.304,5.544,24,"[[1,1024],[1024,4096]]","[[1,4096]]",0.18,0.44
0,RmsNorm,AI_VECTOR_CORE,AI_VECTOR_CORE,1704161511735477.500,27.203,2.176,24,"[[1,1024],[1024,4096]]","[[1,4096]]",0.05,0.3
0,MatMulV2,AI_CORE,AI_CORE,1704161511735504.750,117.835,9.427,24,"[[1,1024],[1024,4096]]","[[1,4096]]",0.18,0.44
0,FusedInferAttentionScore,AI_CORE,AI_CORE,1704161511735622.500,68.928,5.514,24,"[[1,1024],[1024,4096]]","[[1,4096]]",0.18,0.44
0,RmsNorm,AI_VECTOR_CORE,AI_VECTOR_CORE,1704161511735691.500,26.375,2.110,24,"[[1,1024],[1024,4096]]","[[1,4096]]",0.05,0.3
0,MatMulV2,AI_CORE,AI_CORE,1704161511735718.000,131.143,10.491,24,"[[1,1024],[1024,4096]]","[[1,4096]]",0.18,0.44
0,FusedInferAttentionScore,AI_CORE,AI_CORE,1704161511735849.250,69.354,5.548,24,"[[1,1024],[1024,4096]]","[[1,4096]]",0.18,0.44
0,RmsNorm,AI_VECTOR_CORE,AI_VECTOR_CORE,1704161511735918.500,23.188,1.855,24,"[[1,1024],[1024,4096]]","[[1,4096]]",0.05,0.3
0,MatMulV2,AI_CORE,AI_CORE,1704161511735941.750,119.778,9.582,24,"[[1,1024],[1024,4096]]","[[1,4096]]",0.18,0.44
0,FusedInferAttentionScore,AI_CORE,AI_CORE,1704161511736061.500,70.806,5.664,24,"[[1,1024],[1024,4096]]","[[1,4096]]",0.18,0.44
0,RmsNorm,AI_VECTOR_CORE,AI_VECTOR_CORE,1704161511736132.250,20.589,1.647,24,"[[1,1024],[1024,4096]]","[[1,4096]]",0.05,0.3
0,MatMulV2,AI_CORE,AI_CORE,1704161511736152.750,112.639,9.011,24,"[[1,1024],[1024,4096]]","[[1,4096]]",0.18,0.44
0,FusedInferAttentionScore,AI_CORE,AI_CORE,1704161511736265.500,75.605,6.048,24,"[[1,1024],[1024,4096]]","[[1,4096]]",0.18,0.44
0,RmsNorm,AI_VECTOR_CORE,AI_VECTOR_CORE,1704161511736341.000,26.857,2.149,24,"[[1,1024],[1024,4096]]","[[1,4096]]",0.05,0.3
0,MatMulV2,AI_CORE,AI_CORE,1704161511736367.750,117.966,9.437,24,"[[1,1024],[1024,4096]]","[[1,4096]]",0.18,0.44
0,FusedInferAttentionScore,AI_CORE,AI_CORE,1704161511736485.750,76.470,6.118,24,"[[1,1024],[1024,4096]]","[[1,4096]]",0.18,0.44
0,RmsNorm,AI_VECTOR_CORE,AI_VECTOR_CORE,1704161511736562.250,27.812,2.225,24,"[[1,1024],[1024,4096]]","[[1,4096]]",0.05,0.3
0,MatMulV2,AI_CORE,AI_CORE,1704161511736590.000,129.867,10.389,24,"[[1,1024],[1024,4096]]","[[1,4096]]",0.18,0.44
0,FusedInferAttentionScore,AI_CORE,AI_CORE,1704161511736719.750,68.843,5.507,24,"[[1,1024],[1024,4096]]","[[1,4096]]",0.18,0.44
0,RmsNorm,AI_VECTOR_CORE,AI_VECTOR_CORE,1704161511736788.500,24.365,1.949,24,"[[1,1024],[1024,4096]]","[[1,4096]]",0.05,0.3
0,MatMulV2,AI_CORE,AI_CORE,1704161511736812.750,114.617,9.169,24,"[[1,1024],[1024,4096]]","[[1,4096]]",0.18,0.44
0,FusedInferAttentionScore,AI_CORE,AI_CORE,1704161511736927.250,70.824,5.666,24,"[[1,1024],[1024,4096]]","[[1,4096]]",0.18,0.44
0,RmsNorm,AI_VECTOR_CORE,AI_VECTOR_CORE,1704161511736998.000,27.551,2.204,24,"[[1,1024],[1024,4096]]","[[1,4096]]",0.05,0.3
0,MatMulV2,AI_CORE,AI_CORE,1704161511737025.500,130.113,10.409,24,"[[1,1024],[1024,4096]]","[[1,4096]]",0.18,0.44
0,FusedInferAttentionScore,AI_CORE,AI_CORE,1704161511737155.500,67.821,5.426,24,"[[1,1024],[1024,4096]]","[[1,4096]]",0.18,0.44
0,RmsNorm,AI_VECTOR_CORE,AI_VECTOR_CORE,1704161511737223.250,20.790,1.663,24,"[[1,1024],[1024,4096]]","[[1,4096]]",0.05,0.3
0,MatMulV2,AI_CORE,AI_CORE,1704161511737244.000,113.845,9.108,24,"[[1,1024],[1024,4096]]","[[1,4096]]",0.18,0.44
0,FusedInferAttentionScore,AI_CORE,AI_CORE,1704161511737357.750,68.495,5.480,24,"[[1,1024],[1024,4096]]","[[1,4096]]",0.18,0.44
0,RmsNorm,AI_VECTOR_CORE,AI_VECTOR_CORE,1704161511737426.250,26.345,2.108,24,"[[1,1024],[1024,4096]]","[[1,4096]]",0.05,0.3
0,MatMulV2,AI_CORE,AI_CORE,1704161511737452.500,128.771,10.302,24,"[[1,1024],[1024,4096]]","[[1,4096]]",0.18,0.44
0,FusedInferAttentionScore,AI_CORE,AI_CORE,1704161511737581.250,70.110,5.609,24,"[[1,1024],[1024,4096]]","[[1,4096]]",0.18,0.44
0,RmsNorm,AI_VECTOR_CORE,AI_VECTOR_CORE,1704161511737651.250,21.702,1.736,24,"[[1,1024],[1024,4096]]","[[1,4096]]",0.05,0.3
0,MatMulV2,AI_CORE,AI_CORE,1704161511737673.000,110.462,8.837,24,"[[1,1024],[1024,4096]]","[[1,4096]]",0.18,0.44
0,FusedInferAttentionScore,AI_CORE,AI_CORE,1704161511737783.500,70.870,5.670,24,"[[1,1024],[1024,4096]]","[[1,4096]]",0.18,0.44
0,RmsNorm,AI_VECTOR_CORE,AI_VECTOR_CORE,1704161511737854.250,20.440,1.635,24,"[[1,1024],[1024,4096]]","[[1,4096]]",0.05,0.3
0,MatMulV2,AI_CORE,AI_CORE,1704161511737874.750,108.895,8.712,24,"[[1,1024],[1024,4096]]","[[1,4096]]",0.18,0.44
0,FusedInferAttentionScore,AI_CORE,AI_CORE,1704161511737983.750,74.334,5.947,24,"[[1,1024],[1024,4096]]","[[1,4096]]",0.18,0.44
0,RmsNorm,AI_VECTOR_CORE,AI_VECTOR_CORE,1704161511738058.000,20.134,1.611,24,"[[1,1024],[1024,4096]]","[[1,4096]]",0.05,0.3
0,MatMulV2,AI_CORE,AI_CORE,1704161511738078.250,128.274,10.262,24,"[[1,1024],[1024,4096]]","[[1,4096]]",0.18,0.44
0,FusedInferAttentionScore,AI_CORE,AI_CORE,1704161511738206.500,76.519,6.121,24,"[[1,1024],[1024,4096]]","[[1,4096]]",0.18,0.44
0,RmsNorm,AI_VECTOR_CORE,AI_VECTOR_CORE,1704161511738283.000,21.447,1.716,24,"[[1,1024],[1024,4096]]","[[1,4096]]",0.05,0.3
0,MatMulV2,AI_CORE,AI_CORE,1704161511738304.500,114.243,9.139,24,"[[1,1024],[1024,4096]]","[[1,4096]]",0.18,0.44
0,FusedInferAttentionScore,AI_CORE,AI_CORE,1704161511738418.750,71.768,5.741,24,"[[1,1024],[1024,4096]]","[[1,4096]]",0.18,0.44
0,RmsNorm,AI_VECTOR_CORE,AI_VECTOR_CORE,1704161511738490.500,27.347,2.188,24,"[[1,1024],[1024,4096]]","[[1,4096]]",0.05,0.3
0,MatMulV2,AI_CORE,AI_CORE,1704161511738517.750,115.879,9.270,24,"[[1,1024],[1024,4096]]","[[1,4096]]",0.18,0.44
0,FusedInferAttentionScore,AI_CORE,AI_CORE,1704161511738633.750,74.985,5.999,24,"[[1,1024],[1024,4096]]","[[1,4096]]",0.18,0.44
0,RmsNorm,AI_VECTOR_CORE,AI_VECTOR_CORE,1704161511738708.750,20.220,1.618,24,"[[1,1024],[1024,4096]]","[[1,4096]]",0.05,0.3
0,MatMulV2,AI_CORE,AI_CORE,1704161511738729.000,127.825,10.226,24,"[[1,1024],[1024,4096]]","[[1,4096]]",0.18,0.44
0,FusedInferAttentionScore,AI_CORE,AI_CORE,1704161511738856.750,63.328,5.066,24,"[[1,1024],[1024,4096]]","[[1,4096]]",0.18,0.44
0,RmsNorm,AI_VECTOR_CORE,AI_VECTOR_CORE,1704161511738920.000,22.605,1.808,24,"[[1,1024],[1024,4096]]","[[1,4096]]",0.05,0.3
0,MatMulV2,AI_CORE,AI_CORE,1704161511738942.500,131.959,10.557,24,"[[1,1024],[1024,4096]]","[[1,4096]]",0.18,0.44
0,FusedInferAttentionScore,AI_CORE,AI_CORE,1704161511739074.500,65.955,5.276,24,"[[1,1024],[1024,4096]]","[[1,4096]]",0.18,0.44
0,RmsNorm,AI_VECTOR_CORE,AI_VECTOR_CORE,1704161511739140.500,23.322,1.866,24,"[[1,1024],[1024,4096]]","[[1,4096]]",0.05,0.3
0,MatMulV2,AI_CORE,AI_CORE,1704161511739163.750,119.947,9.596,24,"[[1,1024],[1024,4096]]","[[1,4096]]",0.18,0.44
0,FusedInferAttentionScore,AI_CORE,AI_CORE,1704161511739283.750,73.919,5.913,24,"[[1,1024],[1024,4096]]","[[1,4096]]",0.18,0.44
0,RmsNorm,AI_VECTOR_CORE,AI_VECTOR_CORE,1704161511739357.750,23.534,1.883,24,"[[1,1024],[1024,4096]]","[[1,4096]]",0.05,0.3
0,MatMulV2,AI_CORE,AI_CORE,1704161511754200.000,108.590,8.687,24,"[[1,1024],[1024,4096]]","[[1,4096]]",0.18,0.44
0,FusedInferAttentionScore,AI_CORE,AI_CORE,1704161511754308.500,63.007,5.041,24,"[[1,1024],[1024,4096]]","[[1,4096]]",0.18,0.44
0,RmsNorm,AI_VECTOR_CORE,AI_VECTOR_CORE,1704161511754371.500,27.867,2.229,24,"[[1,1024],[1024,4096]]","[[1,4096]]",0.05,0.3
0,MatMulV2,AI_CORE,AI_CORE,1704161511754659.250,117.409,9.393,24,"[[1,1024],[1024,4096]]","[[1,4096]]",0.18,0.44
0,FusedInferAttentionScore,AI_CORE,AI_CORE,1704161511754776.750,72.282,5.783,24,"[[1,1024],[1024,4096]]","[[1,4096]]",0.18,0.44
0,RmsNorm,AI_VECTOR_CORE,AI_VECTOR_CORE,1704161511754849.000,28.697,2.296,24,"[[1,1024],[1024,4096]]","[[1,4096]]",0.05,0.3
0,MatMulV2,AI_CORE,AI_CORE,1704161511754877.750,127.269,10.181,24,"[[1,1024],[1024,4096]]","[[1,4096]]",0.18,0.44
0,FusedInferAttentionScore,AI_CORE,AI_CORE,1704161511755005.000,70.563,5.645,24,"[[1,1024],[1024,4096]]","[[1,4096]]",0.18,0.44
0,RmsNorm,AI_VECTOR_CORE,AI_VECTOR_CORE,1704161511755075.500,27.113,2.169,24,"[[1,1024],[1024,4096]]","[[1,4096]]",0.05,0.3
0,MatMulV2,AI_CORE,AI_CORE,1704161511755102.500,112.518,9.001,24,"[[1,1024],[1024,4096]]","[[1,4096]]",0.18,0.44
0,FusedInferAttentionScore,AI_CORE,AI_CORE,1704161511755215.000,64.850,5.188,24,"[[1,1024],[1024,4096]]","[[1,4096]]",0.18,0.44
0,RmsNorm,AI_VECTOR_CORE,AI_VECTOR_CORE,1704161511755279.750,25.016,2.001,24,"[[1,1024],[1024,4096]]","[[1,4096]]",0.05,0.3
0,MatMulV2,AI_CORE,AI_CORE,1704161511755304.750,119.419,9.554,24,"[[1,1024],[1024,4096]]","[[1,4096]]",0.18,0.44
0,FusedInferAttentionScore,AI_CORE,AI_CORE,1704161511755424.250,68.786,5.503,24,"[[1,1024],[1024,4096]]","[[1,4096]]",0.18,0.44
0,RmsNorm,AI_VECTOR_CORE,AI_VECTOR_CORE,1704161511755493.000,23.782,1.903,24,"[[1,1024],[1024,4096]]","[[1,4096]]",0.05,0.3
0,MatMulV2,AI_CORE,AI_CORE,1704161511755516.750,126.834,10.147,24,"[[1,1024],[1024,4096]]","[[1,4096]]",0.18,0.44
0,FusedInferAttentionScore,AI_CORE,AI_CORE,1704161511755643.500,76.524,6.122,24,"[[1,1024],[1024,4096]]","[[1,4096]]",0.18,0.44
0,RmsNorm,AI_VECTOR_CORE,AI_VECTOR_CORE,1704161511755720.000,28.637,2.291,24,"[[1,1024],[1024,4096]]","[[1,4096]]",0.05,0.3
0,MatMulV2,AI_CORE,AI_CORE,1704161511755748.750,116.752,9.340,24,"[[1,1024],[1024,4096]]","[[1,4096]]",0.18,0.44
0,FusedInferAttentionScore,AI_CORE,AI_CORE,1704161511755865.500,66.856,5.348,24,"[[1,1024],[1024,4096]]","[[1,4096]]",0.18,0.44
0,RmsNorm,AI_VECTOR_CORE,AI_VECTOR_CORE,1704161511755932.250,20.343,1.627,24,"[[1,1024],[1024,4096]]","[[1,4096]]",0.05,0.3
0,MatMulV2,AI_CORE,AI_CORE,1704161511755952.500,109.026,8.722,24,"[[1,1024],[1024,4096]]","[[1,4096]]",0.18,0.44
0,FusedInferAttentionScore,AI_CORE,AI_CORE,1704161511756061.500,64.934,5.195,24,"[[1,1024],[1024,4096]]","[[1,4096]]",0.18,0.44
0,RmsNorm,AI_VECTOR_CORE,AI_VECTOR_CORE,1704161511756126.500,22.738,1.819,24,"[[1,1024],[1024,4096]]","[[1,4096]]",0.05,0.3
0,MatMulV2,AI_CORE,AI_CORE,1704161511756149.250,112.693,9.015,24,"[[1,1024],[1024,4096]]","[[1,4096]]",0.18,0.44
0,FusedInferAttentionScore,AI_CORE,AI_CORE,1704161511756262.000,68.446,5.476,24,"[[1,1024],[1024,4096]]","[[1,4096]]",0.18,0.44
0,RmsNorm,AI_VECTOR_CORE,AI_VECTOR_CORE,1704161511756330.500,22.688,1.815,24,"[[1,1024],[1024,4096]]","[[1,4096]]",0.05,0.3
0,MatMulV2,AI_CORE,AI_CORE,1704161511756353.250,120.257,9.621,24,"[[1,1024],[1024,4096]]","[[1,4096]]",0.18,0.44
0,FusedInferAttentionScore,AI_CORE,AI_CORE,1704161511756473.500,68.567,5.485,24,"[[1,1024],[1024,4096]]","[[1,4096]]",0.18,0.44
0,RmsNorm,AI_VECTOR_CORE,AI_VECTOR_CORE,1704161511756542.000,19.803,1.584,24,"[[1,1024],[1024,4096]]","[[1,4096]]",0.05,0.3
0,MatMulV2,AI_CORE,AI_CORE,1704161511756561.750,109.308,8.745,24,"[[1,1024],[1024,4096]]","[[1,4096]]",0.18,0.44
0,FusedInferAttentionScore,AI_CORE,AI_CORE,1704161511756671.000,63.549,5.084,24,"[[1,1024],[1024,4096]]","[[1,4096]]",0.18,0.44
0,RmsNorm,AI_VECTOR_CORE,AI_VECTOR_CORE,1704161511756734.500,24.851,1.988,24,"[[1,1024],[1024,4096]]","[[1,4096]]",0.05,0.3
0,MatMulV2,AI_CORE,AI_CORE,1704161511756759.250,117.850,9.428,24,"[[1,1024],[1024,4096]]","[[1,4096]]",0.18,0.44
0,FusedInferAttentionScore,AI_CORE,AI_CORE,1704161511756877.000,64.283,5.143,24,"[[1,1024],[1024,4096]]","[[1,4096]]",0.18,0.44
0,RmsNorm,AI_VECTOR_CORE,AI_VECTOR_CORE,1704161511756941.250,20.244,1.620,24,"[[1,1024],[1024,4096]]","[[1,4096]]",0.05,0.3
0,MatMulV2,AI_CORE,AI_CORE,1704161511756961.500,129.719,10.378,24,"[[1,1024],[1024,4096]]","[[1,4096]]",0.18,0.44
0,FusedInferAttentionScore,AI_CORE,AI_CORE,1704161511757091.250,66.677,5.334,24,"[[1,1024],[1024,4096]]","[[1,4096]]",0.18,0.44
0,RmsNorm,AI_VECTOR_CORE,AI_VECTOR_CORE,1704161511757158.000,23.124,1.850,24,"[[1,1024],[1024,4096]]","[[1,4096]]",0.05,0.3
0,MatMulV2,AI_CORE,AI_CORE,1704161511757181.000,112.460,8.997,24,"[[1,1024],[1024,4096]]","[[1,4096]]",0.18,0.44
0,FusedInferAttentionScore,AI_CORE,AI_CORE,1704161511757293.500,67.200,5.376,24,"[[1,1024],[1024,4096]]","[[1,4096]]",0.18,0.44
0,RmsNorm,AI_VECTOR_CORE,AI_VECTOR_CORE,1704161511757360.750,19.615,1.569,24,"[[1,1024],[1024,4096]]","[[1,4096]]",0.05,0.3
0,MatMulV2,AI_CORE,AI_CORE,1704161511757380.250,124.034,9.923,24,"[[1,1024],[1024,4096]]","[[1,4096]]",0.18,0.44
0,FusedInferAttentionScore,AI_CORE,AI_CORE,1704161511757504.250,75.431,6.034,24,"[[1,1024],[1024,4096]]","[[1,4096]]",0.18,0.44
0,RmsNorm,AI_VECTOR_CORE,AI_VECTOR_CORE,1704161511757579.750,21.180,1.694,24,"[[1,1024],[1024,4096]]","[[1,4096]]",0.05,0.3
0,MatMulV2,AI_CORE,AI_CORE,1704161511757601.000,122.749,9.820,24,"[[1,1024],[1024,4096]]","[[1,4096]]",0.18,0.44
0,FusedInferAttentionScore,AI_CORE,AI_CORE,1704161511757723.750,66.955,5.356,24,"[[1,1024],[1024,4096]]","[[1,4096]]",0.18,0.44
0,RmsNorm,AI_VECTOR_CORE,AI_VECTOR_CORE,1704161511757790.750,26.036,2.083,24,"[[1,1024],[1024,4096]]","[[1,4096]]",0.05,0.3
0,MatMulV2,AI_CORE,AI_CORE,1704161511757816.750,128.763,10.301,24,"[[1,1024],[1024,4096]]","[[1,4096]]",0.18,0.44
0,FusedInferAttentionScore,AI_CORE,AI_CORE,1704161511757945.500,75.456,6.036,24,"[[1,1024],[1024,4096]]","[[1,4096]]",0.18,0.44
0,RmsNorm,AI_VECTOR_CORE,AI_VECTOR_CORE,1704161511758021.000,26.186,2.095,24,"[[1,1024],[1024,4096]]","[[1,4096]]",0.05,0.3
0,MatMulV2,AI_CORE,AI_CORE,1704161511758047.250,119.557,9.565,24,"[[1,1024],[1024,4096]]","[[1,4096]]",0.18,0.44
0,FusedInferAttentionScore,AI_CORE,AI_CORE,1704161511758166.750,66.343,5.307,24,"[[1,1024],[1024,4096]]","[[1,4096]]",0.18,0.44
0,RmsNorm,AI_VECTOR_CORE,AI_VECTOR_CORE,1704161511758233.000,20.605,1.648,24,"[[1,1024],[1024,4096]]","[[1,4096]]",0.05,0.3
0,MatMulV2,AI_CORE,AI_CORE,1704161511758253.500,127.742,10.219,24,"[[1,1024],[1024,4096]]","[[1,4096]]",0.18,0.44
0,FusedInferAttentionScore,AI_CORE,AI_CORE,1704161511758381.250,63.762,5.101,24,"[[1,1024],[1024,4096]]","[[1,4096]]",0.18,0.44
0,RmsNorm,AI_VECTOR_CORE,AI_VECTOR_CORE,1704161511758445.000,26.330,2.106,24,"[[1,1024],[1024,4096]]","[[1,4096]]",0.05,0.3
0,MatMulV2,AI_CORE,AI_CORE,1704161511758471.250,127.572,10.206,24,"[[1,1024],[1024,4096]]","[[1,4096]]",0.18,0.44
0,FusedInferAttentionScore,AI_CORE,AI_CORE,1704161511758598.750,68.327,5.466,24,"[[1,1024],[1024,4096]]","[[1,4096]]",0.18,0.44
0,RmsNorm,AI_VECTOR_CORE,AI_VECTOR_CORE,1704161511758667.000,24.024,1.922,24,"[[1,1024],[1024,4096]]","[[1,4096]]",0.05,0.3
0,MatMulV2,AI_CORE,AI_CORE,1704161511758691.000,118.553,9.484,24,"[[1,1024],[1024,4096]]","[[1,4096]]",0.18,0.44
0,FusedInferAttentionScore,AI_CORE,AI_CORE,1704161511758809.500,76.424,6.114,24,"[[1,1024],[1024,4096]]","[[1,4096]]",0.18,0.44
0,RmsNorm,AI_VECTOR_CORE,AI_VECTOR_CORE,1704161511758886.000,26.532,2.123,24,"[[1,1024],[1024,4096]]","[[1,4096]]",0.05,0.3
0,MatMulV2,AI_CORE,AI_CORE,1704161511758912.500,124.503,9.960,24,"[[1,1024],[1024,4096]]","[[1,4096]]",0.18,0.44
0,FusedInferAttentionScore,AI_CORE,AI_CORE,1704161511759037.000,67.424,5.394,24,"[[1,1024],[1024,4096]]","[[1,4096]]",0.18,0.44
0,RmsNorm,AI_VECTOR_CORE,AI_VECTOR_CORE,1704161511759104.500,19.812,1.585,24,"[[1,1024],[1024,4096]]","[[1,4096]]",0.05,0.3
0,MatMulV2,AI_CORE,AI_CORE,1704161511759124.250,120.451,9.636,24,"[[1,1024],[1024,4096]]","[[1,4096]]",0.18,0.44
0,FusedInferAttentionScore,AI_CORE,AI_CORE,1704161511759244.750,66.655,5.332,24,"[[1,1024],[1024,4096]]","[[1,4096]]",0.18,0.44
0,RmsNorm,AI_VECTOR_CORE,AI_VECTOR_CORE,1704161511759311.500,27.164,2.173,24,"[[1,1024],[1024,4096]]","[[1,4096]]",0.05,0.3
0,MatMulV2,AI_CORE,AI_CORE,1704161511759338.750,121.751,9.740,24,"[[1,1024],[1024,4096]]","[[1,4096]]",0.18,0.44
0,FusedInferAttentionScore,AI_CORE,AI_CORE,1704161511759460.500,73.469,5.878,24,"[[1,1024],[1024,4096]]","[[1,4096]]",0.18,0.44
0,RmsNorm,AI_VECTOR_CORE,AI_VECTOR_CORE,1704161511759534.000,22.127,1.770,24,"[[1,1024],[1024,4096]]","[[1,4096]]",0.05,0.3
0,MatMulV2,AI_CORE,AI_CORE,1704161511759556.250,123.779,9.902,24,"[[1,1024],[1024,4096]]","[[1,4096]]",0.18,0.44
0,FusedInferAttentionScore,AI_CORE,AI_CORE,1704161511759680.000,67.257,5.381,24,"[[1,1024],[1024,4096]]","[[1,4096]]",0.18,0.44
0,RmsNorm,AI_VECTOR_CORE,AI_VECTOR_CORE,1704161511759747.250,22.575,1.806,24,"[[1,1024],[1024,4096]]","[[1,4096]]",0.05,0.3
0,MatMulV2,AI_CORE,AI_CORE,1704161511759769.750,114.585,9.167,24,"[[1,1024],[1024,4096]]","[[1,4096]]",0.18,0.44
0,FusedInferAttentionScore,AI_CORE,AI_CORE,1704161511759884.250,69.749,5.580,24,"[[1,1024],[1024,4096]]","[[1,4096]]",0.18,0.44
0,RmsNorm,AI_VECTOR_CORE,AI_VECTOR_CORE,1704161511759954.000,19.385,1.551,24,"[[1,1024],[1024,4096]]","[[1,4096]]",0.05,0.3
0,MatMulV2,AI_CORE,AI_CORE,1704161511759973.500,124.894,9.992,24,"[[1,1024],[1024,4096]]","[[1,4096]]",0.18,0.44
0,FusedInferAttentionScore,AI_CORE,AI_CORE,1704161511760098.500,63.445,5.076,24,"[[1,1024],[1024,4096]]","[[1,4096]]",0.18,0.44
0,RmsNorm,AI_VECTOR_CORE,AI_VECTOR_CORE,1704161511760162.000,19.402,1.552,24,"[[1,1024],[1024,4096]]","[[1,4096]]",0.05,0.3
0,MatMulV2,AI_CORE,AI_CORE,1704161511760181.500,117.806,9.424,24,"[[1,1024],[1024,4096]]","[[1,4096]]",0.18,0.44
0,FusedInferAttentionScore,AI_CORE,AI_CORE,1704161511760299.250,73.519,5.882,24,"[[1,1024],[1024,4096]]","[[1,4096]]",0.18,0.44
0,RmsNorm,AI_VECTOR_CORE,AI_VECTOR_CORE,1704161511760372.750,24.075,1.926,24,"[[1,1024],[1024,4096]]","[[1,4096]]",0.05,0.3
0,MatMulV2,AI_CORE,AI_CORE,1704161511760396.750,126.589,10.127,24,"[[1,1024],[1024,4096]]","[[1,4096]]",0.18,0.44
0,FusedInferAttentionScore,AI_CORE,AI_CORE,1704161511760523.250,66.045,5.284,24,"[[1,1024],[1024,4096]]","[[1,4096]]",0.18,0.44
0,RmsNorm,AI_VECTOR_CORE,AI_VECTOR_CORE,1704161511760589.250,26.693,2.135,24,"[[1,1024],[1024,4096]]","[[1,4096]]",0.05,0.3
0,MatMulV2,AI_CORE,AI_CORE,1704161511760616.000,118.928,9.514,24,"[[1,1024],[1024,4096]]","[[1,4096]]",0.18,0.44
0,FusedInferAttentionScore,AI_CORE,AI_CORE,1704161511760735.000,74.882,5.991,24,"[[1,1024],[1024,4096]]","[[1,4096]]",0.18,0.44
0,RmsNorm,AI_VECTOR_CORE,AI_VECTOR_CORE,1704161511760810.000,27.183,2.175,24,"[[1,1024],[1024,4096]]","[[1,4096]]",0.05,0.3
0,MatMulV2,AI_CORE,AI_CORE,1704161511760837.250,128.013,10.241,24,"[[1,1024],[1024,4096]]","[[1,4096]]",0.18,0.44
0,FusedInferAttentionScore,AI_CORE,AI_CORE,1704161511760965.250,63.068,5.045,24,"[[1,1024],[1024,4096]]","[[1,4096]]",0.18,0.44
0,RmsNorm,AI_VECTOR_CORE,AI_VECTOR_CORE,1704161511761028.250,27.423,2.194,24,"[[1,1024],[1024,4096]]","[[1,4096]]",0.05,0.3
0,MatMulV2,AI_CORE,AI_CORE,1704161511761055.750,116.841,9.347,24,"[[1,1024],[1024,4096]]","[[1,4096]]",0.18,0.44
0,FusedInferAttentionScore,AI_CORE,AI_CORE,1704161511761172.500,64.058,5.125,24,"[[1,1024],[1024,4096]]","[[1,4096]]",0.18,0.44
0,RmsNorm,AI_VECTOR_CORE,AI_VECTOR_CORE,1704161511761236.500,20.407,1.633,24,"[[1,1024],[1024,4096]]","[[1,4096]]",0.05,0.3
0,MatMulV2,AI_CORE,AI_CORE,1704161511776200.000,116.279,9.302,24,"[[1,1024],[1024,4096]]","[[1,4096]]",0.18,0.44
0,FusedInferAttentionScore,AI_CORE,AI_CORE,1704161511776316.250,73.437,5.875,24,"[[1,1024],[1024,4096]]","[[1,4096]]",0.18,0.44
0,RmsNorm,AI_VECTOR_CORE,AI_VECTOR_CORE,1704161511776389.750,20.842,1.667,24,"[[1,1024],[1024,4096]]","[[1,4096]]",0.05,0.3
0,MatMulV2,AI_CORE,AI_CORE,1704161511776670.500,122.791,9.823,24,"[[1,1024],[1024,4096]]","[[1,4096]]",0.18,0.44
0,FusedInferAttentionScore,AI_CORE,AI_CORE,1704161511776793.250,64.976,5.198,24,"[[1,1024],[1024,4096]]","[[1,4096]]",0.18,0.44
0,RmsNorm,AI_VECTOR_CORE,AI_VECTOR_CORE,1704161511776858.250,28.463,2.277,24,"[[1,1024],[1024,4096]]","[[1,4096]]",0.05,0.3
0,MatMulV2,AI_CORE,AI_CORE,1704161511776886.750,116.874,9.350,24,"[[1,1024],[1024,4096]]","[[1,4096]]",0.18,0.44
0,FusedInferAttentionScore,AI_CORE,AI_CORE,1704161511777003.500,74.274,5.942,24,"[[1,1024],[1024,4096]]","[[1,4096]]",0.18,0.44
0,RmsNorm,AI_VECTOR_CORE,AI_VECTOR_CORE,1704161511777077.750,21.749,1.740,24,"[[1,1024],[1024,4096]]","[[1,4096]]",0.05,0.3
0,MatMulV2,AI_CORE,AI_CORE,1704161511777099.500,112.454,8.996,24,"[[1,1024],[1024,4096]]","[[1,4096]]",0.18,0.44
0,FusedInferAttentionScore,AI_CORE,AI_CORE,1704161511777212.000,68.747,5.500,24,"[[1,1024],[1024,4096]]","[[1,4096]]",0.18,0.44
0,RmsNorm,AI_VECTOR_CORE,AI_VECTOR_CORE,1704161511777280.750,19.764,1.581,24,"[[1,1024],[1024,4096]]","[[1,4096]]",0.05,0.3
0,MatMulV2,AI_CORE,AI_CORE,1704161511777300.500,108.147,8.652,24,"[[1,1024],[1024,4096]]","[[1,4096]]",0.18,0.44
0,FusedInferAttentionScore,AI_CORE,AI_CORE,1704161511777408.750,71.512,5.721,24,"[[1,1024],[1024,4096]]","[[1,4096]]",0.18,0.44
0,RmsNorm,AI_VECTOR_CORE,AI_VECTOR_CORE,1704161511777480.250,24.796,1.984,24,"[[1,1024],[1024,4096]]","[[1,4096]]",0.05,0.3
0,MatMulV2,AI_CORE,AI_CORE,1704161511777505.000,116.886,9.351,24,"[[1,1024],[1024,4096]]","[[1,4096]]",0.18,0.44
0,FusedInferAttentionScore,AI_CORE,AI_CORE,1704161511777622.000,72.368,5.789,24,"[[1,1024],[1024,4096]]","[[1,4096]]",0.18,0.44
0,RmsNorm,AI_VECTOR_CORE,AI_VECTOR_CORE,1704161511777694.250,22.911,1.833,24,"[[1,1024],[1024,4096]]","[[1,4096]]",0.05,0.3
0,MatMulV2,AI_CORE,AI_CORE,1704161511777717.250,108.383,8.671,24,"[[1,1024],[1024,4096]]","[[1,4096]]",0.18,0.44
0,FusedInferAttentionScore,AI_CORE,AI_CORE,1704161511777825.750,68.782,5.503,24,"[[1,1024],[1024,4096]]","[[1,4096]]",0.18,0.44
0,RmsNorm,AI_VECTOR_CORE,AI_VECTOR_CORE,1704161511777894.500,25.002,2.000,24,"[[1,1024],[1024,4096]]","[[1,4096]]",0.05,0.3
0,MatMulV2,AI_CORE,AI_CORE,1704161511777919.500,122.804,9.824,24,"[[1,1024],[1024,4096]]","[[1,4096]]",0.18,0.44
0,FusedInferAttentionScore,AI_CORE,AI_CORE,1704161511778042.250,68.224,5.458,24,"[[1,1024],[1024,4096]]","[[1,4096]]",0.18,0.44
0,RmsNorm,AI_VECTOR_CORE,AI_VECTOR_CORE,1704161511778110.500,27.319,2.185,24,"[[1,1024],[1024,4096]]","[[1,4096]]",0.05,0.3
0,MatMulV2,AI_CORE,AI_CORE,1704161511778137.750,124.024,9.922,24,"[[1,1024],[1024,4096]]","[[1,4096]]",0.18,0.44
0,FusedInferAttentionScore,AI_CORE,AI_CORE,1704161511778261.750,68.695,5.496,24,"[[1,1024],[1024,4096]]","[[1,4096]]",0.18,0.44
0,RmsNorm,AI_VECTOR_CORE,AI_VECTOR_CORE,1704161511778330.500,22.383,1.791,24,"[[1,1024],[1024,4096]]","[[1,4096]]",0.05,0.3
0,MatMulV2,AI_CORE,AI_CORE,1704161511778353.000,126.852,10.148,24,"[[1,1024],[1024,4096]]","[[1,4096]]",0.18,0.44
0,FusedInferAttentionScore,AI_CORE,AI_CORE,1704161511778479.750,65.794,5.264,24,"[[1,1024],[1024,4096]]","[[1,4096]]",0.18,0.44
0,RmsNorm,AI_VECTOR_CORE,AI_VECTOR_CORE,1704161511778545.500,20.885,1.671,24,"[[1,1024],[1024,4096]]","[[1,4096]]",0.05,0.3
0,MatMulV2,AI_CORE,AI_CORE,1704161511778566.500,130.584,10.447,24,"[[1,1024],[1024,4096]]","[[1,4096]]",0.18,0.44
0,FusedInferAttentionScore,AI_CORE,AI_CORE,1704161511778697.000,68.165,5.453,24,"[[1,1024],[1024,4096]]","[[1,4096]]",0.18,0.44
0,RmsNorm,AI_VECTOR_CORE,AI_VECTOR_CORE,1704161511778765.250,28.272,2.262,24,"[[1,1024],[1024,4096]]","[[1,4096]]",0.05,0.3
0,MatMulV2,AI_CORE,AI_CORE,1704161511778793.500,117.272,9.382,24,"[[1,1024],[1024,4096]]","[[1,4096]]",0.18,0.44
0,FusedInferAttentionScore,AI_CORE,AI_CORE,1704161511778910.750,64.665,5.173,24,"[[1,1024],[1024,4096]]","[[1,4096]]",0.18,0.44
0,RmsNorm,AI_VECTOR_CORE,AI_VECTOR_CORE,1704161511778975.500,27.807,2.225,24,"[[1,1024],[1024,4096]]","[[1,4096]]",0.05,0.3
0,MatMulV2,AI_CORE,AI_CORE,1704161511779003.250,115.076,9.206,24,"[[1,1024],[1024,4096]]","[[1,4096]]",0.18,0.44
0,FusedInferAttentionScore,AI_CORE,AI_CORE,1704161511779118.250,72.108,5.769,24,"[[1,1024],[1024,4096]]","[[1,4096]]",0.18,0.44
0,RmsNorm,AI_VECTOR_CORE,AI_VECTOR_CORE,1704161511779190.250,24.234,1.939,24,"[[1,1024],[1024,4096]]","[[1,4096]]",0.05,0.3
0,MatMulV2,AI_CORE,AI_CORE,1704161511779214.500,117.078,9.366,24,"[[1,1024],[1024,4096]]","[[1,4096]]",0.18,0.44
0,FusedInferAttentionScore,AI_CORE,AI_CORE,1704161511779331.500,73.915,5.913,24,"[[1,1024],[1024,4096]]","[[1,4096]]",0.18,0.44
0,RmsNorm,AI_VECTOR_CORE,AI_VECTOR_CORE,1704161511779405.500,22.201,1.776,24,"[[1,1024],[1024,4096]]","[[1,4096]]",0.05,0.3
0,MatMulV2,AI_CORE,AI_CORE,1704161511779427.750,131.933,10.555,24,"[[1,1024],[1024,4096]]","[[1,4096]]",0.18,0.44
0,FusedInferAttentionScore,AI_CORE,AI_CORE,1704161511779559.750,69.519,5.562,24,"[[1,1024],[1024,4096]]","[[1,4096]]",0.18,0.44
0,RmsNorm,AI_VECTOR_CORE,AI_VECTOR_CORE,1704161511779629.250,27.192,2.175,24,"[[1,1024],[1024,4096]]","[[1,4096]]",0.05,0.3
0,MatMulV2,AI_CORE,AI_CORE,1704161511779656.500,120.728,9.658,24,"[[1,1024],[1024,4096]]","[[1,4096]]",0.18,0.44
0,FusedInferAttentionScore,AI_CORE,AI_CORE,1704161511779777.250,65.876,5.270,24,"[[1,1024],[1024,4096]]","[[1,4096]]",0.18,0.44
0,RmsNorm,AI_VECTOR_CORE,AI_VECTOR_CORE,1704161511779843.250,24.723,1.978,24,"[[1,1024],[1024,4096]]","[[1,4096]]",0.05,0.3
0,MatMulV2,AI_CORE,AI_CORE,1704161511779868.000,108.429,8.674,24,"[[1,1024],[1024,4096]]","[[1,4096]]",0.18,0.44
0,FusedInferAttentionScore,AI_CORE,AI_CORE,1704161511779976.500,69.915,5.593,24,"[[1,1024],[1024,4096]]","[[1,4096]]",0.18,0.44
0,RmsNorm,AI_VECTOR_CORE,AI_VECTOR_CORE,1704161511780046.500,20.739,1.659,24,"[[1,1024],[1024,4096]]","[[1,4096]]",0.05,0.3
0,MatMulV2,AI_CORE,AI_CORE,1704161511780067.250,116.292,9.303,24,"[[1,1024],[1024,4096]]","[[1,4096]]",0.18,0.44
0,FusedInferAttentionScore,AI_CORE,AI_CORE,1704161511780183.500,74.272,5.942,24,"[[1,1024],[1024,4096]]","[[1,4096]]",0.18,0.44
0,RmsNorm,AI_VECTOR_CORE,AI_VECTOR_CORE,1704161511780257.750,26.983,2.159,24,"[[1,1024],[1024,4096]]","[[1,4096]]",0.05,0.3
0,MatMulV2,AI_CORE,AI_CORE,1704161511780284.750,119.601,9.568,24,"[[1,1024],[1024,4096]]","[[1,4096]]",0.18,0.44
0,FusedInferAttentionScore,AI_CORE,AI_CORE,1704161511780404.250,74.164,5.933,24,"[[1,1024],[1024,4096]]","[[1,4096]]",0.18,0.44
0,RmsNorm,AI_VECTOR_CORE,AI_VECTOR_CORE,1704161511780478.500,21.460,1.717,24,"[[1,1024],[1024,4096]]","[[1,4096]]",0.05,0.3
0,MatMulV2,AI_CORE,AI_CORE,1704161511780500.000,121.129,9.690,24,"[[1,1024],[1024,4096]]","[[1,4096]]",0.18,0.44
0,FusedInferAttentionScore,AI_CORE,AI_CORE,1704161511780621.250,72.729,5.818,24,"[[1,1024],[1024,4096]]","[[1,4096]]",0.18,0.44
0,RmsNorm,AI_VECTOR_CORE,AI_VECTOR_CORE,1704161511780694.000,22.170,1.774,24,"[[1,1024],[1024,4096]]","[[1,4096]]",0.05,0.3
0,MatMulV2,AI_CORE,AI_CORE,1704161511780716.250,124.671,9.974,24,"[[1,1024],[1024,4096]]","[[1,4096]]",0.18,0.44
0,FusedInferAttentionScore,AI_CORE,AI_CORE,1704161511780841.000,63.686,5.095,24,"[[1,1024],[1024,4096]]","[[1,4096]]",0.18,0.44
0,RmsNorm,AI_VECTOR_CORE,AI_VECTOR_CORE,1704161511780904.750,21.049,1.684,24,"[[1,1024],[1024,4096]]","[[1,4096]]",0.05,0.3
0,MatMulV2,AI_CORE,AI_CORE,1704161511780925.750,111.055,8.884,24,"[[1,1024],[1024,4096]]","[[1,4096]]",0.18,0.44
0,FusedInferAttentionScore,AI_CORE,AI_CORE,1704161511781036.750,67.663,5.413,24,"[[1,1024],[1024,4096]]","[[1,4096]]",0.18,0.44
0,RmsNorm,AI_VECTOR_CORE,AI_VECTOR_CORE,1704161511781104.500,26.665,2.133,24,"[[1,1024],[1024,4096]]","[[1,4096]]",0.05,0.3
0,MatMulV2,AI_CORE,AI_CORE,1704161511781131.250,124.968,9.997,24,"[[1,1024],[1024,4096]]","[[1,4096]]",0.18,0.44
0,FusedInferAttentionScore,AI_CORE,AI_CORE,1704161511781256.250,64.022,5.122,24,"[[1,1024],[1024,4096]]","[[1,4096]]",0.18,0.44
0,RmsNorm,AI_VECTOR_CORE,AI_VECTOR_CORE,1704161511781320.250,25.030,2.002,24,"[[1,1024],[1024,4096]]","[[1,4096]]",0.05,0.3
0,MatMulV2,AI_CORE,AI_CORE,1704161511781345.250,131.016,10.481,24,"[[1,1024],[1024,4096]]","[[1,4096]]",0.18,0.44
0,FusedInferAttentionScore,AI_CORE,AI_CORE,1704161511781476.250,69.540,5.563,24,"[[1,1024],[1024,4096]]","[[1,4096]]",0.18,0.44
0,RmsNorm,AI_VECTOR_CORE,AI_VECTOR_CORE,1704161511781545.750,25.463,2.037,24,"[[1,1024],[1024,4096]]","[[1,4096]]",0.05,0.3
0,MatMulV2,AI_CORE,AI_CORE,1704161511781571.250,119.350,9.548,24,"[[1,1024],[1024,4096]]","[[1,4096]]",0.18,0.44
0,FusedInferAttentionScore,AI_CORE,AI_CORE,1704161511781690.500,72.784,5.823,24,"[[1,1024],[1024,4096]]","[[1,4096]]",0.18,0.44
0,RmsNorm,AI_VECTOR_CORE,AI_VECTOR_CORE,1704161511781763.250,24.873,1.990,24,"[[1,1024],[1024,4096]]","[[1,4096]]",0.05,0.3
0,MatMulV2,AI_CORE,AI_CORE,1704161511781788.000,131.264,10.501,24,"[[1,1024],[1024,4096]]","[[1,4096]]",0.18,0.44
0,FusedInferAttentionScore,AI_CORE,AI_CORE,1704161511781919.250,68.516,5.481,24,"[[1,1024],[1024,4096]]","[[1,4096]]",0.18,0.44
0,RmsNorm,AI_VECTOR_CORE,AI_VECTOR_CORE,1704161511781987.750,23.790,1.903,24,"[[1,1024],[1024,4096]]","[[1,4096]]",0.05,0.3
0,MatMulV2,AI_CORE,AI_CORE,1704161511782011.500,121.125,9.690,24,"[[1,1024],[1024,4096]]","[[1,4096]]",0.18,0.44
0,FusedInferAttentionScore,AI_CORE,AI_CORE,1704161511782132.750,75.985,6.079,24,"[[1,1024],[1024,4096]]","[[1,4096]]",0.18,0.44
0,RmsNorm,AI_VECTOR_CORE,AI_VECTOR_CORE,1704161511782208.750,28.316,2.265,24,"[[1,1024],[1024,4096]]","[[1,4096]]",0.05,0.3
0,MatMulV2,AI_CORE,AI_CORE,1704161511782237.000,129.020,10.322,24,"[[1,1024],[1024,4096]]","[[1,4096]]",0.18,0.44
0,FusedInferAttentionScore,AI_CORE,AI_CORE,1704161511782366.000,70.444,5.636,24,"[[1,1024],[1024,4096]]","[[1,4096]]",0.18,0.44
0,RmsNorm,AI_VECTOR_CORE,AI_VECTOR_CORE,1704161511782436.500,22.524,1.802,24,"[[1,1024],[1024,4096]]","[[1,4096]]",0.05,0.3
0,MatMulV2,AI_CORE,AI_CORE,1704161511782459.000,116.475,9.318,24,"[[1,1024],[1024,4096]]","[[1,4096]]",0.18,0.44
0,FusedInferAttentionScore,AI_CORE,AI_CORE,1704161511782575.500,68.731,5.498,24,"[[1,1024],[1024,4096]]","[[1,4096]]",0.18,0.44
0,RmsNorm,AI_VECTOR_CORE,AI_VECTOR_CORE,1704161511782644.250,23.080,1.846,24,"[[1,1024],[1024,4096]]","[[1,4096]]",0.05,0.3
0,MatMulV2,AI_CORE,AI_CORE,1704161511782667.250,119.653,9.572,24,"[[1,1024],[1024,4096]]","[[1,4096]]",0.18,0.44
0,FusedInferAttentionScore,AI_CORE,AI_CORE,1704161511782787.000,67.265,5.381,24,"[[1,1024],[1024,4096]]","[[1,4096]]",0.18,0.44
0,RmsNorm,AI_VECTOR_CORE,AI_VECTOR_CORE,1704161511782854.250,23.011,1.841,24,"[[1,1024],[1024,4096]]","[[1,4096]]",0.05,0.3
0,MatMulV2,AI_CORE,AI_CORE,1704161511782877.250,108.375,8.670,24,"[[1,1024],[1024,4096]]","[[1,4096]]",0.18,0.44
0,FusedInferAttentionScore,AI_CORE,AI_CORE,1704161511782985.500,66.299,5.304,24,"[[1,1024],[1024,4096]]","[[1,4096]]",0.18,0.44
0,RmsNorm,AI_VECTOR_CORE,AI_VECTOR_CORE,1704161511783051.750,27.591,2.207,24,"[[1,1024],[1024,4096]]","[[1,4096]]",0.05,0.3
0,MatMulV2,AI_CORE,AI_CORE,1704161511783079.250,121.352,9.708,24,"[[1,1024],[1024,4096]]","[[1,4096]]",0.18,0.44
0,FusedInferAttentionScore,AI_CORE,AI_CORE,1704161511783200.500,67.768,5.421,24,"[[1,1024],[1024,4096]]","[[1,4096]]",0.18,0.44
0,RmsNorm,AI_VECTOR_CORE,AI_VECTOR_CORE,1704161511783268.250,22.885,1.831,24,"[[1,1024],[1024,4096]]","[[1,4096]]",0.05,0.3
0,MatMulV2,AI_CORE,AI_CORE,1704161511798200.000,117.217,9.377,24,"[[1,1024],[1024,4096]]","[[1,4096]]",0.18,0.44
0,FusedInferAttentionScore,AI_CORE,AI_CORE,1704161511798317.250,73.596,5.888,24,"[[1,1024],[1024,4096]]","[[1,4096]]",0.18,0.44
0,RmsNorm,AI_VECTOR_CORE,AI_VECTOR_CORE,1704161511798390.750,22.061,1.765,24,"[[1,1024],[1024,4096]]","[[1,4096]]",0.05,0.3
0,MatMulV2,AI_CORE,AI_CORE,1704161511798672.750,117.493,9.399,24,"[[1,1024],[1024,4096]]","[[1,4096]]",0.18,0.44
0,FusedInferAttentionScore,AI_CORE,AI_CORE,1704161511798790.250,67.845,5.428,24,"[[1,1024],[1024,4096]]","[[1,4096]]",0.18,0.44
0,RmsNorm,AI_VECTOR_CORE,AI_VECTOR_CORE,1704161511798858.000,20.235,1.619,24,"[[1,1024],[1024,4096]]","[[1,4096]]",0.05,0.3
0,MatMulV2,AI_CORE,AI_CORE,1704161511798878.250,109.113,8.729,24,"[[1,1024],[1024,4096]]","[[1,4096]]",0.18,0.44
0,FusedInferAttentionScore,AI_CORE,AI_CORE,1704161511798987.250,68.675,5.494,24,"[[1,1024],[1024,4096]]","[[1,4096]]",0.18,0.44
0,RmsNorm,AI_VECTOR_CORE,AI_VECTOR_CORE,1704161511799056.000,27.835,2.227,24,"[[1,1024],[1024,4096]]","[[1,4096]]",0.05,0.3
0,MatMulV2,AI_CORE,AI_CORE,1704161511799083.750,124.534,9.963,24,"[[1,1024],[1024,4096]]","[[1,4096]]",0.18,0.44
0,FusedInferAttentionScore,AI_CORE,AI_CORE,1704161511799208.250,73.306,5.865,24,"[[1,1024],[1024,4096]]","[[1,4096]]",0.18,0.44
0,RmsNorm,AI_VECTOR_CORE,AI_VECTOR_CORE,1704161511799281.500,21.671,1.734,24,"[[1,1024],[1024,4096]]","[[1,4096]]",0.05,0.3
0,MatMulV2,AI_CORE,AI_CORE,1704161511799303.250,110.340,8.827,24,"[[1,1024],[1024,4096]]","[[1,4096]]",0.18,0.44
0,FusedInferAttentionScore,AI_CORE,AI_CORE,1704161511799413.500,73.890,5.911,24,"[[1,1024],[1024,4096]]","[[1,4096]]",0.18,0.44
0,RmsNorm,AI_VECTOR_CORE,AI_VECTOR_CORE,1704161511799487.500,19.848,1.588,24,"[[1,1024],[1024,4096]]","[[1,4096]]",0.05,0.3
0,MatMulV2,AI_CORE,AI_CORE,1704161511799507.250,131.536,10.523,24,"[[1,1024],[1024,4096]]","[[1,4096]]",0.18,0.44
0,FusedInferAttentionScore,AI_CORE,AI_CORE,1704161511799638.750,76.851,6.148,24,"[[1,1024],[1024,4096]]","[[1,4096]]",0.18,0.44
0,RmsNorm,AI_VECTOR_CORE,AI_VECTOR_CORE,1704161511799715.500,27.065,2.165,24,"[[1,1024],[1024,4096]]","[[1,4096]]",0.05,0.3
0,MatMulV2,AI_CORE,AI_CORE,1704161511799742.500,113.223,9.058,24,"[[1,1024],[1024,4096]]","[[1,4096]]",0.18,0.44
0,FusedInferAttentionScore,AI_CORE,AI_CORE,1704161511799855.750,64.931,5.194,24,"[[1,1024],[1024,4096]]","[[1,4096]]",0.18,0.44
0,RmsNorm,AI_VECTOR_CORE,AI_VECTOR_CORE,1704161511799920.750,21.138,1.691,24,"[[1,1024],[1024,4096]]","[[1,4096]]",0.05,0.3
0,MatMulV2,AI_CORE,AI_CORE,1704161511799942.000,126.499,10.120,24,"[[1,1024],[1024,4096]]","[[1,4096]]",0.18,0.44
0,FusedInferAttentionScore,AI_CORE,AI_CORE,1704161511800068.500,75.394,6.032,24,"[[1,1024],[1024,4096]]","[[1,4096]]",0.18,0.44
0,RmsNorm,AI_VECTOR_CORE,AI_VECTOR_CORE,1704161511800144.000,19.891,1.591,24,"[[1,1024],[1024,4096]]","[[1,4096]]",0.05,0.3
0,MatMulV2,AI_CORE,AI_CORE,1704161511800164.000,119.494,9.560,24,"[[1,1024],[1024,4096]]","[[1,4096]]",0.18,0.44
0,FusedInferAttentionScore,AI_CORE,AI_CORE,1704161511800283.500,67.381,5.390,24,"[[1,1024],[1024,4096]]","[[1,4096]]",0.18,0.44
0,RmsNorm,AI_VECTOR_CORE,AI_VECTOR_CORE,1704161511800351.000,20.374,1.630,24,"[[1,1024],[1024,4096]]","[[1,4096]]",0.05,0.3
0,MatMulV2,AI_CORE,AI_CORE,1704161511800371.250,112.382,8.991,24,"[[1,1024],[1024,4096]]","[[1,4096]]",0.18,0.44
0,FusedInferAttentionScore,AI_CORE,AI_CORE,1704161511800483.750,66.862,5.349,24,"[[1,1024],[1024,4096]]","[[1,4096]]",0.18,0.44
0,RmsNorm,AI_VECTOR_CORE,AI_VECTOR_CORE,1704161511800550.500,27.148,2.172,24,"[[1,1024],[1024,4096]]","[[1,4096]]",0.05,0.3
0,MatMulV2,AI_CORE,AI_CORE,1704161511800577.750,129.274,10.342,24,"[[1,1024],[1024,4096]]","[[1,4096]]",0.18,0.44
0,FusedInferAttentionScore,AI_CORE,AI_CORE,1704161511800707.000,73.174,5.854,24,"[[1,1024],[1024,4096]]","[[1,4096]]",0.18,0.44
0,RmsNorm,AI_VECTOR_CORE,AI_VECTOR_CORE,1704161511800780.250,23.996,1.920,24,"[[1,1024],[1024,4096]]","[[1,4096]]",0.05,0.3
0,MatMulV2,AI_CORE,AI_CORE,1704161511800804.250,129.839,10.387,24,"[[1,1024],[1024,4096]]","[[1,4096]]",0.18,0.44
0,FusedInferAttentionScore,AI_CORE,AI_CORE,1704161511800934.000,68.597,5.488,24,"[[1,1024],[1024,4096]]","[[1,4096]]",0.18,0.44
0,RmsNorm,AI_VECTOR_CORE,AI_VECTOR_CORE,1704161511801002.500,24.204,1.936,24,"[[1,1024],[1024,4096]]","[[1,4096]]",0.05,0.3
0,MatMulV2,AI_CORE,AI_CORE,1704161511801026.750,113.558,9.085,24,"[[1,1024],[1024,4096]]","[[1,4096]]",0.18,0.44
0,FusedInferAttentionScore,AI_CORE,AI_CORE,1704161511801140.250,69.942,5.595,24,"[[1,1024],[1024,4096]]","[[1,4096]]",0.18,0.44
0,RmsNorm,AI_VECTOR_CORE,AI_VECTOR_CORE,1704161511801210.250,20.163,1.613,24,"[[1,1024],[1024,4096]]","[[1,4096]]",0.05,0.3
0,MatMulV2,AI_CORE,AI_CORE,1704161511801230.500,119.453,9.556,24,"[[1,1024],[1024,4096]]","[[1,4096]]",0.18,0.44
0,FusedInferAttentionScore,AI_CORE,AI_CORE,1704161511801350.000,66.633,5.331,24,"[[1,1024],[1024,4096]]","[[1,4096]]",0.18,0.44
0,RmsNorm,AI_VECTOR_CORE,AI_VECTOR_CORE,1704161511801416.750,20.244,1.619,24,"[[1,1024],[1024,4096]]","[[1,4096]]",0.05,0.3
0,MatMulV2,AI_CORE,AI_CORE,1704161511801437.000,114.200,9.136,24,"[[1,1024],[1024,4096]]","[[1,4096]]",0.18,0.44
0,FusedInferAttentionScore,AI_CORE,AI_CORE,1704161511801551.250,71.223,5.698,24,"[[1,1024],[1024,4096]]","[[1,4096]]",0.18,0.44
0,RmsNorm,AI_VECTOR_CORE,AI_VECTOR_CORE,1704161511801622.500,27.294,2.183,24,"[[1,1024],[1024,4096]]","[[1,4096]]",0.05,0.3
0,MatMulV2,AI_CORE,AI_CORE,1704161511801649.750,127.471,10.198,24,"[[1,1024],[1024,4096]]","[[1,4096]]",0.18,0.44
0,FusedInferAttentionScore,AI_CORE,AI_CORE,1704161511801777.250,63.848,5.108,24,"[[1,1024],[1024,4096]]","[[1,4096]]",0.18,0.44
0,RmsNorm,AI_VECTOR_CORE,AI_VECTOR_CORE,1704161511801841.000,26.707,2.137,24,"[[1,1024],[1024,4096]]","[[1,4096]]",0.05,0.3
0,MatMulV2,AI_CORE,AI_CORE,1704161511801867.750,111.400,8.912,24,"[[1,1024],[1024,4096]]","[[1,4096]]",0.18,0.44
0,FusedInferAttentionScore,AI_CORE,AI_CORE,1704161511801979.250,63.555,5.084,24,"[[1,1024],[1024,4096]]","[[1,4096]]",0.18,0.44
0,RmsNorm,AI_VECTOR_CORE,AI_VECTOR_CORE,1704161511802042.750,25.611,2.049,24,"[[1,1024],[1024,4096]]","[[1,4096]]",0.05,0.3
0,MatMulV2,AI_CORE,AI_CORE,1704161511802068.250,111.038,8.883,24,"[[1,1024],[1024,4096]]","[[1,4096]]",0.18,0.44
0,FusedInferAttentionScore,AI_CORE,AI_CORE,1704161511802179.250,72.995,5.840,24,"[[1,1024],[1024,4096]]","[[1,4096]]",0.18,0.44
0,RmsNorm,AI_VECTOR_CORE,AI_VECTOR_CORE,1704161511802252.250,23.935,1.915,24,"[[1,1024],[1024,4096]]","[[1,4096]]",0.05,0.3
0,MatMulV2,AI_CORE,AI_CORE,1704161511802276.250,114.680,9.174,24,"[[1,1024],[1024,4096]]","[[1,4096]]",0.18,0.44
0,FusedInferAttentionScore,AI_CORE,AI_CORE,1704161511802391.000,66.440,5.315,24,"[[1,1024],[1024,4096]]","[[1,4096]]",0.18,0.44
0,RmsNorm,AI_VECTOR_CORE,AI_VECTOR_CORE,1704161511802457.500,21.288,1.703,24,"[[1,1024],[1024,4096]]","[[1,4096]]",0.05,0.3
0,MatMulV2,AI_CORE,AI_CORE,1704161511802478.750,110.930,8.874,24,"[[1,1024],[1024,4096]]","[[1,4096]]",0.18,0.44
0,FusedInferAttentionScore,AI_CORE,AI_CORE,1704161511802589.750,68.597,5.488,24,"[[1,1024],[1024,4096]]","[[1,4096]]",0.18,0.44
0,RmsNorm,AI_VECTOR_CORE,AI_VECTOR_CORE,1704161511802658.250,22.017,1.761,24,"[[1,1024],[1024,4096]]","[[1,4096]]",0.05,0.3
0,MatMulV2,AI_CORE,AI_CORE,1704161511802680.250,117.381,9.390,24,"[[1,1024],[1024,4096]]","[[1,4096]]",0.18,0.44
0,FusedInferAttentionScore,AI_CORE,AI_CORE,1704161511802797.750,67.183,5.375,24,"[[1,1024],[1024,4096]]","[[1,4096]]",0.18,0.44
0,RmsNorm,AI_VECTOR_CORE,AI_VECTOR_CORE,1704161511802865.000,22.386,1.791,24,"[[1,1024],[1024,4096]]","[[1,4096]]",0.05,0.3
0,MatMulV2,AI_CORE,AI_CORE,1704161511802887.500,119.792,9.583,24,"[[1,1024],[1024,4096]]","[[1,4096]]",0.18,0.44
0,FusedInferAttentionScore,AI_CORE,AI_CORE,1704161511803007.250,65.732,5.259,24,"[[1,1024],[1024,4096]]","[[1,4096]]",0.18,0.44
0,RmsNorm,AI_VECTOR_CORE,AI_VECTOR_CORE,1704161511803073.000,23.827,1.906,24,"[[1,1024],[1024,4096]]","[[1,4096]]",0.05,0.3
0,MatMulV2,AI_CORE,AI_CORE,1704161511803096.750,130.634,10.451,24,"[[1,1024],[1024,4096]]","[[1,4096]]",0.18,0.44
0,FusedInferAttentionScore,AI_CORE,AI_CORE,1704161511803227.500,68.608,5.489,24,"[[1,1024],[1024,4096]]","[[1,4096]]",0.18,0.44
0,RmsNorm,AI_VECTOR_CORE,AI_VECTOR_CORE,1704161511803296.000,22.606,1.809,24,"[[1,1024],[1024,4096]]","[[1,4096]]",0.05,0.3
0,MatMulV2,AI_CORE,AI_CORE,1704161511803318.500,125.868,10.069,24,"[[1,1024],[1024,4096]]","[[1,4096]]",0.18,0.44
0,FusedInferAttentionScore,AI_CORE,AI_CORE,1704161511803444.250,73.680,5.894,24,"[[1,1024],[1024,4096]]","[[1,4096]]",0.18,0.44
0,RmsNorm,AI_VECTOR_CORE,AI_VECTOR_CORE,1704161511803518.000,24.674,1.974,24,"[[1,1024],[1024,4096]]","[[1,4096]]",0.05,0.3
0,MatMulV2,AI_CORE,AI_CORE,1704161511803542.750,128.854,10.308,24,"[[1,1024],[1024,4096]]","[[1,4096]]",0.18,0.44
0,FusedInferAttentionScore,AI_CORE,AI_CORE,1704161511803671.500,67.646,5.412,24,"[[1,1024],[1024,4096]]","[[1,4096]]",0.18,0.44
0,RmsNorm,AI_VECTOR_CORE,AI_VECTOR_CORE,1704161511803739.250,21.627,1.730,24,"[[1,1024],[1024,4096]]","[[1,4096]]",0.05,0.3
0,MatMulV2,AI_CORE,AI_CORE,1704161511803761.000,116.240,9.299,24,"[[1,1024],[1024,4096]]","[[1,4096]]",0.18,0.44
0,FusedInferAttentionScore,AI_CORE,AI_CORE,1704161511803877.250,64.453,5.156,24,"[[1,1024],[1024,4096]]","[[1,4096]]",0.18,0.44
0,RmsNorm,AI_VECTOR_CORE,AI_VECTOR_CORE,1704161511803941.750,19.744,1.580,24,"[[1,1024],[1024,4096]]","[[1,4096]]",0.05,0.3
0,MatMulV2,AI_CORE,AI_CORE,1704161511803961.500,122.722,9.818,24,"[[1,1024],[1024,4096]]","[[1,4096]]",0.18,0.44
0,FusedInferAttentionScore,AI_CORE,AI_CORE,1704161511804084.250,76.803,6.144,24,"[[1,1024],[1024,4096]]","[[1,4096]]",0.18,0.44
0,RmsNorm,AI_VECTOR_CORE,AI_VECTOR_CORE,1704161511804161.000,24.450,1.956,24,"[[1,1024],[1024,4096]]","[[1,4096]]",0.05,0.3
0,MatMulV2,AI_CORE,AI_CORE,1704161511804185.500,111.556,8.924,24,"[[1,1024],[1024,4096]]","[[1,4096]]",0.18,0.44
0,FusedInferAttentionScore,AI_CORE,AI_CORE,1704161511804297.000,68.197,5.456,24,"[[1,1024],[1024,4096]]","[[1,4096]]",0.18,0.44
0,RmsNorm,AI_VECTOR_CORE,AI_VECTOR_CORE,1704161511804365.250,19.342,1.547,24,"[[1,1024],[1024,4096]]","[[1,4096]]",0.05,0.3
0,MatMulV2,AI_CORE,AI_CORE,1704161511804384.500,119.667,9.573,24,"[[1,1024],[1024,4096]]","[[1,4096]]",0.18,0.44
0,FusedInferAttentionScore,AI_CORE,AI_CORE,1704161511804504.250,76.497,6.120,24,"[[1,1024],[1024,4096]]","[[1,4096]]",0.18,0.44
0,RmsNorm,AI_VECTOR_CORE,AI_VECTOR_CORE,1704161511804580.750,19.745,1.580,24,"[[1,1024],[1024,4096]]","[[1,4096]]",0.05,0.3
0,MatMulV2,AI_CORE,AI_CORE,1704161511804600.500,112.271,8.982,24,"[[1,1024],[1024,4096]]","[[1,4096]]",0.18,0.44
0,FusedInferAttentionScore,AI_CORE,AI_CORE,1704161511804712.750,73.468,5.877,24,"[[1,1024],[1024,4096]]","[[1,4096]]",0.18,0.44
0,RmsNorm,AI_VECTOR_CORE,AI_VECTOR_CORE,1704161511804786.250,23.936,1.915,24,"[[1,1024],[1024,4096]]","[[1,4096]]",0.05,0.3
0,MatMulV2,AI_CORE,AI_CORE,1704161511804810.250,115.850,9.268,24,"[[1,1024],[1024,4096]]","[[1,4096]]",0.18,0.44
0,FusedInferAttentionScore,AI_CORE,AI_CORE,1704161511804926.000,66.273,5.302,24,"[[1,1024],[1024,4096]]","[[1,4096]]",0.18,0.44
0,RmsNorm,AI_VECTOR_CORE,AI_VECTOR_CORE,1704161511804992.250,23.591,1.887,24,"[[1,1024],[1024,4096]]","[[1,4096]]",0.05,0.3
0,MatMulV2,AI_CORE,AI_CORE,1704161511805015.750,124.378,9.950,24,"[[1,1024],[1024,4096]]","[[1,4096]]",0.18,0.44
0,FusedInferAttentionScore,AI_CORE,AI_CORE,1704161511805140.250,68.387,5.471,24,"[[1,1024],[1024,4096]]","[[1,4096]]",0.18,0.44
0,RmsNorm,AI_VECTOR_CORE,AI_VECTOR_CORE,1704161511805208.750,26.203,2.096,24,"[[1,1024],[1024,4096]]","[[1,4096]]",0.05,0.3
0,MatMulV2,AI_CORE,AI_CORE,1704161511820200.000,130.923,10.474,24,"[[1,1024],[1024,4096]]","[[1,4096]]",0.18,0.44
0,FusedInferAttentionScore,AI_CORE,AI_CORE,1704161511820331.000,68.511,5.481,24,"[[1,1024],[1024,4096]]","[[1,4096]]",0.18,0.44
0,RmsNorm,AI_VECTOR_CORE,AI_VECTOR_CORE,1704161511820399.500,21.079,1.686,24,"[[1,1024],[1024,4096]]","[[1,4096]]",0.05,0.3
0,MatMulV2,AI_CORE,AI_CORE,1704161511820680.500,110.089,8.807,24,"[[1,1024],[1024,4096]]","[[1,4096]]",0.18,0.44
0,FusedInferAttentionScore,AI_CORE,AI_CORE,1704161511820790.500,72.832,5.827,24,"[[1,1024],[1024,4096]]","[[1,4096]]",0.18,0.44
0,RmsNorm,AI_VECTOR_CORE,AI_VECTOR_CORE,1704161511820863.250,23.768,1.901,24,"[[1,1024],[1024,4096]]","[[1,4096]]",0.05,0.3
0,MatMulV2,AI_CORE,AI_CORE,1704161511820887.000,122.829,9.826,24,"[[1,1024],[1024,4096]]","[[1,4096]]",0.18,0.44
0,FusedInferAttentionScore,AI_CORE,AI_CORE,1704161511821009.750,74.793,5.983,24,"[[1,1024],[1024,4096]]","[[1,4096]]",0.18,0.44
0,RmsNorm,AI_VECTOR_CORE,AI_VECTOR_CORE,1704161511821084.500,26.332,2.107,24,"[[1,1024],[1024,4096]]","[[1,4096]]",0.05,0.3
0,MatMulV2,AI_CORE,AI_CORE,1704161511821110.750,118.266,9.461,24,"[[1,1024],[1024,4096]]","[[1,4096]]",0.18,0.44
0,FusedInferAttentionScore,AI_CORE,AI_CORE,1704161511821229.000,63.727,5.098,24,"[[1,1024],[1024,4096]]","[[1,4096]]",0.18,0.44
0,RmsNorm,AI_VECTOR_CORE,AI_VECTOR_CORE,1704161511821292.750,24.049,1.924,24,"[[1,1024],[1024,4096]]","[[1,4096]]",0.05,0.3
0,MatMulV2,AI_CORE,AI_CORE,1704161511821316.750,130.597,10.448,24,"[[1,1024],[1024,4096]]","[[1,4096]]",0.18,0.44
0,FusedInferAttentionScore,AI_CORE,AI_CORE,1704161511821447.250,66.064,5.285,24,"[[1,1024],[1024,4096]]","[[1,4096]]",0.18,0.44
0,RmsNorm,AI_VECTOR_CORE,AI_VECTOR_CORE,1704161511821513.250,20.245,1.620,24,"[[1,1024],[1024,4096]]","[[1,4096]]",0.05,0.3
0,MatMulV2,AI_CORE,AI_CORE,1704161511821533.500,125.262,10.021,24,"[[1,1024],[1024,4096]]","[[1,4096]]",0.18,0.44
0,FusedInferAttentionScore,AI_CORE,AI_CORE,1704161511821658.750,75.601,6.048,24,"[[1,1024],[1024,4096]]","[[1,4096]]",0.18,0.44
0,RmsNorm,AI_VECTOR_CORE,AI_VECTOR_CORE,1704161511821734.250,23.556,1.884,24,"[[1,1024],[1024,4096]]","[[1,4096]]",0.05,0.3
0,MatMulV2,AI_CORE,AI_CORE,1704161511821757.750,121.138,9.691,24,"[[1,1024],[1024,4096]]","[[1,4096]]",0.18,0.44
0,FusedInferAttentionScore,AI_CORE,AI_CORE,1704161511821879.000,67.940,5.435,24,"[[1,1024],[1024,4096]]","[[1,4096]]",0.18,0.44
0,RmsNorm,AI_VECTOR_CORE,AI_VECTOR_CORE,1704161511821947.000,22.761,1.821,24,"[[1,1024],[1024,4096]]","[[1,4096]]",0.05,0.3
0,MatMulV2,AI_CORE,AI_CORE,1704161511821969.750,130.128,10.410,24,"[[1,1024],[1024,4096]]","[[1,4096]]",0.18,0.44
0,FusedInferAttentionScore,AI_CORE,AI_CORE,1704161511822100.000,65.204,5.216,24,"[[1,1024],[1024,4096]]","[[1,4096]]",0.18,0.44
0,RmsNorm,AI_VECTOR_CORE,AI_VECTOR_CORE,1704161511822165.250,20.956,1.676,24,"[[1,1024],[1024,4096]]","[[1,4096]]",0.05,0.3
0,MatMulV2,AI_CORE,AI_CORE,1704161511822186.250,109.529,8.762,24,"[[1,1024],[1024,4096]]","[[1,4096]]",0.18,0.44
0,FusedInferAttentionScore,AI_CORE,AI_CORE,1704161511822295.750,66.611,5.329,24,"[[1,1024],[1024,4096]]","[[1,4096]]",0.18,0.44
0,RmsNorm,AI_VECTOR_CORE,AI_VECTOR_CORE,1704161511822362.250,21.212,1.697,24,"[[1,1024],[1024,4096]]","[[1,4096]]",0.05,0.3
0,MatMulV2,AI_CORE,AI_CORE,1704161511822383.500,128.541,10.283,24,"[[1,1024],[1024,4096]]","[[1,4096]]",0.18,0.44
0,FusedInferAttentionScore,AI_CORE,AI_CORE,1704161511822512.000,70.016,5.601,24,"[[1,1024],[1024,4096]]","[[1,4096]]",0.18,0.44
0,RmsNorm,AI_VECTOR_CORE,AI_VECTOR_CORE,1704161511822582.000,21.465,1.717,24,"[[1,1024],[1024,4096]]","[[1,4096]]",0.05,0.3
0,MatMulV2,AI_CORE,AI_CORE,1704161511822603.500,116.309,9.305,24,"[[1,1024],[1024,4096]]","[[1,4096]]",0.18,0.44
0,FusedInferAttentionScore,AI_CORE,AI_CORE,1704161511822719.750,76.998,6.160,24,"[[1,1024],[1024,4096]]","[[1,4096]]",0.18,0.44
0,RmsNorm,AI_VECTOR_CORE,AI_VECTOR_CORE,1704161511822796.750,21.191,1.695,24,"[[1,1024],[1024,4096]]","[[1,4096]]",0.05,0.3
0,MatMulV2,AI_CORE,AI_CORE,1704161511822818.000,124.852,9.988,24,"[[1,1024],[1024,4096]]","[[1,4096]]",0.18,0.44
0,FusedInferAttentionScore,AI_CORE,AI_CORE,1704161511822942.750,75.600,6.048,24,"[[1,1024],[1024,4096]]","[[1,4096]]",0.18,0.44
0,RmsNorm,AI_VECTOR_CORE,AI_VECTOR_CORE,1704161511823018.250,25.618,2.049,24,"[[1,1024],[1024,4096]]","[[1,4096]]",0.05,0.3
0,MatMulV2,AI_CORE,AI_CORE,1704161511823043.750,126.276,10.102,24,"[[1,1024],[1024,4096]]","[[1,4096]]",0.18,0.44
0,FusedInferAttentionScore,AI_CORE,AI_CORE,1704161511823170.000,68.303,5.464,24,"[[1,1024],[1024,4096]]","[[1,4096]]",0.18,0.44
0,RmsNorm,AI_VECTOR_CORE,AI_VECTOR_CORE,1704161511823238.250,26.017,2.081,24,"[[1,1024],[1024,4096]]","[[1,4096]]",0.05,0.3
0,MatMulV2,AI_CORE,AI_CORE,1704161511823264.250,121.631,9.730,24,"[[1,1024],[1024,4096]]","[[1,4096]]",0.18,0.44
0,FusedInferAttentionScore,AI_CORE,AI_CORE,1704161511823386.000,76.338,6.107,24,"[[1,1024],[1024,4096]]","[[1,4096]]",0.18,0.44
0,RmsNorm,AI_VECTOR_CORE,AI_VECTOR_CORE,1704161511823462.250,23.434,1.875,24,"[[1,1024],[1024,4096]]","[[1,4096]]",0.05,0.3
0,MatMulV2,AI_CORE,AI_CORE,1704161511823485.750,120.787,9.663,24,"[[1,1024],[1024,4096]]","[[1,4096]]",0.18,0.44
0,FusedInferAttentionScore,AI_CORE,AI_CORE,1704161511823606.500,68.924,5.514,24,"[[1,1024],[1024,4096]]","[[1,4096]]",0.18,0.44
0,RmsNorm,AI_VECTOR_CORE,AI_VECTOR_CORE,1704161511823675.500,21.603,1.728,24,"[[1,1024],[1024,4096]]","[[1,4096]]",0.05,0.3
0,MatMulV2,AI_CORE,AI_CORE,1704161511823697.000,110.717,8.857,24,"[[1,1024],[1024,4096]]","[[1,4096]]",0.18,0.44
0,FusedInferAttentionScore,AI_CORE,AI_CORE,1704161511823807.750,63.530,5.082,24,"[[1,1024],[1024,4096]]","[[1,4096]]",0.18,0.44
0,RmsNorm,AI_VECTOR_CORE,AI_VECTOR_CORE,1704161511823871.250,22.790,1.823,24,"[[1,1024],[1024,4096]]","[[1,4096]]",0.05,0.3
0,MatMulV2,AI_CORE,AI_CORE,1704161511823894.000,111.548,8.924,24,"[[1,1024],[1024,4096]]","[[1,4096]]",0.18,0.44
0,FusedInferAttentionScore,AI_CORE,AI_CORE,1704161511824005.500,72.749,5.820,24,"[[1,1024],[1024,4096]]","[[1,4096]]",0.18,0.44
0,RmsNorm,AI_VECTOR_CORE,AI_VECTOR_CORE,1704161511824078.250,24.328,1.946,24,"[[1,1024],[1024,4096]]","[[1,4096]]",0.05,0.3
0,MatMulV2,AI_CORE,AI_CORE,1704161511824102.500,113.761,9.101,24,"[[1,1024],[1024,4096]]","[[1,4096]]",0.18,0.44
0,FusedInferAttentionScore,AI_CORE,AI_CORE,1704161511824216.250,66.881,5.350,24,"[[1,1024],[1024,4096]]","[[1,4096]]",0.18,0.44
0,RmsNorm,AI_VECTOR_CORE,AI_VECTOR_CORE,1704161511824283.250,25.585,2.047,24,"[[1,1024],[1024,4096]]","[[1,4096]]",0.05,0.3
0,MatMulV2,AI_CORE,AI_CORE,1704161511824308.750,127.917,10.233,24,"[[1,1024],[1024,4096]]","[[1,4096]]",0.18,0.44
0,FusedInferAttentionScore,AI_CORE,AI_CORE,1704161511824436.750,68.823,5.506,24,"[[1,1024],[1024,4096]]","[[1,4096]]",0.18,0.44
0,RmsNorm,AI_VECTOR_CORE,AI_VECTOR_CORE,1704161511824505.500,28.707,2.297,24,"[[1,1024],[1024,4096]]","[[1,4096]]",0.05,0.3
0,MatMulV2,AI_CORE,AI_CORE,1704161511824534.250,128.276,10.262,24,"[[1,1024],[1024,4096]]","[[1,4096]]",0.18,0.44
0,FusedInferAttentionScore,AI_CORE,AI_CORE,1704161511824662.500,67.351,5.388,24,"[[1,1024],[1024,4096]]","[[1,4096]]",0.18,0.44
0,RmsNorm,AI_VECTOR_CORE,AI_VECTOR_CORE,1704161511824729.750,28.511,2.281,24,"[[1,1024],[1024,4096]]","[[1,4096]]",0.05,0.3
0,MatMulV2,AI_CORE,AI_CORE,1704161511824758.250,109.698,8.776,24,"[[1,1024],[1024,4096]]","[[1,4096]]",0.18,0.44
0,FusedInferAttentionScore,AI_CORE,AI_CORE,1704161511824868.000,68.392,5.471,24,"[[1,1024],[1024,4096]]","[[1,4096]]",0.18,0.44
0,RmsNorm,AI_VECTOR_CORE,AI_VECTOR_CORE,1704161511824936.500,27.652,2.212,24,"[[1,1024],[1024,4096]]","[[1,4096]]",0.05,0.3
0,MatMulV2,AI_CORE,AI_CORE,1704161511824964.250,123.183,9.855,24,"[[1,1024],[1024,4096]]","[[1,4096]]",0.18,0.44
0,FusedInferAttentionScore,AI_CORE,AI_CORE,1704161511825087.500,75.387,6.031,24,"[[1,1024],[1024,4096]]","[[1,4096]]",0.18,0.44
0,RmsNorm,AI_VECTOR_CORE,AI_VECTOR_CORE,1704161511825163.000,19.624,1.570,24,"[[1,1024],[1024,4096]]","[[1,4096]]",0.05,0.3
0,MatMulV2,AI_CORE,AI_CORE,1704161511825182.500,113.441,9.075,24,"[[1,1024],[1024,4096]]","[[1,4096]]",0.18,0.44
0,FusedInferAttentionScore,AI_CORE,AI_CORE,1704161511825296.000,73.321,5.866,24,"[[1,1024],[1024,4096]]","[[1,4096]]",0.18,0.44
0,RmsNorm,AI_VECTOR_CORE,AI_VECTOR_CORE,1704161511825369.250,28.550,2.284,24,"[[1,1024],[1024,4096]]","[[1,4096]]",0.05,0.3
0,MatMulV2,AI_CORE,AI_CORE,1704161511825397.750,131.857,10.549,24,"[[1,1024],[1024,4096]]","[[1,4096]]",0.18,0.44
0,FusedInferAttentionScore,AI_CORE,AI_CORE,1704161511825529.500,66.532,5.323,24,"[[1,1024],[1024,4096]]","[[1,4096]]",0.18,0.44
0,RmsNorm,AI_VECTOR_CORE,AI_VECTOR_CORE,1704161511825596.000,28.306,2.265,24,"[[1,1024],[1024,4096]]","[[1,4096]]",0.05,0.3
0,MatMulV2,AI_CORE,AI_CORE,1704161511825624.250,112.233,8.979,24,"[[1,1024],[1024,4096]]","[[1,4096]]",0.18,0.44
0,FusedInferAttentionScore,AI_CORE,AI_CORE,1704161511825736.500,69.885,5.591,24,"[[1,1024],[1024,4096]]","[[1,4096]]",0.18,0.44
0,RmsNorm,AI_VECTOR_CORE,AI_VECTOR_CORE,1704161511825806.500,26.726,2.138,24,"[[1,1024],[1024,4096]]","[[1,4096]]",0.05,0.3
0,MatMulV2,AI_CORE,AI_CORE,1704161511825833.250,130.673,10.454,24,"[[1,1024],[1024,4096]]","[[1,4096]]",0.18,0.44
0,FusedInferAttentionScore,AI_CORE,AI_CORE,1704161511825964.000,68.400,5.472,24,"[[1,1024],[1024,4096]]","[[1,4096]]",0.18,0.44
0,RmsNorm,AI_VECTOR_CORE,AI_VECTOR_CORE,1704161511826032.500,27.043,2.163,24,"[[1,1024],[1024,4096]]","[[1,4096]]",0.05,0.3
0,MatMulV2,AI_CORE,AI_CORE,1704161511826059.500,109.000,8.720,24,"[[1,1024],[1024,4096]]","[[1,4096]]",0.18,0.44
0,FusedInferAttentionScore,AI_CORE,AI_CORE,1704161511826168.500,75.939,6.075,24,"[[1,1024],[1024,4096]]","[[1,4096]]",0.18,0.44
0,RmsNorm,AI_VECTOR_CORE,AI_VECTOR_CORE,1704161511826244.500,22.714,1.817,24,"[[1,1024],[1024,4096]]","[[1,4096]]",0.05,0.3
0,MatMulV2,AI_CORE,AI_CORE,1704161511826267.250,111.058,8.885,24,"[[1,1024],[1024,4096]]","[[1,4096]]",0.18,0.44
0,FusedInferAttentionScore,AI_CORE,AI_CORE,1704161511826378.250,63.035,5.043,24,"[[1,1024],[1024,4096]]","[[1,4096]]",0.18,0.44
0,RmsNorm,AI_VECTOR_CORE,AI_VECTOR_CORE,1704161511826441.250,20.984,1.679,24,"[[1,1024],[1024,4096]]","[[1,4096]]",0.05,0.3
0,MatMulV2,AI_CORE,AI_CORE,1704161511826462.250,131.303,10.504,24,"[[1,1024],[1024,4096]]","[[1,4096]]",0.18,0.44
0,FusedInferAttentionScore,AI_CORE,AI_CORE,1704161511826593.500,73.463,5.877,24,"[[1,1024],[1024,4096]]","[[1,4096]]",0.18,0.44
0,RmsNorm,AI_VECTOR_CORE,AI_VECTOR_CORE,1704161511826667.000,25.724,2.058,24,"[[1,1024],[1024,4096]]","[[1,4096]]",0.05,0.3
0,MatMulV2,AI_CORE,AI_CORE,1704161511826692.750,129.031,10.322,24,"[[1,1024],[1024,4096]]","[[1,4096]]",0.18,0.44
0,FusedInferAttentionScore,AI_CORE,AI_CORE,1704161511826821.750,68.642,5.491,24,"[[1,1024],[1024,4096]]","[[1,4096]]",0.18,0.44
0,RmsNorm,AI_VECTOR_CORE,AI_VECTOR_CORE,1704161511826890.500,27.717,2.217,24,"[[1,1024],[1024,4096]]","[[1,4096]]",0.05,0.3
0,MatMulV2,AI_CORE,AI_CORE,1704161511826918.250,131.634,10.531,24,"[[1,1024],[1024,4096]]","[[1,4096]]",0.18,0.44
0,FusedInferAttentionScore,AI_CORE,AI_CORE,1704161511827050.000,64.473,5.158,24,"[[1,1024],[1024,4096]]","[[1,4096]]",0.18,0.44
0,RmsNorm,AI_VECTOR_CORE,AI_VECTOR_CORE,1704161511827114.500,24.114,1.929,24,"[[1,1024],[1024,4096]]","[[1,4096]]",0.05,0.3
0,MatMulV2,AI_CORE,AI_CORE,1704161511827138.500,116.254,9.300,24,"[[1,1024],[1024,4096]]","[[1,4096]]",0.18,0.44
0,FusedInferAttentionScore,AI_CORE,AI_CORE,1704161511827254.750,64.688,5.175,24,"[[1,1024],[1024,4096]]","[[1,4096]]",0.18,0.44
0,RmsNorm,AI_VECTOR_CORE,AI_VECTOR_CORE,1704161511827319.500,24.035,1.923,24,"[[1,1024],[1024,4096]]","[[1,4096]]",0.05,0.3
0,MatMulV2,AI_CORE,AI_CORE,1704161511842200.000,124.831,9.986,24,"[[1,1024],[1024,4096]]","[[1,4096]]",0.18,0.44
0,FusedInferAttentionScore,AI_CORE,AI_CORE,1704161511842324.750,70.018,5.601,24,"[[1,1024],[1024,4096]]","[[1,4096]]",0.18,0.44
0,RmsNorm,AI_VECTOR_CORE,AI_VECTOR_CORE,1704161511842394.750,25.430,2.034,24,"[[1,1024],[1024,4096]]","[[1,4096]]",0.05,0.3
0,MatMulV2,AI_CORE,AI_CORE,1704161511842680.250,129.103,10.328,24,"[[1,1024],[1024,4096]]","[[1,4096]]",0.18,0.44
0,FusedInferAttentionScore,AI_CORE,AI_CORE,1704161511842809.250,72.193,5.775,24,"[[1,1024],[1024,4096]]","[[1,4096]]",0.18,0.44
0,RmsNorm,AI_VECTOR_CORE,AI_VECTOR_CORE,1704161511842881.500,25.773,2.062,24,"[[1,1024],[1024,4096]]","[[1,4096]]",0.05,0.3
0,MatMulV2,AI_CORE,AI_CORE,1704161511842907.250,112.593,9.007,24,"[[1,1024],[1024,4096]]","[[1,4096]]",0.18,0.44
0,FusedInferAttentionScore,AI_CORE,AI_CORE,1704161511843019.750,64.876,5.190,24,"[[1,1024],[1024,4096]]","[[1,4096]]",0.18,0.44
0,RmsNorm,AI_VECTOR_CORE,AI_VECTOR_CORE,1704161511843084.750,23.804,1.904,24,"[[1,1024],[1024,4096]]","[[1,4096]]",0.05,0.3
0,MatMulV2,AI_CORE,AI_CORE,1704161511843108.500,110.708,8.857,24,"[[1,1024],[1024,4096]]","[[1,4096]]",0.18,0.44
0,FusedInferAttentionScore,AI_CORE,AI_CORE,1704161511843219.250,67.967,5.437,24,"[[1,1024],[1024,4096]]","[[1,4096]]",0.18,0.44
0,RmsNorm,AI_VECTOR_CORE,AI_VECTOR_CORE,1704161511843287.250,28.644,2.292,24,"[[1,1024],[1024,4096]]","[[1,4096]]",0.05,0.3
0,MatMulV2,AI_CORE,AI_CORE,1704161511843316.000,112.593,9.007,24,"[[1,1024],[1024,4096]]","[[1,4096]]",0.18,0.44
0,FusedInferAttentionScore,AI_CORE,AI_CORE,1704161511843428.500,65.965,5.277,24,"[[1,1024],[1024,4096]]","[[1,4096]]",0.18,0.44
0,RmsNorm,AI_VECTOR_CORE,AI_VECTOR_CORE,1704161511843494.500,20.698,1.656,24,"[[1,1024],[1024,4096]]","[[1,4096]]",0.05,0.3
0,MatMulV2,AI_CORE,AI_CORE,1704161511843515.250,112.527,9.002,24,"[[1,1024],[1024,4096]]","[[1,4096]]",0.18,0.44
0,FusedInferAttentionScore,AI_CORE,AI_CORE,1704161511843627.750,71.768,5.741,24,"[[1,1024],[1024,4096]]","[[1,4096]]",0.18,0.44
0,RmsNorm,AI_VECTOR_CORE,AI_VECTOR_CORE,1704161511843699.500,24.492,1.959,24,"[[1,1024],[1024,4096]]","[[1,4096]]",0.05,0.3
0,MatMulV2,AI_CORE,AI_CORE,1704161511843724.000,120.183,9.615,24,"[[1,1024],[1024,4096]]","[[1,4096]]",0.18,0.44
0,FusedInferAttentionScore,AI_CORE,AI_CORE,1704161511843844.250,67.552,5.404,24,"[[1,1024],[1024,4096]]","[[1,4096]]",0.18,0.44
0,RmsNorm,AI_VECTOR_CORE,AI_VECTOR_CORE,1704161511843911.750,21.732,1.739,24,"[[1,1024],[1024,4096]]","[[1,4096]]",0.05,0.3
0,MatMulV2,AI_CORE,AI_CORE,1704161511843933.500,128.632,10.291,24,"[[1,1024],[1024,4096]]","[[1,4096]]",0.18,0.44
0,FusedInferAttentionScore,AI_CORE,AI_CORE,1704161511844062.250,66.191,5.295,24,"[[1,1024],[1024,4096]]","[[1,4096]]",0.18,0.44
0,RmsNorm,AI_VECTOR_CORE,AI_VECTOR_CORE,1704161511844128.500,22.139,1.771,24,"[[1,1024],[1024,4096]]","[[1,4096]]",0.05,0.3
0,MatMulV2,AI_CORE,AI_CORE,1704161511844150.750,116.964,9.357,24,"[[1,1024],[1024,4096]]","[[1,4096]]",0.18,0.44
0,FusedInferAttentionScore,AI_CORE,AI_CORE,1704161511844267.750,64.192,5.135,24,"[[1,1024],[1024,4096]]","[[1,4096]]",0.18,0.44
0,RmsNorm,AI_VECTOR_CORE,AI_VECTOR_CORE,1704161511844332.000,26.395,2.112,24,"[[1,1024],[1024,4096]]","[[1,4096]]",0.05,0.3
0,MatMulV2,AI_CORE,AI_CORE,1704161511844358.500,122.400,9.792,24,"[[1,1024],[1024,4096]]","[[1,4096]]",0.18,0.44
0,FusedInferAttentionScore,AI_CORE,AI_CORE,1704161511844481.000,66.616,5.329,24,"[[1,1024],[1024,4096]]","[[1,4096]]",0.18,0.44
0,RmsNorm,AI_VECTOR_CORE,AI_VECTOR_CORE,1704161511844547.500,21.174,1.694,24,"[[1,1024],[1024,4096]]","[[1,4096]]",0.05,0.3
0,MatMulV2,AI_CORE,AI_CORE,1704161511844568.750,110.772,8.862,24,"[[1,1024],[1024,4096]]","[[1,4096]]",0.18,0.44
0,FusedInferAttentionScore,AI_CORE,AI_CORE,1704161511844679.500,73.943,5.915,24,"[[1,1024],[1024,4096]]","[[1,4096]]",0.18,0.44
0,RmsNorm,AI_VECTOR_CORE,AI_VECTOR_CORE,1704161511844753.500,23.785,1.903,24,"[[1,1024],[1024,4096]]","[[1,4096]]",0.05,0.3
0,MatMulV2,AI_CORE,AI_CORE,1704161511844777.250,124.245,9.940,24,"[[1,1024],[1024,4096]]","[[1,4096]]",0.18,0.44
0,FusedInferAttentionScore,AI_CORE,AI_CORE,1704161511844901.500,64.363,5.149,24,"[[1,1024],[1024,4096]]","[[1,4096]]",0.18,0.44
0,RmsNorm,AI_VECTOR_CORE,AI_VECTOR_CORE,1704161511844965.750,23.592,1.887,24,"[[1,1024],[1024,4096]]","[[1,4096]]",0.05,0.3
0,MatMulV2,AI_CORE,AI_CORE,1704161511844989.250,111.159,8.893,24,"[[1,1024],[1024,4096]]","[[1,4096]]",0.18,0.44
0,FusedInferAttentionScore,AI_CORE,AI_CORE,1704161511845100.500,64.454,5.156,24,"[[1,1024],[1024,4096]]","[[1,4096]]",0.18,0.44
0,RmsNorm,AI_VECTOR_CORE,AI_VECTOR_CORE,1704161511845165.000,24.955,1.996,24,"[[1,1024],[1024,4096]]","[[1,4096]]",0.05,0.3
0,MatMulV2,AI_CORE,AI_CORE,1704161511845190.000,120.855,9.668,24,"[[1,1024],[1024,4096]]","[[1,4096]]",0.18,0.44
0,FusedInferAttentionScore,AI_CORE,AI_CORE,1704161511845310.750,68.716,5.497,24,"[[1,1024],[1024,4096]]","[[1,4096]]",0.18,0.44
0,RmsNorm,AI_VECTOR_CORE,AI_VECTOR_CORE,1704161511845379.500,24.440,1.955,24,"[[1,1024],[1024,4096]]","[[1,4096]]",0.05,0.3
0,MatMulV2,AI_CORE,AI_CORE,1704161511845404.000,112.381,8.990,24,"[[1,1024],[1024,4096]]","[[1,4096]]",0.18,0.44
0,FusedInferAttentionScore,AI_CORE,AI_CORE,1704161511845516.500,75.934,6.075,24,"[[1,1024],[1024,4096]]","[[1,4096]]",0.18,0.44
0,RmsNorm,AI_VECTOR_CORE,AI_VECTOR_CORE,1704161511845592.500,26.256,2.100,24,"[[1,1024],[1024,4096]]","[[1,4096]]",0.05,0.3
0,MatMulV2,AI_CORE,AI_CORE,1704161511845618.750,119.925,9.594,24,"[[1,1024],[1024,4096]]","[[1,4096]]",0.18,0.44
0,FusedInferAttentionScore,AI_CORE,AI_CORE,1704161511845738.750,65.829,5.266,24,"[[1,1024],[1024,4096]]","[[1,4096]]",0.18,0.44
0,RmsNorm,AI_VECTOR_CORE,AI_VECTOR_CORE,1704161511845804.500,19.860,1.589,24,"[[1,1024],[1024,4096]]","[[1,4096]]",0.05,0.3
0,MatMulV2,AI_CORE,AI_CORE,1704161511845824.250,131.880,10.550,24,"[[1,1024],[1024,4096]]","[[1,4096]]",0.18,0.44
0,FusedInferAttentionScore,AI_CORE,AI_CORE,1704161511845956.250,64.986,5.199,24,"[[1,1024],[1024,4096]]","[[1,4096]]",0.18,0.44
0,RmsNorm,AI_VECTOR_CORE,AI_VECTOR_CORE,1704161511846021.250,28.482,2.279,24,"[[1,1024],[1024,4096]]","[[1,4096]]",0.05,0.3
0,MatMulV2,AI_CORE,AI_CORE,1704161511846049.750,126.391,10.111,24,"[[1,1024],[1024,4096]]","[[1,4096]]",0.18,0.44
0,FusedInferAttentionScore,AI_CORE,AI_CORE,1704161511846176.250,76.500,6.120,24,"[[1,1024],[1024,4096]]","[[1,4096]]",0.18,0.44
0,RmsNorm,AI_VECTOR_CORE,AI_VECTOR_CORE,1704161511846252.750,22.932,1.835,24,"[[1,1024],[1024,4096]]","[[1,4096]]",0.05,0.3
0,MatMulV2,AI_CORE,AI_CORE,1704161511846275.750,112.272,8.982,24,"[[1,1024],[1024,4096]]","[[1,4096]]",0.18,0.44
0,FusedInferAttentionScore,AI_CORE,AI_CORE,1704161511846388.000,71.330,5.706,24,"[[1,1024],[1024,4096]]","[[1,4096]]",0.18,0.44
0,RmsNorm,AI_VECTOR_CORE,AI_VECTOR_CORE,1704161511846459.250,25.412,2.033,24,"[[1,1024],[1024,4096]]","[[1,4096]]",0.05,0.3
0,MatMulV2,AI_CORE,AI_CORE,1704161511846484.750,126.167,10.093,24,"[[1,1024],[1024,4096]]","[[1,4096]]",0.18,0.44
0,FusedInferAttentionScore,AI_CORE,AI_CORE,1704161511846611.000,74.825,5.986,24,"[[1,1024],[1024,4096]]","[[1,4096]]",0.18,0.44
0,RmsNorm,AI_VECTOR_CORE,AI_VECTOR_CORE,1704161511846685.750,20.119,1.610,24,"[[1,1024],[1024,4096]]","[[1,4096]]",0.05,0.3
0,MatMulV2,AI_CORE,AI_CORE,1704161511846705.750,118.827,9.506,24,"[[1,1024],[1024,4096]]","[[1,4096]]",0.18,0.44
0,FusedInferAttentionScore,AI_CORE,AI_CORE,1704161511846824.500,63.384,5.071,24,"[[1,1024],[1024,4096]]","[[1,4096]]",0.18,0.44
0,RmsNorm,AI_VECTOR_CORE,AI_VECTOR_CORE,1704161511846888.000,19.354,1.548,24,"[[1,1024],[1024,4096]]","[[1,4096]]",0.05,0.3
0,MatMulV2,AI_CORE,AI_CORE,1704161511846907.250,125.376,10.030,24,"[[1,1024],[1024,4096]]","[[1,4096]]",0.18,0.44
0,FusedInferAttentionScore,AI_CORE,AI_CORE,1704161511847032.750,75.725,6.058,24,"[[1,1024],[1024,4096]]","[[1,4096]]",0.18,0.44
0,RmsNorm,AI_VECTOR_CORE,AI_VECTOR_CORE,1704161511847108.500,21.912,1.753,24,"[[1,1024],[1024,4096]]","[[1,4096]]",0.05,0.3
0,MatMulV2,AI_CORE,AI_CORE,1704161511847130.500,112.453,8.996,24,"[[1,1024],[1024,4096]]","[[1,4096]]",0.18,0.44
0,FusedInferAttentionScore,AI_CORE,AI_CORE,1704161511847243.000,64.733,5.179,24,"[[1,1024],[1024,4096]]","[[1,4096]]",0.18,0.44
0,RmsNorm,AI_VECTOR_CORE,AI_VECTOR_CORE,1704161511847307.750,25.291,2.023,24,"[[1,1024],[1024,4096]]","[[1,4096]]",0.05,0.3
0,MatMulV2,AI_CORE,AI_CORE,1704161511847333.000,125.086,10.007,24,"[[1,1024],[1024,4096]]","[[1,4096]]",0.18,0.44
0,FusedInferAttentionScore,AI_CORE,AI_CORE,1704161511847458.000,69.349,5.548,24,"[[1,1024],[1024,4096]]","[[1,4096]]",0.18,0.44
0,RmsNorm,AI_VECTOR_CORE,AI_VECTOR_CORE,1704161511847527.250,25.271,2.022,24,"[[1,1024],[1024,4096]]","[[1,4096]]",0.05,0.3
0,MatMulV2,AI_CORE,AI_CORE,1704161511847552.500,114.187,9.135,24,"[[1,1024],[1024,4096]]","[[1,4096]]",0.18,0.44
0,FusedInferAttentionScore,AI_CORE,AI_CORE,1704161511847666.750,71.472,5.718,24,"[[1,1024],[1024,4096]]","[[1,4096]]",0.18,0.44
0,RmsNorm,AI_VECTOR_CORE,AI_VECTOR_CORE,1704161511847738.250,25.220,2.018,24,"[[1,1024],[1024,4096]]","[[1,4096]]",0.05,0.3
0,MatMulV2,AI_CORE,AI_CORE,1704161511847763.500,127.544,10.204,24,"[[1,1024],[1024,4096]]","[[1,4096]]",0.18,0.44
0,FusedInferAttentionScore,AI_CORE,AI_CORE,1704161511847891.000,68.350,5.468,24,"[[1,1024],[1024,4096]]","[[1,4096]]",0.18,0.44
0,RmsNorm,AI_VECTOR_CORE,AI_VECTOR_CORE,1704161511847959.250,22.268,1.781,24,"[[1,1024],[1024,4096]]","[[1,4096]]",0.05,0.3
0,MatMulV2,AI_CORE,AI_CORE,1704161511847981.500,113.171,9.054,24,"[[1,1024],[1024,4096]]","[[1,4096]]",0.18,0.44
0,FusedInferAttentionScore,AI_CORE,AI_CORE,1704161511848094.750,68.414,5.473,24,"[[1,1024],[1024,4096]]","[[1,4096]]",0.18,0.44
0,RmsNorm,AI_VECTOR_CORE,AI_VECTOR_CORE,1704161511848163.250,26.302,2.104,24,"[[1,1024],[1024,4096]]","[[1,4096]]",0.05,0.3
0,MatMulV2,AI_CORE,AI_CORE,1704161511848189.500,125.911,10.073,24,"[[1,1024],[1024,4096]]","[[1,4096]]",0.18,0.44
0,FusedInferAttentionScore,AI_CORE,AI_CORE,1704161511848315.500,72.038,5.763,24,"[[1,1024],[1024,4096]]","[[1,4096]]",0.18,0.44
0,RmsNorm,AI_VECTOR_CORE,AI_VECTOR_CORE,1704161511848387.500,26.135,2.091,24,"[[1,1024],[1024,4096]]","[[1,4096]]",0.05,0.3
0,MatMulV2,AI_CORE,AI_CORE,1704161511848413.750,126.143,10.091,24,"[[1,1024],[1024,4096]]","[[1,4096]]",0.18,0.44
0,FusedInferAttentionScore,AI_CORE,AI_CORE,1704161511848540.000,74.185,5.935,24,"[[1,1024],[1024,4096]]","[[1,4096]]",0.18,0.44
0,RmsNorm,AI_VECTOR_CORE,AI_VECTOR_CORE,1704161511848614.250,21.199,1.696,24,"[[1,1024],[1024,4096]]","[[1,4096]]",0.05,0.3
0,MatMulV2,AI_CORE,AI_CORE,1704161511848635.500,125.496,10.040,24,"[[1,1024],[1024,4096]]","[[1,4096]]",0.18,0.44
0,FusedInferAttentionScore,AI_CORE,AI_CORE,1704161511848761.000,73.409,5.873,24,"[[1,1024],[1024,4096]]","[[1,4096]]",0.18,0.44
0,RmsNorm,AI_VECTOR_CORE,AI_VECTOR_CORE,1704161511848834.500,28.305,2.264,24,"[[1,1024],[1024,4096]]","[[1,4096]]",0.05,0.3
0,MatMulV2,AI_CORE,AI_CORE,1704161511848862.750,120.416,9.633,24,"[[1,1024],[1024,4096]]","[[1,4096]]",0.18,0.44
0,FusedInferAttentionScore,AI_CORE,AI_CORE,1704161511848983.250,75.188,6.015,24,"[[1,1024],[1024,4096]]","[[1,4096]]",0.18,0.44
0,RmsNorm,AI_VECTOR_CORE,AI_VECTOR_CORE,1704161511849058.500,23.426,1.874,24,"[[1,1024],[1024,4096]]","[[1,4096]]",0.05,0.3
0,MatMulV2,AI_CORE,AI_CORE,1704161511849082.000,124.489,9.959,24,"[[1,1024],[1024,4096]]","[[1,4096]]",0.18,0.44
0,FusedInferAttentionScore,AI_CORE,AI_CORE,1704161511849206.500,67.045,5.364,24,"[[1,1024],[1024,4096]]","[[1,4096]]",0.18,0.44
0,RmsNorm,AI_VECTOR_CORE,AI_VECTOR_CORE,1704161511849273.500,20.856,1.668,24,"[[1,1024],[1024,4096]]","[[1,4096]]",0.05,0.3
