Device_id,Name,Input Shapes,Call Stack,Host Self Duration(us),Host Total Duration(us),Device Self Duration(us),Device Total Duration(us),mac_ratio,mte2_ratio
0,MatMulV2,"[[1,1024],[1024,4096]]",vllm/worker/model_runner.py:1234,6.5,9.8,129.831,133.831,0.18,0.44
0,FusedInferAttentionScore,"[[1,1024],[1024,4096]]",vllm/worker/model_runner.py:1234,6.5,9.8,72.199,76.199,0.18,0.44
0,RmsNorm,"[[1,1024],[1024,4096]]",vllm/worker/model_runner.py:1234,6.5,9.8,27.646,31.646,0.18,0.44
0,AllReduce,"[[1,1024],[1024,4096]]",vllm/worker/model_runner.py:1234,6.5,9.8,33.438,37.438,0.18,0.44
0,aclrtMemcpyAsync_D2H,"[[1,1024],[1024,4096]]",vllm/worker/model_runner.py:1234,6.5,9.8,260,264,0.18,0.44
0,MatMulV2,"[[1,1024],[1024,4096]]",vllm/worker/model_runner.py:1234,6.5,9.8,110.586,114.586,0.18,0.44
0,FusedInferAttentionScore,"[[1,1024],[1024,4096]]",vllm/worker/model_runner.py:1234,6.5,9.8,72.673,76.673,0.18,0.44
0,RmsNorm,"[[1,1024],[1024,4096]]",vllm/worker/model_runner.py:1234,6.5,9.8,22.164,26.164,0.18,0.44
0,AllReduce,"[[1,1024],[1024,4096]]",vllm/worker/model_runner.py:1234,6.5,9.8,35.26,39.26,0.18,0.44
0,MatMulV2,"[[1,1024],[1024,4096]]",vllm/worker/model_runner.py:1234,6.5,9.8,115.626,119.626,0.18,0.44
0,FusedInferAttentionScore,"[[1,1024],[1024,4096]]",vllm/worker/model_runner.py:1234,6.5,9.8,73.819,77.819,0.18,0.44
0,RmsNorm,"[[1,1024],[1024,4096]]",vllm/worker/model_runner.py:1234,6.5,9.8,24.209,28.209,0.18,0.44
0,AllReduce,"[[1,1024],[1024,4096]]",vllm/worker/model_runner.py:1234,6.5,9.8,31.812,35.812,0.18,0.44
0,MatMulV2,"[[1,1024],[1024,4096]]",vllm/worker/model_runner.py:1234,6.5,9.8,115.409,119.409,0.18,0.44
0,FusedInferAttentionScore,"[[1,1024],[1024,4096]]",vllm/worker/model_runner.py:1234,6.5,9.8,75.069,79.069,0.18,0.44
0,RmsNorm,"[[1,1024],[1024,4096]]",vllm/worker/model_runner.py:1234,6.5,9.8,24.357,28.357,0.18,0.44
0,AllReduce,"[[1,1024],[1024,4096]]",vllm/worker/model_runner.py:1234,6.5,9.8,30.973,34.973,0.18,0.44
0,MatMulV2,"[[1,1024],[1024,4096]]",vllm/worker/model_runner.py:1234,6.5,9.8,124.026,128.026,0.18,0.44
0,FusedInferAttentionScore,"[[1,1024],[1024,4096]]",vllm/worker/model_runner.py:1234,6.5,9.8,73.424,77.424,0.18,0.44
0,RmsNorm,"[[1,1024],[1024,4096]]",vllm/worker/model_runner.py:1234,6.5,9.8,25.266,29.266,0.18,0.44
0,AllReduce,"[[1,1024],[1024,4096]]",vllm/worker/model_runner.py:1234,6.5,9.8,34.082,38.082,0.18,0.44
0,MatMulV2,"[[1,1024],[1024,4096]]",vllm/worker/model_runner.py:1234,6.5,9.8,115.024,119.024,0.18,0.44
0,FusedInferAttentionScore,"[[1,1024],[1024,4096]]",vllm/worker/model_runner.py:1234,6.5,9.8,73.95,77.95,0.18,0.44
0,RmsNorm,"[[1,1024],[1024,4096]]",vllm/worker/model_runner.py:1234,6.5,9.8,24.492,28.492,0.18,0.44
0,AllReduce,"[[1,1024],[1024,4096]]",vllm/worker/model_runner.py:1234,6.5,9.8,34.743,38.743,0.18,0.44
0,MatMulV2,"[[1,1024],[1024,4096]]",vllm/worker/model_runner.py:1234,6.5,9.8,115.753,119.753,0.18,0.44
0,FusedInferAttentionScore,"[[1,1024],[1024,4096]]",vllm/worker/model_runner.py:1234,6.5,9.8,75.065,79.065,0.18,0.44
0,RmsNorm,"[[1,1024],[1024,4096]]",vllm/worker/model_runner.py:1234,6.5,9.8,27.089,31.089,0.18,0.44
0,AllReduce,"[[1,1024],[1024,4096]]",vllm/worker/model_runner.py:1234,6.5,9.8,36.895,40.895,0.18,0.44
0,MatMulV2,"[[1,1024],[1024,4096]]",vllm/worker/model_runner.py:1234,6.5,9.8,117.619,121.619,0.18,0.44
0,FusedInferAttentionScore,"[[1,1024],[1024,4096]]",vllm/worker/model_runner.py:1234,6.5,9.8,64.734,68.734,0.18,0.44
0,RmsNorm,"[[1,1024],[1024,4096]]",vllm/worker/model_runner.py:1234,6.5,9.8,25.744,29.744,0.18,0.44
0,AllReduce,"[[1,1024],[1024,4096]]",vllm/worker/model_runner.py:1234,6.5,9.8,35.721,39.721,0.18,0.44
0,MatMulV2,"[[1,1024],[1024,4096]]",vllm/worker/model_runner.py:1234,6.5,9.8,117.6,121.6,0.18,0.44
0,FusedInferAttentionScore,"[[1,1024],[1024,4096]]",vllm/worker/model_runner.py:1234,6.5,9.8,67.148,71.148,0.18,0.44
0,RmsNorm,"[[1,1024],[1024,4096]]",vllm/worker/model_runner.py:1234,6.5,9.8,22.999,26.999,0.18,0.44
0,AllReduce,"[[1,1024],[1024,4096]]",vllm/worker/model_runner.py:1234,6.5,9.8,35.892,39.892,0.18,0.44
0,MatMulV2,"[[1,1024],[1024,4096]]",vllm/worker/model_runner.py:1234,6.5,9.8,108.416,112.416,0.18,0.44
0,FusedInferAttentionScore,"[[1,1024],[1024,4096]]",vllm/worker/model_runner.py:1234,6.5,9.8,72.985,76.985,0.18,0.44
0,RmsNorm,"[[1,1024],[1024,4096]]",vllm/worker/model_runner.py:1234,6.5,9.8,28.5,32.5,0.18,0.44
0,AllReduce,"[[1,1024],[1024,4096]]",vllm/worker/model_runner.py:1234,6.5,9.8,33.717,37.717,0.18,0.44
0,MatMulV2,"[[1,1024],[1024,4096]]",vllm/worker/model_runner.py:1234,6.5,9.8,128.727,132.727,0.18,0.44
0,FusedInferAttentionScore,"[[1,1024],[1024,4096]]",vllm/worker/model_runner.py:1234,6.5,9.8,67.856,71.856,0.18,0.44
0,RmsNorm,"[[1,1024],[1024,4096]]",vllm/worker/model_runner.py:1234,6.5,9.8,24.24,28.24,0.18,0.44
0,AllReduce,"[[1,1024],[1024,4096]]",vllm/worker/model_runner.py:1234,6.5,9.8,34.275,38.275,0.18,0.44
0,MatMulV2,"[[1,1024],[1024,4096]]",vllm/worker/model_runner.py:1234,6.5,9.8,130.716,134.716,0.18,0.44
0,FusedInferAttentionScore,"[[1,1024],[1024,4096]]",vllm/worker/model_runner.py:1234,6.5,9.8,69.014,73.014,0.18,0.44
0,RmsNorm,"[[1,1024],[1024,4096]]",vllm/worker/model_runner.py:1234,6.5,9.8,27.528,31.528,0.18,0.44
0,AllReduce,"[[1,1024],[1024,4096]]",vllm/worker/model_runner.py:1234,6.5,9.8,33.53,37.53,0.18,0.44
0,MatMulV2,"[[1,1024],[1024,4096]]",vllm/worker/model_runner.py:1234,6.5,9.8,124.461,128.461,0.18,0.44
0,FusedInferAttentionScore,"[[1,1024],[1024,4096]]",vllm/worker/model_runner.py:1234,6.5,9.8,69.937,73.937,0.18,0.44
0,RmsNorm,"[[1,1024],[1024,4096]]",vllm/worker/model_runner.py:1234,6.5,9.8,28.646,32.646,0.18,0.44
0,AllReduce,"[[1,1024],[1024,4096]]",vllm/worker/model_runner.py:1234,6.5,9.8,33.092,37.092,0.18,0.44
0,MatMulV2,"[[1,1024],[1024,4096]]",vllm/worker/model_runner.py:1234,6.5,9.8,128.446,132.446,0.18,0.44
0,FusedInferAttentionScore,"[[1,1024],[1024,4096]]",vllm/worker/model_runner.py:1234,6.5,9.8,75.862,79.862,0.18,0.44
0,RmsNorm,"[[1,1024],[1024,4096]]",vllm/worker/model_runner.py:1234,6.5,9.8,24.143,28.143,0.18,0.44
0,AllReduce,"[[1,1024],[1024,4096]]",vllm/worker/model_runner.py:1234,6.5,9.8,34.605,38.605,0.18,0.44
0,MatMulV2,"[[1,1024],[1024,4096]]",vllm/worker/model_runner.py:1234,6.5,9.8,109.593,113.593,0.18,0.44
0,FusedInferAttentionScore,"[[1,1024],[1024,4096]]",vllm/worker/model_runner.py:1234,6.5,9.8,66.877,70.877,0.18,0.44
0,RmsNorm,"[[1,1024],[1024,4096]]",vllm/worker/model_runner.py:1234,6.5,9.8,23.507,27.507,0.18,0.44
0,AllReduce,"[[1,1024],[1024,4096]]",vllm/worker/model_runner.py:1234,6.5,9.8,37.262,41.262,0.18,0.44
0,MatMulV2,"[[1,1024],[1024,4096]]",vllm/worker/model_runner.py:1234,6.5,9.8,126.206,130.20600000000002,0.18,0.44
0,FusedInferAttentionScore,"[[1,1024],[1024,4096]]",vllm/worker/model_runner.py:1234,6.5,9.8,64.657,68.657,0.18,0.44
0,RmsNorm,"[[1,1024],[1024,4096]]",vllm/worker/model_runner.py:1234,6.5,9.8,24.579,28.579,0.18,0.44
0,AllReduce,"[[1,1024],[1024,4096]]",vllm/worker/model_runner.py:1234,6.5,9.8,36.405,40.405,0.18,0.44
0,MatMulV2,"[[1,1024],[1024,4096]]",vllm/worker/model_runner.py:1234,6.5,9.8,125.171,129.171,0.18,0.44
0,FusedInferAttentionScore,"[[1,1024],[1024,4096]]",vllm/worker/model_runner.py:1234,6.5,9.8,76.441,80.441,0.18,0.44
0,RmsNorm,"[[1,1024],[1024,4096]]",vllm/worker/model_runner.py:1234,6.5,9.8,22.643,26.643,0.18,0.44
0,AllReduce,"[[1,1024],[1024,4096]]",vllm/worker/model_runner.py:1234,6.5,9.8,36.51,40.51,0.18,0.44
0,MatMulV2,"[[1,1024],[1024,4096]]",vllm/worker/model_runner.py:1234,6.5,9.8,122.817,126.817,0.18,0.44
0,FusedInferAttentionScore,"[[1,1024],[1024,4096]]",vllm/worker/model_runner.py:1234,6.5,9.8,71.342,75.342,0.18,0.44
0,RmsNorm,"[[1,1024],[1024,4096]]",vllm/worker/model_runner.py:1234,6.5,9.8,24.557,28.557,0.18,0.44
0,AllReduce,"[[1,1024],[1024,4096]]",vllm/worker/model_runner.py:1234,6.5,9.8,32.321,36.321,0.18,0.44
0,MatMulV2,"[[1,1024],[1024,4096]]",vllm/worker/model_runner.py:1234,6.5,9.8,112.798,116.798,0.18,0.44
0,FusedInferAttentionScore,"[[1,1024],[1024,4096]]",vllm/worker/model_runner.py:1234,6.5,9.8,63.588,67.588,0.18,0.44
0,RmsNorm,"[[1,1024],[1024,4096]]",vllm/worker/model_runner.py:1234,6.5,9.8,22.467,26.467,0.18,0.44
0,AllReduce,"[[1,1024],[1024,4096]]",vllm/worker/model_runner.py:1234,6.5,9.8,36.036,40.036,0.18,0.44
0,MatMulV2,"[[1,1024],[1024,4096]]",vllm/worker/model_runner.py:1234,6.5,9.8,130.368,134.368,0.18,0.44
0,FusedInferAttentionScore,"[[1,1024],[1024,4096]]",vllm/worker/model_runner.py:1234,6.5,9.8,72.78,76.78,0.18,0.44
0,RmsNorm,"[[1,1024],[1024,4096]]",vllm/worker/model_runner.py:1234,6.5,9.8,28.053,32.053,0.18,0.44
0,AllReduce,"[[1,1024],[1024,4096]]",vllm/worker/model_runner.py:1234,6.5,9.8,32.9,36.9,0.18,0.44
0,MatMulV2,"[[1,1024],[1024,4096]]",vllm/worker/model_runner.py:1234,6.5,9.8,116.435,120.435,0.18,0.44
0,FusedInferAttentionScore,"[[1,1024],[1024,4096]]",vllm/worker/model_runner.py:1234,6.5,9.8,70.769,74.769,0.18,0.44
0,RmsNorm,"[[1,1024],[1024,4096]]",vllm/worker/model_runner.py:1234,6.5,9.8,21.059,25.059,0.18,0.44
0,AllReduce,"[[1,1024],[1024,4096]]",vllm/worker/model_runner.py:1234,6.5,9.8,34.909,38.909,0.18,0.44
0,MatMulV2,"[[1,1024],[1024,4096]]",vllm/worker/model_runner.py:1234,6.5,9.8,118.76,122.76,0.18,0.44
0,FusedInferAttentionScore,"[[1,1024],[1024,4096]]",vllm/worker/model_runner.py:1234,6.5,9.8,70.238,74.238,0.18,0.44
0,RmsNorm,"[[1,1024],[1024,4096]]",vllm/worker/model_runner.py:1234,6.5,9.8,23.466,27.466,0.18,0.44
0,AllReduce,"[[1,1024],[1024,4096]]",vllm/worker/model_runner.py:1234,6.5,9.8,36.795,40.795,0.18,0.44
0,MatMulV2,"[[1,1024],[1024,4096]]",vllm/worker/model_runner.py:1234,6.5,9.8,125.687,129.687,0.18,0.44
0,FusedInferAttentionScore,"[[1,1024],[1024,4096]]",vllm/worker/model_runner.py:1234,6.5,9.8,65.591,69.591,0.18,0.44
0,RmsNorm,"[[1,1024],[1024,4096]]",vllm/worker/model_runner.py:1234,6.5,9.8,23.432,27.432,0.18,0.44
0,AllReduce,"[[1,1024],[1024,4096]]",vllm/worker/model_runner.py:1234,6.5,9.8,33.776,37.776,0.18,0.44
0,MatMulV2,"[[1,1024],[1024,4096]]",vllm/worker/model_runner.py:1234,6.5,9.8,129.756,133.756,0.18,0.44
0,FusedInferAttentionScore,"[[1,1024],[1024,4096]]",vllm/worker/model_runner.py:1234,6.5,9.8,72.238,76.238,0.18,0.44
0,RmsNorm,"[[1,1024],[1024,4096]]",vllm/worker/model_runner.py:1234,6.5,9.8,22.788,26.788,0.18,0.44
0,AllReduce,"[[1,1024],[1024,4096]]",vllm/worker/model_runner.py:1234,6.5,9.8,31.048,35.048,0.18,0.44
0,MatMulV2,"[[1,1024],[1024,4096]]",vllm/worker/model_runner.py:1234,6.5,9.8,112.609,116.609,0.18,0.44
0,FusedInferAttentionScore,"[[1,1024],[1024,4096]]",vllm/worker/model_runner.py:1234,6.5,9.8,65.864,69.864,0.18,0.44
0,RmsNorm,"[[1,1024],[1024,4096]]",vllm/worker/model_runner.py:1234,6.5,9.8,23.4,27.4,0.18,0.44
0,AllReduce,"[[1,1024],[1024,4096]]",vllm/worker/model_runner.py:1234,6.5,9.8,31.11,35.11,0.18,0.44
0,MatMulV2,"[[1,1024],[1024,4096]]",vllm/worker/model_runner.py:1234,6.5,9.8,128.527,132.527,0.18,0.44
0,FusedInferAttentionScore,"[[1,1024],[1024,4096]]",vllm/worker/model_runner.py:1234,6.5,9.8,74.791,78.791,0.18,0.44
0,RmsNorm,"[[1,1024],[1024,4096]]",vllm/worker/model_runner.py:1234,6.5,9.8,19.775,23.775,0.18,0.44
0,AllReduce,"[[1,1024],[1024,4096]]",vllm/worker/model_runner.py:1234,6.5,9.8,34.293,38.293,0.18,0.44
0,MatMulV2,"[[1,1024],[1024,4096]]",vllm/worker/model_runner.py:1234,6.5,9.8,118,122,0.18,0.44
0,FusedInferAttentionScore,"[[1,1024],[1024,4096]]",vllm/worker/model_runner.py:1234,6.5,9.8,66.014,70.014,0.18,0.44
0,RmsNorm,"[[1,1024],[1024,4096]]",vllm/worker/model_runner.py:1234,6.5,9.8,19.649,23.649,0.18,0.44
0,AllReduce,"[[1,1024],[1024,4096]]",vllm/worker/model_runner.py:1234,6.5,9.8,35.176,39.176,0.18,0.44
0,MatMulV2,"[[1,1024],[1024,4096]]",vllm/worker/model_runner.py:1234,6.5,9.8,120.697,124.697,0.18,0.44
0,FusedInferAttentionScore,"[[1,1024],[1024,4096]]",vllm/worker/model_runner.py:1234,6.5,9.8,67.002,71.002,0.18,0.44
0,RmsNorm,"[[1,1024],[1024,4096]]",vllm/worker/model_runner.py:1234,6.5,9.8,20.71,24.71,0.18,0.44
0,AllReduce,"[[1,1024],[1024,4096]]",vllm/worker/model_runner.py:1234,6.5,9.8,33.283,37.283,0.18,0.44
0,MatMulV2,"[[1,1024],[1024,4096]]",vllm/worker/model_runner.py:1234,6.5,9.8,123.199,127.199,0.18,0.44
0,FusedInferAttentionScore,"[[1,1024],[1024,4096]]",vllm/worker/model_runner.py:1234,6.5,9.8,72.879,76.879,0.18,0.44
0,RmsNorm,"[[1,1024],[1024,4096]]",vllm/worker/model_runner.py:1234,6.5,9.8,27.605,31.605,0.18,0.44
0,AllReduce,"[[1,1024],[1024,4096]]",vllm/worker/model_runner.py:1234,6.5,9.8,37.318,41.318,0.18,0.44
0,MatMulV2,"[[1,1024],[1024,4096]]",vllm/worker/model_runner.py:1234,6.5,9.8,126.893,130.893,0.18,0.44
0,FusedInferAttentionScore,"[[1,1024],[1024,4096]]",vllm/worker/model_runner.py:1234,6.5,9.8,76.048,80.048,0.18,0.44
0,RmsNorm,"[[1,1024],[1024,4096]]",vllm/worker/model_runner.py:1234,6.5,9.8,22.977,26.977,0.18,0.44
0,AllReduce,"[[1,1024],[1024,4096]]",vllm/worker/model_runner.py:1234,6.5,9.8,37.147,41.147,0.18,0.44
0,MatMulV2,"[[1,1024],[1024,4096]]",vllm/worker/model_runner.py:1234,6.5,9.8,115.38,119.38,0.18,0.44
0,FusedInferAttentionScore,"[[1,1024],[1024,4096]]",vllm/worker/model_runner.py:1234,6.5,9.8,68.878,72.878,0.18,0.44
0,RmsNorm,"[[1,1024],[1024,4096]]",vllm/worker/model_runner.py:1234,6.5,9.8,19.899,23.899,0.18,0.44
0,AllReduce,"[[1,1024],[1024,4096]]",vllm/worker/model_runner.py:1234,6.5,9.8,34.981,38.981,0.18,0.44
0,MatMulV2,"[[1,1024],[1024,4096]]",vllm/worker/model_runner.py:1234,6.5,9.8,110.789,114.789,0.18,0.44
0,FusedInferAttentionScore,"[[1,1024],[1024,4096]]",vllm/worker/model_runner.py:1234,6.5,9.8,69.534,73.534,0.18,0.44
0,RmsNorm,"[[1,1024],[1024,4096]]",vllm/worker/model_runner.py:1234,6.5,9.8,27.827,31.827,0.18,0.44
0,AllReduce,"[[1,1024],[1024,4096]]",vllm/worker/model_runner.py:1234,6.5,9.8,31.766,35.766,0.18,0.44
0,MatMulV2,"[[1,1024],[1024,4096]]",vllm/worker/model_runner.py:1234,6.5,9.8,130.412,134.412,0.18,0.44
0,FusedInferAttentionScore,"[[1,1024],[1024,4096]]",vllm/worker/model_runner.py:1234,6.5,9.8,70.383,74.383,0.18,0.44
0,RmsNorm,"[[1,1024],[1024,4096]]",vllm/worker/model_runner.py:1234,6.5,9.8,24.107,28.107,0.18,0.44
0,AllReduce,"[[1,1024],[1024,4096]]",vllm/worker/model_runner.py:1234,6.5,9.8,34.066,38.066,0.18,0.44
0,aclrtMemcpyAsync_D2H,"[[1,1024],[1024,4096]]",vllm/worker/model_runner.py:1234,6.5,9.8,260,264,0.18,0.44
0,MatMulV2,"[[1,1024],[1024,4096]]",vllm/worker/model_runner.py:1234,6.5,9.8,111.682,115.682,0.18,0.44
0,FusedInferAttentionScore,"[[1,1024],[1024,4096]]",vllm/worker/model_runner.py:1234,6.5,9.8,65.52,69.52,0.18,0.44
0,RmsNorm,"[[1,1024],[1024,4096]]",vllm/worker/model_runner.py:1234,6.5,9.8,24.745,28.745,0.18,0.44
0,AllReduce,"[[1,1024],[1024,4096]]",vllm/worker/model_runner.py:1234,6.5,9.8,30.705,34.705,0.18,0.44
0,MatMulV2,"[[1,1024],[1024,4096]]",vllm/worker/model_runner.py:1234,6.5,9.8,128.074,132.074,0.18,0.44
0,FusedInferAttentionScore,"[[1,1024],[1024,4096]]",vllm/worker/model_runner.py:1234,6.5,9.8,76.588,80.588,0.18,0.44
0,RmsNorm,"[[1,1024],[1024,4096]]",vllm/worker/model_runner.py:1234,6.5,9.8,21.1,25.1,0.18,0.44
0,AllReduce,"[[1,1024],[1024,4096]]",vllm/worker/model_runner.py:1234,6.5,9.8,32.66,36.66,0.18,0.44
0,MatMulV2,"[[1,1024],[1024,4096]]",vllm/worker/model_runner.py:1234,6.5,9.8,118.866,122.866,0.18,0.44
0,FusedInferAttentionScore,"[[1,1024],[1024,4096]]",vllm/worker/model_runner.py:1234,6.5,9.8,68.787,72.787,0.18,0.44
0,RmsNorm,"[[1,1024],[1024,4096]]",vllm/worker/model_runner.py:1234,6.5,9.8,22.96,26.96,0.18,0.44
0,AllReduce,"[[1,1024],[1024,4096]]",vllm/worker/model_runner.py:1234,6.5,9.8,36.084,40.084,0.18,0.44
0,MatMulV2,"[[1,1024],[1024,4096]]",vllm/worker/model_runner.py:1234,6.5,9.8,120.654,124.654,0.18,0.44
0,FusedInferAttentionScore,"[[1,1024],[1024,4096]]",vllm/worker/model_runner.py:1234,6.5,9.8,63.781,67.781,0.18,0.44
0,RmsNorm,"[[1,1024],[1024,4096]]",vllm/worker/model_runner.py:1234,6.5,9.8,26.403,30.403,0.18,0.44
0,AllReduce,"[[1,1024],[1024,4096]]",vllm/worker/model_runner.py:1234,6.5,9.8,31.932,35.932,0.18,0.44
0,MatMulV2,"[[1,1024],[1024,4096]]",vllm/worker/model_runner.py:1234,6.5,9.8,109.964,113.964,0.18,0.44
0,FusedInferAttentionScore,"[[1,1024],[1024,4096]]",vllm/worker/model_runner.py:1234,6.5,9.8,70.948,74.948,0.18,0.44
0,RmsNorm,"[[1,1024],[1024,4096]]",vllm/worker/model_runner.py:1234,6.5,9.8,19.825,23.825,0.18,0.44
0,AllReduce,"[[1,1024],[1024,4096]]",vllm/worker/model_runner.py:1234,6.5,9.8,34.913,38.913,0.18,0.44
0,MatMulV2,"[[1,1024],[1024,4096]]",vllm/worker/model_runner.py:1234,6.5,9.8,112.875,116.875,0.18,0.44
0,FusedInferAttentionScore,"[[1,1024],[1024,4096]]",vllm/worker/model_runner.py:1234,6.5,9.8,76.559,80.559,0.18,0.44
0,RmsNorm,"[[1,1024],[1024,4096]]",vllm/worker/model_runner.py:1234,6.5,9.8,21.552,25.552,0.18,0.44
0,AllReduce,"[[1,1024],[1024,4096]]",vllm/worker/model_runner.py:1234,6.5,9.8,32.68,36.68,0.18,0.44
0,MatMulV2,"[[1,1024],[1024,4096]]",vllm/worker/model_runner.py:1234,6.5,9.8,123.055,127.055,0.18,0.44
0,FusedInferAttentionScore,"[[1,1024],[1024,4096]]",vllm/worker/model_runner.py:1234,6.5,9.8,70.973,74.973,0.18,0.44
0,RmsNorm,"[[1,1024],[1024,4096]]",vllm/worker/model_runner.py:1234,6.5,9.8,19.588,23.588,0.18,0.44
0,AllReduce,"[[1,1024],[1024,4096]]",vllm/worker/model_runner.py:1234,6.5,9.8,36.843,40.843,0.18,0.44
0,MatMulV2,"[[1,1024],[1024,4096]]",vllm/worker/model_runner.py:1234,6.5,9.8,119.56,123.56,0.18,0.44
0,FusedInferAttentionScore,"[[1,1024],[1024,4096]]",vllm/worker/model_runner.py:1234,6.5,9.8,69.45,73.45,0.18,0.44
0,RmsNorm,"[[1,1024],[1024,4096]]",vllm/worker/model_runner.py:1234,6.5,9.8,22.447,26.447,0.18,0.44
0,AllReduce,"[[1,1024],[1024,4096]]",vllm/worker/model_runner.py:1234,6.5,9.8,31.481,35.481,0.18,0.44
0,MatMulV2,"[[1,1024],[1024,4096]]",vllm/worker/model_runner.py:1234,6.5,9.8,121.784,125.784,0.18,0.44
0,FusedInferAttentionScore,"[[1,1024],[1024,4096]]",vllm/worker/model_runner.py:1234,6.5,9.8,71.673,75.673,0.18,0.44
0,RmsNorm,"[[1,1024],[1024,4096]]",vllm/worker/model_runner.py:1234,6.5,9.8,19.62,23.62,0.18,0.44
0,AllReduce,"[[1,1024],[1024,4096]]",vllm/worker/model_runner.py:1234,6.5,9.8,31.342,35.342,0.18,0.44
0,MatMulV2,"[[1,1024],[1024,4096]]",vllm/worker/model_runner.py:1234,6.5,9.8,128.935,132.935,0.18,0.44
0,FusedInferAttentionScore,"[[1,1024],[1024,4096]]",vllm/worker/model_runner.py:1234,6.5,9.8,76.575,80.575,0.18,0.44
0,RmsNorm,"[[1,1024],[1024,4096]]",vllm/worker/model_runner.py:1234,6.5,9.8,27.024,31.024,0.18,0.44
0,AllReduce,"[[1,1024],[1024,4096]]",vllm/worker/model_runner.py:1234,6.5,9.8,35.205,39.205,0.18,0.44
0,MatMulV2,"[[1,1024],[1024,4096]]",vllm/worker/model_runner.py:1234,6.5,9.8,109.406,113.406,0.18,0.44
0,FusedInferAttentionScore,"[[1,1024],[1024,4096]]",vllm/worker/model_runner.py:1234,6.5,9.8,76.554,80.554,0.18,0.44
0,RmsNorm,"[[1,1024],[1024,4096]]",vllm/worker/model_runner.py:1234,6.5,9.8,20.787,24.787,0.18,0.44
0,AllReduce,"[[1,1024],[1024,4096]]",vllm/worker/model_runner.py:1234,6.5,9.8,35.583,39.583,0.18,0.44
0,MatMulV2,"[[1,1024],[1024,4096]]",vllm/worker/model_runner.py:1234,6.5,9.8,115.422,119.422,0.18,0.44
0,FusedInferAttentionScore,"[[1,1024],[1024,4096]]",vllm/worker/model_runner.py:1234,6.5,9.8,70.693,74.693,0.18,0.44
0,RmsNorm,"[[1,1024],[1024,4096]]",vllm/worker/model_runner.py:1234,6.5,9.8,25.918,29.918,0.18,0.44
0,AllReduce,"[[1,1024],[1024,4096]]",vllm/worker/model_runner.py:1234,6.5,9.8,36.861,40.861,0.18,0.44
0,MatMulV2,"[[1,1024],[1024,4096]]",vllm/worker/model_runner.py:1234,6.5,9.8,124.334,128.334,0.18,0.44
0,FusedInferAttentionScore,"[[1,1024],[1024,4096]]",vllm/worker/model_runner.py:1234,6.5,9.8,70.047,74.047,0.18,0.44
0,RmsNorm,"[[1,1024],[1024,4096]]",vllm/worker/model_runner.py:1234,6.5,9.8,24.013,28.013,0.18,0.44
0,AllReduce,"[[1,1024],[1024,4096]]",vllm/worker/model_runner.py:1234,6.5,9.8,35.639,39.639,0.18,0.44
0,MatMulV2,"[[1,1024],[1024,4096]]",vllm/worker/model_runner.py:1234,6.5,9.8,125.936,129.936,0.18,0.44
0,FusedInferAttentionScore,"[[1,1024],[1024,4096]]",vllm/worker/model_runner.py:1234,6.5,9.8,71.62,75.62,0.18,0.44
0,RmsNorm,"[[1,1024],[1024,4096]]",vllm/worker/model_runner.py:1234,6.5,9.8,28.138,32.138000000000005,0.18,0.44
0,AllReduce,"[[1,1024],[1024,4096]]",vllm/worker/model_runner.py:1234,6.5,9.8,34.36,38.36,0.18,0.44
0,MatMulV2,"[[1,1024],[1024,4096]]",vllm/worker/model_runner.py:1234,6.5,9.8,117.184,121.184,0.18,0.44
0,FusedInferAttentionScore,"[[1,1024],[1024,4096]]",vllm/worker/model_runner.py:1234,6.5,9.8,65.112,69.112,0.18,0.44
0,RmsNorm,"[[1,1024],[1024,4096]]",vllm/worker/model_runner.py:1234,6.5,9.8,22.656,26.656,0.18,0.44
0,AllReduce,"[[1,1024],[1024,4096]]",vllm/worker/model_runner.py:1234,6.5,9.8,31.817,35.817,0.18,0.44
0,MatMulV2,"[[1,1024],[1024,4096]]",vllm/worker/model_runner.py:1234,6.5,9.8,127.682,131.68200000000002,0.18,0.44
0,FusedInferAttentionScore,"[[1,1024],[1024,4096]]",vllm/worker/model_runner.py:1234,6.5,9.8,70.022,74.022,0.18,0.44
0,RmsNorm,"[[1,1024],[1024,4096]]",vllm/worker/model_runner.py:1234,6.5,9.8,24.931,28.931,0.18,0.44
0,AllReduce,"[[1,1024],[1024,4096]]",vllm/worker/model_runner.py:1234,6.5,9.8,31.006,35.006,0.18,0.44
0,MatMulV2,"[[1,1024],[1024,4096]]",vllm/worker/model_runner.py:1234,6.5,9.8,117.325,121.325,0.18,0.44
0,FusedInferAttentionScore,"[[1,1024],[1024,4096]]",vllm/worker/model_runner.py:1234,6.5,9.8,64.222,68.222,0.18,0.44
0,RmsNorm,"[[1,1024],[1024,4096]]",vllm/worker/model_runner.py:1234,6.5,9.8,19.47,23.47,0.18,0.44
0,AllReduce,"[[1,1024],[1024,4096]]",vllm/worker/model_runner.py:1234,6.5,9.8,31.712,35.712,0.18,0.44
0,MatMulV2,"[[1,1024],[1024,4096]]",vllm/worker/model_runner.py:1234,6.5,9.8,121.455,125.455,0.18,0.44
0,FusedInferAttentionScore,"[[1,1024],[1024,4096]]",vllm/worker/model_runner.py:1234,6.5,9.8,74.578,78.578,0.18,0.44
0,RmsNorm,"[[1,1024],[1024,4096]]",vllm/worker/model_runner.py:1234,6.5,9.8,26.251,30.251,0.18,0.44
0,AllReduce,"[[1,1024],[1024,4096]]",vllm/worker/model_runner.py:1234,6.5,9.8,31.315,35.315,0.18,0.44
0,MatMulV2,"[[1,1024],[1024,4096]]",vllm/worker/model_runner.py:1234,6.5,9.8,112.925,116.925,0.18,0.44
0,FusedInferAttentionScore,"[[1,1024],[1024,4096]]",vllm/worker/model_runner.py:1234,6.5,9.8,73.716,77.716,0.18,0.44
0,RmsNorm,"[[1,1024],[1024,4096]]",vllm/worker/model_runner.py:1234,6.5,9.8,20.178,24.178,0.18,0.44
0,AllReduce,"[[1,1024],[1024,4096]]",vllm/worker/model_runner.py:1234,6.5,9.8,31.784,35.784,0.18,0.44
0,MatMulV2,"[[1,1024],[1024,4096]]",vllm/worker/model_runner.py:1234,6.5,9.8,112.431,116.431,0.18,0.44
0,FusedInferAttentionScore,"[[1,1024],[1024,4096]]",vllm/worker/model_runner.py:1234,6.5,9.8,72.531,76.531,0.18,0.44
0,RmsNorm,"[[1,1024],[1024,4096]]",vllm/worker/model_runner.py:1234,6.5,9.8,25.832,29.832,0.18,0.44
0,AllReduce,"[[1,1024],[1024,4096]]",vllm/worker/model_runner.py:1234,6.5,9.8,32.155,36.155,0.18,0.44
0,MatMulV2,"[[1,1024],[1024,4096]]",vllm/worker/model_runner.py:1234,6.5,9.8,124.495,128.495,0.18,0.44
0,FusedInferAttentionScore,"[[1,1024],[1024,4096]]",vllm/worker/model_runner.py:1234,6.5,9.8,73.53,77.53,0.18,0.44
0,RmsNorm,"[[1,1024],[1024,4096]]",vllm/worker/model_runner.py:1234,6.5,9.8,22.841,26.841,0.18,0.44
0,AllReduce,"[[1,1024],[1024,4096]]",vllm/worker/model_runner.py:1234,6.5,9.8,35.063,39.063,0.18,0.44
0,MatMulV2,"[[1,1024],[1024,4096]]",vllm/worker/model_runner.py:1234,6.5,9.8,130.47,134.47,0.18,0.44
0,FusedInferAttentionScore,"[[1,1024],[1024,4096]]",vllm/worker/model_runner.py:1234,6.5,9.8,71.6,75.6,0.18,0.44
0,RmsNorm,"[[1,1024],[1024,4096]]",vllm/worker/model_runner.py:1234,6.5,9.8,19.652,23.652,0.18,0.44
0,AllReduce,"[[1,1024],[1024,4096]]",vllm/worker/model_runner.py:1234,6.5,9.8,36.413,40.413,0.18,0.44
0,MatMulV2,"[[1,1024],[1024,4096]]",vllm/worker/model_runner.py:1234,6.5,9.8,111.941,115.941,0.18,0.44
0,FusedInferAttentionScore,"[[1,1024],[1024,4096]]",vllm/worker/model_runner.py:1234,6.5,9.8,68.302,72.302,0.18,0.44
0,RmsNorm,"[[1,1024],[1024,4096]]",vllm/worker/model_runner.py:1234,6.5,9.8,22.222,26.222,0.18,0.44
0,AllReduce,"[[1,1024],[1024,4096]]",vllm/worker/model_runner.py:1234,6.5,9.8,36.976,40.976,0.18,0.44
0,MatMulV2,"[[1,1024],[1024,4096]]",vllm/worker/model_runner.py:1234,6.5,9.8,131.907,135.907,0.18,0.44
0,FusedInferAttentionScore,"[[1,1024],[1024,4096]]",vllm/worker/model_runner.py:1234,6.5,9.8,69.276,73.276,0.18,0.44
0,RmsNorm,"[[1,1024],[1024,4096]]",vllm/worker/model_runner.py:1234,6.5,9.8,20.204,24.204,0.18,0.44
0,AllReduce,"[[1,1024],[1024,4096]]",vllm/worker/model_runner.py:1234,6.5,9.8,34.784,38.784,0.18,0.44
0,MatMulV2,"[[1,1024],[1024,4096]]",vllm/worker/model_runner.py:1234,6.5,9.8,123.105,127.105,0.18,0.44
0,FusedInferAttentionScore,"[[1,1024],[1024,4096]]",vllm/worker/model_runner.py:1234,6.5,9.8,65.855,69.855,0.18,0.44
0,RmsNorm,"[[1,1024],[1024,4096]]",vllm/worker/model_runner.py:1234,6.5,9.8,19.561,23.561,0.18,0.44
0,AllReduce,"[[1,1024],[1024,4096]]",vllm/worker/model_runner.py:1234,6.5,9.8,33.705,37.705,0.18,0.44
0,MatMulV2,"[[1,1024],[1024,4096]]",vllm/worker/model_runner.py:1234,6.5,9.8,118.855,122.855,0.18,0.44
0,FusedInferAttentionScore,"[[1,1024],[1024,4096]]",vllm/worker/model_runner.py:1234,6.5,9.8,75.487,79.487,0.18,0.44
0,RmsNorm,"[[1,1024],[1024,4096]]",vllm/worker/model_runner.py:1234,6.5,9.8,28.166,32.166,0.18,0.44
0,AllReduce,"[[1,1024],[1024,4096]]",vllm/worker/model_runner.py:1234,6.5,9.8,37.29,41.29,0.18,0.44
0,MatMulV2,"[[1,1024],[1024,4096]]",vllm/worker/model_runner.py:1234,6.5,9.8,131.816,135.816,0.18,0.44
0,FusedInferAttentionScore,"[[1,1024],[1024,4096]]",vllm/worker/model_runner.py:1234,6.5,9.8,67.047,71.047,0.18,0.44
0,RmsNorm,"[[1,1024],[1024,4096]]",vllm/worker/model_runner.py:1234,6.5,9.8,28.139,32.138999999999996,0.18,0.44
0,AllReduce,"[[1,1024],[1024,4096]]",vllm/worker/model_runner.py:1234,6.5,9.8,32.661,36.661,0.18,0.44
0,MatMulV2,"[[1,1024],[1024,4096]]",vllm/worker/model_runner.py:1234,6.5,9.8,115.997,119.997,0.18,0.44
0,FusedInferAttentionScore,"[[1,1024],[1024,4096]]",vllm/worker/model_runner.py:1234,6.5,9.8,76.645,80.645,0.18,0.44
0,RmsNorm,"[[1,1024],[1024,4096]]",vllm/worker/model_runner.py:1234,6.5,9.8,28.666,32.666,0.18,0.44
0,AllReduce,"[[1,1024],[1024,4096]]",vllm/worker/model_runner.py:1234,6.5,9.8,32.123,36.123,0.18,0.44
0,MatMulV2,"[[1,1024],[1024,4096]]",vllm/worker/model_runner.py:1234,6.5,9.8,117.436,121.436,0.18,0.44
0,FusedInferAttentionScore,"[[1,1024],[1024,4096]]",vllm/worker/model_runner.py:1234,6.5,9.8,67.009,71.009,0.18,0.44
0,RmsNorm,"[[1,1024],[1024,4096]]",vllm/worker/model_runner.py:1234,6.5,9.8,26.65,30.65,0.18,0.44
0,AllReduce,"[[1,1024],[1024,4096]]",vllm/worker/model_runner.py:1234,6.5,9.8,31.091,35.091,0.18,0.44
0,MatMulV2,"[[1,1024],[1024,4096]]",vllm/worker/model_runner.py:1234,6.5,9.8,124.886,128.886,0.18,0.44
0,FusedInferAttentionScore,"[[1,1024],[1024,4096]]",vllm/worker/model_runner.py:1234,6.5,9.8,67.059,71.059,0.18,0.44
0,RmsNorm,"[[1,1024],[1024,4096]]",vllm/worker/model_runner.py:1234,6.5,9.8,21.753,25.753,0.18,0.44
0,AllReduce,"[[1,1024],[1024,4096]]",vllm/worker/model_runner.py:1234,6.5,9.8,35.005,39.005,0.18,0.44
0,MatMulV2,"[[1,1024],[1024,4096]]",vllm/worker/model_runner.py:1234,6.5,9.8,121.908,125.908,0.18,0.44
0,FusedInferAttentionScore,"[[1,1024],[1024,4096]]",vllm/worker/model_runner.py:1234,6.5,9.8,67.743,71.743,0.18,0.44
0,RmsNorm,"[[1,1024],[1024,4096]]",vllm/worker/model_runner.py:1234,6.5,9.8,23.566,27.566,0.18,0.44
0,AllReduce,"[[1,1024],[1024,4096]]",vllm/worker/model_runner.py:1234,6.5,9.8,30.808,34.808,0.18,0.44
0,MatMulV2,"[[1,1024],[1024,4096]]",vllm/worker/model_runner.py:1234,6.5,9.8,130.591,134.591,0.18,0.44
0,FusedInferAttentionScore,"[[1,1024],[1024,4096]]",vllm/worker/model_runner.py:1234,6.5,9.8,63.505,67.505,0.18,0.44
0,RmsNorm,"[[1,1024],[1024,4096]]",vllm/worker/model_runner.py:1234,6.5,9.8,19.359,23.359,0.18,0.44
0,AllReduce,"[[1,1024],[1024,4096]]",vllm/worker/model_runner.py:1234,6.5,9.8,34.313,38.313,0.18,0.44
0,aclrtMemcpyAsync_D2H,"[[1,1024],[1024,4096]]",vllm/worker/model_runner.py:1234,6.5,9.8,260,264,0.18,0.44
0,MatMulV2,"[[1,1024],[1024,4096]]",vllm/worker/model_runner.py:1234,6.5,9.8,117.609,121.609,0.18,0.44
0,FusedInferAttentionScore,"[[1,1024],[1024,4096]]",vllm/worker/model_runner.py:1234,6.5,9.8,74.108,78.108,0.18,0.44
0,RmsNorm,"[[1,1024],[1024,4096]]",vllm/worker/model_runner.py:1234,6.5,9.8,24.344,28.344,0.18,0.44
0,AllReduce,"[[1,1024],[1024,4096]]",vllm/worker/model_runner.py:1234,6.5,9.8,36.193,40.193,0.18,0.44
0,MatMulV2,"[[1,1024],[1024,4096]]",vllm/worker/model_runner.py:1234,6.5,9.8,122.539,126.539,0.18,0.44
0,FusedInferAttentionScore,"[[1,1024],[1024,4096]]",vllm/worker/model_runner.py:1234,6.5,9.8,73.927,77.927,0.18,0.44
0,RmsNorm,"[[1,1024],[1024,4096]]",vllm/worker/model_runner.py:1234,6.5,9.8,28.764,32.763999999999996,0.18,0.44
0,AllReduce,"[[1,1024],[1024,4096]]",vllm/worker/model_runner.py:1234,6.5,9.8,37.392,41.392,0.18,0.44
0,MatMulV2,"[[1,1024],[1024,4096]]",vllm/worker/model_runner.py:1234,6.5,9.8,123.509,127.509,0.18,0.44
0,FusedInferAttentionScore,"[[1,1024],[1024,4096]]",vllm/worker/model_runner.py:1234,6.5,9.8,76.219,80.219,0.18,0.44
0,RmsNorm,"[[1,1024],[1024,4096]]",vllm/worker/model_runner.py:1234,6.5,9.8,20.103,24.103,0.18,0.44
0,AllReduce,"[[1,1024],[1024,4096]]",vllm/worker/model_runner.py:1234,6.5,9.8,37.32,41.32,0.18,0.44
0,MatMulV2,"[[1,1024],[1024,4096]]",vllm/worker/model_runner.py:1234,6.5,9.8,112.419,116.419,0.18,0.44
0,FusedInferAttentionScore,"[[1,1024],[1024,4096]]",vllm/worker/model_runner.py:1234,6.5,9.8,69.699,73.699,0.18,0.44
0,RmsNorm,"[[1,1024],[1024,4096]]",vllm/worker/model_runner.py:1234,6.5,9.8,28.53,32.53,0.18,0.44
0,AllReduce,"[[1,1024],[1024,4096]]",vllm/worker/model_runner.py:1234,6.5,9.8,34.211,38.211,0.18,0.44
0,MatMulV2,"[[1,1024],[1024,4096]]",vllm/worker/model_runner.py:1234,6.5,9.8,129.853,133.853,0.18,0.44
0,FusedInferAttentionScore,"[[1,1024],[1024,4096]]",vllm/worker/model_runner.py:1234,6.5,9.8,71.102,75.102,0.18,0.44
0,RmsNorm,"[[1,1024],[1024,4096]]",vllm/worker/model_runner.py:1234,6.5,9.8,28.728,32.728,0.18,0.44
0,AllReduce,"[[1,1024],[1024,4096]]",vllm/worker/model_runner.py:1234,6.5,9.8,36.335,40.335,0.18,0.44
0,MatMulV2,"[[1,1024],[1024,4096]]",vllm/worker/model_runner.py:1234,6.5,9.8,124.89,128.89,0.18,0.44
0,FusedInferAttentionScore,"[[1,1024],[1024,4096]]",vllm/worker/model_runner.py:1234,6.5,9.8,74.891,78.891,0.18,0.44
0,RmsNorm,"[[1,1024],[1024,4096]]",vllm/worker/model_runner.py:1234,6.5,9.8,24.052,28.052,0.18,0.44
0,AllReduce,"[[1,1024],[1024,4096]]",vllm/worker/model_runner.py:1234,6.5,9.8,35.21,39.21,0.18,0.44
0,MatMulV2,"[[1,1024],[1024,4096]]",vllm/worker/model_runner.py:1234,6.5,9.8,123.186,127.186,0.18,0.44
0,FusedInferAttentionScore,"[[1,1024],[1024,4096]]",vllm/worker/model_runner.py:1234,6.5,9.8,65.698,69.698,0.18,0.44
0,RmsNorm,"[[1,1024],[1024,4096]]",vllm/worker/model_runner.py:1234,6.5,9.8,22.774,26.774,0.18,0.44
0,AllReduce,"[[1,1024],[1024,4096]]",vllm/worker/model_runner.py:1234,6.5,9.8,35.69,39.69,0.18,0.44
0,MatMulV2,"[[1,1024],[1024,4096]]",vllm/worker/model_runner.py:1234,6.5,9.8,112.706,116.706,0.18,0.44
0,FusedInferAttentionScore,"[[1,1024],[1024,4096]]",vllm/worker/model_runner.py:1234,6.5,9.8,66.609,70.609,0.18,0.44
0,RmsNorm,"[[1,1024],[1024,4096]]",vllm/worker/model_runner.py:1234,6.5,9.8,21.761,25.761,0.18,0.44
0,AllReduce,"[[1,1024],[1024,4096]]",vllm/worker/model_runner.py:1234,6.5,9.8,35.51,39.51,0.18,0.44
0,MatMulV2,"[[1,1024],[1024,4096]]",vllm/worker/model_runner.py:1234,6.5,9.8,118.483,122.483,0.18,0.44
0,FusedInferAttentionScore,"[[1,1024],[1024,4096]]",vllm/worker/model_runner.py:1234,6.5,9.8,73.866,77.866,0.18,0.44
0,RmsNorm,"[[1,1024],[1024,4096]]",vllm/worker/model_runner.py:1234,6.5,9.8,19.341,23.341,0.18,0.44
0,AllReduce,"[[1,1024],[1024,4096]]",vllm/worker/model_runner.py:1234,6.5,9.8,32.169,36.169,0.18,0.44
0,MatMulV2,"[[1,1024],[1024,4096]]",vllm/worker/model_runner.py:1234,6.5,9.8,127.765,131.765,0.18,0.44
0,FusedInferAttentionScore,"[[1,1024],[1024,4096]]",vllm/worker/model_runner.py:1234,6.5,9.8,68.1,72.1,0.18,0.44
0,RmsNorm,"[[1,1024],[1024,4096]]",vllm/worker/model_runner.py:1234,6.5,9.8,23.895,27.895,0.18,0.44
0,AllReduce,"[[1,1024],[1024,4096]]",vllm/worker/model_runner.py:1234,6.5,9.8,34.741,38.741,0.18,0.44
0,MatMulV2,"[[1,1024],[1024,4096]]",vllm/worker/model_runner.py:1234,6.5,9.8,108.948,112.948,0.18,0.44
0,FusedInferAttentionScore,"[[1,1024],[1024,4096]]",vllm/worker/model_runner.py:1234,6.5,9.8,71.672,75.672,0.18,0.44
0,RmsNorm,"[[1,1024],[1024,4096]]",vllm/worker/model_runner.py:1234,6.5,9.8,27.144,31.144,0.18,0.44
0,AllReduce,"[[1,1024],[1024,4096]]",vllm/worker/model_runner.py:1234,6.5,9.8,32.678,36.678,0.18,0.44
0,MatMulV2,"[[1,1024],[1024,4096]]",vllm/worker/model_runner.py:1234,6.5,9.8,109.65,113.65,0.18,0.44
0,FusedInferAttentionScore,"[[1,1024],[1024,4096]]",vllm/worker/model_runner.py:1234,6.5,9.8,71.229,75.229,0.18,0.44
0,RmsNorm,"[[1,1024],[1024,4096]]",vllm/worker/model_runner.py:1234,6.5,9.8,28.664,32.664,0.18,0.44
0,AllReduce,"[[1,1024],[1024,4096]]",vllm/worker/model_runner.py:1234,6.5,9.8,31.802,35.802,0.18,0.44
0,MatMulV2,"[[1,1024],[1024,4096]]",vllm/worker/model_runner.py:1234,6.5,9.8,113.31,117.31,0.18,0.44
0,FusedInferAttentionScore,"[[1,1024],[1024,4096]]",vllm/worker/model_runner.py:1234,6.5,9.8,76.059,80.059,0.18,0.44
0,RmsNorm,"[[1,1024],[1024,4096]]",vllm/worker/model_runner.py:1234,6.5,9.8,27.783,31.783,0.18,0.44
0,AllReduce,"[[1,1024],[1024,4096]]",vllm/worker/model_runner.py:1234,6.5,9.8,31.361,35.361000000000004,0.18,0.44
0,MatMulV2,"[[1,1024],[1024,4096]]",vllm/worker/model_runner.py:1234,6.5,9.8,131.685,135.685,0.18,0.44
0,FusedInferAttentionScore,"[[1,1024],[1024,4096]]",vllm/worker/model_runner.py:1234,6.5,9.8,68.34,72.34,0.18,0.44
0,RmsNorm,"[[1,1024],[1024,4096]]",vllm/worker/model_runner.py:1234,6.5,9.8,26.221,30.221,0.18,0.44
0,AllReduce,"[[1,1024],[1024,4096]]",vllm/worker/model_runner.py:1234,6.5,9.8,35.332,39.332,0.18,0.44
0,MatMulV2,"[[1,1024],[1024,4096]]",vllm/worker/model_runner.py:1234,6.5,9.8,128.62,132.62,0.18,0.44
0,FusedInferAttentionScore,"[[1,1024],[1024,4096]]",vllm/worker/model_runner.py:1234,6.5,9.8,66.889,70.889,0.18,0.44
0,RmsNorm,"[[1,1024],[1024,4096]]",vllm/worker/model_runner.py:1234,6.5,9.8,20.006,24.006,0.18,0.44
0,AllReduce,"[[1,1024],[1024,4096]]",vllm/worker/model_runner.py:1234,6.5,9.8,36.444,40.444,0.18,0.44
0,MatMulV2,"[[1,1024],[1024,4096]]",vllm/worker/model_runner.py:1234,6.5,9.8,120.472,124.472,0.18,0.44
0,FusedInferAttentionScore,"[[1,1024],[1024,4096]]",vllm/worker/model_runner.py:1234,6.5,9.8,67.481,71.481,0.18,0.44
0,RmsNorm,"[[1,1024],[1024,4096]]",vllm/worker/model_runner.py:1234,6.5,9.8,19.231,23.231,0.18,0.44
0,AllReduce,"[[1,1024],[1024,4096]]",vllm/worker/model_runner.py:1234,6.5,9.8,35.519,39.519,0.18,0.44
0,MatMulV2,"[[1,1024],[1024,4096]]",vllm/worker/model_runner.py:1234,6.5,9.8,108.547,112.547,0.18,0.44
0,FusedInferAttentionScore,"[[1,1024],[1024,4096]]",vllm/worker/model_runner.py:1234,6.5,9.8,74.361,78.361,0.18,0.44
0,RmsNorm,"[[1,1024],[1024,4096]]",vllm/worker/model_runner.py:1234,6.5,9.8,21.387,25.387,0.18,0.44
0,AllReduce,"[[1,1024],[1024,4096]]",vllm/worker/model_runner.py:1234,6.5,9.8,31.197,35.197,0.18,0.44
0,MatMulV2,"[[1,1024],[1024,4096]]",vllm/worker/model_runner.py:1234,6.5,9.8,128.946,132.946,0.18,0.44
0,FusedInferAttentionScore,"[[1,1024],[1024,4096]]",vllm/worker/model_runner.py:1234,6.5,9.8,63.013,67.013,0.18,0.44
0,RmsNorm,"[[1,1024],[1024,4096]]",vllm/worker/model_runner.py:1234,6.5,9.8,20.04,24.04,0.18,0.44
0,AllReduce,"[[1,1024],[1024,4096]]",vllm/worker/model_runner.py:1234,6.5,9.8,32.429,36.429,0.18,0.44
0,MatMulV2,"[[1,1024],[1024,4096]]",vllm/worker/model_runner.py:1234,6.5,9.8,111.176,115.176,0.18,0.44
0,FusedInferAttentionScore,"[[1,1024],[1024,4096]]",vllm/worker/model_runner.py:1234,6.5,9.8,67.805,71.805,0.18,0.44
0,RmsNorm,"[[1,1024],[1024,4096]]",vllm/worker/model_runner.py:1234,6.5,9.8,27.386,31.386,0.18,0.44
0,AllReduce,"[[1,1024],[1024,4096]]",vllm/worker/model_runner.py:1234,6.5,9.8,32.23,36.23,0.18,0.44
0,MatMulV2,"[[1,1024],[1024,4096]]",vllm/worker/model_runner.py:1234,6.5,9.8,130.916,134.916,0.18,0.44
0,FusedInferAttentionScore,"[[1,1024],[1024,4096]]",vllm/worker/model_runner.py:1234,6.5,9.8,73.589,77.589,0.18,0.44
0,RmsNorm,"[[1,1024],[1024,4096]]",vllm/worker/model_runner.py:1234,6.5,9.8,24.442,28.442,0.18,0.44
0,AllReduce,"[[1,1024],[1024,4096]]",vllm/worker/model_runner.py:1234,6.5,9.8,32.457,36.457,0.18,0.44
0,MatMulV2,"[[1,1024],[1024,4096]]",vllm/worker/model_runner.py:1234,6.5,9.8,112.303,116.303,0.18,0.44
0,FusedInferAttentionScore,"[[1,1024],[1024,4096]]",vllm/worker/model_runner.py:1234,6.5,9.8,65.849,69.849,0.18,0.44
0,RmsNorm,"[[1,1024],[1024,4096]]",vllm/worker/model_runner.py:1234,6.5,9.8,23.822,27.822,0.18,0.44
0,AllReduce,"[[1,1024],[1024,4096]]",vllm/worker/model_runner.py:1234,6.5,9.8,34.308,38.308,0.18,0.44
0,MatMulV2,"[[1,1024],[1024,4096]]",vllm/worker/model_runner.py:1234,6.5,9.8,129.116,133.116,0.18,0.44
0,FusedInferAttentionScore,"[[1,1024],[1024,4096]]",vllm/worker/model_runner.py:1234,6.5,9.8,65.509,69.509,0.18,0.44
0,RmsNorm,"[[1,1024],[1024,4096]]",vllm/worker/model_runner.py:1234,6.5,9.8,19.649,23.649,0.18,0.44
0,AllReduce,"[[1,1024],[1024,4096]]",vllm/worker/model_runner.py:1234,6.5,9.8,33.309,37.309,0.18,0.44
0,MatMulV2,"[[1,1024],[1024,4096]]",vllm/worker/model_runner.py:1234,6.5,9.8,108.236,112.236,0.18,0.44
0,FusedInferAttentionScore,"[[1,1024],[1024,4096]]",vllm/worker/model_runner.py:1234,6.5,9.8,75.962,79.962,0.18,0.44
0,RmsNorm,"[[1,1024],[1024,4096]]",vllm/worker/model_runner.py:1234,6.5,9.8,23.943,27.943,0.18,0.44
0,AllReduce,"[[1,1024],[1024,4096]]",vllm/worker/model_runner.py:1234,6.5,9.8,32.089,36.089,0.18,0.44
0,MatMulV2,"[[1,1024],[1024,4096]]",vllm/worker/model_runner.py:1234,6.5,9.8,120.75,124.75,0.18,0.44
0,FusedInferAttentionScore,"[[1,1024],[1024,4096]]",vllm/worker/model_runner.py:1234,6.5,9.8,69.453,73.453,0.18,0.44
0,RmsNorm,"[[1,1024],[1024,4096]]",vllm/worker/model_runner.py:1234,6.5,9.8,26.459,30.459,0.18,0.44
0,AllReduce,"[[1,1024],[1024,4096]]",vllm/worker/model_runner.py:1234,6.5,9.8,31.502,35.501999999999995,0.18,0.44
0,MatMulV2,"[[1,1024],[1024,4096]]",vllm/worker/model_runner.py:1234,6.5,9.8,124.086,128.086,0.18,0.44
0,FusedInferAttentionScore,"[[1,1024],[1024,4096]]",vllm/worker/model_runner.py:1234,6.5,9.8,73.372,77.372,0.18,0.44
0,RmsNorm,"[[1,1024],[1024,4096]]",vllm/worker/model_runner.py:1234,6.5,9.8,24.492,28.492,0.18,0.44
0,AllReduce,"[[1,1024],[1024,4096]]",vllm/worker/model_runner.py:1234,6.5,9.8,37.197,41.197,0.18,0.44
0,MatMulV2,"[[1,1024],[1024,4096]]",vllm/worker/model_runner.py:1234,6.5,9.8,112.538,116.538,0.18,0.44
0,FusedInferAttentionScore,"[[1,1024],[1024,4096]]",vllm/worker/model_runner.py:1234,6.5,9.8,70.584,74.584,0.18,0.44
0,RmsNorm,"[[1,1024],[1024,4096]]",vllm/worker/model_runner.py:1234,6.5,9.8,22.027,26.027,0.18,0.44
0,AllReduce,"[[1,1024],[1024,4096]]",vllm/worker/model_runner.py:1234,6.5,9.8,31.999,35.998999999999995,0.18,0.44
0,MatMulV2,"[[1,1024],[1024,4096]]",vllm/worker/model_runner.py:1234,6.5,9.8,127.57,131.57,0.18,0.44
0,FusedInferAttentionScore,"[[1,1024],[1024,4096]]",vllm/worker/model_runner.py:1234,6.5,9.8,75.36,79.36,0.18,0.44
0,RmsNorm,"[[1,1024],[1024,4096]]",vllm/worker/model_runner.py:1234,6.5,9.8,24.774,28.774,0.18,0.44
0,AllReduce,"[[1,1024],[1024,4096]]",vllm/worker/model_runner.py:1234,6.5,9.8,36.206,40.206,0.18,0.44
0,MatMulV2,"[[1,1024],[1024,4096]]",vllm/worker/model_runner.py:1234,6.5,9.8,113.266,117.266,0.18,0.44
0,FusedInferAttentionScore,"[[1,1024],[1024,4096]]",vllm/worker/model_runner.py:1234,6.5,9.8,64.029,68.029,0.18,0.44
0,RmsNorm,"[[1,1024],[1024,4096]]",vllm/worker/model_runner.py:1234,6.5,9.8,21.631,25.631,0.18,0.44
0,AllReduce,"[[1,1024],[1024,4096]]",vllm/worker/model_runner.py:1234,6.5,9.8,32.755,36.755,0.18,0.44
0,MatMulV2,"[[1,1024],[1024,4096]]",vllm/worker/model_runner.py:1234,6.5,9.8,112.303,116.303,0.18,0.44
0,FusedInferAttentionScore,"[[1,1024],[1024,4096]]",vllm/worker/model_runner.py:1234,6.5,9.8,72.925,76.925,0.18,0.44
0,RmsNorm,"[[1,1024],[1024,4096]]",vllm/worker/model_runner.py:1234,6.5,9.8,22.332,26.332,0.18,0.44
0,AllReduce,"[[1,1024],[1024,4096]]",vllm/worker/model_runner.py:1234,6.5,9.8,32.362,36.362,0.18,0.44
0,MatMulV2,"[[1,1024],[1024,4096]]",vllm/worker/model_runner.py:1234,6.5,9.8,127.828,131.828,0.18,0.44
0,FusedInferAttentionScore,"[[1,1024],[1024,4096]]",vllm/worker/model_runner.py:1234,6.5,9.8,65.735,69.735,0.18,0.44
0,RmsNorm,"[[1,1024],[1024,4096]]",vllm/worker/model_runner.py:1234,6.5,9.8,21.84,25.84,0.18,0.44
0,AllReduce,"[[1,1024],[1024,4096]]",vllm/worker/model_runner.py:1234,6.5,9.8,31.803,35.803,0.18,0.44
0,MatMulV2,"[[1,1024],[1024,4096]]",vllm/worker/model_runner.py:1234,6.5,9.8,110.598,114.598,0.18,0.44
0,FusedInferAttentionScore,"[[1,1024],[1024,4096]]",vllm/worker/model_runner.py:1234,6.5,9.8,71.832,75.832,0.18,0.44
0,RmsNorm,"[[1,1024],[1024,4096]]",vllm/worker/model_runner.py:1234,6.5,9.8,23.608,27.608,0.18,0.44
0,AllReduce,"[[1,1024],[1024,4096]]",vllm/worker/model_runner.py:1234,6.5,9.8,35.023,39.023,0.18,0.44
0,MatMulV2,"[[1,1024],[1024,4096]]",vllm/worker/model_runner.py:1234,6.5,9.8,114.243,118.243,0.18,0.44
0,FusedInferAttentionScore,"[[1,1024],[1024,4096]]",vllm/worker/model_runner.py:1234,6.5,9.8,70.81,74.81,0.18,0.44
0,RmsNorm,"[[1,1024],[1024,4096]]",vllm/worker/model_runner.py:1234,6.5,9.8,25.118,29.118,0.18,0.44
0,AllReduce,"[[1,1024],[1024,4096]]",vllm/worker/model_runner.py:1234,6.5,9.8,31.224,35.224000000000004,0.18,0.44
0,aclrtMemcpyAsync_D2H,"[[1,1024],[1024,4096]]",vllm/worker/model_runner.py:1234,6.5,9.8,260,264,0.18,0.44
0,MatMulV2,"[[1,1024],[1024,4096]]",vllm/worker/model_runner.py:1234,6.5,9.8,110.532,114.532,0.18,0.44
0,FusedInferAttentionScore,"[[1,1024],[1024,4096]]",vllm/worker/model_runner.py:1234,6.5,9.8,73.94,77.94,0.18,0.44
0,RmsNorm,"[[1,1024],[1024,4096]]",vllm/worker/model_runner.py:1234,6.5,9.8,25.496,29.496,0.18,0.44
0,AllReduce,"[[1,1024],[1024,4096]]",vllm/worker/model_runner.py:1234,6.5,9.8,36.916,40.916,0.18,0.44
0,MatMulV2,"[[1,1024],[1024,4096]]",vllm/worker/model_runner.py:1234,6.5,9.8,128.24,132.24,0.18,0.44
0,FusedInferAttentionScore,"[[1,1024],[1024,4096]]",vllm/worker/model_runner.py:1234,6.5,9.8,64.79,68.79,0.18,0.44
0,RmsNorm,"[[1,1024],[1024,4096]]",vllm/worker/model_runner.py:1234,6.5,9.8,19.533,23.533,0.18,0.44
0,AllReduce,"[[1,1024],[1024,4096]]",vllm/worker/model_runner.py:1234,6.5,9.8,33.848,37.848,0.18,0.44
0,MatMulV2,"[[1,1024],[1024,4096]]",vllm/worker/model_runner.py:1234,6.5,9.8,110.728,114.728,0.18,0.44
0,FusedInferAttentionScore,"[[1,1024],[1024,4096]]",vllm/worker/model_runner.py:1234,6.5,9.8,76.301,80.301,0.18,0.44
0,RmsNorm,"[[1,1024],[1024,4096]]",vllm/worker/model_runner.py:1234,6.5,9.8,27.15,31.15,0.18,0.44
0,AllReduce,"[[1,1024],[1024,4096]]",vllm/worker/model_runner.py:1234,6.5,9.8,36.386,40.386,0.18,0.44
0,MatMulV2,"[[1,1024],[1024,4096]]",vllm/worker/model_runner.py:1234,6.5,9.8,124.134,128.13400000000001,0.18,0.44
0,FusedInferAttentionScore,"[[1,1024],[1024,4096]]",vllm/worker/model_runner.py:1234,6.5,9.8,65.872,69.872,0.18,0.44
0,RmsNorm,"[[1,1024],[1024,4096]]",vllm/worker/model_runner.py:1234,6.5,9.8,21.689,25.689,0.18,0.44
0,AllReduce,"[[1,1024],[1024,4096]]",vllm/worker/model_runner.py:1234,6.5,9.8,36.813,40.813,0.18,0.44
0,MatMulV2,"[[1,1024],[1024,4096]]",vllm/worker/model_runner.py:1234,6.5,9.8,129.738,133.738,0.18,0.44
0,FusedInferAttentionScore,"[[1,1024],[1024,4096]]",vllm/worker/model_runner.py:1234,6.5,9.8,76.939,80.939,0.18,0.44
0,RmsNorm,"[[1,1024],[1024,4096]]",vllm/worker/model_runner.py:1234,6.5,9.8,25.963,29.963,0.18,0.44
0,AllReduce,"[[1,1024],[1024,4096]]",vllm/worker/model_runner.py:1234,6.5,9.8,37.098,41.098,0.18,0.44
0,MatMulV2,"[[1,1024],[1024,4096]]",vllm/worker/model_runner.py:1234,6.5,9.8,114.477,118.477,0.18,0.44
0,FusedInferAttentionScore,"[[1,1024],[1024,4096]]",vllm/worker/model_runner.py:1234,6.5,9.8,71.506,75.506,0.18,0.44
0,RmsNorm,"[[1,1024],[1024,4096]]",vllm/worker/model_runner.py:1234,6.5,9.8,25.553,29.553,0.18,0.44
0,AllReduce,"[[1,1024],[1024,4096]]",vllm/worker/model_runner.py:1234,6.5,9.8,33.08,37.08,0.18,0.44
0,MatMulV2,"[[1,1024],[1024,4096]]",vllm/worker/model_runner.py:1234,6.5,9.8,114.978,118.978,0.18,0.44
0,FusedInferAttentionScore,"[[1,1024],[1024,4096]]",vllm/worker/model_runner.py:1234,6.5,9.8,68.245,72.245,0.18,0.44
0,RmsNorm,"[[1,1024],[1024,4096]]",vllm/worker/model_runner.py:1234,6.5,9.8,28.277,32.277,0.18,0.44
0,AllReduce,"[[1,1024],[1024,4096]]",vllm/worker/model_runner.py:1234,6.5,9.8,35.787,39.787,0.18,0.44
0,MatMulV2,"[[1,1024],[1024,4096]]",vllm/worker/model_runner.py:1234,6.5,9.8,108.496,112.496,0.18,0.44
0,FusedInferAttentionScore,"[[1,1024],[1024,4096]]",vllm/worker/model_runner.py:1234,6.5,9.8,76.224,80.224,0.18,0.44
0,RmsNorm,"[[1,1024],[1024,4096]]",vllm/worker/model_runner.py:1234,6.5,9.8,25.208,29.208,0.18,0.44
0,AllReduce,"[[1,1024],[1024,4096]]",vllm/worker/model_runner.py:1234,6.5,9.8,32.633,36.633,0.18,0.44
0,MatMulV2,"[[1,1024],[1024,4096]]",vllm/worker/model_runner.py:1234,6.5,9.8,110.121,114.121,0.18,0.44
0,FusedInferAttentionScore,"[[1,1024],[1024,4096]]",vllm/worker/model_runner.py:1234,6.5,9.8,73.89,77.89,0.18,0.44
0,RmsNorm,"[[1,1024],[1024,4096]]",vllm/worker/model_runner.py:1234,6.5,9.8,23.761,27.761,0.18,0.44
0,AllReduce,"[[1,1024],[1024,4096]]",vllm/worker/model_runner.py:1234,6.5,9.8,31,35,0.18,0.44
0,MatMulV2,"[[1,1024],[1024,4096]]",vllm/worker/model_runner.py:1234,6.5,9.8,125.635,129.635,0.18,0.44
0,FusedInferAttentionScore,"[[1,1024],[1024,4096]]",vllm/worker/model_runner.py:1234,6.5,9.8,76.376,80.376,0.18,0.44
0,RmsNorm,"[[1,1024],[1024,4096]]",vllm/worker/model_runner.py:1234,6.5,9.8,28.226,32.226,0.18,0.44
0,AllReduce,"[[1,1024],[1024,4096]]",vllm/worker/model_runner.py:1234,6.5,9.8,35.981,39.981,0.18,0.44
0,MatMulV2,"[[1,1024],[1024,4096]]",vllm/worker/model_runner.py:1234,6.5,9.8,119.395,123.395,0.18,0.44
0,FusedInferAttentionScore,"[[1,1024],[1024,4096]]",vllm/worker/model_runner.py:1234,6.5,9.8,71.741,75.741,0.18,0.44
0,RmsNorm,"[[1,1024],[1024,4096]]",vllm/worker/model_runner.py:1234,6.5,9.8,27.879,31.879,0.18,0.44
0,AllReduce,"[[1,1024],[1024,4096]]",vllm/worker/model_runner.py:1234,6.5,9.8,33.354,37.354,0.18,0.44
0,MatMulV2,"[[1,1024],[1024,4096]]",vllm/worker/model_runner.py:1234,6.5,9.8,114.609,118.609,0.18,0.44
0,FusedInferAttentionScore,"[[1,1024],[1024,4096]]",vllm/worker/model_runner.py:1234,6.5,9.8,72.232,76.232,0.18,0.44
0,RmsNorm,"[[1,1024],[1024,4096]]",vllm/worker/model_runner.py:1234,6.5,9.8,26.432,30.432,0.18,0.44
0,AllReduce,"[[1,1024],[1024,4096]]",vllm/worker/model_runner.py:1234,6.5,9.8,36.988,40.988,0.18,0.44
0,MatMulV2,"[[1,1024],[1024,4096]]",vllm/worker/model_runner.py:1234,6.5,9.8,117.386,121.386,0.18,0.44
0,FusedInferAttentionScore,"[[1,1024],[1024,4096]]",vllm/worker/model_runner.py:1234,6.5,9.8,68.155,72.155,0.18,0.44
0,RmsNorm,"[[1,1024],[1024,4096]]",vllm/worker/model_runner.py:1234,6.5,9.8,24.161,28.161,0.18,0.44
0,AllReduce,"[[1,1024],[1024,4096]]",vllm/worker/model_runner.py:1234,6.5,9.8,37.136,41.136,0.18,0.44
0,MatMulV2,"[[1,1024],[1024,4096]]",vllm/worker/model_runner.py:1234,6.5,9.8,113.943,117.943,0.18,0.44
0,FusedInferAttentionScore,"[[1,1024],[1024,4096]]",vllm/worker/model_runner.py:1234,6.5,9.8,67.463,71.463,0.18,0.44
0,RmsNorm,"[[1,1024],[1024,4096]]",vllm/worker/model_runner.py:1234,6.5,9.8,20.075,24.075,0.18,0.44
0,AllReduce,"[[1,1024],[1024,4096]]",vllm/worker/model_runner.py:1234,6.5,9.8,34.627,38.627,0.18,0.44
0,MatMulV2,"[[1,1024],[1024,4096]]",vllm/worker/model_runner.py:1234,6.5,9.8,108.324,112.324,0.18,0.44
0,FusedInferAttentionScore,"[[1,1024],[1024,4096]]",vllm/worker/model_runner.py:1234,6.5,9.8,71.644,75.644,0.18,0.44
0,RmsNorm,"[[1,1024],[1024,4096]]",vllm/worker/model_runner.py:1234,6.5,9.8,27.068,31.068,0.18,0.44
0,AllReduce,"[[1,1024],[1024,4096]]",vllm/worker/model_runner.py:1234,6.5,9.8,34.813,38.813,0.18,0.44
0,MatMulV2,"[[1,1024],[1024,4096]]",vllm/worker/model_runner.py:1234,6.5,9.8,126.025,130.025,0.18,0.44
0,FusedInferAttentionScore,"[[1,1024],[1024,4096]]",vllm/worker/model_runner.py:1234,6.5,9.8,66,70,0.18,0.44
0,RmsNorm,"[[1,1024],[1024,4096]]",vllm/worker/model_runner.py:1234,6.5,9.8,28.199,32.199,0.18,0.44
0,AllReduce,"[[1,1024],[1024,4096]]",vllm/worker/model_runner.py:1234,6.5,9.8,33.26,37.26,0.18,0.44
0,MatMulV2,"[[1,1024],[1024,4096]]",vllm/worker/model_runner.py:1234,6.5,9.8,114.89,118.89,0.18,0.44
0,FusedInferAttentionScore,"[[1,1024],[1024,4096]]",vllm/worker/model_runner.py:1234,6.5,9.8,63.925,67.925,0.18,0.44
0,RmsNorm,"[[1,1024],[1024,4096]]",vllm/worker/model_runner.py:1234,6.5,9.8,25.465,29.465,0.18,0.44
0,AllReduce,"[[1,1024],[1024,4096]]",vllm/worker/model_runner.py:1234,6.5,9.8,33.677,37.677,0.18,0.44
0,MatMulV2,"[[1,1024],[1024,4096]]",vllm/worker/model_runner.py:1234,6.5,9.8,112.652,116.652,0.18,0.44
0,FusedInferAttentionScore,"[[1,1024],[1024,4096]]",vllm/worker/model_runner.py:1234,6.5,9.8,66.259,70.259,0.18,0.44
0,RmsNorm,"[[1,1024],[1024,4096]]",vllm/worker/model_runner.py:1234,6.5,9.8,27.606,31.606,0.18,0.44
0,AllReduce,"[[1,1024],[1024,4096]]",vllm/worker/model_runner.py:1234,6.5,9.8,31.438,35.438,0.18,0.44
0,MatMulV2,"[[1,1024],[1024,4096]]",vllm/worker/model_runner.py:1234,6.5,9.8,120.506,124.506,0.18,0.44
0,FusedInferAttentionScore,"[[1,1024],[1024,4096]]",vllm/worker/model_runner.py:1234,6.5,9.8,66.329,70.329,0.18,0.44
0,RmsNorm,"[[1,1024],[1024,4096]]",vllm/worker/model_runner.py:1234,6.5,9.8,27.489,31.489,0.18,0.44
0,AllReduce,"[[1,1024],[1024,4096]]",vllm/worker/model_runner.py:1234,6.5,9.8,33.81,37.81,0.18,0.44
0,MatMulV2,"[[1,1024],[1024,4096]]",vllm/worker/model_runner.py:1234,6.5,9.8,112.072,116.072,0.18,0.44
0,FusedInferAttentionScore,"[[1,1024],[1024,4096]]",vllm/worker/model_runner.py:1234,6.5,9.8,66.751,70.751,0.18,0.44
0,RmsNorm,"[[1,1024],[1024,4096]]",vllm/worker/model_runner.py:1234,6.5,9.8,22.033,26.033,0.18,0.44
0,AllReduce,"[[1,1024],[1024,4096]]",vllm/worker/model_runner.py:1234,6.5,9.8,33.235,37.235,0.18,0.44
0,MatMulV2,"[[1,1024],[1024,4096]]",vllm/worker/model_runner.py:1234,6.5,9.8,109.137,113.137,0.18,0.44
0,FusedInferAttentionScore,"[[1,1024],[1024,4096]]",vllm/worker/model_runner.py:1234,6.5,9.8,63.603,67.60300000000001,0.18,0.44
0,RmsNorm,"[[1,1024],[1024,4096]]",vllm/worker/model_runner.py:1234,6.5,9.8,24.414,28.414,0.18,0.44
0,AllReduce,"[[1,1024],[1024,4096]]",vllm/worker/model_runner.py:1234,6.5,9.8,35.377,39.377,0.18,0.44
0,MatMulV2,"[[1,1024],[1024,4096]]",vllm/worker/model_runner.py:1234,6.5,9.8,117.538,121.538,0.18,0.44
0,FusedInferAttentionScore,"[[1,1024],[1024,4096]]",vllm/worker/model_runner.py:1234,6.5,9.8,69.058,73.058,0.18,0.44
0,RmsNorm,"[[1,1024],[1024,4096]]",vllm/worker/model_runner.py:1234,6.5,9.8,20.711,24.711,0.18,0.44
0,AllReduce,"[[1,1024],[1024,4096]]",vllm/worker/model_runner.py:1234,6.5,9.8,34.496,38.496,0.18,0.44
0,MatMulV2,"[[1,1024],[1024,4096]]",vllm/worker/model_runner.py:1234,6.5,9.8,130.583,134.583,0.18,0.44
0,FusedInferAttentionScore,"[[1,1024],[1024,4096]]",vllm/worker/model_runner.py:1234,6.5,9.8,65.069,69.069,0.18,0.44
0,RmsNorm,"[[1,1024],[1024,4096]]",vllm/worker/model_runner.py:1234,6.5,9.8,27.125,31.125,0.18,0.44
0,AllReduce,"[[1,1024],[1024,4096]]",vllm/worker/model_runner.py:1234,6.5,9.8,34.439,38.439,0.18,0.44
0,MatMulV2,"[[1,1024],[1024,4096]]",vllm/worker/model_runner.py:1234,6.5,9.8,125.35,129.35,0.18,0.44
0,FusedInferAttentionScore,"[[1,1024],[1024,4096]]",vllm/worker/model_runner.py:1234,6.5,9.8,64.195,68.195,0.18,0.44
0,RmsNorm,"[[1,1024],[1024,4096]]",vllm/worker/model_runner.py:1234,6.5,9.8,22.343,26.343,0.18,0.44
0,AllReduce,"[[1,1024],[1024,4096]]",vllm/worker/model_runner.py:1234,6.5,9.8,31.622,35.622,0.18,0.44
0,MatMulV2,"[[1,1024],[1024,4096]]",vllm/worker/model_runner.py:1234,6.5,9.8,127.279,131.279,0.18,0.44
0,FusedInferAttentionScore,"[[1,1024],[1024,4096]]",vllm/worker/model_runner.py:1234,6.5,9.8,65.175,69.175,0.18,0.44
0,RmsNorm,"[[1,1024],[1024,4096]]",vllm/worker/model_runner.py:1234,6.5,9.8,21.581,25.581,0.18,0.44
0,AllReduce,"[[1,1024],[1024,4096]]",vllm/worker/model_runner.py:1234,6.5,9.8,34.498,38.498,0.18,0.44
0,MatMulV2,"[[1,1024],[1024,4096]]",vllm/worker/model_runner.py:1234,6.5,9.8,112.401,116.401,0.18,0.44
0,FusedInferAttentionScore,"[[1,1024],[1024,4096]]",vllm/worker/model_runner.py:1234,6.5,9.8,72.332,76.332,0.18,0.44
0,RmsNorm,"[[1,1024],[1024,4096]]",vllm/worker/model_runner.py:1234,6.5,9.8,23.665,27.665,0.18,0.44
0,AllReduce,"[[1,1024],[1024,4096]]",vllm/worker/model_runner.py:1234,6.5,9.8,32.471,36.471,0.18,0.44
0,MatMulV2,"[[1,1024],[1024,4096]]",vllm/worker/model_runner.py:1234,6.5,9.8,122.593,126.593,0.18,0.44
0,FusedInferAttentionScore,"[[1,1024],[1024,4096]]",vllm/worker/model_runner.py:1234,6.5,9.8,71.407,75.407,0.18,0.44
0,RmsNorm,"[[1,1024],[1024,4096]]",vllm/worker/model_runner.py:1234,6.5,9.8,25.69,29.69,0.18,0.44
0,AllReduce,"[[1,1024],[1024,4096]]",vllm/worker/model_runner.py:1234,6.5,9.8,32.962,36.962,0.18,0.44
0,MatMulV2,"[[1,1024],[1024,4096]]",vllm/worker/model_runner.py:1234,6.5,9.8,111.231,115.231,0.18,0.44
0,FusedInferAttentionScore,"[[1,1024],[1024,4096]]",vllm/worker/model_runner.py:1234,6.5,9.8,67.908,71.908,0.18,0.44
0,RmsNorm,"[[1,1024],[1024,4096]]",vllm/worker/model_runner.py:1234,6.5,9.8,23.821,27.821,0.18,0.44
0,AllReduce,"[[1,1024],[1024,4096]]",vllm/worker/model_runner.py:1234,6.5,9.8,35.387,39.387,0.18,0.44
0,MatMulV2,"[[1,1024],[1024,4096]]",vllm/worker/model_runner.py:1234,6.5,9.8,122.619,126.619,0.18,0.44
0,FusedInferAttentionScore,"[[1,1024],[1024,4096]]",vllm/worker/model_runner.py:1234,6.5,9.8,73.586,77.586,0.18,0.44
0,RmsNorm,"[[1,1024],[1024,4096]]",vllm/worker/model_runner.py:1234,6.5,9.8,26.773,30.773,0.18,0.44
0,AllReduce,"[[1,1024],[1024,4096]]",vllm/worker/model_runner.py:1234,6.5,9.8,36.937,40.937,0.18,0.44
0,MatMulV2,"[[1,1024],[1024,4096]]",vllm/worker/model_runner.py:1234,6.5,9.8,118.564,122.564,0.18,0.44
0,FusedInferAttentionScore,"[[1,1024],[1024,4096]]",vllm/worker/model_runner.py:1234,6.5,9.8,70.106,74.106,0.18,0.44
0,RmsNorm,"[[1,1024],[1024,4096]]",vllm/worker/model_runner.py:1234,6.5,9.8,24.528,28.528,0.18,0.44
0,AllReduce,"[[1,1024],[1024,4096]]",vllm/worker/model_runner.py:1234,6.5,9.8,30.751,34.751000000000005,0.18,0.44
0,MatMulV2,"[[1,1024],[1024,4096]]",vllm/worker/model_runner.py:1234,6.5,9.8,115.476,119.476,0.18,0.44
0,FusedInferAttentionScore,"[[1,1024],[1024,4096]]",vllm/worker/model_runner.py:1234,6.5,9.8,66.533,70.533,0.18,0.44
0,RmsNorm,"[[1,1024],[1024,4096]]",vllm/worker/model_runner.py:1234,6.5,9.8,20.434,24.434,0.18,0.44
0,AllReduce,"[[1,1024],[1024,4096]]",vllm/worker/model_runner.py:1234,6.5,9.8,33.541,37.541,0.18,0.44
0,MatMulV2,"[[1,1024],[1024,4096]]",vllm/worker/model_runner.py:1234,6.5,9.8,116.819,120.819,0.18,0.44
0,FusedInferAttentionScore,"[[1,1024],[1024,4096]]",vllm/worker/model_runner.py:1234,6.5,9.8,71.944,75.944,0.18,0.44
0,RmsNorm,"[[1,1024],[1024,4096]]",vllm/worker/model_runner.py:1234,6.5,9.8,26.568,30.568,0.18,0.44
0,AllReduce,"[[1,1024],[1024,4096]]",vllm/worker/model_runner.py:1234,6.5,9.8,32.293,36.293,0.18,0.44
0,aclrtMemcpyAsync_D2H,"[[1,1024],[1024,4096]]",vllm/worker/model_runner.py:1234,6.5,9.8,260,264,0.18,0.44
0,MatMulV2,"[[1,1024],[1024,4096]]",vllm/worker/model_runner.py:1234,6.5,9.8,126.214,130.214,0.18,0.44
0,FusedInferAttentionScore,"[[1,1024],[1024,4096]]",vllm/worker/model_runner.py:1234,6.5,9.8,71.568,75.568,0.18,0.44
0,RmsNorm,"[[1,1024],[1024,4096]]",vllm/worker/model_runner.py:1234,6.5,9.8,28.733,32.733000000000004,0.18,0.44
0,AllReduce,"[[1,1024],[1024,4096]]",vllm/worker/model_runner.py:1234,6.5,9.8,34.075,38.075,0.18,0.44
0,MatMulV2,"[[1,1024],[1024,4096]]",vllm/worker/model_runner.py:1234,6.5,9.8,130.954,134.954,0.18,0.44
0,FusedInferAttentionScore,"[[1,1024],[1024,4096]]",vllm/worker/model_runner.py:1234,6.5,9.8,74.629,78.629,0.18,0.44
0,RmsNorm,"[[1,1024],[1024,4096]]",vllm/worker/model_runner.py:1234,6.5,9.8,23.234,27.234,0.18,0.44
0,AllReduce,"[[1,1024],[1024,4096]]",vllm/worker/model_runner.py:1234,6.5,9.8,31.874,35.873999999999995,0.18,0.44
0,MatMulV2,"[[1,1024],[1024,4096]]",vllm/worker/model_runner.py:1234,6.5,9.8,118.12,122.12,0.18,0.44
0,FusedInferAttentionScore,"[[1,1024],[1024,4096]]",vllm/worker/model_runner.py:1234,6.5,9.8,70.538,74.538,0.18,0.44
0,RmsNorm,"[[1,1024],[1024,4096]]",vllm/worker/model_runner.py:1234,6.5,9.8,25.812,29.812,0.18,0.44
0,AllReduce,"[[1,1024],[1024,4096]]",vllm/worker/model_runner.py:1234,6.5,9.8,35.978,39.978,0.18,0.44
0,MatMulV2,"[[1,1024],[1024,4096]]",vllm/worker/model_runner.py:1234,6.5,9.8,113.277,117.277,0.18,0.44
0,FusedInferAttentionScore,"[[1,1024],[1024,4096]]",vllm/worker/model_runner.py:1234,6.5,9.8,67.993,71.993,0.18,0.44
0,RmsNorm,"[[1,1024],[1024,4096]]",vllm/worker/model_runner.py:1234,6.5,9.8,21.388,25.388,0.18,0.44
0,AllReduce,"[[1,1024],[1024,4096]]",vllm/worker/model_runner.py:1234,6.5,9.8,34.379,38.379,0.18,0.44
0,MatMulV2,"[[1,1024],[1024,4096]]",vllm/worker/model_runner.py:1234,6.5,9.8,123.877,127.877,0.18,0.44
0,FusedInferAttentionScore,"[[1,1024],[1024,4096]]",vllm/worker/model_runner.py:1234,6.5,9.8,67.779,71.779,0.18,0.44
0,RmsNorm,"[[1,1024],[1024,4096]]",vllm/worker/model_runner.py:1234,6.5,9.8,22.509,26.509,0.18,0.44
0,AllReduce,"[[1,1024],[1024,4096]]",vllm/worker/model_runner.py:1234,6.5,9.8,30.873,34.873000000000005,0.18,0.44
0,MatMulV2,"[[1,1024],[1024,4096]]",vllm/worker/model_runner.py:1234,6.5,9.8,113.514,117.514,0.18,0.44
0,FusedInferAttentionScore,"[[1,1024],[1024,4096]]",vllm/worker/model_runner.py:1234,6.5,9.8,66.647,70.647,0.18,0.44
0,RmsNorm,"[[1,1024],[1024,4096]]",vllm/worker/model_runner.py:1234,6.5,9.8,25.599,29.599,0.18,0.44
0,AllReduce,"[[1,1024],[1024,4096]]",vllm/worker/model_runner.py:1234,6.5,9.8,36.468,40.468,0.18,0.44
0,MatMulV2,"[[1,1024],[1024,4096]]",vllm/worker/model_runner.py:1234,6.5,9.8,125.932,129.93200000000002,0.18,0.44
0,FusedInferAttentionScore,"[[1,1024],[1024,4096]]",vllm/worker/model_runner.py:1234,6.5,9.8,69.731,73.731,0.18,0.44
0,RmsNorm,"[[1,1024],[1024,4096]]",vllm/worker/model_runner.py:1234,6.5,9.8,19.398,23.398,0.18,0.44
0,AllReduce,"[[1,1024],[1024,4096]]",vllm/worker/model_runner.py:1234,6.5,9.8,34.607,38.607,0.18,0.44
0,MatMulV2,"[[1,1024],[1024,4096]]",vllm/worker/model_runner.py:1234,6.5,9.8,131.642,135.642,0.18,0.44
0,FusedInferAttentionScore,"[[1,1024],[1024,4096]]",vllm/worker/model_runner.py:1234,6.5,9.8,64.489,68.489,0.18,0.44
0,RmsNorm,"[[1,1024],[1024,4096]]",vllm/worker/model_runner.py:1234,6.5,9.8,19.906,23.906,0.18,0.44
0,AllReduce,"[[1,1024],[1024,4096]]",vllm/worker/model_runner.py:1234,6.5,9.8,30.815,34.815,0.18,0.44
0,MatMulV2,"[[1,1024],[1024,4096]]",vllm/worker/model_runner.py:1234,6.5,9.8,112.036,116.036,0.18,0.44
0,FusedInferAttentionScore,"[[1,1024],[1024,4096]]",vllm/worker/model_runner.py:1234,6.5,9.8,66.618,70.618,0.18,0.44
0,RmsNorm,"[[1,1024],[1024,4096]]",vllm/worker/model_runner.py:1234,6.5,9.8,22.217,26.217,0.18,0.44
0,AllReduce,"[[1,1024],[1024,4096]]",vllm/worker/model_runner.py:1234,6.5,9.8,33.87,37.87,0.18,0.44
0,MatMulV2,"[[1,1024],[1024,4096]]",vllm/worker/model_runner.py:1234,6.5,9.8,109.869,113.869,0.18,0.44
0,FusedInferAttentionScore,"[[1,1024],[1024,4096]]",vllm/worker/model_runner.py:1234,6.5,9.8,71.922,75.922,0.18,0.44
0,RmsNorm,"[[1,1024],[1024,4096]]",vllm/worker/model_runner.py:1234,6.5,9.8,21.158,25.158,0.18,0.44
0,AllReduce,"[[1,1024],[1024,4096]]",vllm/worker/model_runner.py:1234,6.5,9.8,34.915,38.915,0.18,0.44
0,MatMulV2,"[[1,1024],[1024,4096]]",vllm/worker/model_runner.py:1234,6.5,9.8,124.979,128.97899999999998,0.18,0.44
0,FusedInferAttentionScore,"[[1,1024],[1024,4096]]",vllm/worker/model_runner.py:1234,6.5,9.8,73.603,77.603,0.18,0.44
0,RmsNorm,"[[1,1024],[1024,4096]]",vllm/worker/model_runner.py:1234,6.5,9.8,24.711,28.711,0.18,0.44
0,AllReduce,"[[1,1024],[1024,4096]]",vllm/worker/model_runner.py:1234,6.5,9.8,32.206,36.206,0.18,0.44
0,MatMulV2,"[[1,1024],[1024,4096]]",vllm/worker/model_runner.py:1234,6.5,9.8,124.126,128.126,0.18,0.44
0,FusedInferAttentionScore,"[[1,1024],[1024,4096]]",vllm/worker/model_runner.py:1234,6.5,9.8,69.938,73.938,0.18,0.44
0,RmsNorm,"[[1,1024],[1024,4096]]",vllm/worker/model_runner.py:1234,6.5,9.8,24.956,28.956,0.18,0.44
0,AllReduce,"[[1,1024],[1024,4096]]",vllm/worker/model_runner.py:1234,6.5,9.8,35.312,39.312,0.18,0.44
0,MatMulV2,"[[1,1024],[1024,4096]]",vllm/worker/model_runner.py:1234,6.5,9.8,127.824,131.824,0.18,0.44
0,FusedInferAttentionScore,"[[1,1024],[1024,4096]]",vllm/worker/model_runner.py:1234,6.5,9.8,74.814,78.814,0.18,0.44
0,RmsNorm,"[[1,1024],[1024,4096]]",vllm/worker/model_runner.py:1234,6.5,9.8,28.078,32.078,0.18,0.44
0,AllReduce,"[[1,1024],[1024,4096]]",vllm/worker/model_runner.py:1234,6.5,9.8,31.863,35.863,0.18,0.44
0,MatMulV2,"[[1,1024],[1024,4096]]",vllm/worker/model_runner.py:1234,6.5,9.8,127.041,131.041,0.18,0.44
0,FusedInferAttentionScore,"[[1,1024],[1024,4096]]",vllm/worker/model_runner.py:1234,6.5,9.8,63.09,67.09,0.18,0.44
0,RmsNorm,"[[1,1024],[1024,4096]]",vllm/worker/model_runner.py:1234,6.5,9.8,26.604,30.604,0.18,0.44
0,AllReduce,"[[1,1024],[1024,4096]]",vllm/worker/model_runner.py:1234,6.5,9.8,30.861,34.861000000000004,0.18,0.44
0,MatMulV2,"[[1,1024],[1024,4096]]",vllm/worker/model_runner.py:1234,6.5,9.8,116.64,120.64,0.18,0.44
0,FusedInferAttentionScore,"[[1,1024],[1024,4096]]",vllm/worker/model_runner.py:1234,6.5,9.8,66.249,70.249,0.18,0.44
0,RmsNorm,"[[1,1024],[1024,4096]]",vllm/worker/model_runner.py:1234,6.5,9.8,20.208,24.208,0.18,0.44
0,AllReduce,"[[1,1024],[1024,4096]]",vllm/worker/model_runner.py:1234,6.5,9.8,33.059,37.059,0.18,0.44
0,MatMulV2,"[[1,1024],[1024,4096]]",vllm/worker/model_runner.py:1234,6.5,9.8,130.434,134.434,0.18,0.44
0,FusedInferAttentionScore,"[[1,1024],[1024,4096]]",vllm/worker/model_runner.py:1234,6.5,9.8,63.325,67.325,0.18,0.44
0,RmsNorm,"[[1,1024],[1024,4096]]",vllm/worker/model_runner.py:1234,6.5,9.8,21.043,25.043,0.18,0.44
0,AllReduce,"[[1,1024],[1024,4096]]",vllm/worker/model_runner.py:1234,6.5,9.8,32.208,36.208,0.18,0.44
0,MatMulV2,"[[1,1024],[1024,4096]]",vllm/worker/model_runner.py:1234,6.5,9.8,120.74,124.74,0.18,0.44
0,FusedInferAttentionScore,"[[1,1024],[1024,4096]]",vllm/worker/model_runner.py:1234,6.5,9.8,71.55,75.55,0.18,0.44
0,RmsNorm,"[[1,1024],[1024,4096]]",vllm/worker/model_runner.py:1234,6.5,9.8,20.333,24.333,0.18,0.44
0,AllReduce,"[[1,1024],[1024,4096]]",vllm/worker/model_runner.py:1234,6.5,9.8,37.082,41.082,0.18,0.44
0,MatMulV2,"[[1,1024],[1024,4096]]",vllm/worker/model_runner.py:1234,6.5,9.8,131.293,135.293,0.18,0.44
0,FusedInferAttentionScore,"[[1,1024],[1024,4096]]",vllm/worker/model_runner.py:1234,6.5,9.8,74.707,78.707,0.18,0.44
0,RmsNorm,"[[1,1024],[1024,4096]]",vllm/worker/model_runner.py:1234,6.5,9.8,20.203,24.203,0.18,0.44
0,AllReduce,"[[1,1024],[1024,4096]]",vllm/worker/model_runner.py:1234,6.5,9.8,31.095,35.095,0.18,0.44
0,MatMulV2,"[[1,1024],[1024,4096]]",vllm/worker/model_runner.py:1234,6.5,9.8,114.411,118.411,0.18,0.44
0,FusedInferAttentionScore,"[[1,1024],[1024,4096]]",vllm/worker/model_runner.py:1234,6.5,9.8,74.656,78.656,0.18,0.44
0,RmsNorm,"[[1,1024],[1024,4096]]",vllm/worker/model_runner.py:1234,6.5,9.8,25.866,29.866,0.18,0.44
0,AllReduce,"[[1,1024],[1024,4096]]",vllm/worker/model_runner.py:1234,6.5,9.8,32.801,36.801,0.18,0.44
0,MatMulV2,"[[1,1024],[1024,4096]]",vllm/worker/model_runner.py:1234,6.5,9.8,117.264,121.264,0.18,0.44
0,FusedInferAttentionScore,"[[1,1024],[1024,4096]]",vllm/worker/model_runner.py:1234,6.5,9.8,64.996,68.996,0.18,0.44
0,RmsNorm,"[[1,1024],[1024,4096]]",vllm/worker/model_runner.py:1234,6.5,9.8,20.542,24.542,0.18,0.44
0,AllReduce,"[[1,1024],[1024,4096]]",vllm/worker/model_runner.py:1234,6.5,9.8,34.696,38.696,0.18,0.44
0,MatMulV2,"[[1,1024],[1024,4096]]",vllm/worker/model_runner.py:1234,6.5,9.8,128.151,132.151,0.18,0.44
0,FusedInferAttentionScore,"[[1,1024],[1024,4096]]",vllm/worker/model_runner.py:1234,6.5,9.8,65.332,69.332,0.18,0.44
0,RmsNorm,"[[1,1024],[1024,4096]]",vllm/worker/model_runner.py:1234,6.5,9.8,24.646,28.646,0.18,0.44
0,AllReduce,"[[1,1024],[1024,4096]]",vllm/worker/model_runner.py:1234,6.5,9.8,34.619,38.619,0.18,0.44
0,MatMulV2,"[[1,1024],[1024,4096]]",vllm/worker/model_runner.py:1234,6.5,9.8,127.631,131.631,0.18,0.44
0,FusedInferAttentionScore,"[[1,1024],[1024,4096]]",vllm/worker/model_runner.py:1234,6.5,9.8,64.123,68.123,0.18,0.44
0,RmsNorm,"[[1,1024],[1024,4096]]",vllm/worker/model_runner.py:1234,6.5,9.8,26.393,30.393,0.18,0.44
0,AllReduce,"[[1,1024],[1024,4096]]",vllm/worker/model_runner.py:1234,6.5,9.8,35.77,39.77,0.18,0.44
0,MatMulV2,"[[1,1024],[1024,4096]]",vllm/worker/model_runner.py:1234,6.5,9.8,127.404,131.404,0.18,0.44
0,FusedInferAttentionScore,"[[1,1024],[1024,4096]]",vllm/worker/model_runner.py:1234,6.5,9.8,71.571,75.571,0.18,0.44
0,RmsNorm,"[[1,1024],[1024,4096]]",vllm/worker/model_runner.py:1234,6.5,9.8,24.584,28.584,0.18,0.44
0,AllReduce,"[[1,1024],[1024,4096]]",vllm/worker/model_runner.py:1234,6.5,9.8,35.837,39.837,0.18,0.44
0,MatMulV2,"[[1,1024],[1024,4096]]",vllm/worker/model_runner.py:1234,6.5,9.8,129.805,133.805,0.18,0.44
0,FusedInferAttentionScore,"[[1,1024],[1024,4096]]",vllm/worker/model_runner.py:1234,6.5,9.8,67.525,71.525,0.18,0.44
0,RmsNorm,"[[1,1024],[1024,4096]]",vllm/worker/model_runner.py:1234,6.5,9.8,23.504,27.504,0.18,0.44
0,AllReduce,"[[1,1024],[1024,4096]]",vllm/worker/model_runner.py:1234,6.5,9.8,34.247,38.247,0.18,0.44
0,MatMulV2,"[[1,1024],[1024,4096]]",vllm/worker/model_runner.py:1234,6.5,9.8,114.792,118.792,0.18,0.44
0,FusedInferAttentionScore,"[[1,1024],[1024,4096]]",vllm/worker/model_runner.py:1234,6.5,9.8,66.87,70.87,0.18,0.44
0,RmsNorm,"[[1,1024],[1024,4096]]",vllm/worker/model_runner.py:1234,6.5,9.8,23.903,27.903,0.18,0.44
0,AllReduce,"[[1,1024],[1024,4096]]",vllm/worker/model_runner.py:1234,6.5,9.8,33.85,37.85,0.18,0.44
0,MatMulV2,"[[1,1024],[1024,4096]]",vllm/worker/model_runner.py:1234,6.5,9.8,119.303,123.303,0.18,0.44
0,FusedInferAttentionScore,"[[1,1024],[1024,4096]]",vllm/worker/model_runner.py:1234,6.5,9.8,66.36,70.36,0.18,0.44
0,RmsNorm,"[[1,1024],[1024,4096]]",vllm/worker/model_runner.py:1234,6.5,9.8,27.585,31.585,0.18,0.44
0,AllReduce,"[[1,1024],[1024,4096]]",vllm/worker/model_runner.py:1234,6.5,9.8,35.431,39.431,0.18,0.44
0,MatMulV2,"[[1,1024],[1024,4096]]",vllm/worker/model_runner.py:1234,6.5,9.8,119.851,123.851,0.18,0.44
0,FusedInferAttentionScore,"[[1,1024],[1024,4096]]",vllm/worker/model_runner.py:1234,6.5,9.8,74.382,78.382,0.18,0.44
0,RmsNorm,"[[1,1024],[1024,4096]]",vllm/worker/model_runner.py:1234,6.5,9.8,27.584,31.584,0.18,0.44
0,AllReduce,"[[1,1024],[1024,4096]]",vllm/worker/model_runner.py:1234,6.5,9.8,31.968,35.968,0.18,0.44
0,MatMulV2,"[[1,1024],[1024,4096]]",vllm/worker/model_runner.py:1234,6.5,9.8,131.238,135.238,0.18,0.44
0,FusedInferAttentionScore,"[[1,1024],[1024,4096]]",vllm/worker/model_runner.py:1234,6.5,9.8,64.598,68.598,0.18,0.44
0,RmsNorm,"[[1,1024],[1024,4096]]",vllm/worker/model_runner.py:1234,6.5,9.8,25.449,29.449,0.18,0.44
0,AllReduce,"[[1,1024],[1024,4096]]",vllm/worker/model_runner.py:1234,6.5,9.8,31.635,35.635000000000005,0.18,0.44
0,MatMulV2,"[[1,1024],[1024,4096]]",vllm/worker/model_runner.py:1234,6.5,9.8,124.264,128.264,0.18,0.44
0,FusedInferAttentionScore,"[[1,1024],[1024,4096]]",vllm/worker/model_runner.py:1234,6.5,9.8,75.948,79.948,0.18,0.44
0,RmsNorm,"[[1,1024],[1024,4096]]",vllm/worker/model_runner.py:1234,6.5,9.8,23.61,27.61,0.18,0.44
0,AllReduce,"[[1,1024],[1024,4096]]",vllm/worker/model_runner.py:1234,6.5,9.8,31.46,35.46,0.18,0.44
0,MatMulV2,"[[1,1024],[1024,4096]]",vllm/worker/model_runner.py:1234,6.5,9.8,115.299,119.299,0.18,0.44
0,FusedInferAttentionScore,"[[1,1024],[1024,4096]]",vllm/worker/model_runner.py:1234,6.5,9.8,68.983,72.983,0.18,0.44
0,RmsNorm,"[[1,1024],[1024,4096]]",vllm/worker/model_runner.py:1234,6.5,9.8,19.959,23.959,0.18,0.44
0,AllReduce,"[[1,1024],[1024,4096]]",vllm/worker/model_runner.py:1234,6.5,9.8,35.238,39.238,0.18,0.44
0,MatMulV2,"[[1,1024],[1024,4096]]",vllm/worker/model_runner.py:1234,6.5,9.8,114.598,118.598,0.18,0.44
0,FusedInferAttentionScore,"[[1,1024],[1024,4096]]",vllm/worker/model_runner.py:1234,6.5,9.8,75.991,79.991,0.18,0.44
0,RmsNorm,"[[1,1024],[1024,4096]]",vllm/worker/model_runner.py:1234,6.5,9.8,24.609,28.609,0.18,0.44
0,AllReduce,"[[1,1024],[1024,4096]]",vllm/worker/model_runner.py:1234,6.5,9.8,34.221,38.221,0.18,0.44
0,MatMulV2,"[[1,1024],[1024,4096]]",vllm/worker/model_runner.py:1234,6.5,9.8,130.187,134.187,0.18,0.44
0,FusedInferAttentionScore,"[[1,1024],[1024,4096]]",vllm/worker/model_runner.py:1234,6.5,9.8,64.669,68.669,0.18,0.44
0,RmsNorm,"[[1,1024],[1024,4096]]",vllm/worker/model_runner.py:1234,6.5,9.8,22.201,26.201,0.18,0.44
0,AllReduce,"[[1,1024],[1024,4096]]",vllm/worker/model_runner.py:1234,6.5,9.8,32.5,36.5,0.18,0.44
0,aclrtMemcpyAsync_D2H,"[[1,1024],[1024,4096]]",vllm/worker/model_runner.py:1234,6.5,9.8,260,264,0.18,0.44
0,MatMulV2,"[[1,1024],[1024,4096]]",vllm/worker/model_runner.py:1234,6.5,9.8,111.18,115.18,0.18,0.44
0,FusedInferAttentionScore,"[[1,1024],[1024,4096]]",vllm/worker/model_runner.py:1234,6.5,9.8,68.413,72.413,0.18,0.44
0,RmsNorm,"[[1,1024],[1024,4096]]",vllm/worker/model_runner.py:1234,6.5,9.8,25.657,29.657,0.18,0.44
0,AllReduce,"[[1,1024],[1024,4096]]",vllm/worker/model_runner.py:1234,6.5,9.8,35.165,39.165,0.18,0.44
0,MatMulV2,"[[1,1024],[1024,4096]]",vllm/worker/model_runner.py:1234,6.5,9.8,127.947,131.947,0.18,0.44
0,FusedInferAttentionScore,"[[1,1024],[1024,4096]]",vllm/worker/model_runner.py:1234,6.5,9.8,73.363,77.363,0.18,0.44
0,RmsNorm,"[[1,1024],[1024,4096]]",vllm/worker/model_runner.py:1234,6.5,9.8,24.077,28.077,0.18,0.44
0,AllReduce,"[[1,1024],[1024,4096]]",vllm/worker/model_runner.py:1234,6.5,9.8,35.681,39.681,0.18,0.44
0,MatMulV2,"[[1,1024],[1024,4096]]",vllm/worker/model_runner.py:1234,6.5,9.8,117.188,121.188,0.18,0.44
0,FusedInferAttentionScore,"[[1,1024],[1024,4096]]",vllm/worker/model_runner.py:1234,6.5,9.8,65.895,69.895,0.18,0.44
0,RmsNorm,"[[1,1024],[1024,4096]]",vllm/worker/model_runner.py:1234,6.5,9.8,19.84,23.84,0.18,0.44
0,AllReduce,"[[1,1024],[1024,4096]]",vllm/worker/model_runner.py:1234,6.5,9.8,37.222,41.222,0.18,0.44
0,MatMulV2,"[[1,1024],[1024,4096]]",vllm/worker/model_runner.py:1234,6.5,9.8,117.089,121.089,0.18,0.44
0,FusedInferAttentionScore,"[[1,1024],[1024,4096]]",vllm/worker/model_runner.py:1234,6.5,9.8,67.611,71.611,0.18,0.44
0,RmsNorm,"[[1,1024],[1024,4096]]",vllm/worker/model_runner.py:1234,6.5,9.8,22.96,26.96,0.18,0.44
0,AllReduce,"[[1,1024],[1024,4096]]",vllm/worker/model_runner.py:1234,6.5,9.8,32.309,36.309,0.18,0.44
0,MatMulV2,"[[1,1024],[1024,4096]]",vllm/worker/model_runner.py:1234,6.5,9.8,113.625,117.625,0.18,0.44
0,FusedInferAttentionScore,"[[1,1024],[1024,4096]]",vllm/worker/model_runner.py:1234,6.5,9.8,75.381,79.381,0.18,0.44
0,RmsNorm,"[[1,1024],[1024,4096]]",vllm/worker/model_runner.py:1234,6.5,9.8,21.452,25.452,0.18,0.44
0,AllReduce,"[[1,1024],[1024,4096]]",vllm/worker/model_runner.py:1234,6.5,9.8,33.995,37.995,0.18,0.44
0,MatMulV2,"[[1,1024],[1024,4096]]",vllm/worker/model_runner.py:1234,6.5,9.8,111.794,115.794,0.18,0.44
0,FusedInferAttentionScore,"[[1,1024],[1024,4096]]",vllm/worker/model_runner.py:1234,6.5,9.8,76.086,80.086,0.18,0.44
0,RmsNorm,"[[1,1024],[1024,4096]]",vllm/worker/model_runner.py:1234,6.5,9.8,27.342,31.342,0.18,0.44
0,AllReduce,"[[1,1024],[1024,4096]]",vllm/worker/model_runner.py:1234,6.5,9.8,31.836,35.836,0.18,0.44
0,MatMulV2,"[[1,1024],[1024,4096]]",vllm/worker/model_runner.py:1234,6.5,9.8,127.659,131.659,0.18,0.44
0,FusedInferAttentionScore,"[[1,1024],[1024,4096]]",vllm/worker/model_runner.py:1234,6.5,9.8,69.817,73.817,0.18,0.44
0,RmsNorm,"[[1,1024],[1024,4096]]",vllm/worker/model_runner.py:1234,6.5,9.8,20.275,24.275,0.18,0.44
0,AllReduce,"[[1,1024],[1024,4096]]",vllm/worker/model_runner.py:1234,6.5,9.8,35.101,39.101,0.18,0.44
0,MatMulV2,"[[1,1024],[1024,4096]]",vllm/worker/model_runner.py:1234,6.5,9.8,115.06,119.06,0.18,0.44
0,FusedInferAttentionScore,"[[1,1024],[1024,4096]]",vllm/worker/model_runner.py:1234,6.5,9.8,66.709,70.709,0.18,0.44
0,RmsNorm,"[[1,1024],[1024,4096]]",vllm/worker/model_runner.py:1234,6.5,9.8,25.871,29.871,0.18,0.44
0,AllReduce,"[[1,1024],[1024,4096]]",vllm/worker/model_runner.py:1234,6.5,9.8,34.169,38.169,0.18,0.44
0,MatMulV2,"[[1,1024],[1024,4096]]",vllm/worker/model_runner.py:1234,6.5,9.8,110.894,114.894,0.18,0.44
0,FusedInferAttentionScore,"[[1,1024],[1024,4096]]",vllm/worker/model_runner.py:1234,6.5,9.8,68.163,72.163,0.18,0.44
0,RmsNorm,"[[1,1024],[1024,4096]]",vllm/worker/model_runner.py:1234,6.5,9.8,21.172,25.172,0.18,0.44
0,AllReduce,"[[1,1024],[1024,4096]]",vllm/worker/model_runner.py:1234,6.5,9.8,32.388,36.388,0.18,0.44
0,MatMulV2,"[[1,1024],[1024,4096]]",vllm/worker/model_runner.py:1234,6.5,9.8,120.81,124.81,0.18,0.44
0,FusedInferAttentionScore,"[[1,1024],[1024,4096]]",vllm/worker/model_runner.py:1234,6.5,9.8,74.648,78.648,0.18,0.44
0,RmsNorm,"[[1,1024],[1024,4096]]",vllm/worker/model_runner.py:1234,6.5,9.8,24.345,28.345,0.18,0.44
0,AllReduce,"[[1,1024],[1024,4096]]",vllm/worker/model_runner.py:1234,6.5,9.8,37.125,41.125,0.18,0.44
0,MatMulV2,"[[1,1024],[1024,4096]]",vllm/worker/model_runner.py:1234,6.5,9.8,113.225,117.225,0.18,0.44
0,FusedInferAttentionScore,"[[1,1024],[1024,4096]]",vllm/worker/model_runner.py:1234,6.5,9.8,67.824,71.824,0.18,0.44
0,RmsNorm,"[[1,1024],[1024,4096]]",vllm/worker/model_runner.py:1234,6.5,9.8,27.375,31.375,0.18,0.44
0,AllReduce,"[[1,1024],[1024,4096]]",vllm/worker/model_runner.py:1234,6.5,9.8,36.497,40.497,0.18,0.44
0,MatMulV2,"[[1,1024],[1024,4096]]",vllm/worker/model_runner.py:1234,6.5,9.8,111.502,115.502,0.18,0.44
0,FusedInferAttentionScore,"[[1,1024],[1024,4096]]",vllm/worker/model_runner.py:1234,6.5,9.8,72.187,76.187,0.18,0.44
0,RmsNorm,"[[1,1024],[1024,4096]]",vllm/worker/model_runner.py:1234,6.5,9.8,28.107,32.107,0.18,0.44
0,AllReduce,"[[1,1024],[1024,4096]]",vllm/worker/model_runner.py:1234,6.5,9.8,30.706,34.706,0.18,0.44
0,MatMulV2,"[[1,1024],[1024,4096]]",vllm/worker/model_runner.py:1234,6.5,9.8,116.199,120.199,0.18,0.44
0,FusedInferAttentionScore,"[[1,1024],[1024,4096]]",vllm/worker/model_runner.py:1234,6.5,9.8,68.964,72.964,0.18,0.44
0,RmsNorm,"[[1,1024],[1024,4096]]",vllm/worker/model_runner.py:1234,6.5,9.8,26.784,30.784,0.18,0.44
0,AllReduce,"[[1,1024],[1024,4096]]",vllm/worker/model_runner.py:1234,6.5,9.8,32.254,36.254,0.18,0.44
0,MatMulV2,"[[1,1024],[1024,4096]]",vllm/worker/model_runner.py:1234,6.5,9.8,123.237,127.237,0.18,0.44
0,FusedInferAttentionScore,"[[1,1024],[1024,4096]]",vllm/worker/model_runner.py:1234,6.5,9.8,70.475,74.475,0.18,0.44
0,RmsNorm,"[[1,1024],[1024,4096]]",vllm/worker/model_runner.py:1234,6.5,9.8,27.435,31.435,0.18,0.44
0,AllReduce,"[[1,1024],[1024,4096]]",vllm/worker/model_runner.py:1234,6.5,9.8,32.596,36.596,0.18,0.44
0,MatMulV2,"[[1,1024],[1024,4096]]",vllm/worker/model_runner.py:1234,6.5,9.8,125.876,129.876,0.18,0.44
0,FusedInferAttentionScore,"[[1,1024],[1024,4096]]",vllm/worker/model_runner.py:1234,6.5,9.8,64.683,68.683,0.18,0.44
0,RmsNorm,"[[1,1024],[1024,4096]]",vllm/worker/model_runner.py:1234,6.5,9.8,19.655,23.655,0.18,0.44
0,AllReduce,"[[1,1024],[1024,4096]]",vllm/worker/model_runner.py:1234,6.5,9.8,36.474,40.474,0.18,0.44
0,MatMulV2,"[[1,1024],[1024,4096]]",vllm/worker/model_runner.py:1234,6.5,9.8,114.371,118.371,0.18,0.44
0,FusedInferAttentionScore,"[[1,1024],[1024,4096]]",vllm/worker/model_runner.py:1234,6.5,9.8,75.144,79.144,0.18,0.44
0,RmsNorm,"[[1,1024],[1024,4096]]",vllm/worker/model_runner.py:1234,6.5,9.8,24.339,28.339,0.18,0.44
0,AllReduce,"[[1,1024],[1024,4096]]",vllm/worker/model_runner.py:1234,6.5,9.8,35.694,39.694,0.18,0.44
0,MatMulV2,"[[1,1024],[1024,4096]]",vllm/worker/model_runner.py:1234,6.5,9.8,117.183,121.183,0.18,0.44
0,FusedInferAttentionScore,"[[1,1024],[1024,4096]]",vllm/worker/model_runner.py:1234,6.5,9.8,67.081,71.081,0.18,0.44
0,RmsNorm,"[[1,1024],[1024,4096]]",vllm/worker/model_runner.py:1234,6.5,9.8,20.501,24.501,0.18,0.44
0,AllReduce,"[[1,1024],[1024,4096]]",vllm/worker/model_runner.py:1234,6.5,9.8,33.811,37.811,0.18,0.44
0,MatMulV2,"[[1,1024],[1024,4096]]",vllm/worker/model_runner.py:1234,6.5,9.8,117.621,121.621,0.18,0.44
0,FusedInferAttentionScore,"[[1,1024],[1024,4096]]",vllm/worker/model_runner.py:1234,6.5,9.8,63.806,67.806,0.18,0.44
0,RmsNorm,"[[1,1024],[1024,4096]]",vllm/worker/model_runner.py:1234,6.5,9.8,23.955,27.955,0.18,0.44
0,AllReduce,"[[1,1024],[1024,4096]]",vllm/worker/model_runner.py:1234,6.5,9.8,30.859,34.859,0.18,0.44
0,MatMulV2,"[[1,1024],[1024,4096]]",vllm/worker/model_runner.py:1234,6.5,9.8,117.781,121.781,0.18,0.44
0,FusedInferAttentionScore,"[[1,1024],[1024,4096]]",vllm/worker/model_runner.py:1234,6.5,9.8,71.189,75.189,0.18,0.44
0,RmsNorm,"[[1,1024],[1024,4096]]",vllm/worker/model_runner.py:1234,6.5,9.8,24.579,28.579,0.18,0.44
0,AllReduce,"[[1,1024],[1024,4096]]",vllm/worker/model_runner.py:1234,6.5,9.8,35.411,39.411,0.18,0.44
0,MatMulV2,"[[1,1024],[1024,4096]]",vllm/worker/model_runner.py:1234,6.5,9.8,123.677,127.677,0.18,0.44
0,FusedInferAttentionScore,"[[1,1024],[1024,4096]]",vllm/worker/model_runner.py:1234,6.5,9.8,69.425,73.425,0.18,0.44
0,RmsNorm,"[[1,1024],[1024,4096]]",vllm/worker/model_runner.py:1234,6.5,9.8,19.335,23.335,0.18,0.44
0,AllReduce,"[[1,1024],[1024,4096]]",vllm/worker/model_runner.py:1234,6.5,9.8,36.888,40.888,0.18,0.44
0,MatMulV2,"[[1,1024],[1024,4096]]",vllm/worker/model_runner.py:1234,6.5,9.8,119.417,123.417,0.18,0.44
0,FusedInferAttentionScore,"[[1,1024],[1024,4096]]",vllm/worker/model_runner.py:1234,6.5,9.8,68.778,72.778,0.18,0.44
0,RmsNorm,"[[1,1024],[1024,4096]]",vllm/worker/model_runner.py:1234,6.5,9.8,25.386,29.386,0.18,0.44
0,AllReduce,"[[1,1024],[1024,4096]]",vllm/worker/model_runner.py:1234,6.5,9.8,36.008,40.008,0.18,0.44
0,MatMulV2,"[[1,1024],[1024,4096]]",vllm/worker/model_runner.py:1234,6.5,9.8,128.311,132.311,0.18,0.44
0,FusedInferAttentionScore,"[[1,1024],[1024,4096]]",vllm/worker/model_runner.py:1234,6.5,9.8,75.562,79.562,0.18,0.44
0,RmsNorm,"[[1,1024],[1024,4096]]",vllm/worker/model_runner.py:1234,6.5,9.8,27.247,31.247,0.18,0.44
0,AllReduce,"[[1,1024],[1024,4096]]",vllm/worker/model_runner.py:1234,6.5,9.8,35.714,39.714,0.18,0.44
0,MatMulV2,"[[1,1024],[1024,4096]]",vllm/worker/model_runner.py:1234,6.5,9.8,128.788,132.788,0.18,0.44
0,FusedInferAttentionScore,"[[1,1024],[1024,4096]]",vllm/worker/model_runner.py:1234,6.5,9.8,70.043,74.043,0.18,0.44
0,RmsNorm,"[[1,1024],[1024,4096]]",vllm/worker/model_runner.py:1234,6.5,9.8,25.554,29.554,0.18,0.44
0,AllReduce,"[[1,1024],[1024,4096]]",vllm/worker/model_runner.py:1234,6.5,9.8,32.632,36.632,0.18,0.44
0,MatMulV2,"[[1,1024],[1024,4096]]",vllm/worker/model_runner.py:1234,6.5,9.8,126.985,130.985,0.18,0.44
0,FusedInferAttentionScore,"[[1,1024],[1024,4096]]",vllm/worker/model_runner.py:1234,6.5,9.8,73.499,77.499,0.18,0.44
0,RmsNorm,"[[1,1024],[1024,4096]]",vllm/worker/model_runner.py:1234,6.5,9.8,21.361,25.361,0.18,0.44
0,AllReduce,"[[1,1024],[1024,4096]]",vllm/worker/model_runner.py:1234,6.5,9.8,37.237,41.237,0.18,0.44
0,MatMulV2,"[[1,1024],[1024,4096]]",vllm/worker/model_runner.py:1234,6.5,9.8,117.9,121.9,0.18,0.44
0,FusedInferAttentionScore,"[[1,1024],[1024,4096]]",vllm/worker/model_runner.py:1234,6.5,9.8,63.16,67.16,0.18,0.44
0,RmsNorm,"[[1,1024],[1024,4096]]",vllm/worker/model_runner.py:1234,6.5,9.8,21.944,25.944,0.18,0.44
0,AllReduce,"[[1,1024],[1024,4096]]",vllm/worker/model_runner.py:1234,6.5,9.8,36.951,40.951,0.18,0.44
0,MatMulV2,"[[1,1024],[1024,4096]]",vllm/worker/model_runner.py:1234,6.5,9.8,128.963,132.963,0.18,0.44
0,FusedInferAttentionScore,"[[1,1024],[1024,4096]]",vllm/worker/model_runner.py:1234,6.5,9.8,71.23,75.23,0.18,0.44
0,RmsNorm,"[[1,1024],[1024,4096]]",vllm/worker/model_runner.py:1234,6.5,9.8,22.05,26.05,0.18,0.44
0,AllReduce,"[[1,1024],[1024,4096]]",vllm/worker/model_runner.py:1234,6.5,9.8,35.77,39.77,0.18,0.44
0,MatMulV2,"[[1,1024],[1024,4096]]",vllm/worker/model_runner.py:1234,6.5,9.8,113.925,117.925,0.18,0.44
0,FusedInferAttentionScore,"[[1,1024],[1024,4096]]",vllm/worker/model_runner.py:1234,6.5,9.8,65.723,69.723,0.18,0.44
0,RmsNorm,"[[1,1024],[1024,4096]]",vllm/worker/model_runner.py:1234,6.5,9.8,22.538,26.538,0.18,0.44
0,AllReduce,"[[1,1024],[1024,4096]]",vllm/worker/model_runner.py:1234,6.5,9.8,33.632,37.632,0.18,0.44
0,MatMulV2,"[[1,1024],[1024,4096]]",vllm/worker/model_runner.py:1234,6.5,9.8,118.917,122.917,0.18,0.44
0,FusedInferAttentionScore,"[[1,1024],[1024,4096]]",vllm/worker/model_runner.py:1234,6.5,9.8,68.335,72.335,0.18,0.44
0,RmsNorm,"[[1,1024],[1024,4096]]",vllm/worker/model_runner.py:1234,6.5,9.8,25.978,29.978,0.18,0.44
0,AllReduce,"[[1,1024],[1024,4096]]",vllm/worker/model_runner.py:1234,6.5,9.8,34.919,38.919,0.18,0.44
0,MatMulV2,"[[1,1024],[1024,4096]]",vllm/worker/model_runner.py:1234,6.5,9.8,116.564,120.564,0.18,0.44
0,FusedInferAttentionScore,"[[1,1024],[1024,4096]]",vllm/worker/model_runner.py:1234,6.5,9.8,72.05,76.05,0.18,0.44
0,RmsNorm,"[[1,1024],[1024,4096]]",vllm/worker/model_runner.py:1234,6.5,9.8,27.932,31.932,0.18,0.44
0,AllReduce,"[[1,1024],[1024,4096]]",vllm/worker/model_runner.py:1234,6.5,9.8,34.328,38.328,0.18,0.44
0,MatMulV2,"[[1,1024],[1024,4096]]",vllm/worker/model_runner.py:1234,6.5,9.8,110.037,114.037,0.18,0.44
0,FusedInferAttentionScore,"[[1,1024],[1024,4096]]",vllm/worker/model_runner.py:1234,6.5,9.8,66.727,70.727,0.18,0.44
0,RmsNorm,"[[1,1024],[1024,4096]]",vllm/worker/model_runner.py:1234,6.5,9.8,25.098,29.098,0.18,0.44
0,AllReduce,"[[1,1024],[1024,4096]]",vllm/worker/model_runner.py:1234,6.5,9.8,32.078,36.078,0.18,0.44
0,MatMulV2,"[[1,1024],[1024,4096]]",vllm/worker/model_runner.py:1234,6.5,9.8,130.901,134.901,0.18,0.44
0,FusedInferAttentionScore,"[[1,1024],[1024,4096]]",vllm/worker/model_runner.py:1234,6.5,9.8,64.365,68.365,0.18,0.44
0,RmsNorm,"[[1,1024],[1024,4096]]",vllm/worker/model_runner.py:1234,6.5,9.8,25.434,29.434,0.18,0.44
0,AllReduce,"[[1,1024],[1024,4096]]",vllm/worker/model_runner.py:1234,6.5,9.8,36.897,40.897,0.18,0.44
0,MatMulV2,"[[1,1024],[1024,4096]]",vllm/worker/model_runner.py:1234,6.5,9.8,120.842,124.842,0.18,0.44
0,FusedInferAttentionScore,"[[1,1024],[1024,4096]]",vllm/worker/model_runner.py:1234,6.5,9.8,72.016,76.016,0.18,0.44
0,RmsNorm,"[[1,1024],[1024,4096]]",vllm/worker/model_runner.py:1234,6.5,9.8,20.622,24.622,0.18,0.44
0,AllReduce,"[[1,1024],[1024,4096]]",vllm/worker/model_runner.py:1234,6.5,9.8,32.148,36.148,0.18,0.44
0,aclrtMemcpyAsync_D2H,"[[1,1024],[1024,4096]]",vllm/worker/model_runner.py:1234,6.5,9.8,260,264,0.18,0.44
0,MatMulV2,"[[1,1024],[1024,4096]]",vllm/worker/model_runner.py:1234,6.5,9.8,126.074,130.074,0.18,0.44
0,FusedInferAttentionScore,"[[1,1024],[1024,4096]]",vllm/worker/model_runner.py:1234,6.5,9.8,76.638,80.638,0.18,0.44
0,RmsNorm,"[[1,1024],[1024,4096]]",vllm/worker/model_runner.py:1234,6.5,9.8,26.488,30.488,0.18,0.44
0,AllReduce,"[[1,1024],[1024,4096]]",vllm/worker/model_runner.py:1234,6.5,9.8,34.266,38.266,0.18,0.44
0,MatMulV2,"[[1,1024],[1024,4096]]",vllm/worker/model_runner.py:1234,6.5,9.8,126.33,130.32999999999998,0.18,0.44
0,FusedInferAttentionScore,"[[1,1024],[1024,4096]]",vllm/worker/model_runner.py:1234,6.5,9.8,73.012,77.012,0.18,0.44
0,RmsNorm,"[[1,1024],[1024,4096]]",vllm/worker/model_runner.py:1234,6.5,9.8,27.806,31.806,0.18,0.44
0,AllReduce,"[[1,1024],[1024,4096]]",vllm/worker/model_runner.py:1234,6.5,9.8,34.012,38.012,0.18,0.44
0,MatMulV2,"[[1,1024],[1024,4096]]",vllm/worker/model_runner.py:1234,6.5,9.8,109.934,113.934,0.18,0.44
0,FusedInferAttentionScore,"[[1,1024],[1024,4096]]",vllm/worker/model_runner.py:1234,6.5,9.8,72.361,76.361,0.18,0.44
0,RmsNorm,"[[1,1024],[1024,4096]]",vllm/worker/model_runner.py:1234,6.5,9.8,28.112,32.111999999999995,0.18,0.44
0,AllReduce,"[[1,1024],[1024,4096]]",vllm/worker/model_runner.py:1234,6.5,9.8,32.606,36.606,0.18,0.44
0,MatMulV2,"[[1,1024],[1024,4096]]",vllm/worker/model_runner.py:1234,6.5,9.8,131.373,135.373,0.18,0.44
0,FusedInferAttentionScore,"[[1,1024],[1024,4096]]",vllm/worker/model_runner.py:1234,6.5,9.8,64.8,68.8,0.18,0.44
0,RmsNorm,"[[1,1024],[1024,4096]]",vllm/worker/model_runner.py:1234,6.5,9.8,20.473,24.473,0.18,0.44
0,AllReduce,"[[1,1024],[1024,4096]]",vllm/worker/model_runner.py:1234,6.5,9.8,34.02,38.02,0.18,0.44
0,MatMulV2,"[[1,1024],[1024,4096]]",vllm/worker/model_runner.py:1234,6.5,9.8,119.223,123.223,0.18,0.44
0,FusedInferAttentionScore,"[[1,1024],[1024,4096]]",vllm/worker/model_runner.py:1234,6.5,9.8,70.842,74.842,0.18,0.44
0,RmsNorm,"[[1,1024],[1024,4096]]",vllm/worker/model_runner.py:1234,6.5,9.8,27.442,31.442,0.18,0.44
0,AllReduce,"[[1,1024],[1024,4096]]",vllm/worker/model_runner.py:1234,6.5,9.8,35.238,39.238,0.18,0.44
0,MatMulV2,"[[1,1024],[1024,4096]]",vllm/worker/model_runner.py:1234,6.5,9.8,127.441,131.441,0.18,0.44
0,FusedInferAttentionScore,"[[1,1024],[1024,4096]]",vllm/worker/model_runner.py:1234,6.5,9.8,76.085,80.085,0.18,0.44
0,RmsNorm,"[[1,1024],[1024,4096]]",vllm/worker/model_runner.py:1234,6.5,9.8,26.23,30.23,0.18,0.44
0,AllReduce,"[[1,1024],[1024,4096]]",vllm/worker/model_runner.py:1234,6.5,9.8,37.399,41.399,0.18,0.44
0,MatMulV2,"[[1,1024],[1024,4096]]",vllm/worker/model_runner.py:1234,6.5,9.8,116.898,120.898,0.18,0.44
0,FusedInferAttentionScore,"[[1,1024],[1024,4096]]",vllm/worker/model_runner.py:1234,6.5,9.8,64.586,68.586,0.18,0.44
0,RmsNorm,"[[1,1024],[1024,4096]]",vllm/worker/model_runner.py:1234,6.5,9.8,28.646,32.646,0.18,0.44
0,AllReduce,"[[1,1024],[1024,4096]]",vllm/worker/model_runner.py:1234,6.5,9.8,37.132,41.132,0.18,0.44
0,MatMulV2,"[[1,1024],[1024,4096]]",vllm/worker/model_runner.py:1234,6.5,9.8,112.033,116.033,0.18,0.44
0,FusedInferAttentionScore,"[[1,1024],[1024,4096]]",vllm/worker/model_runner.py:1234,6.5,9.8,75.865,79.865,0.18,0.44
0,RmsNorm,"[[1,1024],[1024,4096]]",vllm/worker/model_runner.py:1234,6.5,9.8,21.366,25.366,0.18,0.44
0,AllReduce,"[[1,1024],[1024,4096]]",vllm/worker/model_runner.py:1234,6.5,9.8,33.887,37.887,0.18,0.44
0,MatMulV2,"[[1,1024],[1024,4096]]",vllm/worker/model_runner.py:1234,6.5,9.8,119.498,123.498,0.18,0.44
0,FusedInferAttentionScore,"[[1,1024],[1024,4096]]",vllm/worker/model_runner.py:1234,6.5,9.8,74.018,78.018,0.18,0.44
0,RmsNorm,"[[1,1024],[1024,4096]]",vllm/worker/model_runner.py:1234,6.5,9.8,21.667,25.667,0.18,0.44
0,AllReduce,"[[1,1024],[1024,4096]]",vllm/worker/model_runner.py:1234,6.5,9.8,36.37,40.37,0.18,0.44
0,MatMulV2,"[[1,1024],[1024,4096]]",vllm/worker/model_runner.py:1234,6.5,9.8,113.666,117.666,0.18,0.44
0,FusedInferAttentionScore,"[[1,1024],[1024,4096]]",vllm/worker/model_runner.py:1234,6.5,9.8,64.904,68.904,0.18,0.44
0,RmsNorm,"[[1,1024],[1024,4096]]",vllm/worker/model_runner.py:1234,6.5,9.8,26.192,30.192,0.18,0.44
0,AllReduce,"[[1,1024],[1024,4096]]",vllm/worker/model_runner.py:1234,6.5,9.8,32.49,36.49,0.18,0.44
0,MatMulV2,"[[1,1024],[1024,4096]]",vllm/worker/model_runner.py:1234,6.5,9.8,111.886,115.886,0.18,0.44
0,FusedInferAttentionScore,"[[1,1024],[1024,4096]]",vllm/worker/model_runner.py:1234,6.5,9.8,74.883,78.883,0.18,0.44
0,RmsNorm,"[[1,1024],[1024,4096]]",vllm/worker/model_runner.py:1234,6.5,9.8,26.272,30.272,0.18,0.44
0,AllReduce,"[[1,1024],[1024,4096]]",vllm/worker/model_runner.py:1234,6.5,9.8,31.715,35.715,0.18,0.44
0,MatMulV2,"[[1,1024],[1024,4096]]",vllm/worker/model_runner.py:1234,6.5,9.8,128.355,132.355,0.18,0.44
0,FusedInferAttentionScore,"[[1,1024],[1024,4096]]",vllm/worker/model_runner.py:1234,6.5,9.8,70.061,74.061,0.18,0.44
0,RmsNorm,"[[1,1024],[1024,4096]]",vllm/worker/model_runner.py:1234,6.5,9.8,25.787,29.787,0.18,0.44
0,AllReduce,"[[1,1024],[1024,4096]]",vllm/worker/model_runner.py:1234,6.5,9.8,32.064,36.064,0.18,0.44
0,MatMulV2,"[[1,1024],[1024,4096]]",vllm/worker/model_runner.py:1234,6.5,9.8,113.477,117.477,0.18,0.44
0,FusedInferAttentionScore,"[[1,1024],[1024,4096]]",vllm/worker/model_runner.py:1234,6.5,9.8,66.524,70.524,0.18,0.44
0,RmsNorm,"[[1,1024],[1024,4096]]",vllm/worker/model_runner.py:1234,6.5,9.8,28.687,32.687,0.18,0.44
0,AllReduce,"[[1,1024],[1024,4096]]",vllm/worker/model_runner.py:1234,6.5,9.8,30.807,34.807,0.18,0.44
0,MatMulV2,"[[1,1024],[1024,4096]]",vllm/worker/model_runner.py:1234,6.5,9.8,111.598,115.598,0.18,0.44
0,FusedInferAttentionScore,"[[1,1024],[1024,4096]]",vllm/worker/model_runner.py:1234,6.5,9.8,69.515,73.515,0.18,0.44
0,RmsNorm,"[[1,1024],[1024,4096]]",vllm/worker/model_runner.py:1234,6.5,9.8,23.34,27.34,0.18,0.44
0,AllReduce,"[[1,1024],[1024,4096]]",vllm/worker/model_runner.py:1234,6.5,9.8,36.523,40.523,0.18,0.44
0,MatMulV2,"[[1,1024],[1024,4096]]",vllm/worker/model_runner.py:1234,6.5,9.8,131.974,135.974,0.18,0.44
0,FusedInferAttentionScore,"[[1,1024],[1024,4096]]",vllm/worker/model_runner.py:1234,6.5,9.8,71.037,75.037,0.18,0.44
0,RmsNorm,"[[1,1024],[1024,4096]]",vllm/worker/model_runner.py:1234,6.5,9.8,22.049,26.049,0.18,0.44
0,AllReduce,"[[1,1024],[1024,4096]]",vllm/worker/model_runner.py:1234,6.5,9.8,34.979,38.979,0.18,0.44
0,MatMulV2,"[[1,1024],[1024,4096]]",vllm/worker/model_runner.py:1234,6.5,9.8,121.863,125.863,0.18,0.44
0,FusedInferAttentionScore,"[[1,1024],[1024,4096]]",vllm/worker/model_runner.py:1234,6.5,9.8,72.846,76.846,0.18,0.44
0,RmsNorm,"[[1,1024],[1024,4096]]",vllm/worker/model_runner.py:1234,6.5,9.8,24.494,28.494,0.18,0.44
0,AllReduce,"[[1,1024],[1024,4096]]",vllm/worker/model_runner.py:1234,6.5,9.8,33.07,37.07,0.18,0.44
0,MatMulV2,"[[1,1024],[1024,4096]]",vllm/worker/model_runner.py:1234,6.5,9.8,124.604,128.60399999999998,0.18,0.44
0,FusedInferAttentionScore,"[[1,1024],[1024,4096]]",vllm/worker/model_runner.py:1234,6.5,9.8,63.294,67.294,0.18,0.44
0,RmsNorm,"[[1,1024],[1024,4096]]",vllm/worker/model_runner.py:1234,6.5,9.8,25.845,29.845,0.18,0.44
0,AllReduce,"[[1,1024],[1024,4096]]",vllm/worker/model_runner.py:1234,6.5,9.8,34.705,38.705,0.18,0.44
0,MatMulV2,"[[1,1024],[1024,4096]]",vllm/worker/model_runner.py:1234,6.5,9.8,111.57,115.57,0.18,0.44
0,FusedInferAttentionScore,"[[1,1024],[1024,4096]]",vllm/worker/model_runner.py:1234,6.5,9.8,76.006,80.006,0.18,0.44
0,RmsNorm,"[[1,1024],[1024,4096]]",vllm/worker/model_runner.py:1234,6.5,9.8,19.893,23.893,0.18,0.44
0,AllReduce,"[[1,1024],[1024,4096]]",vllm/worker/model_runner.py:1234,6.5,9.8,35.455,39.455,0.18,0.44
0,MatMulV2,"[[1,1024],[1024,4096]]",vllm/worker/model_runner.py:1234,6.5,9.8,110.852,114.852,0.18,0.44
0,FusedInferAttentionScore,"[[1,1024],[1024,4096]]",vllm/worker/model_runner.py:1234,6.5,9.8,69.848,73.848,0.18,0.44
0,RmsNorm,"[[1,1024],[1024,4096]]",vllm/worker/model_runner.py:1234,6.5,9.8,26.758,30.758,0.18,0.44
0,AllReduce,"[[1,1024],[1024,4096]]",vllm/worker/model_runner.py:1234,6.5,9.8,36.069,40.069,0.18,0.44
0,MatMulV2,"[[1,1024],[1024,4096]]",vllm/worker/model_runner.py:1234,6.5,9.8,109.575,113.575,0.18,0.44
0,FusedInferAttentionScore,"[[1,1024],[1024,4096]]",vllm/worker/model_runner.py:1234,6.5,9.8,73.158,77.158,0.18,0.44
0,RmsNorm,"[[1,1024],[1024,4096]]",vllm/worker/model_runner.py:1234,6.5,9.8,23.519,27.519,0.18,0.44
0,AllReduce,"[[1,1024],[1024,4096]]",vllm/worker/model_runner.py:1234,6.5,9.8,35.856,39.856,0.18,0.44
0,MatMulV2,"[[1,1024],[1024,4096]]",vllm/worker/model_runner.py:1234,6.5,9.8,124.693,128.69299999999998,0.18,0.44
0,FusedInferAttentionScore,"[[1,1024],[1024,4096]]",vllm/worker/model_runner.py:1234,6.5,9.8,72.711,76.711,0.18,0.44
0,RmsNorm,"[[1,1024],[1024,4096]]",vllm/worker/model_runner.py:1234,6.5,9.8,23.309,27.309,0.18,0.44
0,AllReduce,"[[1,1024],[1024,4096]]",vllm/worker/model_runner.py:1234,6.5,9.8,36.655,40.655,0.18,0.44
0,MatMulV2,"[[1,1024],[1024,4096]]",vllm/worker/model_runner.py:1234,6.5,9.8,123.158,127.158,0.18,0.44
0,FusedInferAttentionScore,"[[1,1024],[1024,4096]]",vllm/worker/model_runner.py:1234,6.5,9.8,69.387,73.387,0.18,0.44
0,RmsNorm,"[[1,1024],[1024,4096]]",vllm/worker/model_runner.py:1234,6.5,9.8,22.842,26.842,0.18,0.44
0,AllReduce,"[[1,1024],[1024,4096]]",vllm/worker/model_runner.py:1234,6.5,9.8,35.384,39.384,0.18,0.44
0,MatMulV2,"[[1,1024],[1024,4096]]",vllm/worker/model_runner.py:1234,6.5,9.8,126.329,130.329,0.18,0.44
0,FusedInferAttentionScore,"[[1,1024],[1024,4096]]",vllm/worker/model_runner.py:1234,6.5,9.8,68.005,72.005,0.18,0.44
0,RmsNorm,"[[1,1024],[1024,4096]]",vllm/worker/model_runner.py:1234,6.5,9.8,20.702,24.702,0.18,0.44
0,AllReduce,"[[1,1024],[1024,4096]]",vllm/worker/model_runner.py:1234,6.5,9.8,32.476,36.476,0.18,0.44
0,MatMulV2,"[[1,1024],[1024,4096]]",vllm/worker/model_runner.py:1234,6.5,9.8,119.502,123.502,0.18,0.44
0,FusedInferAttentionScore,"[[1,1024],[1024,4096]]",vllm/worker/model_runner.py:1234,6.5,9.8,66.295,70.295,0.18,0.44
0,RmsNorm,"[[1,1024],[1024,4096]]",vllm/worker/model_runner.py:1234,6.5,9.8,23.161,27.161,0.18,0.44
0,AllReduce,"[[1,1024],[1024,4096]]",vllm/worker/model_runner.py:1234,6.5,9.8,30.821,34.821,0.18,0.44
0,MatMulV2,"[[1,1024],[1024,4096]]",vllm/worker/model_runner.py:1234,6.5,9.8,113.423,117.423,0.18,0.44
0,FusedInferAttentionScore,"[[1,1024],[1024,4096]]",vllm/worker/model_runner.py:1234,6.5,9.8,69.487,73.487,0.18,0.44
0,RmsNorm,"[[1,1024],[1024,4096]]",vllm/worker/model_runner.py:1234,6.5,9.8,23.867,27.867,0.18,0.44
0,AllReduce,"[[1,1024],[1024,4096]]",vllm/worker/model_runner.py:1234,6.5,9.8,35.508,39.508,0.18,0.44
0,MatMulV2,"[[1,1024],[1024,4096]]",vllm/worker/model_runner.py:1234,6.5,9.8,110.681,114.681,0.18,0.44
0,FusedInferAttentionScore,"[[1,1024],[1024,4096]]",vllm/worker/model_runner.py:1234,6.5,9.8,76.462,80.462,0.18,0.44
0,RmsNorm,"[[1,1024],[1024,4096]]",vllm/worker/model_runner.py:1234,6.5,9.8,22.95,26.95,0.18,0.44
0,AllReduce,"[[1,1024],[1024,4096]]",vllm/worker/model_runner.py:1234,6.5,9.8,32.372,36.372,0.18,0.44
0,MatMulV2,"[[1,1024],[1024,4096]]",vllm/worker/model_runner.py:1234,6.5,9.8,119.831,123.831,0.18,0.44
0,FusedInferAttentionScore,"[[1,1024],[1024,4096]]",vllm/worker/model_runner.py:1234,6.5,9.8,70.958,74.958,0.18,0.44
0,RmsNorm,"[[1,1024],[1024,4096]]",vllm/worker/model_runner.py:1234,6.5,9.8,28.705,32.705,0.18,0.44
0,AllReduce,"[[1,1024],[1024,4096]]",vllm/worker/model_runner.py:1234,6.5,9.8,33.866,37.866,0.18,0.44
0,MatMulV2,"[[1,1024],[1024,4096]]",vllm/worker/model_runner.py:1234,6.5,9.8,126.144,130.144,0.18,0.44
0,FusedInferAttentionScore,"[[1,1024],[1024,4096]]",vllm/worker/model_runner.py:1234,6.5,9.8,68.787,72.787,0.18,0.44
0,RmsNorm,"[[1,1024],[1024,4096]]",vllm/worker/model_runner.py:1234,6.5,9.8,25.796,29.796,0.18,0.44
0,AllReduce,"[[1,1024],[1024,4096]]",vllm/worker/model_runner.py:1234,6.5,9.8,30.848,34.848,0.18,0.44
0,MatMulV2,"[[1,1024],[1024,4096]]",vllm/worker/model_runner.py:1234,6.5,9.8,125.84,129.84,0.18,0.44
0,FusedInferAttentionScore,"[[1,1024],[1024,4096]]",vllm/worker/model_runner.py:1234,6.5,9.8,65.533,69.533,0.18,0.44
0,RmsNorm,"[[1,1024],[1024,4096]]",vllm/worker/model_runner.py:1234,6.5,9.8,21.13,25.13,0.18,0.44
0,AllReduce,"[[1,1024],[1024,4096]]",vllm/worker/model_runner.py:1234,6.5,9.8,37.398,41.398,0.18,0.44
0,MatMulV2,"[[1,1024],[1024,4096]]",vllm/worker/model_runner.py:1234,6.5,9.8,120.699,124.699,0.18,0.44
0,FusedInferAttentionScore,"[[1,1024],[1024,4096]]",vllm/worker/model_runner.py:1234,6.5,9.8,68.704,72.704,0.18,0.44
0,RmsNorm,"[[1,1024],[1024,4096]]",vllm/worker/model_runner.py:1234,6.5,9.8,21.751,25.751,0.18,0.44
0,AllReduce,"[[1,1024],[1024,4096]]",vllm/worker/model_runner.py:1234,6.5,9.8,36.673,40.673,0.18,0.44
0,MatMulV2,"[[1,1024],[1024,4096]]",vllm/worker/model_runner.py:1234,6.5,9.8,119.9,123.9,0.18,0.44
0,FusedInferAttentionScore,"[[1,1024],[1024,4096]]",vllm/worker/model_runner.py:1234,6.5,9.8,65.799,69.799,0.18,0.44
0,RmsNorm,"[[1,1024],[1024,4096]]",vllm/worker/model_runner.py:1234,6.5,9.8,22.314,26.314,0.18,0.44
0,AllReduce,"[[1,1024],[1024,4096]]",vllm/worker/model_runner.py:1234,6.5,9.8,31.901,35.900999999999996,0.18,0.44
0,MatMulV2,"[[1,1024],[1024,4096]]",vllm/worker/model_runner.py:1234,6.5,9.8,119,123,0.18,0.44
0,FusedInferAttentionScore,"[[1,1024],[1024,4096]]",vllm/worker/model_runner.py:1234,6.5,9.8,76.399,80.399,0.18,0.44
0,RmsNorm,"[[1,1024],[1024,4096]]",vllm/worker/model_runner.py:1234,6.5,9.8,22.389,26.389,0.18,0.44
0,AllReduce,"[[1,1024],[1024,4096]]",vllm/worker/model_runner.py:1234,6.5,9.8,36.974,40.974,0.18,0.44
0,aclrtMemcpyAsync_D2H,"[[1,1024],[1024,4096]]",vllm/worker/model_runner.py:1234,6.5,9.8,260,264,0.18,0.44
0,MatMulV2,"[[1,1024],[1024,4096]]",vllm/worker/model_runner.py:1234,6.5,9.8,124.621,128.62099999999998,0.18,0.44
0,FusedInferAttentionScore,"[[1,1024],[1024,4096]]",vllm/worker/model_runner.py:1234,6.5,9.8,68.939,72.939,0.18,0.44
0,RmsNorm,"[[1,1024],[1024,4096]]",vllm/worker/model_runner.py:1234,6.5,9.8,20.802,24.802,0.18,0.44
0,AllReduce,"[[1,1024],[1024,4096]]",vllm/worker/model_runner.py:1234,6.5,9.8,34.509,38.509,0.18,0.44
0,MatMulV2,"[[1,1024],[1024,4096]]",vllm/worker/model_runner.py:1234,6.5,9.8,121.426,125.426,0.18,0.44
0,FusedInferAttentionScore,"[[1,1024],[1024,4096]]",vllm/worker/model_runner.py:1234,6.5,9.8,63.672,67.672,0.18,0.44
0,RmsNorm,"[[1,1024],[1024,4096]]",vllm/worker/model_runner.py:1234,6.5,9.8,23.39,27.39,0.18,0.44
0,AllReduce,"[[1,1024],[1024,4096]]",vllm/worker/model_runner.py:1234,6.5,9.8,35.726,39.726,0.18,0.44
0,MatMulV2,"[[1,1024],[1024,4096]]",vllm/worker/model_runner.py:1234,6.5,9.8,112.175,116.175,0.18,0.44
0,FusedInferAttentionScore,"[[1,1024],[1024,4096]]",vllm/worker/model_runner.py:1234,6.5,9.8,64.014,68.014,0.18,0.44
0,RmsNorm,"[[1,1024],[1024,4096]]",vllm/worker/model_runner.py:1234,6.5,9.8,20.324,24.324,0.18,0.44
0,AllReduce,"[[1,1024],[1024,4096]]",vllm/worker/model_runner.py:1234,6.5,9.8,33.539,37.539,0.18,0.44
0,MatMulV2,"[[1,1024],[1024,4096]]",vllm/worker/model_runner.py:1234,6.5,9.8,109.97,113.97,0.18,0.44
0,FusedInferAttentionScore,"[[1,1024],[1024,4096]]",vllm/worker/model_runner.py:1234,6.5,9.8,65.274,69.274,0.18,0.44
0,RmsNorm,"[[1,1024],[1024,4096]]",vllm/worker/model_runner.py:1234,6.5,9.8,22.043,26.043,0.18,0.44
0,AllReduce,"[[1,1024],[1024,4096]]",vllm/worker/model_runner.py:1234,6.5,9.8,32.799,36.799,0.18,0.44
0,MatMulV2,"[[1,1024],[1024,4096]]",vllm/worker/model_runner.py:1234,6.5,9.8,122.239,126.239,0.18,0.44
0,FusedInferAttentionScore,"[[1,1024],[1024,4096]]",vllm/worker/model_runner.py:1234,6.5,9.8,63.997,67.997,0.18,0.44
0,RmsNorm,"[[1,1024],[1024,4096]]",vllm/worker/model_runner.py:1234,6.5,9.8,22.241,26.241,0.18,0.44
0,AllReduce,"[[1,1024],[1024,4096]]",vllm/worker/model_runner.py:1234,6.5,9.8,36.433,40.433,0.18,0.44
0,MatMulV2,"[[1,1024],[1024,4096]]",vllm/worker/model_runner.py:1234,6.5,9.8,119.74,123.74,0.18,0.44
0,FusedInferAttentionScore,"[[1,1024],[1024,4096]]",vllm/worker/model_runner.py:1234,6.5,9.8,72.735,76.735,0.18,0.44
0,RmsNorm,"[[1,1024],[1024,4096]]",vllm/worker/model_runner.py:1234,6.5,9.8,23.625,27.625,0.18,0.44
0,AllReduce,"[[1,1024],[1024,4096]]",vllm/worker/model_runner.py:1234,6.5,9.8,35.114,39.114,0.18,0.44
0,MatMulV2,"[[1,1024],[1024,4096]]",vllm/worker/model_runner.py:1234,6.5,9.8,131.967,135.967,0.18,0.44
0,FusedInferAttentionScore,"[[1,1024],[1024,4096]]",vllm/worker/model_runner.py:1234,6.5,9.8,64.338,68.338,0.18,0.44
0,RmsNorm,"[[1,1024],[1024,4096]]",vllm/worker/model_runner.py:1234,6.5,9.8,25.817,29.817,0.18,0.44
0,AllReduce,"[[1,1024],[1024,4096]]",vllm/worker/model_runner.py:1234,6.5,9.8,32.456,36.456,0.18,0.44
0,MatMulV2,"[[1,1024],[1024,4096]]",vllm/worker/model_runner.py:1234,6.5,9.8,112.323,116.323,0.18,0.44
0,FusedInferAttentionScore,"[[1,1024],[1024,4096]]",vllm/worker/model_runner.py:1234,6.5,9.8,67.36,71.36,0.18,0.44
0,RmsNorm,"[[1,1024],[1024,4096]]",vllm/worker/model_runner.py:1234,6.5,9.8,21.131,25.131,0.18,0.44
0,AllReduce,"[[1,1024],[1024,4096]]",vllm/worker/model_runner.py:1234,6.5,9.8,30.607,34.607,0.18,0.44
0,MatMulV2,"[[1,1024],[1024,4096]]",vllm/worker/model_runner.py:1234,6.5,9.8,110.452,114.452,0.18,0.44
0,FusedInferAttentionScore,"[[1,1024],[1024,4096]]",vllm/worker/model_runner.py:1234,6.5,9.8,63.673,67.673,0.18,0.44
0,RmsNorm,"[[1,1024],[1024,4096]]",vllm/worker/model_runner.py:1234,6.5,9.8,27.192,31.192,0.18,0.44
0,AllReduce,"[[1,1024],[1024,4096]]",vllm/worker/model_runner.py:1234,6.5,9.8,32.028,36.028,0.18,0.44
0,MatMulV2,"[[1,1024],[1024,4096]]",vllm/worker/model_runner.py:1234,6.5,9.8,119.081,123.081,0.18,0.44
0,FusedInferAttentionScore,"[[1,1024],[1024,4096]]",vllm/worker/model_runner.py:1234,6.5,9.8,70.889,74.889,0.18,0.44
0,RmsNorm,"[[1,1024],[1024,4096]]",vllm/worker/model_runner.py:1234,6.5,9.8,24.536,28.536,0.18,0.44
0,AllReduce,"[[1,1024],[1024,4096]]",vllm/worker/model_runner.py:1234,6.5,9.8,33.337,37.337,0.18,0.44
0,MatMulV2,"[[1,1024],[1024,4096]]",vllm/worker/model_runner.py:1234,6.5,9.8,120.774,124.774,0.18,0.44
0,FusedInferAttentionScore,"[[1,1024],[1024,4096]]",vllm/worker/model_runner.py:1234,6.5,9.8,67.673,71.673,0.18,0.44
0,RmsNorm,"[[1,1024],[1024,4096]]",vllm/worker/model_runner.py:1234,6.5,9.8,24.946,28.946,0.18,0.44
0,AllReduce,"[[1,1024],[1024,4096]]",vllm/worker/model_runner.py:1234,6.5,9.8,36.396,40.396,0.18,0.44
0,MatMulV2,"[[1,1024],[1024,4096]]",vllm/worker/model_runner.py:1234,6.5,9.8,121.947,125.947,0.18,0.44
0,FusedInferAttentionScore,"[[1,1024],[1024,4096]]",vllm/worker/model_runner.py:1234,6.5,9.8,67.547,71.547,0.18,0.44
0,RmsNorm,"[[1,1024],[1024,4096]]",vllm/worker/model_runner.py:1234,6.5,9.8,28.269,32.269,0.18,0.44
0,AllReduce,"[[1,1024],[1024,4096]]",vllm/worker/model_runner.py:1234,6.5,9.8,35.531,39.531,0.18,0.44
0,MatMulV2,"[[1,1024],[1024,4096]]",vllm/worker/model_runner.py:1234,6.5,9.8,111.544,115.544,0.18,0.44
0,FusedInferAttentionScore,"[[1,1024],[1024,4096]]",vllm/worker/model_runner.py:1234,6.5,9.8,76.28,80.28,0.18,0.44
0,RmsNorm,"[[1,1024],[1024,4096]]",vllm/worker/model_runner.py:1234,6.5,9.8,21.473,25.473,0.18,0.44
0,AllReduce,"[[1,1024],[1024,4096]]",vllm/worker/model_runner.py:1234,6.5,9.8,36.647,40.647,0.18,0.44
0,MatMulV2,"[[1,1024],[1024,4096]]",vllm/worker/model_runner.py:1234,6.5,9.8,127.723,131.723,0.18,0.44
0,FusedInferAttentionScore,"[[1,1024],[1024,4096]]",vllm/worker/model_runner.py:1234,6.5,9.8,63.456,67.456,0.18,0.44
0,RmsNorm,"[[1,1024],[1024,4096]]",vllm/worker/model_runner.py:1234,6.5,9.8,22.481,26.481,0.18,0.44
0,AllReduce,"[[1,1024],[1024,4096]]",vllm/worker/model_runner.py:1234,6.5,9.8,36.551,40.551,0.18,0.44
0,MatMulV2,"[[1,1024],[1024,4096]]",vllm/worker/model_runner.py:1234,6.5,9.8,117.954,121.954,0.18,0.44
0,FusedInferAttentionScore,"[[1,1024],[1024,4096]]",vllm/worker/model_runner.py:1234,6.5,9.8,68.309,72.309,0.18,0.44
0,RmsNorm,"[[1,1024],[1024,4096]]",vllm/worker/model_runner.py:1234,6.5,9.8,20.147,24.147,0.18,0.44
0,AllReduce,"[[1,1024],[1024,4096]]",vllm/worker/model_runner.py:1234,6.5,9.8,35.229,39.229,0.18,0.44
0,MatMulV2,"[[1,1024],[1024,4096]]",vllm/worker/model_runner.py:1234,6.5,9.8,123.877,127.877,0.18,0.44
0,FusedInferAttentionScore,"[[1,1024],[1024,4096]]",vllm/worker/model_runner.py:1234,6.5,9.8,73.432,77.432,0.18,0.44
0,RmsNorm,"[[1,1024],[1024,4096]]",vllm/worker/model_runner.py:1234,6.5,9.8,19.311,23.311,0.18,0.44
0,AllReduce,"[[1,1024],[1024,4096]]",vllm/worker/model_runner.py:1234,6.5,9.8,33.185,37.185,0.18,0.44
0,MatMulV2,"[[1,1024],[1024,4096]]",vllm/worker/model_runner.py:1234,6.5,9.8,128.321,132.321,0.18,0.44
0,FusedInferAttentionScore,"[[1,1024],[1024,4096]]",vllm/worker/model_runner.py:1234,6.5,9.8,67.432,71.432,0.18,0.44
0,RmsNorm,"[[1,1024],[1024,4096]]",vllm/worker/model_runner.py:1234,6.5,9.8,27.89,31.89,0.18,0.44
0,AllReduce,"[[1,1024],[1024,4096]]",vllm/worker/model_runner.py:1234,6.5,9.8,35.61,39.61,0.18,0.44
0,MatMulV2,"[[1,1024],[1024,4096]]",vllm/worker/model_runner.py:1234,6.5,9.8,131.839,135.839,0.18,0.44
0,FusedInferAttentionScore,"[[1,1024],[1024,4096]]",vllm/worker/model_runner.py:1234,6.5,9.8,63.152,67.152,0.18,0.44
0,RmsNorm,"[[1,1024],[1024,4096]]",vllm/worker/model_runner.py:1234,6.5,9.8,26.955,30.955,0.18,0.44
0,AllReduce,"[[1,1024],[1024,4096]]",vllm/worker/model_runner.py:1234,6.5,9.8,32.462,36.462,0.18,0.44
0,MatMulV2,"[[1,1024],[1024,4096]]",vllm/worker/model_runner.py:1234,6.5,9.8,120.138,124.138,0.18,0.44
0,FusedInferAttentionScore,"[[1,1024],[1024,4096]]",vllm/worker/model_runner.py:1234,6.5,9.8,65.529,69.529,0.18,0.44
0,RmsNorm,"[[1,1024],[1024,4096]]",vllm/worker/model_runner.py:1234,6.5,9.8,24.741,28.741,0.18,0.44
0,AllReduce,"[[1,1024],[1024,4096]]",vllm/worker/model_runner.py:1234,6.5,9.8,34.052,38.052,0.18,0.44
0,MatMulV2,"[[1,1024],[1024,4096]]",vllm/worker/model_runner.py:1234,6.5,9.8,117.797,121.797,0.18,0.44
0,FusedInferAttentionScore,"[[1,1024],[1024,4096]]",vllm/worker/model_runner.py:1234,6.5,9.8,70.696,74.696,0.18,0.44
0,RmsNorm,"[[1,1024],[1024,4096]]",vllm/worker/model_runner.py:1234,6.5,9.8,19.54,23.54,0.18,0.44
0,AllReduce,"[[1,1024],[1024,4096]]",vllm/worker/model_runner.py:1234,6.5,9.8,32.594,36.594,0.18,0.44
0,MatMulV2,"[[1,1024],[1024,4096]]",vllm/worker/model_runner.py:1234,6.5,9.8,121.615,125.615,0.18,0.44
0,FusedInferAttentionScore,"[[1,1024],[1024,4096]]",vllm/worker/model_runner.py:1234,6.5,9.8,69.421,73.421,0.18,0.44
0,RmsNorm,"[[1,1024],[1024,4096]]",vllm/worker/model_runner.py:1234,6.5,9.8,25.229,29.229,0.18,0.44
0,AllReduce,"[[1,1024],[1024,4096]]",vllm/worker/model_runner.py:1234,6.5,9.8,33.922,37.922,0.18,0.44
0,MatMulV2,"[[1,1024],[1024,4096]]",vllm/worker/model_runner.py:1234,6.5,9.8,120.998,124.998,0.18,0.44
0,FusedInferAttentionScore,"[[1,1024],[1024,4096]]",vllm/worker/model_runner.py:1234,6.5,9.8,73.467,77.467,0.18,0.44
0,RmsNorm,"[[1,1024],[1024,4096]]",vllm/worker/model_runner.py:1234,6.5,9.8,27.585,31.585,0.18,0.44
0,AllReduce,"[[1,1024],[1024,4096]]",vllm/worker/model_runner.py:1234,6.5,9.8,33.244,37.244,0.18,0.44
0,MatMulV2,"[[1,1024],[1024,4096]]",vllm/worker/model_runner.py:1234,6.5,9.8,130.731,134.731,0.18,0.44
0,FusedInferAttentionScore,"[[1,1024],[1024,4096]]",vllm/worker/model_runner.py:1234,6.5,9.8,74.978,78.978,0.18,0.44
0,RmsNorm,"[[1,1024],[1024,4096]]",vllm/worker/model_runner.py:1234,6.5,9.8,20.334,24.334,0.18,0.44
0,AllReduce,"[[1,1024],[1024,4096]]",vllm/worker/model_runner.py:1234,6.5,9.8,34.914,38.914,0.18,0.44
0,MatMulV2,"[[1,1024],[1024,4096]]",vllm/worker/model_runner.py:1234,6.5,9.8,119.539,123.539,0.18,0.44
0,FusedInferAttentionScore,"[[1,1024],[1024,4096]]",vllm/worker/model_runner.py:1234,6.5,9.8,76.481,80.481,0.18,0.44
0,RmsNorm,"[[1,1024],[1024,4096]]",vllm/worker/model_runner.py:1234,6.5,9.8,22.677,26.677,0.18,0.44
0,AllReduce,"[[1,1024],[1024,4096]]",vllm/worker/model_runner.py:1234,6.5,9.8,34.314,38.314,0.18,0.44
0,MatMulV2,"[[1,1024],[1024,4096]]",vllm/worker/model_runner.py:1234,6.5,9.8,131.779,135.779,0.18,0.44
0,FusedInferAttentionScore,"[[1,1024],[1024,4096]]",vllm/worker/model_runner.py:1234,6.5,9.8,66.593,70.593,0.18,0.44
0,RmsNorm,"[[1,1024],[1024,4096]]",vllm/worker/model_runner.py:1234,6.5,9.8,20.863,24.863,0.18,0.44
0,AllReduce,"[[1,1024],[1024,4096]]",vllm/worker/model_runner.py:1234,6.5,9.8,31.207,35.207,0.18,0.44
0,MatMulV2,"[[1,1024],[1024,4096]]",vllm/worker/model_runner.py:1234,6.5,9.8,113.67,117.67,0.18,0.44
0,FusedInferAttentionScore,"[[1,1024],[1024,4096]]",vllm/worker/model_runner.py:1234,6.5,9.8,72.037,76.037,0.18,0.44
0,RmsNorm,"[[1,1024],[1024,4096]]",vllm/worker/model_runner.py:1234,6.5,9.8,28.334,32.334,0.18,0.44
0,AllReduce,"[[1,1024],[1024,4096]]",vllm/worker/model_runner.py:1234,6.5,9.8,36.866,40.866,0.18,0.44
0,MatMulV2,"[[1,1024],[1024,4096]]",vllm/worker/model_runner.py:1234,6.5,9.8,113.412,117.412,0.18,0.44
0,FusedInferAttentionScore,"[[1,1024],[1024,4096]]",vllm/worker/model_runner.py:1234,6.5,9.8,70.044,74.044,0.18,0.44
0,RmsNorm,"[[1,1024],[1024,4096]]",vllm/worker/model_runner.py:1234,6.5,9.8,19.815,23.815,0.18,0.44
0,AllReduce,"[[1,1024],[1024,4096]]",vllm/worker/model_runner.py:1234,6.5,9.8,32.142,36.142,0.18,0.44
0,MatMulV2,"[[1,1024],[1024,4096]]",vllm/worker/model_runner.py:1234,6.5,9.8,114.585,118.585,0.18,0.44
0,FusedInferAttentionScore,"[[1,1024],[1024,4096]]",vllm/worker/model_runner.py:1234,6.5,9.8,66.76,70.76,0.18,0.44
0,RmsNorm,"[[1,1024],[1024,4096]]",vllm/worker/model_runner.py:1234,6.5,9.8,25.077,29.077,0.18,0.44
0,AllReduce,"[[1,1024],[1024,4096]]",vllm/worker/model_runner.py:1234,6.5,9.8,32.56,36.56,0.18,0.44
0,MatMulV2,"[[1,1024],[1024,4096]]",vllm/worker/model_runner.py:1234,6.5,9.8,112.19,116.19,0.18,0.44
0,FusedInferAttentionScore,"[[1,1024],[1024,4096]]",vllm/worker/model_runner.py:1234,6.5,9.8,76.72,80.72,0.18,0.44
0,RmsNorm,"[[1,1024],[1024,4096]]",vllm/worker/model_runner.py:1234,6.5,9.8,27.349,31.349,0.18,0.44
0,AllReduce,"[[1,1024],[1024,4096]]",vllm/worker/model_runner.py:1234,6.5,9.8,30.626,34.626000000000005,0.18,0.44
0,MatMulV2,"[[1,1024],[1024,4096]]",vllm/worker/model_runner.py:1234,6.5,9.8,110.722,114.722,0.18,0.44
0,FusedInferAttentionScore,"[[1,1024],[1024,4096]]",vllm/worker/model_runner.py:1234,6.5,9.8,64.018,68.018,0.18,0.44
0,RmsNorm,"[[1,1024],[1024,4096]]",vllm/worker/model_runner.py:1234,6.5,9.8,24.098,28.098,0.18,0.44
0,AllReduce,"[[1,1024],[1024,4096]]",vllm/worker/model_runner.py:1234,6.5,9.8,36.02,40.02,0.18,0.44
0,MatMulV2,"[[1,1024],[1024,4096]]",vllm/worker/model_runner.py:1234,6.5,9.8,113.631,117.631,0.18,0.44
0,FusedInferAttentionScore,"[[1,1024],[1024,4096]]",vllm/worker/model_runner.py:1234,6.5,9.8,63.23,67.22999999999999,0.18,0.44
0,RmsNorm,"[[1,1024],[1024,4096]]",vllm/worker/model_runner.py:1234,6.5,9.8,24.757,28.757,0.18,0.44
0,AllReduce,"[[1,1024],[1024,4096]]",vllm/worker/model_runner.py:1234,6.5,9.8,34.862,38.862,0.18,0.44
0,MatMulV2,"[[1,1024],[1024,4096]]",vllm/worker/model_runner.py:1234,6.5,9.8,131.212,135.212,0.18,0.44
0,FusedInferAttentionScore,"[[1,1024],[1024,4096]]",vllm/worker/model_runner.py:1234,6.5,9.8,68.601,72.601,0.18,0.44
0,RmsNorm,"[[1,1024],[1024,4096]]",vllm/worker/model_runner.py:1234,6.5,9.8,20.172,24.172,0.18,0.44
0,AllReduce,"[[1,1024],[1024,4096]]",vllm/worker/model_runner.py:1234,6.5,9.8,32.27,36.27,0.18,0.44
0,aclrtMemcpyAsync_D2H,"[[1,1024],[1024,4096]]",vllm/worker/model_runner.py:1234,6.5,9.8,260,264,0.18,0.44
0,MatMulV2,"[[1,1024],[1024,4096]]",vllm/worker/model_runner.py:1234,6.5,9.8,131.908,135.908,0.18,0.44
0,FusedInferAttentionScore,"[[1,1024],[1024,4096]]",vllm/worker/model_runner.py:1234,6.5,9.8,71.283,75.283,0.18,0.44
0,RmsNorm,"[[1,1024],[1024,4096]]",vllm/worker/model_runner.py:1234,6.5,9.8,20.221,24.221,0.18,0.44
0,AllReduce,"[[1,1024],[1024,4096]]",vllm/worker/model_runner.py:1234,6.5,9.8,33.415,37.415,0.18,0.44
0,MatMulV2,"[[1,1024],[1024,4096]]",vllm/worker/model_runner.py:1234,6.5,9.8,126.509,130.50900000000001,0.18,0.44
0,FusedInferAttentionScore,"[[1,1024],[1024,4096]]",vllm/worker/model_runner.py:1234,6.5,9.8,75.337,79.337,0.18,0.44
0,RmsNorm,"[[1,1024],[1024,4096]]",vllm/worker/model_runner.py:1234,6.5,9.8,22.704,26.704,0.18,0.44
0,AllReduce,"[[1,1024],[1024,4096]]",vllm/worker/model_runner.py:1234,6.5,9.8,36.17,40.17,0.18,0.44
0,MatMulV2,"[[1,1024],[1024,4096]]",vllm/worker/model_runner.py:1234,6.5,9.8,120.678,124.678,0.18,0.44
0,FusedInferAttentionScore,"[[1,1024],[1024,4096]]",vllm/worker/model_runner.py:1234,6.5,9.8,72.733,76.733,0.18,0.44
0,RmsNorm,"[[1,1024],[1024,4096]]",vllm/worker/model_runner.py:1234,6.5,9.8,20.604,24.604,0.18,0.44
0,AllReduce,"[[1,1024],[1024,4096]]",vllm/worker/model_runner.py:1234,6.5,9.8,32.052,36.052,0.18,0.44
0,MatMulV2,"[[1,1024],[1024,4096]]",vllm/worker/model_runner.py:1234,6.5,9.8,130.668,134.668,0.18,0.44
0,FusedInferAttentionScore,"[[1,1024],[1024,4096]]",vllm/worker/model_runner.py:1234,6.5,9.8,73.698,77.698,0.18,0.44
0,RmsNorm,"[[1,1024],[1024,4096]]",vllm/worker/model_runner.py:1234,6.5,9.8,19.812,23.812,0.18,0.44
0,AllReduce,"[[1,1024],[1024,4096]]",vllm/worker/model_runner.py:1234,6.5,9.8,36.608,40.608,0.18,0.44
0,MatMulV2,"[[1,1024],[1024,4096]]",vllm/worker/model_runner.py:1234,6.5,9.8,115.74,119.74,0.18,0.44
0,FusedInferAttentionScore,"[[1,1024],[1024,4096]]",vllm/worker/model_runner.py:1234,6.5,9.8,75.05,79.05,0.18,0.44
0,RmsNorm,"[[1,1024],[1024,4096]]",vllm/worker/model_runner.py:1234,6.5,9.8,20.481,24.481,0.18,0.44
0,AllReduce,"[[1,1024],[1024,4096]]",vllm/worker/model_runner.py:1234,6.5,9.8,33.953,37.953,0.18,0.44
0,MatMulV2,"[[1,1024],[1024,4096]]",vllm/worker/model_runner.py:1234,6.5,9.8,126.607,130.607,0.18,0.44
0,FusedInferAttentionScore,"[[1,1024],[1024,4096]]",vllm/worker/model_runner.py:1234,6.5,9.8,63.696,67.696,0.18,0.44
0,RmsNorm,"[[1,1024],[1024,4096]]",vllm/worker/model_runner.py:1234,6.5,9.8,28.767,32.766999999999996,0.18,0.44
0,AllReduce,"[[1,1024],[1024,4096]]",vllm/worker/model_runner.py:1234,6.5,9.8,34.493,38.493,0.18,0.44
0,MatMulV2,"[[1,1024],[1024,4096]]",vllm/worker/model_runner.py:1234,6.5,9.8,115.277,119.277,0.18,0.44
0,FusedInferAttentionScore,"[[1,1024],[1024,4096]]",vllm/worker/model_runner.py:1234,6.5,9.8,63.409,67.40899999999999,0.18,0.44
0,RmsNorm,"[[1,1024],[1024,4096]]",vllm/worker/model_runner.py:1234,6.5,9.8,27.098,31.098,0.18,0.44
0,AllReduce,"[[1,1024],[1024,4096]]",vllm/worker/model_runner.py:1234,6.5,9.8,33.022,37.022,0.18,0.44
0,MatMulV2,"[[1,1024],[1024,4096]]",vllm/worker/model_runner.py:1234,6.5,9.8,129.663,133.663,0.18,0.44
0,FusedInferAttentionScore,"[[1,1024],[1024,4096]]",vllm/worker/model_runner.py:1234,6.5,9.8,68.472,72.472,0.18,0.44
0,RmsNorm,"[[1,1024],[1024,4096]]",vllm/worker/model_runner.py:1234,6.5,9.8,25.531,29.531,0.18,0.44
0,AllReduce,"[[1,1024],[1024,4096]]",vllm/worker/model_runner.py:1234,6.5,9.8,36.871,40.871,0.18,0.44
0,MatMulV2,"[[1,1024],[1024,4096]]",vllm/worker/model_runner.py:1234,6.5,9.8,110.35,114.35,0.18,0.44
0,FusedInferAttentionScore,"[[1,1024],[1024,4096]]",vllm/worker/model_runner.py:1234,6.5,9.8,75.274,79.274,0.18,0.44
0,RmsNorm,"[[1,1024],[1024,4096]]",vllm/worker/model_runner.py:1234,6.5,9.8,21.548,25.548,0.18,0.44
0,AllReduce,"[[1,1024],[1024,4096]]",vllm/worker/model_runner.py:1234,6.5,9.8,36.291,40.291,0.18,0.44
0,MatMulV2,"[[1,1024],[1024,4096]]",vllm/worker/model_runner.py:1234,6.5,9.8,120.881,124.881,0.18,0.44
0,FusedInferAttentionScore,"[[1,1024],[1024,4096]]",vllm/worker/model_runner.py:1234,6.5,9.8,76.467,80.467,0.18,0.44
0,RmsNorm,"[[1,1024],[1024,4096]]",vllm/worker/model_runner.py:1234,6.5,9.8,24.424,28.424,0.18,0.44
0,AllReduce,"[[1,1024],[1024,4096]]",vllm/worker/model_runner.py:1234,6.5,9.8,35.745,39.745,0.18,0.44
0,MatMulV2,"[[1,1024],[1024,4096]]",vllm/worker/model_runner.py:1234,6.5,9.8,120.942,124.942,0.18,0.44
0,FusedInferAttentionScore,"[[1,1024],[1024,4096]]",vllm/worker/model_runner.py:1234,6.5,9.8,67.76,71.76,0.18,0.44
0,RmsNorm,"[[1,1024],[1024,4096]]",vllm/worker/model_runner.py:1234,6.5,9.8,24.343,28.343,0.18,0.44
0,AllReduce,"[[1,1024],[1024,4096]]",vllm/worker/model_runner.py:1234,6.5,9.8,35.304,39.304,0.18,0.44
0,MatMulV2,"[[1,1024],[1024,4096]]",vllm/worker/model_runner.py:1234,6.5,9.8,125.819,129.81900000000002,0.18,0.44
0,FusedInferAttentionScore,"[[1,1024],[1024,4096]]",vllm/worker/model_runner.py:1234,6.5,9.8,64.962,68.962,0.18,0.44
0,RmsNorm,"[[1,1024],[1024,4096]]",vllm/worker/model_runner.py:1234,6.5,9.8,28.791,32.791,0.18,0.44
0,AllReduce,"[[1,1024],[1024,4096]]",vllm/worker/model_runner.py:1234,6.5,9.8,36.612,40.612,0.18,0.44
0,MatMulV2,"[[1,1024],[1024,4096]]",vllm/worker/model_runner.py:1234,6.5,9.8,113.507,117.507,0.18,0.44
0,FusedInferAttentionScore,"[[1,1024],[1024,4096]]",vllm/worker/model_runner.py:1234,6.5,9.8,76.357,80.357,0.18,0.44
0,RmsNorm,"[[1,1024],[1024,4096]]",vllm/worker/model_runner.py:1234,6.5,9.8,22.383,26.383,0.18,0.44
0,AllReduce,"[[1,1024],[1024,4096]]",vllm/worker/model_runner.py:1234,6.5,9.8,34.016,38.016,0.18,0.44
0,MatMulV2,"[[1,1024],[1024,4096]]",vllm/worker/model_runner.py:1234,6.5,9.8,126.839,130.839,0.18,0.44
0,FusedInferAttentionScore,"[[1,1024],[1024,4096]]",vllm/worker/model_runner.py:1234,6.5,9.8,76.999,80.999,0.18,0.44
0,RmsNorm,"[[1,1024],[1024,4096]]",vllm/worker/model_runner.py:1234,6.5,9.8,25.477,29.477,0.18,0.44
0,AllReduce,"[[1,1024],[1024,4096]]",vllm/worker/model_runner.py:1234,6.5,9.8,34.731,38.731,0.18,0.44
0,MatMulV2,"[[1,1024],[1024,4096]]",vllm/worker/model_runner.py:1234,6.5,9.8,112.015,116.015,0.18,0.44
0,FusedInferAttentionScore,"[[1,1024],[1024,4096]]",vllm/worker/model_runner.py:1234,6.5,9.8,63.042,67.042,0.18,0.44
0,RmsNorm,"[[1,1024],[1024,4096]]",vllm/worker/model_runner.py:1234,6.5,9.8,26.121,30.121,0.18,0.44
0,AllReduce,"[[1,1024],[1024,4096]]",vllm/worker/model_runner.py:1234,6.5,9.8,31.226,35.226,0.18,0.44
0,MatMulV2,"[[1,1024],[1024,4096]]",vllm/worker/model_runner.py:1234,6.5,9.8,120.906,124.906,0.18,0.44
0,FusedInferAttentionScore,"[[1,1024],[1024,4096]]",vllm/worker/model_runner.py:1234,6.5,9.8,71.67,75.67,0.18,0.44
0,RmsNorm,"[[1,1024],[1024,4096]]",vllm/worker/model_runner.py:1234,6.5,9.8,23.087,27.087,0.18,0.44
0,AllReduce,"[[1,1024],[1024,4096]]",vllm/worker/model_runner.py:1234,6.5,9.8,34.315,38.315,0.18,0.44
0,MatMulV2,"[[1,1024],[1024,4096]]",vllm/worker/model_runner.py:1234,6.5,9.8,118.502,122.502,0.18,0.44
0,FusedInferAttentionScore,"[[1,1024],[1024,4096]]",vllm/worker/model_runner.py:1234,6.5,9.8,69.753,73.753,0.18,0.44
0,RmsNorm,"[[1,1024],[1024,4096]]",vllm/worker/model_runner.py:1234,6.5,9.8,26.535,30.535,0.18,0.44
0,AllReduce,"[[1,1024],[1024,4096]]",vllm/worker/model_runner.py:1234,6.5,9.8,32.328,36.328,0.18,0.44
0,MatMulV2,"[[1,1024],[1024,4096]]",vllm/worker/model_runner.py:1234,6.5,9.8,130.886,134.886,0.18,0.44
0,FusedInferAttentionScore,"[[1,1024],[1024,4096]]",vllm/worker/model_runner.py:1234,6.5,9.8,65.788,69.788,0.18,0.44
0,RmsNorm,"[[1,1024],[1024,4096]]",vllm/worker/model_runner.py:1234,6.5,9.8,28.464,32.464,0.18,0.44
0,AllReduce,"[[1,1024],[1024,4096]]",vllm/worker/model_runner.py:1234,6.5,9.8,35.848,39.848,0.18,0.44
0,MatMulV2,"[[1,1024],[1024,4096]]",vllm/worker/model_runner.py:1234,6.5,9.8,131.112,135.112,0.18,0.44
0,FusedInferAttentionScore,"[[1,1024],[1024,4096]]",vllm/worker/model_runner.py:1234,6.5,9.8,75.251,79.251,0.18,0.44
0,RmsNorm,"[[1,1024],[1024,4096]]",vllm/worker/model_runner.py:1234,6.5,9.8,24.696,28.696,0.18,0.44
0,AllReduce,"[[1,1024],[1024,4096]]",vllm/worker/model_runner.py:1234,6.5,9.8,35.992,39.992,0.18,0.44
0,MatMulV2,"[[1,1024],[1024,4096]]",vllm/worker/model_runner.py:1234,6.5,9.8,122.342,126.342,0.18,0.44
0,FusedInferAttentionScore,"[[1,1024],[1024,4096]]",vllm/worker/model_runner.py:1234,6.5,9.8,76.929,80.929,0.18,0.44
0,RmsNorm,"[[1,1024],[1024,4096]]",vllm/worker/model_runner.py:1234,6.5,9.8,28.549,32.549,0.18,0.44
0,AllReduce,"[[1,1024],[1024,4096]]",vllm/worker/model_runner.py:1234,6.5,9.8,32.323,36.323,0.18,0.44
0,MatMulV2,"[[1,1024],[1024,4096]]",vllm/worker/model_runner.py:1234,6.5,9.8,115.649,119.649,0.18,0.44
0,FusedInferAttentionScore,"[[1,1024],[1024,4096]]",vllm/worker/model_runner.py:1234,6.5,9.8,73.344,77.344,0.18,0.44
0,RmsNorm,"[[1,1024],[1024,4096]]",vllm/worker/model_runner.py:1234,6.5,9.8,28.336,32.336,0.18,0.44
0,AllReduce,"[[1,1024],[1024,4096]]",vllm/worker/model_runner.py:1234,6.5,9.8,36.566,40.566,0.18,0.44
0,MatMulV2,"[[1,1024],[1024,4096]]",vllm/worker/model_runner.py:1234,6.5,9.8,113.829,117.829,0.18,0.44
0,FusedInferAttentionScore,"[[1,1024],[1024,4096]]",vllm/worker/model_runner.py:1234,6.5,9.8,63.85,67.85,0.18,0.44
0,RmsNorm,"[[1,1024],[1024,4096]]",vllm/worker/model_runner.py:1234,6.5,9.8,25.656,29.656,0.18,0.44
0,AllReduce,"[[1,1024],[1024,4096]]",vllm/worker/model_runner.py:1234,6.5,9.8,34.814,38.814,0.18,0.44
0,MatMulV2,"[[1,1024],[1024,4096]]",vllm/worker/model_runner.py:1234,6.5,9.8,122.621,126.621,0.18,0.44
0,FusedInferAttentionScore,"[[1,1024],[1024,4096]]",vllm/worker/model_runner.py:1234,6.5,9.8,64.499,68.499,0.18,0.44
0,RmsNorm,"[[1,1024],[1024,4096]]",vllm/worker/model_runner.py:1234,6.5,9.8,25.017,29.017,0.18,0.44
0,AllReduce,"[[1,1024],[1024,4096]]",vllm/worker/model_runner.py:1234,6.5,9.8,35.407,39.407,0.18,0.44
0,MatMulV2,"[[1,1024],[1024,4096]]",vllm/worker/model_runner.py:1234,6.5,9.8,120.694,124.694,0.18,0.44
0,FusedInferAttentionScore,"[[1,1024],[1024,4096]]",vllm/worker/model_runner.py:1234,6.5,9.8,74.281,78.281,0.18,0.44
0,RmsNorm,"[[1,1024],[1024,4096]]",vllm/worker/model_runner.py:1234,6.5,9.8,20.54,24.54,0.18,0.44
0,AllReduce,"[[1,1024],[1024,4096]]",vllm/worker/model_runner.py:1234,6.5,9.8,32.162,36.162,0.18,0.44
0,MatMulV2,"[[1,1024],[1024,4096]]",vllm/worker/model_runner.py:1234,6.5,9.8,117.787,121.787,0.18,0.44
0,FusedInferAttentionScore,"[[1,1024],[1024,4096]]",vllm/worker/model_runner.py:1234,6.5,9.8,72.816,76.816,0.18,0.44
0,RmsNorm,"[[1,1024],[1024,4096]]",vllm/worker/model_runner.py:1234,6.5,9.8,27.901,31.901,0.18,0.44
0,AllReduce,"[[1,1024],[1024,4096]]",vllm/worker/model_runner.py:1234,6.5,9.8,33.934,37.934,0.18,0.44
0,MatMulV2,"[[1,1024],[1024,4096]]",vllm/worker/model_runner.py:1234,6.5,9.8,124.371,128.37099999999998,0.18,0.44
0,FusedInferAttentionScore,"[[1,1024],[1024,4096]]",vllm/worker/model_runner.py:1234,6.5,9.8,68.097,72.097,0.18,0.44
0,RmsNorm,"[[1,1024],[1024,4096]]",vllm/worker/model_runner.py:1234,6.5,9.8,20.06,24.06,0.18,0.44
0,AllReduce,"[[1,1024],[1024,4096]]",vllm/worker/model_runner.py:1234,6.5,9.8,34.395,38.395,0.18,0.44
0,MatMulV2,"[[1,1024],[1024,4096]]",vllm/worker/model_runner.py:1234,6.5,9.8,126.205,130.20499999999998,0.18,0.44
0,FusedInferAttentionScore,"[[1,1024],[1024,4096]]",vllm/worker/model_runner.py:1234,6.5,9.8,76.388,80.388,0.18,0.44
0,RmsNorm,"[[1,1024],[1024,4096]]",vllm/worker/model_runner.py:1234,6.5,9.8,21.317,25.317,0.18,0.44
0,AllReduce,"[[1,1024],[1024,4096]]",vllm/worker/model_runner.py:1234,6.5,9.8,35.606,39.606,0.18,0.44
0,MatMulV2,"[[1,1024],[1024,4096]]",vllm/worker/model_runner.py:1234,6.5,9.8,115.177,119.177,0.18,0.44
0,FusedInferAttentionScore,"[[1,1024],[1024,4096]]",vllm/worker/model_runner.py:1234,6.5,9.8,73.854,77.854,0.18,0.44
0,RmsNorm,"[[1,1024],[1024,4096]]",vllm/worker/model_runner.py:1234,6.5,9.8,21.457,25.457,0.18,0.44
0,AllReduce,"[[1,1024],[1024,4096]]",vllm/worker/model_runner.py:1234,6.5,9.8,36.668,40.668,0.18,0.44
0,MatMulV2,"[[1,1024],[1024,4096]]",vllm/worker/model_runner.py:1234,6.5,9.8,113.778,117.778,0.18,0.44
0,FusedInferAttentionScore,"[[1,1024],[1024,4096]]",vllm/worker/model_runner.py:1234,6.5,9.8,75.03,79.03,0.18,0.44
0,RmsNorm,"[[1,1024],[1024,4096]]",vllm/worker/model_runner.py:1234,6.5,9.8,26.931,30.931,0.18,0.44
0,AllReduce,"[[1,1024],[1024,4096]]",vllm/worker/model_runner.py:1234,6.5,9.8,36.427,40.427,0.18,0.44
0,MatMulV2,"[[1,1024],[1024,4096]]",vllm/worker/model_runner.py:1234,6.5,9.8,112.613,116.613,0.18,0.44
0,FusedInferAttentionScore,"[[1,1024],[1024,4096]]",vllm/worker/model_runner.py:1234,6.5,9.8,76.714,80.714,0.18,0.44
0,RmsNorm,"[[1,1024],[1024,4096]]",vllm/worker/model_runner.py:1234,6.5,9.8,21.216,25.216,0.18,0.44
0,AllReduce,"[[1,1024],[1024,4096]]",vllm/worker/model_runner.py:1234,6.5,9.8,32.927,36.927,0.18,0.44
0,MatMulV2,"[[1,1024],[1024,4096]]",vllm/worker/model_runner.py:1234,6.5,9.8,110.301,114.301,0.18,0.44
0,FusedInferAttentionScore,"[[1,1024],[1024,4096]]",vllm/worker/model_runner.py:1234,6.5,9.8,71.385,75.385,0.18,0.44
0,RmsNorm,"[[1,1024],[1024,4096]]",vllm/worker/model_runner.py:1234,6.5,9.8,21.714,25.714,0.18,0.44
0,AllReduce,"[[1,1024],[1024,4096]]",vllm/worker/model_runner.py:1234,6.5,9.8,31.173,35.173,0.18,0.44
0,MatMulV2,"[[1,1024],[1024,4096]]",vllm/worker/model_runner.py:1234,6.5,9.8,111.026,115.026,0.18,0.44
0,FusedInferAttentionScore,"[[1,1024],[1024,4096]]",vllm/worker/model_runner.py:1234,6.5,9.8,75.317,79.317,0.18,0.44
0,RmsNorm,"[[1,1024],[1024,4096]]",vllm/worker/model_runner.py:1234,6.5,9.8,26.929,30.929,0.18,0.44
0,AllReduce,"[[1,1024],[1024,4096]]",vllm/worker/model_runner.py:1234,6.5,9.8,31.111,35.111000000000004,0.18,0.44
0,aclrtMemcpyAsync_D2H,"[[1,1024],[1024,4096]]",vllm/worker/model_runner.py:1234,6.5,9.8,260,264,0.18,0.44
0,MatMulV2,"[[1,1024],[1024,4096]]",vllm/worker/model_runner.py:1234,6.5,9.8,110.963,114.963,0.18,0.44
0,FusedInferAttentionScore,"[[1,1024],[1024,4096]]",vllm/worker/model_runner.py:1234,6.5,9.8,64.399,68.399,0.18,0.44
0,RmsNorm,"[[1,1024],[1024,4096]]",vllm/worker/model_runner.py:1234,6.5,9.8,20.412,24.412,0.18,0.44
0,AllReduce,"[[1,1024],[1024,4096]]",vllm/worker/model_runner.py:1234,6.5,9.8,34.662,38.662,0.18,0.44
0,MatMulV2,"[[1,1024],[1024,4096]]",vllm/worker/model_runner.py:1234,6.5,9.8,115.076,119.076,0.18,0.44
0,FusedInferAttentionScore,"[[1,1024],[1024,4096]]",vllm/worker/model_runner.py:1234,6.5,9.8,76.305,80.305,0.18,0.44
0,RmsNorm,"[[1,1024],[1024,4096]]",vllm/worker/model_runner.py:1234,6.5,9.8,25.143,29.143,0.18,0.44
0,AllReduce,"[[1,1024],[1024,4096]]",vllm/worker/model_runner.py:1234,6.5,9.8,34.421,38.421,0.18,0.44
0,MatMulV2,"[[1,1024],[1024,4096]]",vllm/worker/model_runner.py:1234,6.5,9.8,115.199,119.199,0.18,0.44
0,FusedInferAttentionScore,"[[1,1024],[1024,4096]]",vllm/worker/model_runner.py:1234,6.5,9.8,66.474,70.474,0.18,0.44
0,RmsNorm,"[[1,1024],[1024,4096]]",vllm/worker/model_runner.py:1234,6.5,9.8,24.921,28.921,0.18,0.44
0,AllReduce,"[[1,1024],[1024,4096]]",vllm/worker/model_runner.py:1234,6.5,9.8,32.748,36.748,0.18,0.44
0,MatMulV2,"[[1,1024],[1024,4096]]",vllm/worker/model_runner.py:1234,6.5,9.8,118.527,122.527,0.18,0.44
0,FusedInferAttentionScore,"[[1,1024],[1024,4096]]",vllm/worker/model_runner.py:1234,6.5,9.8,76.082,80.082,0.18,0.44
0,RmsNorm,"[[1,1024],[1024,4096]]",vllm/worker/model_runner.py:1234,6.5,9.8,23.221,27.221,0.18,0.44
0,AllReduce,"[[1,1024],[1024,4096]]",vllm/worker/model_runner.py:1234,6.5,9.8,34.099,38.099,0.18,0.44
0,MatMulV2,"[[1,1024],[1024,4096]]",vllm/worker/model_runner.py:1234,6.5,9.8,122.942,126.942,0.18,0.44
0,FusedInferAttentionScore,"[[1,1024],[1024,4096]]",vllm/worker/model_runner.py:1234,6.5,9.8,74.215,78.215,0.18,0.44
0,RmsNorm,"[[1,1024],[1024,4096]]",vllm/worker/model_runner.py:1234,6.5,9.8,20.748,24.748,0.18,0.44
0,AllReduce,"[[1,1024],[1024,4096]]",vllm/worker/model_runner.py:1234,6.5,9.8,34.453,38.453,0.18,0.44
0,MatMulV2,"[[1,1024],[1024,4096]]",vllm/worker/model_runner.py:1234,6.5,9.8,111.29,115.29,0.18,0.44
0,FusedInferAttentionScore,"[[1,1024],[1024,4096]]",vllm/worker/model_runner.py:1234,6.5,9.8,76.822,80.822,0.18,0.44
0,RmsNorm,"[[1,1024],[1024,4096]]",vllm/worker/model_runner.py:1234,6.5,9.8,26.748,30.748,0.18,0.44
0,AllReduce,"[[1,1024],[1024,4096]]",vllm/worker/model_runner.py:1234,6.5,9.8,32.613,36.613,0.18,0.44
0,MatMulV2,"[[1,1024],[1024,4096]]",vllm/worker/model_runner.py:1234,6.5,9.8,125.006,129.006,0.18,0.44
0,FusedInferAttentionScore,"[[1,1024],[1024,4096]]",vllm/worker/model_runner.py:1234,6.5,9.8,76.303,80.303,0.18,0.44
0,RmsNorm,"[[1,1024],[1024,4096]]",vllm/worker/model_runner.py:1234,6.5,9.8,28.628,32.628,0.18,0.44
0,AllReduce,"[[1,1024],[1024,4096]]",vllm/worker/model_runner.py:1234,6.5,9.8,35,39,0.18,0.44
0,MatMulV2,"[[1,1024],[1024,4096]]",vllm/worker/model_runner.py:1234,6.5,9.8,123.438,127.438,0.18,0.44
0,FusedInferAttentionScore,"[[1,1024],[1024,4096]]",vllm/worker/model_runner.py:1234,6.5,9.8,75.073,79.073,0.18,0.44
0,RmsNorm,"[[1,1024],[1024,4096]]",vllm/worker/model_runner.py:1234,6.5,9.8,19.635,23.635,0.18,0.44
0,AllReduce,"[[1,1024],[1024,4096]]",vllm/worker/model_runner.py:1234,6.5,9.8,34.084,38.084,0.18,0.44
0,MatMulV2,"[[1,1024],[1024,4096]]",vllm/worker/model_runner.py:1234,6.5,9.8,109.266,113.266,0.18,0.44
0,FusedInferAttentionScore,"[[1,1024],[1024,4096]]",vllm/worker/model_runner.py:1234,6.5,9.8,71.937,75.937,0.18,0.44
0,RmsNorm,"[[1,1024],[1024,4096]]",vllm/worker/model_runner.py:1234,6.5,9.8,23.552,27.552,0.18,0.44
0,AllReduce,"[[1,1024],[1024,4096]]",vllm/worker/model_runner.py:1234,6.5,9.8,30.665,34.665,0.18,0.44
0,MatMulV2,"[[1,1024],[1024,4096]]",vllm/worker/model_runner.py:1234,6.5,9.8,118.377,122.377,0.18,0.44
0,FusedInferAttentionScore,"[[1,1024],[1024,4096]]",vllm/worker/model_runner.py:1234,6.5,9.8,63.64,67.64,0.18,0.44
0,RmsNorm,"[[1,1024],[1024,4096]]",vllm/worker/model_runner.py:1234,6.5,9.8,19.338,23.338,0.18,0.44
0,AllReduce,"[[1,1024],[1024,4096]]",vllm/worker/model_runner.py:1234,6.5,9.8,35.959,39.959,0.18,0.44
0,MatMulV2,"[[1,1024],[1024,4096]]",vllm/worker/model_runner.py:1234,6.5,9.8,110.578,114.578,0.18,0.44
0,FusedInferAttentionScore,"[[1,1024],[1024,4096]]",vllm/worker/model_runner.py:1234,6.5,9.8,71.407,75.407,0.18,0.44
0,RmsNorm,"[[1,1024],[1024,4096]]",vllm/worker/model_runner.py:1234,6.5,9.8,26.293,30.293,0.18,0.44
0,AllReduce,"[[1,1024],[1024,4096]]",vllm/worker/model_runner.py:1234,6.5,9.8,31.901,35.900999999999996,0.18,0.44
0,MatMulV2,"[[1,1024],[1024,4096]]",vllm/worker/model_runner.py:1234,6.5,9.8,115.519,119.519,0.18,0.44
0,FusedInferAttentionScore,"[[1,1024],[1024,4096]]",vllm/worker/model_runner.py:1234,6.5,9.8,65.848,69.848,0.18,0.44
0,RmsNorm,"[[1,1024],[1024,4096]]",vllm/worker/model_runner.py:1234,6.5,9.8,27.073,31.073,0.18,0.44
0,AllReduce,"[[1,1024],[1024,4096]]",vllm/worker/model_runner.py:1234,6.5,9.8,33.006,37.006,0.18,0.44
0,MatMulV2,"[[1,1024],[1024,4096]]",vllm/worker/model_runner.py:1234,6.5,9.8,130.202,134.202,0.18,0.44
0,FusedInferAttentionScore,"[[1,1024],[1024,4096]]",vllm/worker/model_runner.py:1234,6.5,9.8,73.044,77.044,0.18,0.44
0,RmsNorm,"[[1,1024],[1024,4096]]",vllm/worker/model_runner.py:1234,6.5,9.8,22.719,26.719,0.18,0.44
0,AllReduce,"[[1,1024],[1024,4096]]",vllm/worker/model_runner.py:1234,6.5,9.8,34.409,38.409,0.18,0.44
0,MatMulV2,"[[1,1024],[1024,4096]]",vllm/worker/model_runner.py:1234,6.5,9.8,110.452,114.452,0.18,0.44
0,FusedInferAttentionScore,"[[1,1024],[1024,4096]]",vllm/worker/model_runner.py:1234,6.5,9.8,76.179,80.179,0.18,0.44
0,RmsNorm,"[[1,1024],[1024,4096]]",vllm/worker/model_runner.py:1234,6.5,9.8,26.642,30.642,0.18,0.44
0,AllReduce,"[[1,1024],[1024,4096]]",vllm/worker/model_runner.py:1234,6.5,9.8,33.638,37.638,0.18,0.44
0,MatMulV2,"[[1,1024],[1024,4096]]",vllm/worker/model_runner.py:1234,6.5,9.8,116.724,120.724,0.18,0.44
0,FusedInferAttentionScore,"[[1,1024],[1024,4096]]",vllm/worker/model_runner.py:1234,6.5,9.8,72.546,76.546,0.18,0.44
0,RmsNorm,"[[1,1024],[1024,4096]]",vllm/worker/model_runner.py:1234,6.5,9.8,27.717,31.717,0.18,0.44
0,AllReduce,"[[1,1024],[1024,4096]]",vllm/worker/model_runner.py:1234,6.5,9.8,36.517,40.517,0.18,0.44
0,MatMulV2,"[[1,1024],[1024,4096]]",vllm/worker/model_runner.py:1234,6.5,9.8,128.617,132.617,0.18,0.44
0,FusedInferAttentionScore,"[[1,1024],[1024,4096]]",vllm/worker/model_runner.py:1234,6.5,9.8,75.284,79.284,0.18,0.44
0,RmsNorm,"[[1,1024],[1024,4096]]",vllm/worker/model_runner.py:1234,6.5,9.8,22.244,26.244,0.18,0.44
0,AllReduce,"[[1,1024],[1024,4096]]",vllm/worker/model_runner.py:1234,6.5,9.8,34.164,38.164,0.18,0.44
0,MatMulV2,"[[1,1024],[1024,4096]]",vllm/worker/model_runner.py:1234,6.5,9.8,128.478,132.478,0.18,0.44
0,FusedInferAttentionScore,"[[1,1024],[1024,4096]]",vllm/worker/model_runner.py:1234,6.5,9.8,76.676,80.676,0.18,0.44
0,RmsNorm,"[[1,1024],[1024,4096]]",vllm/worker/model_runner.py:1234,6.5,9.8,24.907,28.907,0.18,0.44
0,AllReduce,"[[1,1024],[1024,4096]]",vllm/worker/model_runner.py:1234,6.5,9.8,34.891,38.891,0.18,0.44
0,MatMulV2,"[[1,1024],[1024,4096]]",vllm/worker/model_runner.py:1234,6.5,9.8,124.47,128.47,0.18,0.44
0,FusedInferAttentionScore,"[[1,1024],[1024,4096]]",vllm/worker/model_runner.py:1234,6.5,9.8,63.367,67.36699999999999,0.18,0.44
0,RmsNorm,"[[1,1024],[1024,4096]]",vllm/worker/model_runner.py:1234,6.5,9.8,19.301,23.301,0.18,0.44
0,AllReduce,"[[1,1024],[1024,4096]]",vllm/worker/model_runner.py:1234,6.5,9.8,32.554,36.554,0.18,0.44
0,MatMulV2,"[[1,1024],[1024,4096]]",vllm/worker/model_runner.py:1234,6.5,9.8,125.466,129.466,0.18,0.44
0,FusedInferAttentionScore,"[[1,1024],[1024,4096]]",vllm/worker/model_runner.py:1234,6.5,9.8,65.333,69.333,0.18,0.44
0,RmsNorm,"[[1,1024],[1024,4096]]",vllm/worker/model_runner.py:1234,6.5,9.8,22.163,26.163,0.18,0.44
0,AllReduce,"[[1,1024],[1024,4096]]",vllm/worker/model_runner.py:1234,6.5,9.8,32.571,36.571,0.18,0.44
0,MatMulV2,"[[1,1024],[1024,4096]]",vllm/worker/model_runner.py:1234,6.5,9.8,110.165,114.165,0.18,0.44
0,FusedInferAttentionScore,"[[1,1024],[1024,4096]]",vllm/worker/model_runner.py:1234,6.5,9.8,69.95,73.95,0.18,0.44
0,RmsNorm,"[[1,1024],[1024,4096]]",vllm/worker/model_runner.py:1234,6.5,9.8,25.069,29.069,0.18,0.44
0,AllReduce,"[[1,1024],[1024,4096]]",vllm/worker/model_runner.py:1234,6.5,9.8,34.145,38.145,0.18,0.44
0,MatMulV2,"[[1,1024],[1024,4096]]",vllm/worker/model_runner.py:1234,6.5,9.8,110.783,114.783,0.18,0.44
0,FusedInferAttentionScore,"[[1,1024],[1024,4096]]",vllm/worker/model_runner.py:1234,6.5,9.8,70.008,74.008,0.18,0.44
0,RmsNorm,"[[1,1024],[1024,4096]]",vllm/worker/model_runner.py:1234,6.5,9.8,21.331,25.331,0.18,0.44
0,AllReduce,"[[1,1024],[1024,4096]]",vllm/worker/model_runner.py:1234,6.5,9.8,32.13,36.13,0.18,0.44
0,MatMulV2,"[[1,1024],[1024,4096]]",vllm/worker/model_runner.py:1234,6.5,9.8,129.717,133.717,0.18,0.44
0,FusedInferAttentionScore,"[[1,1024],[1024,4096]]",vllm/worker/model_runner.py:1234,6.5,9.8,70.01,74.01,0.18,0.44
0,RmsNorm,"[[1,1024],[1024,4096]]",vllm/worker/model_runner.py:1234,6.5,9.8,21.064,25.064,0.18,0.44
0,AllReduce,"[[1,1024],[1024,4096]]",vllm/worker/model_runner.py:1234,6.5,9.8,35.657,39.657,0.18,0.44
0,MatMulV2,"[[1,1024],[1024,4096]]",vllm/worker/model_runner.py:1234,6.5,9.8,117.536,121.536,0.18,0.44
0,FusedInferAttentionScore,"[[1,1024],[1024,4096]]",vllm/worker/model_runner.py:1234,6.5,9.8,74.603,78.603,0.18,0.44
0,RmsNorm,"[[1,1024],[1024,4096]]",vllm/worker/model_runner.py:1234,6.5,9.8,26.95,30.95,0.18,0.44
0,AllReduce,"[[1,1024],[1024,4096]]",vllm/worker/model_runner.py:1234,6.5,9.8,34.363,38.363,0.18,0.44
0,MatMulV2,"[[1,1024],[1024,4096]]",vllm/worker/model_runner.py:1234,6.5,9.8,126.682,130.68200000000002,0.18,0.44
0,FusedInferAttentionScore,"[[1,1024],[1024,4096]]",vllm/worker/model_runner.py:1234,6.5,9.8,72.486,76.486,0.18,0.44
0,RmsNorm,"[[1,1024],[1024,4096]]",vllm/worker/model_runner.py:1234,6.5,9.8,22.475,26.475,0.18,0.44
0,AllReduce,"[[1,1024],[1024,4096]]",vllm/worker/model_runner.py:1234,6.5,9.8,35.147,39.147,0.18,0.44
0,MatMulV2,"[[1,1024],[1024,4096]]",vllm/worker/model_runner.py:1234,6.5,9.8,113.267,117.267,0.18,0.44
0,FusedInferAttentionScore,"[[1,1024],[1024,4096]]",vllm/worker/model_runner.py:1234,6.5,9.8,74.631,78.631,0.18,0.44
0,RmsNorm,"[[1,1024],[1024,4096]]",vllm/worker/model_runner.py:1234,6.5,9.8,26.766,30.766,0.18,0.44
0,AllReduce,"[[1,1024],[1024,4096]]",vllm/worker/model_runner.py:1234,6.5,9.8,35.691,39.691,0.18,0.44
0,MatMulV2,"[[1,1024],[1024,4096]]",vllm/worker/model_runner.py:1234,6.5,9.8,113.319,117.319,0.18,0.44
0,FusedInferAttentionScore,"[[1,1024],[1024,4096]]",vllm/worker/model_runner.py:1234,6.5,9.8,73.171,77.171,0.18,0.44
0,RmsNorm,"[[1,1024],[1024,4096]]",vllm/worker/model_runner.py:1234,6.5,9.8,22.989,26.989,0.18,0.44
0,AllReduce,"[[1,1024],[1024,4096]]",vllm/worker/model_runner.py:1234,6.5,9.8,33.873,37.873,0.18,0.44
0,MatMulV2,"[[1,1024],[1024,4096]]",vllm/worker/model_runner.py:1234,6.5,9.8,109.875,113.875,0.18,0.44
0,FusedInferAttentionScore,"[[1,1024],[1024,4096]]",vllm/worker/model_runner.py:1234,6.5,9.8,70.792,74.792,0.18,0.44
0,RmsNorm,"[[1,1024],[1024,4096]]",vllm/worker/model_runner.py:1234,6.5,9.8,20.858,24.858,0.18,0.44
0,AllReduce,"[[1,1024],[1024,4096]]",vllm/worker/model_runner.py:1234,6.5,9.8,31.101,35.101,0.18,0.44
0,MatMulV2,"[[1,1024],[1024,4096]]",vllm/worker/model_runner.py:1234,6.5,9.8,113.273,117.273,0.18,0.44
0,FusedInferAttentionScore,"[[1,1024],[1024,4096]]",vllm/worker/model_runner.py:1234,6.5,9.8,67.972,71.972,0.18,0.44
0,RmsNorm,"[[1,1024],[1024,4096]]",vllm/worker/model_runner.py:1234,6.5,9.8,26.603,30.603,0.18,0.44
0,AllReduce,"[[1,1024],[1024,4096]]",vllm/worker/model_runner.py:1234,6.5,9.8,36.903,40.903,0.18,0.44
0,MatMulV2,"[[1,1024],[1024,4096]]",vllm/worker/model_runner.py:1234,6.5,9.8,119.039,123.039,0.18,0.44
0,FusedInferAttentionScore,"[[1,1024],[1024,4096]]",vllm/worker/model_runner.py:1234,6.5,9.8,66.92,70.92,0.18,0.44
0,RmsNorm,"[[1,1024],[1024,4096]]",vllm/worker/model_runner.py:1234,6.5,9.8,22.547,26.547,0.18,0.44
0,AllReduce,"[[1,1024],[1024,4096]]",vllm/worker/model_runner.py:1234,6.5,9.8,36.205,40.205,0.18,0.44
0,MatMulV2,"[[1,1024],[1024,4096]]",vllm/worker/model_runner.py:1234,6.5,9.8,117.736,121.736,0.18,0.44
0,FusedInferAttentionScore,"[[1,1024],[1024,4096]]",vllm/worker/model_runner.py:1234,6.5,9.8,70.545,74.545,0.18,0.44
0,RmsNorm,"[[1,1024],[1024,4096]]",vllm/worker/model_runner.py:1234,6.5,9.8,22.446,26.446,0.18,0.44
0,AllReduce,"[[1,1024],[1024,4096]]",vllm/worker/model_runner.py:1234,6.5,9.8,32.027,36.027,0.18,0.44
0,MatMulV2,"[[1,1024],[1024,4096]]",vllm/worker/model_runner.py:1234,6.5,9.8,121.138,125.138,0.18,0.44
0,FusedInferAttentionScore,"[[1,1024],[1024,4096]]",vllm/worker/model_runner.py:1234,6.5,9.8,72.31,76.31,0.18,0.44
0,RmsNorm,"[[1,1024],[1024,4096]]",vllm/worker/model_runner.py:1234,6.5,9.8,21.526,25.526,0.18,0.44
0,AllReduce,"[[1,1024],[1024,4096]]",vllm/worker/model_runner.py:1234,6.5,9.8,33.223,37.223,0.18,0.44
0,MatMulV2,"[[1,1024],[1024,4096]]",vllm/worker/model_runner.py:1234,6.5,9.8,126.031,130.031,0.18,0.44
0,FusedInferAttentionScore,"[[1,1024],[1024,4096]]",vllm/worker/model_runner.py:1234,6.5,9.8,69.736,73.736,0.18,0.44
0,RmsNorm,"[[1,1024],[1024,4096]]",vllm/worker/model_runner.py:1234,6.5,9.8,24.599,28.599,0.18,0.44
0,AllReduce,"[[1,1024],[1024,4096]]",vllm/worker/model_runner.py:1234,6.5,9.8,36.263,40.263,0.18,0.44
0,aclrtMemcpyAsync_D2H,"[[1,1024],[1024,4096]]",vllm/worker/model_runner.py:1234,6.5,9.8,260,264,0.18,0.44
0,MatMulV2,"[[1,1024],[1024,4096]]",vllm/worker/model_runner.py:1234,6.5,9.8,126.776,130.776,0.18,0.44
0,FusedInferAttentionScore,"[[1,1024],[1024,4096]]",vllm/worker/model_runner.py:1234,6.5,9.8,68.945,72.945,0.18,0.44
0,RmsNorm,"[[1,1024],[1024,4096]]",vllm/worker/model_runner.py:1234,6.5,9.8,22.11,26.11,0.18,0.44
0,AllReduce,"[[1,1024],[1024,4096]]",vllm/worker/model_runner.py:1234,6.5,9.8,33.453,37.453,0.18,0.44
0,MatMulV2,"[[1,1024],[1024,4096]]",vllm/worker/model_runner.py:1234,6.5,9.8,117.506,121.506,0.18,0.44
0,FusedInferAttentionScore,"[[1,1024],[1024,4096]]",vllm/worker/model_runner.py:1234,6.5,9.8,63.426,67.426,0.18,0.44
0,RmsNorm,"[[1,1024],[1024,4096]]",vllm/worker/model_runner.py:1234,6.5,9.8,22.992,26.992,0.18,0.44
0,AllReduce,"[[1,1024],[1024,4096]]",vllm/worker/model_runner.py:1234,6.5,9.8,31.846,35.846000000000004,0.18,0.44
0,MatMulV2,"[[1,1024],[1024,4096]]",vllm/worker/model_runner.py:1234,6.5,9.8,129.765,133.765,0.18,0.44
0,FusedInferAttentionScore,"[[1,1024],[1024,4096]]",vllm/worker/model_runner.py:1234,6.5,9.8,69.456,73.456,0.18,0.44
0,RmsNorm,"[[1,1024],[1024,4096]]",vllm/worker/model_runner.py:1234,6.5,9.8,21.759,25.759,0.18,0.44
0,AllReduce,"[[1,1024],[1024,4096]]",vllm/worker/model_runner.py:1234,6.5,9.8,36.3,40.3,0.18,0.44
0,MatMulV2,"[[1,1024],[1024,4096]]",vllm/worker/model_runner.py:1234,6.5,9.8,114.476,118.476,0.18,0.44
0,FusedInferAttentionScore,"[[1,1024],[1024,4096]]",vllm/worker/model_runner.py:1234,6.5,9.8,67.678,71.678,0.18,0.44
0,RmsNorm,"[[1,1024],[1024,4096]]",vllm/worker/model_runner.py:1234,6.5,9.8,27.417,31.417,0.18,0.44
0,AllReduce,"[[1,1024],[1024,4096]]",vllm/worker/model_runner.py:1234,6.5,9.8,34.106,38.106,0.18,0.44
0,MatMulV2,"[[1,1024],[1024,4096]]",vllm/worker/model_runner.py:1234,6.5,9.8,112.424,116.424,0.18,0.44
0,FusedInferAttentionScore,"[[1,1024],[1024,4096]]",vllm/worker/model_runner.py:1234,6.5,9.8,66.966,70.966,0.18,0.44
0,RmsNorm,"[[1,1024],[1024,4096]]",vllm/worker/model_runner.py:1234,6.5,9.8,26.506,30.506,0.18,0.44
0,AllReduce,"[[1,1024],[1024,4096]]",vllm/worker/model_runner.py:1234,6.5,9.8,35.293,39.293,0.18,0.44
0,MatMulV2,"[[1,1024],[1024,4096]]",vllm/worker/model_runner.py:1234,6.5,9.8,125.979,129.97899999999998,0.18,0.44
0,FusedInferAttentionScore,"[[1,1024],[1024,4096]]",vllm/worker/model_runner.py:1234,6.5,9.8,65.718,69.718,0.18,0.44
0,RmsNorm,"[[1,1024],[1024,4096]]",vllm/worker/model_runner.py:1234,6.5,9.8,25.321,29.321,0.18,0.44
0,AllReduce,"[[1,1024],[1024,4096]]",vllm/worker/model_runner.py:1234,6.5,9.8,36.177,40.177,0.18,0.44
0,MatMulV2,"[[1,1024],[1024,4096]]",vllm/worker/model_runner.py:1234,6.5,9.8,128.933,132.933,0.18,0.44
0,FusedInferAttentionScore,"[[1,1024],[1024,4096]]",vllm/worker/model_runner.py:1234,6.5,9.8,73.53,77.53,0.18,0.44
0,RmsNorm,"[[1,1024],[1024,4096]]",vllm/worker/model_runner.py:1234,6.5,9.8,20.853,24.853,0.18,0.44
0,AllReduce,"[[1,1024],[1024,4096]]",vllm/worker/model_runner.py:1234,6.5,9.8,37.164,41.164,0.18,0.44
0,MatMulV2,"[[1,1024],[1024,4096]]",vllm/worker/model_runner.py:1234,6.5,9.8,129.33,133.33,0.18,0.44
0,FusedInferAttentionScore,"[[1,1024],[1024,4096]]",vllm/worker/model_runner.py:1234,6.5,9.8,65.736,69.736,0.18,0.44
0,RmsNorm,"[[1,1024],[1024,4096]]",vllm/worker/model_runner.py:1234,6.5,9.8,21.2,25.2,0.18,0.44
0,AllReduce,"[[1,1024],[1024,4096]]",vllm/worker/model_runner.py:1234,6.5,9.8,36.694,40.694,0.18,0.44
0,MatMulV2,"[[1,1024],[1024,4096]]",vllm/worker/model_runner.py:1234,6.5,9.8,110.171,114.171,0.18,0.44
0,FusedInferAttentionScore,"[[1,1024],[1024,4096]]",vllm/worker/model_runner.py:1234,6.5,9.8,68.763,72.763,0.18,0.44
0,RmsNorm,"[[1,1024],[1024,4096]]",vllm/worker/model_runner.py:1234,6.5,9.8,27.402,31.402,0.18,0.44
0,AllReduce,"[[1,1024],[1024,4096]]",vllm/worker/model_runner.py:1234,6.5,9.8,33.756,37.756,0.18,0.44
0,MatMulV2,"[[1,1024],[1024,4096]]",vllm/worker/model_runner.py:1234,6.5,9.8,110.848,114.848,0.18,0.44
0,FusedInferAttentionScore,"[[1,1024],[1024,4096]]",vllm/worker/model_runner.py:1234,6.5,9.8,73.792,77.792,0.18,0.44
0,RmsNorm,"[[1,1024],[1024,4096]]",vllm/worker/model_runner.py:1234,6.5,9.8,25.446,29.446,0.18,0.44
0,AllReduce,"[[1,1024],[1024,4096]]",vllm/worker/model_runner.py:1234,6.5,9.8,32.262,36.262,0.18,0.44
0,MatMulV2,"[[1,1024],[1024,4096]]",vllm/worker/model_runner.py:1234,6.5,9.8,118.206,122.206,0.18,0.44
0,FusedInferAttentionScore,"[[1,1024],[1024,4096]]",vllm/worker/model_runner.py:1234,6.5,9.8,67.676,71.676,0.18,0.44
0,RmsNorm,"[[1,1024],[1024,4096]]",vllm/worker/model_runner.py:1234,6.5,9.8,20.396,24.396,0.18,0.44
0,AllReduce,"[[1,1024],[1024,4096]]",vllm/worker/model_runner.py:1234,6.5,9.8,35.5,39.5,0.18,0.44
0,MatMulV2,"[[1,1024],[1024,4096]]",vllm/worker/model_runner.py:1234,6.5,9.8,114.094,118.094,0.18,0.44
0,FusedInferAttentionScore,"[[1,1024],[1024,4096]]",vllm/worker/model_runner.py:1234,6.5,9.8,67.591,71.591,0.18,0.44
0,RmsNorm,"[[1,1024],[1024,4096]]",vllm/worker/model_runner.py:1234,6.5,9.8,22.19,26.19,0.18,0.44
0,AllReduce,"[[1,1024],[1024,4096]]",vllm/worker/model_runner.py:1234,6.5,9.8,34.156,38.156,0.18,0.44
0,MatMulV2,"[[1,1024],[1024,4096]]",vllm/worker/model_runner.py:1234,6.5,9.8,128.279,132.279,0.18,0.44
0,FusedInferAttentionScore,"[[1,1024],[1024,4096]]",vllm/worker/model_runner.py:1234,6.5,9.8,63.392,67.392,0.18,0.44
0,RmsNorm,"[[1,1024],[1024,4096]]",vllm/worker/model_runner.py:1234,6.5,9.8,19.864,23.864,0.18,0.44
0,AllReduce,"[[1,1024],[1024,4096]]",vllm/worker/model_runner.py:1234,6.5,9.8,33.929,37.929,0.18,0.44
0,MatMulV2,"[[1,1024],[1024,4096]]",vllm/worker/model_runner.py:1234,6.5,9.8,127.607,131.607,0.18,0.44
0,FusedInferAttentionScore,"[[1,1024],[1024,4096]]",vllm/worker/model_runner.py:1234,6.5,9.8,69.134,73.134,0.18,0.44
0,RmsNorm,"[[1,1024],[1024,4096]]",vllm/worker/model_runner.py:1234,6.5,9.8,21.745,25.745,0.18,0.44
0,AllReduce,"[[1,1024],[1024,4096]]",vllm/worker/model_runner.py:1234,6.5,9.8,34.434,38.434,0.18,0.44
0,MatMulV2,"[[1,1024],[1024,4096]]",vllm/worker/model_runner.py:1234,6.5,9.8,130.283,134.283,0.18,0.44
0,FusedInferAttentionScore,"[[1,1024],[1024,4096]]",vllm/worker/model_runner.py:1234,6.5,9.8,68.737,72.737,0.18,0.44
0,RmsNorm,"[[1,1024],[1024,4096]]",vllm/worker/model_runner.py:1234,6.5,9.8,20.765,24.765,0.18,0.44
0,AllReduce,"[[1,1024],[1024,4096]]",vllm/worker/model_runner.py:1234,6.5,9.8,36.002,40.002,0.18,0.44
0,MatMulV2,"[[1,1024],[1024,4096]]",vllm/worker/model_runner.py:1234,6.5,9.8,124.135,128.135,0.18,0.44
0,FusedInferAttentionScore,"[[1,1024],[1024,4096]]",vllm/worker/model_runner.py:1234,6.5,9.8,64.25,68.25,0.18,0.44
0,RmsNorm,"[[1,1024],[1024,4096]]",vllm/worker/model_runner.py:1234,6.5,9.8,24.85,28.85,0.18,0.44
0,AllReduce,"[[1,1024],[1024,4096]]",vllm/worker/model_runner.py:1234,6.5,9.8,37.085,41.085,0.18,0.44
0,MatMulV2,"[[1,1024],[1024,4096]]",vllm/worker/model_runner.py:1234,6.5,9.8,117.754,121.754,0.18,0.44
0,FusedInferAttentionScore,"[[1,1024],[1024,4096]]",vllm/worker/model_runner.py:1234,6.5,9.8,74.703,78.703,0.18,0.44
0,RmsNorm,"[[1,1024],[1024,4096]]",vllm/worker/model_runner.py:1234,6.5,9.8,25.93,29.93,0.18,0.44
0,AllReduce,"[[1,1024],[1024,4096]]",vllm/worker/model_runner.py:1234,6.5,9.8,34.268,38.268,0.18,0.44
0,MatMulV2,"[[1,1024],[1024,4096]]",vllm/worker/model_runner.py:1234,6.5,9.8,131.37,135.37,0.18,0.44
0,FusedInferAttentionScore,"[[1,1024],[1024,4096]]",vllm/worker/model_runner.py:1234,6.5,9.8,76.993,80.993,0.18,0.44
0,RmsNorm,"[[1,1024],[1024,4096]]",vllm/worker/model_runner.py:1234,6.5,9.8,23.516,27.516,0.18,0.44
0,AllReduce,"[[1,1024],[1024,4096]]",vllm/worker/model_runner.py:1234,6.5,9.8,31.798,35.798,0.18,0.44
0,MatMulV2,"[[1,1024],[1024,4096]]",vllm/worker/model_runner.py:1234,6.5,9.8,108.351,112.351,0.18,0.44
0,FusedInferAttentionScore,"[[1,1024],[1024,4096]]",vllm/worker/model_runner.py:1234,6.5,9.8,65.79,69.79,0.18,0.44
0,RmsNorm,"[[1,1024],[1024,4096]]",vllm/worker/model_runner.py:1234,6.5,9.8,19.608,23.608,0.18,0.44
0,AllReduce,"[[1,1024],[1024,4096]]",vllm/worker/model_runner.py:1234,6.5,9.8,35.241,39.241,0.18,0.44
0,MatMulV2,"[[1,1024],[1024,4096]]",vllm/worker/model_runner.py:1234,6.5,9.8,118.186,122.186,0.18,0.44
0,FusedInferAttentionScore,"[[1,1024],[1024,4096]]",vllm/worker/model_runner.py:1234,6.5,9.8,76.923,80.923,0.18,0.44
0,RmsNorm,"[[1,1024],[1024,4096]]",vllm/worker/model_runner.py:1234,6.5,9.8,19.266,23.266,0.18,0.44
0,AllReduce,"[[1,1024],[1024,4096]]",vllm/worker/model_runner.py:1234,6.5,9.8,32.756,36.756,0.18,0.44
0,MatMulV2,"[[1,1024],[1024,4096]]",vllm/worker/model_runner.py:1234,6.5,9.8,123.844,127.844,0.18,0.44
0,FusedInferAttentionScore,"[[1,1024],[1024,4096]]",vllm/worker/model_runner.py:1234,6.5,9.8,64.218,68.218,0.18,0.44
0,RmsNorm,"[[1,1024],[1024,4096]]",vllm/worker/model_runner.py:1234,6.5,9.8,25.609,29.609,0.18,0.44
0,AllReduce,"[[1,1024],[1024,4096]]",vllm/worker/model_runner.py:1234,6.5,9.8,37.215,41.215,0.18,0.44
0,MatMulV2,"[[1,1024],[1024,4096]]",vllm/worker/model_runner.py:1234,6.5,9.8,128.368,132.368,0.18,0.44
0,FusedInferAttentionScore,"[[1,1024],[1024,4096]]",vllm/worker/model_runner.py:1234,6.5,9.8,69.256,73.256,0.18,0.44
0,RmsNorm,"[[1,1024],[1024,4096]]",vllm/worker/model_runner.py:1234,6.5,9.8,20.382,24.382,0.18,0.44
0,AllReduce,"[[1,1024],[1024,4096]]",vllm/worker/model_runner.py:1234,6.5,9.8,32.857,36.857,0.18,0.44
0,MatMulV2,"[[1,1024],[1024,4096]]",vllm/worker/model_runner.py:1234,6.5,9.8,129.594,133.594,0.18,0.44
0,FusedInferAttentionScore,"[[1,1024],[1024,4096]]",vllm/worker/model_runner.py:1234,6.5,9.8,63.019,67.019,0.18,0.44
0,RmsNorm,"[[1,1024],[1024,4096]]",vllm/worker/model_runner.py:1234,6.5,9.8,19.647,23.647,0.18,0.44
0,AllReduce,"[[1,1024],[1024,4096]]",vllm/worker/model_runner.py:1234,6.5,9.8,32.29,36.29,0.18,0.44
0,MatMulV2,"[[1,1024],[1024,4096]]",vllm/worker/model_runner.py:1234,6.5,9.8,109.85,113.85,0.18,0.44
0,FusedInferAttentionScore,"[[1,1024],[1024,4096]]",vllm/worker/model_runner.py:1234,6.5,9.8,73.893,77.893,0.18,0.44
0,RmsNorm,"[[1,1024],[1024,4096]]",vllm/worker/model_runner.py:1234,6.5,9.8,27.745,31.745,0.18,0.44
0,AllReduce,"[[1,1024],[1024,4096]]",vllm/worker/model_runner.py:1234,6.5,9.8,36.555,40.555,0.18,0.44
0,MatMulV2,"[[1,1024],[1024,4096]]",vllm/worker/model_runner.py:1234,6.5,9.8,125.54,129.54000000000002,0.18,0.44
0,FusedInferAttentionScore,"[[1,1024],[1024,4096]]",vllm/worker/model_runner.py:1234,6.5,9.8,72.001,76.001,0.18,0.44
0,RmsNorm,"[[1,1024],[1024,4096]]",vllm/worker/model_runner.py:1234,6.5,9.8,22.283,26.283,0.18,0.44
0,AllReduce,"[[1,1024],[1024,4096]]",vllm/worker/model_runner.py:1234,6.5,9.8,32.633,36.633,0.18,0.44
0,MatMulV2,"[[1,1024],[1024,4096]]",vllm/worker/model_runner.py:1234,6.5,9.8,111.448,115.448,0.18,0.44
0,FusedInferAttentionScore,"[[1,1024],[1024,4096]]",vllm/worker/model_runner.py:1234,6.5,9.8,63.323,67.32300000000001,0.18,0.44
0,RmsNorm,"[[1,1024],[1024,4096]]",vllm/worker/model_runner.py:1234,6.5,9.8,28.485,32.485,0.18,0.44
0,AllReduce,"[[1,1024],[1024,4096]]",vllm/worker/model_runner.py:1234,6.5,9.8,35.334,39.334,0.18,0.44
0,MatMulV2,"[[1,1024],[1024,4096]]",vllm/worker/model_runner.py:1234,6.5,9.8,124.683,128.683,0.18,0.44
0,FusedInferAttentionScore,"[[1,1024],[1024,4096]]",vllm/worker/model_runner.py:1234,6.5,9.8,66.589,70.589,0.18,0.44
0,RmsNorm,"[[1,1024],[1024,4096]]",vllm/worker/model_runner.py:1234,6.5,9.8,26.873,30.873,0.18,0.44
0,AllReduce,"[[1,1024],[1024,4096]]",vllm/worker/model_runner.py:1234,6.5,9.8,32.554,36.554,0.18,0.44
0,MatMulV2,"[[1,1024],[1024,4096]]",vllm/worker/model_runner.py:1234,6.5,9.8,127.095,131.095,0.18,0.44
0,FusedInferAttentionScore,"[[1,1024],[1024,4096]]",vllm/worker/model_runner.py:1234,6.5,9.8,69.398,73.398,0.18,0.44
0,RmsNorm,"[[1,1024],[1024,4096]]",vllm/worker/model_runner.py:1234,6.5,9.8,26.217,30.217,0.18,0.44
0,AllReduce,"[[1,1024],[1024,4096]]",vllm/worker/model_runner.py:1234,6.5,9.8,34.601,38.601,0.18,0.44
0,MatMulV2,"[[1,1024],[1024,4096]]",vllm/worker/model_runner.py:1234,6.5,9.8,115.073,119.073,0.18,0.44
0,FusedInferAttentionScore,"[[1,1024],[1024,4096]]",vllm/worker/model_runner.py:1234,6.5,9.8,63.539,67.539,0.18,0.44
0,RmsNorm,"[[1,1024],[1024,4096]]",vllm/worker/model_runner.py:1234,6.5,9.8,21.706,25.706,0.18,0.44
0,AllReduce,"[[1,1024],[1024,4096]]",vllm/worker/model_runner.py:1234,6.5,9.8,35.622,39.622,0.18,0.44
0,MatMulV2,"[[1,1024],[1024,4096]]",vllm/worker/model_runner.py:1234,6.5,9.8,115.575,119.575,0.18,0.44
0,FusedInferAttentionScore,"[[1,1024],[1024,4096]]",vllm/worker/model_runner.py:1234,6.5,9.8,66.986,70.986,0.18,0.44
0,RmsNorm,"[[1,1024],[1024,4096]]",vllm/worker/model_runner.py:1234,6.5,9.8,21.491,25.491,0.18,0.44
0,AllReduce,"[[1,1024],[1024,4096]]",vllm/worker/model_runner.py:1234,6.5,9.8,36.804,40.804,0.18,0.44
0,MatMulV2,"[[1,1024],[1024,4096]]",vllm/worker/model_runner.py:1234,6.5,9.8,125.286,129.286,0.18,0.44
0,FusedInferAttentionScore,"[[1,1024],[1024,4096]]",vllm/worker/model_runner.py:1234,6.5,9.8,71.526,75.526,0.18,0.44
0,RmsNorm,"[[1,1024],[1024,4096]]",vllm/worker/model_runner.py:1234,6.5,9.8,19.952,23.952,0.18,0.44
0,AllReduce,"[[1,1024],[1024,4096]]",vllm/worker/model_runner.py:1234,6.5,9.8,31.188,35.188,0.18,0.44
0,MatMulV2,"[[1,1024],[1024,4096]]",vllm/worker/model_runner.py:1234,6.5,9.8,109.702,113.702,0.18,0.44
0,FusedInferAttentionScore,"[[1,1024],[1024,4096]]",vllm/worker/model_runner.py:1234,6.5,9.8,74.448,78.448,0.18,0.44
0,RmsNorm,"[[1,1024],[1024,4096]]",vllm/worker/model_runner.py:1234,6.5,9.8,25.007,29.007,0.18,0.44
0,AllReduce,"[[1,1024],[1024,4096]]",vllm/worker/model_runner.py:1234,6.5,9.8,30.693,34.693,0.18,0.44
0,aclrtMemcpyAsync_D2H,"[[1,1024],[1024,4096]]",vllm/worker/model_runner.py:1234,6.5,9.8,260,264,0.18,0.44
0,MatMulV2,"[[1,1024],[1024,4096]]",vllm/worker/model_runner.py:1234,6.5,9.8,120.113,124.113,0.18,0.44
0,FusedInferAttentionScore,"[[1,1024],[1024,4096]]",vllm/worker/model_runner.py:1234,6.5,9.8,68.23,72.23,0.18,0.44
0,RmsNorm,"[[1,1024],[1024,4096]]",vllm/worker/model_runner.py:1234,6.5,9.8,25.885,29.885,0.18,0.44
0,AllReduce,"[[1,1024],[1024,4096]]",vllm/worker/model_runner.py:1234,6.5,9.8,31.345,35.345,0.18,0.44
0,MatMulV2,"[[1,1024],[1024,4096]]",vllm/worker/model_runner.py:1234,6.5,9.8,110.372,114.372,0.18,0.44
0,FusedInferAttentionScore,"[[1,1024],[1024,4096]]",vllm/worker/model_runner.py:1234,6.5,9.8,64.714,68.714,0.18,0.44
0,RmsNorm,"[[1,1024],[1024,4096]]",vllm/worker/model_runner.py:1234,6.5,9.8,22.109,26.109,0.18,0.44
0,AllReduce,"[[1,1024],[1024,4096]]",vllm/worker/model_runner.py:1234,6.5,9.8,35.806,39.806,0.18,0.44
0,MatMulV2,"[[1,1024],[1024,4096]]",vllm/worker/model_runner.py:1234,6.5,9.8,112.484,116.484,0.18,0.44
0,FusedInferAttentionScore,"[[1,1024],[1024,4096]]",vllm/worker/model_runner.py:1234,6.5,9.8,64.632,68.632,0.18,0.44
0,RmsNorm,"[[1,1024],[1024,4096]]",vllm/worker/model_runner.py:1234,6.5,9.8,23.793,27.793,0.18,0.44
0,AllReduce,"[[1,1024],[1024,4096]]",vllm/worker/model_runner.py:1234,6.5,9.8,32.903,36.903,0.18,0.44
0,MatMulV2,"[[1,1024],[1024,4096]]",vllm/worker/model_runner.py:1234,6.5,9.8,121.427,125.427,0.18,0.44
0,FusedInferAttentionScore,"[[1,1024],[1024,4096]]",vllm/worker/model_runner.py:1234,6.5,9.8,75.439,79.439,0.18,0.44
0,RmsNorm,"[[1,1024],[1024,4096]]",vllm/worker/model_runner.py:1234,6.5,9.8,24.006,28.006,0.18,0.44
0,AllReduce,"[[1,1024],[1024,4096]]",vllm/worker/model_runner.py:1234,6.5,9.8,36.546,40.546,0.18,0.44
0,MatMulV2,"[[1,1024],[1024,4096]]",vllm/worker/model_runner.py:1234,6.5,9.8,131.749,135.749,0.18,0.44
0,FusedInferAttentionScore,"[[1,1024],[1024,4096]]",vllm/worker/model_runner.py:1234,6.5,9.8,64.668,68.668,0.18,0.44
0,RmsNorm,"[[1,1024],[1024,4096]]",vllm/worker/model_runner.py:1234,6.5,9.8,24.271,28.271,0.18,0.44
0,AllReduce,"[[1,1024],[1024,4096]]",vllm/worker/model_runner.py:1234,6.5,9.8,32.186,36.186,0.18,0.44
0,MatMulV2,"[[1,1024],[1024,4096]]",vllm/worker/model_runner.py:1234,6.5,9.8,122.065,126.065,0.18,0.44
0,FusedInferAttentionScore,"[[1,1024],[1024,4096]]",vllm/worker/model_runner.py:1234,6.5,9.8,71.183,75.183,0.18,0.44
0,RmsNorm,"[[1,1024],[1024,4096]]",vllm/worker/model_runner.py:1234,6.5,9.8,22.802,26.802,0.18,0.44
0,AllReduce,"[[1,1024],[1024,4096]]",vllm/worker/model_runner.py:1234,6.5,9.8,32.311,36.311,0.18,0.44
0,MatMulV2,"[[1,1024],[1024,4096]]",vllm/worker/model_runner.py:1234,6.5,9.8,110.832,114.832,0.18,0.44
0,FusedInferAttentionScore,"[[1,1024],[1024,4096]]",vllm/worker/model_runner.py:1234,6.5,9.8,65.919,69.919,0.18,0.44
0,RmsNorm,"[[1,1024],[1024,4096]]",vllm/worker/model_runner.py:1234,6.5,9.8,20.821,24.821,0.18,0.44
0,AllReduce,"[[1,1024],[1024,4096]]",vllm/worker/model_runner.py:1234,6.5,9.8,36.677,40.677,0.18,0.44
0,MatMulV2,"[[1,1024],[1024,4096]]",vllm/worker/model_runner.py:1234,6.5,9.8,124.764,128.764,0.18,0.44
0,FusedInferAttentionScore,"[[1,1024],[1024,4096]]",vllm/worker/model_runner.py:1234,6.5,9.8,67.213,71.213,0.18,0.44
0,RmsNorm,"[[1,1024],[1024,4096]]",vllm/worker/model_runner.py:1234,6.5,9.8,27.912,31.912,0.18,0.44
0,AllReduce,"[[1,1024],[1024,4096]]",vllm/worker/model_runner.py:1234,6.5,9.8,34.644,38.644,0.18,0.44
0,MatMulV2,"[[1,1024],[1024,4096]]",vllm/worker/model_runner.py:1234,6.5,9.8,119.278,123.278,0.18,0.44
0,FusedInferAttentionScore,"[[1,1024],[1024,4096]]",vllm/worker/model_runner.py:1234,6.5,9.8,67.304,71.304,0.18,0.44
0,RmsNorm,"[[1,1024],[1024,4096]]",vllm/worker/model_runner.py:1234,6.5,9.8,20.963,24.963,0.18,0.44
0,AllReduce,"[[1,1024],[1024,4096]]",vllm/worker/model_runner.py:1234,6.5,9.8,32.302,36.302,0.18,0.44
0,MatMulV2,"[[1,1024],[1024,4096]]",vllm/worker/model_runner.py:1234,6.5,9.8,112.333,116.333,0.18,0.44
0,FusedInferAttentionScore,"[[1,1024],[1024,4096]]",vllm/worker/model_runner.py:1234,6.5,9.8,72.111,76.111,0.18,0.44
0,RmsNorm,"[[1,1024],[1024,4096]]",vllm/worker/model_runner.py:1234,6.5,9.8,24.833,28.833,0.18,0.44
0,AllReduce,"[[1,1024],[1024,4096]]",vllm/worker/model_runner.py:1234,6.5,9.8,34.367,38.367,0.18,0.44
0,MatMulV2,"[[1,1024],[1024,4096]]",vllm/worker/model_runner.py:1234,6.5,9.8,127.047,131.047,0.18,0.44
0,FusedInferAttentionScore,"[[1,1024],[1024,4096]]",vllm/worker/model_runner.py:1234,6.5,9.8,69.871,73.871,0.18,0.44
0,RmsNorm,"[[1,1024],[1024,4096]]",vllm/worker/model_runner.py:1234,6.5,9.8,24.51,28.51,0.18,0.44
0,AllReduce,"[[1,1024],[1024,4096]]",vllm/worker/model_runner.py:1234,6.5,9.8,34.929,38.929,0.18,0.44
0,MatMulV2,"[[1,1024],[1024,4096]]",vllm/worker/model_runner.py:1234,6.5,9.8,120.458,124.458,0.18,0.44
0,FusedInferAttentionScore,"[[1,1024],[1024,4096]]",vllm/worker/model_runner.py:1234,6.5,9.8,69.746,73.746,0.18,0.44
0,RmsNorm,"[[1,1024],[1024,4096]]",vllm/worker/model_runner.py:1234,6.5,9.8,25.707,29.707,0.18,0.44
0,AllReduce,"[[1,1024],[1024,4096]]",vllm/worker/model_runner.py:1234,6.5,9.8,32.032,36.032,0.18,0.44
0,MatMulV2,"[[1,1024],[1024,4096]]",vllm/worker/model_runner.py:1234,6.5,9.8,129.811,133.811,0.18,0.44
0,FusedInferAttentionScore,"[[1,1024],[1024,4096]]",vllm/worker/model_runner.py:1234,6.5,9.8,74.967,78.967,0.18,0.44
0,RmsNorm,"[[1,1024],[1024,4096]]",vllm/worker/model_runner.py:1234,6.5,9.8,26.431,30.431,0.18,0.44
0,AllReduce,"[[1,1024],[1024,4096]]",vllm/worker/model_runner.py:1234,6.5,9.8,35.176,39.176,0.18,0.44
0,MatMulV2,"[[1,1024],[1024,4096]]",vllm/worker/model_runner.py:1234,6.5,9.8,129.746,133.746,0.18,0.44
0,FusedInferAttentionScore,"[[1,1024],[1024,4096]]",vllm/worker/model_runner.py:1234,6.5,9.8,68.639,72.639,0.18,0.44
0,RmsNorm,"[[1,1024],[1024,4096]]",vllm/worker/model_runner.py:1234,6.5,9.8,19.697,23.697,0.18,0.44
0,AllReduce,"[[1,1024],[1024,4096]]",vllm/worker/model_runner.py:1234,6.5,9.8,36.501,40.501,0.18,0.44
0,MatMulV2,"[[1,1024],[1024,4096]]",vllm/worker/model_runner.py:1234,6.5,9.8,131.751,135.751,0.18,0.44
0,FusedInferAttentionScore,"[[1,1024],[1024,4096]]",vllm/worker/model_runner.py:1234,6.5,9.8,65.779,69.779,0.18,0.44
0,RmsNorm,"[[1,1024],[1024,4096]]",vllm/worker/model_runner.py:1234,6.5,9.8,25.122,29.122,0.18,0.44
0,AllReduce,"[[1,1024],[1024,4096]]",vllm/worker/model_runner.py:1234,6.5,9.8,33.76,37.76,0.18,0.44
0,MatMulV2,"[[1,1024],[1024,4096]]",vllm/worker/model_runner.py:1234,6.5,9.8,127.276,131.276,0.18,0.44
0,FusedInferAttentionScore,"[[1,1024],[1024,4096]]",vllm/worker/model_runner.py:1234,6.5,9.8,64.688,68.688,0.18,0.44
0,RmsNorm,"[[1,1024],[1024,4096]]",vllm/worker/model_runner.py:1234,6.5,9.8,24.751,28.751,0.18,0.44
0,AllReduce,"[[1,1024],[1024,4096]]",vllm/worker/model_runner.py:1234,6.5,9.8,31.647,35.647,0.18,0.44
0,MatMulV2,"[[1,1024],[1024,4096]]",vllm/worker/model_runner.py:1234,6.5,9.8,129.856,133.856,0.18,0.44
0,FusedInferAttentionScore,"[[1,1024],[1024,4096]]",vllm/worker/model_runner.py:1234,6.5,9.8,70.254,74.254,0.18,0.44
0,RmsNorm,"[[1,1024],[1024,4096]]",vllm/worker/model_runner.py:1234,6.5,9.8,26.476,30.476,0.18,0.44
0,AllReduce,"[[1,1024],[1024,4096]]",vllm/worker/model_runner.py:1234,6.5,9.8,31.36,35.36,0.18,0.44
0,MatMulV2,"[[1,1024],[1024,4096]]",vllm/worker/model_runner.py:1234,6.5,9.8,121.644,125.644,0.18,0.44
0,FusedInferAttentionScore,"[[1,1024],[1024,4096]]",vllm/worker/model_runner.py:1234,6.5,9.8,71.274,75.274,0.18,0.44
0,RmsNorm,"[[1,1024],[1024,4096]]",vllm/worker/model_runner.py:1234,6.5,9.8,19.975,23.975,0.18,0.44
0,AllReduce,"[[1,1024],[1024,4096]]",vllm/worker/model_runner.py:1234,6.5,9.8,33.589,37.589,0.18,0.44
0,MatMulV2,"[[1,1024],[1024,4096]]",vllm/worker/model_runner.py:1234,6.5,9.8,123.715,127.715,0.18,0.44
0,FusedInferAttentionScore,"[[1,1024],[1024,4096]]",vllm/worker/model_runner.py:1234,6.5,9.8,67.392,71.392,0.18,0.44
0,RmsNorm,"[[1,1024],[1024,4096]]",vllm/worker/model_runner.py:1234,6.5,9.8,24.55,28.55,0.18,0.44
0,AllReduce,"[[1,1024],[1024,4096]]",vllm/worker/model_runner.py:1234,6.5,9.8,34.206,38.206,0.18,0.44
0,MatMulV2,"[[1,1024],[1024,4096]]",vllm/worker/model_runner.py:1234,6.5,9.8,111.51,115.51,0.18,0.44
0,FusedInferAttentionScore,"[[1,1024],[1024,4096]]",vllm/worker/model_runner.py:1234,6.5,9.8,76.744,80.744,0.18,0.44
0,RmsNorm,"[[1,1024],[1024,4096]]",vllm/worker/model_runner.py:1234,6.5,9.8,27.394,31.394,0.18,0.44
0,AllReduce,"[[1,1024],[1024,4096]]",vllm/worker/model_runner.py:1234,6.5,9.8,34.439,38.439,0.18,0.44
0,MatMulV2,"[[1,1024],[1024,4096]]",vllm/worker/model_runner.py:1234,6.5,9.8,126.819,130.81900000000002,0.18,0.44
0,FusedInferAttentionScore,"[[1,1024],[1024,4096]]",vllm/worker/model_runner.py:1234,6.5,9.8,72.911,76.911,0.18,0.44
0,RmsNorm,"[[1,1024],[1024,4096]]",vllm/worker/model_runner.py:1234,6.5,9.8,26.036,30.036,0.18,0.44
0,AllReduce,"[[1,1024],[1024,4096]]",vllm/worker/model_runner.py:1234,6.5,9.8,34.602,38.602,0.18,0.44
0,MatMulV2,"[[1,1024],[1024,4096]]",vllm/worker/model_runner.py:1234,6.5,9.8,127.644,131.644,0.18,0.44
0,FusedInferAttentionScore,"[[1,1024],[1024,4096]]",vllm/worker/model_runner.py:1234,6.5,9.8,69.263,73.263,0.18,0.44
0,RmsNorm,"[[1,1024],[1024,4096]]",vllm/worker/model_runner.py:1234,6.5,9.8,26.33,30.33,0.18,0.44
0,AllReduce,"[[1,1024],[1024,4096]]",vllm/worker/model_runner.py:1234,6.5,9.8,36.585,40.585,0.18,0.44
0,MatMulV2,"[[1,1024],[1024,4096]]",vllm/worker/model_runner.py:1234,6.5,9.8,131.355,135.355,0.18,0.44
0,FusedInferAttentionScore,"[[1,1024],[1024,4096]]",vllm/worker/model_runner.py:1234,6.5,9.8,68.294,72.294,0.18,0.44
0,RmsNorm,"[[1,1024],[1024,4096]]",vllm/worker/model_runner.py:1234,6.5,9.8,22.525,26.525,0.18,0.44
0,AllReduce,"[[1,1024],[1024,4096]]",vllm/worker/model_runner.py:1234,6.5,9.8,34.36,38.36,0.18,0.44
0,MatMulV2,"[[1,1024],[1024,4096]]",vllm/worker/model_runner.py:1234,6.5,9.8,108.475,112.475,0.18,0.44
0,FusedInferAttentionScore,"[[1,1024],[1024,4096]]",vllm/worker/model_runner.py:1234,6.5,9.8,73.046,77.046,0.18,0.44
0,RmsNorm,"[[1,1024],[1024,4096]]",vllm/worker/model_runner.py:1234,6.5,9.8,26.766,30.766,0.18,0.44
0,AllReduce,"[[1,1024],[1024,4096]]",vllm/worker/model_runner.py:1234,6.5,9.8,34.696,38.696,0.18,0.44
0,MatMulV2,"[[1,1024],[1024,4096]]",vllm/worker/model_runner.py:1234,6.5,9.8,122.505,126.505,0.18,0.44
0,FusedInferAttentionScore,"[[1,1024],[1024,4096]]",vllm/worker/model_runner.py:1234,6.5,9.8,67.204,71.204,0.18,0.44
0,RmsNorm,"[[1,1024],[1024,4096]]",vllm/worker/model_runner.py:1234,6.5,9.8,25.783,29.783,0.18,0.44
0,AllReduce,"[[1,1024],[1024,4096]]",vllm/worker/model_runner.py:1234,6.5,9.8,36.372,40.372,0.18,0.44
0,MatMulV2,"[[1,1024],[1024,4096]]",vllm/worker/model_runner.py:1234,6.5,9.8,113.135,117.135,0.18,0.44
0,FusedInferAttentionScore,"[[1,1024],[1024,4096]]",vllm/worker/model_runner.py:1234,6.5,9.8,69.966,73.966,0.18,0.44
0,RmsNorm,"[[1,1024],[1024,4096]]",vllm/worker/model_runner.py:1234,6.5,9.8,23.314,27.314,0.18,0.44
0,AllReduce,"[[1,1024],[1024,4096]]",vllm/worker/model_runner.py:1234,6.5,9.8,33.847,37.847,0.18,0.44
0,MatMulV2,"[[1,1024],[1024,4096]]",vllm/worker/model_runner.py:1234,6.5,9.8,118.239,122.239,0.18,0.44
0,FusedInferAttentionScore,"[[1,1024],[1024,4096]]",vllm/worker/model_runner.py:1234,6.5,9.8,67.278,71.278,0.18,0.44
0,RmsNorm,"[[1,1024],[1024,4096]]",vllm/worker/model_runner.py:1234,6.5,9.8,22.011,26.011,0.18,0.44
0,AllReduce,"[[1,1024],[1024,4096]]",vllm/worker/model_runner.py:1234,6.5,9.8,31.497,35.497,0.18,0.44
0,MatMulV2,"[[1,1024],[1024,4096]]",vllm/worker/model_runner.py:1234,6.5,9.8,128.009,132.009,0.18,0.44
0,FusedInferAttentionScore,"[[1,1024],[1024,4096]]",vllm/worker/model_runner.py:1234,6.5,9.8,72.529,76.529,0.18,0.44
0,RmsNorm,"[[1,1024],[1024,4096]]",vllm/worker/model_runner.py:1234,6.5,9.8,21.784,25.784,0.18,0.44
0,AllReduce,"[[1,1024],[1024,4096]]",vllm/worker/model_runner.py:1234,6.5,9.8,35.774,39.774,0.18,0.44
0,MatMulV2,"[[1,1024],[1024,4096]]",vllm/worker/model_runner.py:1234,6.5,9.8,114.618,118.618,0.18,0.44
0,FusedInferAttentionScore,"[[1,1024],[1024,4096]]",vllm/worker/model_runner.py:1234,6.5,9.8,69.295,73.295,0.18,0.44
0,RmsNorm,"[[1,1024],[1024,4096]]",vllm/worker/model_runner.py:1234,6.5,9.8,27.522,31.522,0.18,0.44
0,AllReduce,"[[1,1024],[1024,4096]]",vllm/worker/model_runner.py:1234,6.5,9.8,35.183,39.183,0.18,0.44
0,MatMulV2,"[[1,1024],[1024,4096]]",vllm/worker/model_runner.py:1234,6.5,9.8,114.779,118.779,0.18,0.44
0,FusedInferAttentionScore,"[[1,1024],[1024,4096]]",vllm/worker/model_runner.py:1234,6.5,9.8,68.235,72.235,0.18,0.44
0,RmsNorm,"[[1,1024],[1024,4096]]",vllm/worker/model_runner.py:1234,6.5,9.8,23.157,27.157,0.18,0.44
0,AllReduce,"[[1,1024],[1024,4096]]",vllm/worker/model_runner.py:1234,6.5,9.8,34.056,38.056,0.18,0.44
0,MatMulV2,"[[1,1024],[1024,4096]]",vllm/worker/model_runner.py:1234,6.5,9.8,128.583,132.583,0.18,0.44
0,FusedInferAttentionScore,"[[1,1024],[1024,4096]]",vllm/worker/model_runner.py:1234,6.5,9.8,65.721,69.721,0.18,0.44
0,RmsNorm,"[[1,1024],[1024,4096]]",vllm/worker/model_runner.py:1234,6.5,9.8,25.005,29.005,0.18,0.44
0,AllReduce,"[[1,1024],[1024,4096]]",vllm/worker/model_runner.py:1234,6.5,9.8,31.003,35.003,0.18,0.44
0,MatMulV2,"[[1,1024],[1024,4096]]",vllm/worker/model_runner.py:1234,6.5,9.8,113.158,117.158,0.18,0.44
0,FusedInferAttentionScore,"[[1,1024],[1024,4096]]",vllm/worker/model_runner.py:1234,6.5,9.8,75.912,79.912,0.18,0.44
0,RmsNorm,"[[1,1024],[1024,4096]]",vllm/worker/model_runner.py:1234,6.5,9.8,27.397,31.397,0.18,0.44
0,AllReduce,"[[1,1024],[1024,4096]]",vllm/worker/model_runner.py:1234,6.5,9.8,33.58,37.58,0.18,0.44
0,aclrtMemcpyAsync_D2H,"[[1,1024],[1024,4096]]",vllm/worker/model_runner.py:1234,6.5,9.8,260,264,0.18,0.44
0,MatMulV2,"[[1,1024],[1024,4096]]",vllm/worker/model_runner.py:1234,6.5,9.8,109.424,113.424,0.18,0.44
0,FusedInferAttentionScore,"[[1,1024],[1024,4096]]",vllm/worker/model_runner.py:1234,6.5,9.8,73.322,77.322,0.18,0.44
0,RmsNorm,"[[1,1024],[1024,4096]]",vllm/worker/model_runner.py:1234,6.5,9.8,26.135,30.135,0.18,0.44
0,AllReduce,"[[1,1024],[1024,4096]]",vllm/worker/model_runner.py:1234,6.5,9.8,31.601,35.601,0.18,0.44
0,MatMulV2,"[[1,1024],[1024,4096]]",vllm/worker/model_runner.py:1234,6.5,9.8,116.512,120.512,0.18,0.44
0,FusedInferAttentionScore,"[[1,1024],[1024,4096]]",vllm/worker/model_runner.py:1234,6.5,9.8,76.375,80.375,0.18,0.44
0,RmsNorm,"[[1,1024],[1024,4096]]",vllm/worker/model_runner.py:1234,6.5,9.8,22.589,26.589,0.18,0.44
0,AllReduce,"[[1,1024],[1024,4096]]",vllm/worker/model_runner.py:1234,6.5,9.8,36.778,40.778,0.18,0.44
0,MatMulV2,"[[1,1024],[1024,4096]]",vllm/worker/model_runner.py:1234,6.5,9.8,126.048,130.048,0.18,0.44
0,FusedInferAttentionScore,"[[1,1024],[1024,4096]]",vllm/worker/model_runner.py:1234,6.5,9.8,73.227,77.227,0.18,0.44
0,RmsNorm,"[[1,1024],[1024,4096]]",vllm/worker/model_runner.py:1234,6.5,9.8,19.546,23.546,0.18,0.44
0,AllReduce,"[[1,1024],[1024,4096]]",vllm/worker/model_runner.py:1234,6.5,9.8,32.542,36.542,0.18,0.44
0,MatMulV2,"[[1,1024],[1024,4096]]",vllm/worker/model_runner.py:1234,6.5,9.8,122.886,126.886,0.18,0.44
0,FusedInferAttentionScore,"[[1,1024],[1024,4096]]",vllm/worker/model_runner.py:1234,6.5,9.8,76.797,80.797,0.18,0.44
0,RmsNorm,"[[1,1024],[1024,4096]]",vllm/worker/model_runner.py:1234,6.5,9.8,26.054,30.054,0.18,0.44
0,AllReduce,"[[1,1024],[1024,4096]]",vllm/worker/model_runner.py:1234,6.5,9.8,36.875,40.875,0.18,0.44
0,MatMulV2,"[[1,1024],[1024,4096]]",vllm/worker/model_runner.py:1234,6.5,9.8,114.546,118.546,0.18,0.44
0,FusedInferAttentionScore,"[[1,1024],[1024,4096]]",vllm/worker/model_runner.py:1234,6.5,9.8,71.02,75.02,0.18,0.44
0,RmsNorm,"[[1,1024],[1024,4096]]",vllm/worker/model_runner.py:1234,6.5,9.8,28.093,32.093,0.18,0.44
0,AllReduce,"[[1,1024],[1024,4096]]",vllm/worker/model_runner.py:1234,6.5,9.8,36.083,40.083,0.18,0.44
0,MatMulV2,"[[1,1024],[1024,4096]]",vllm/worker/model_runner.py:1234,6.5,9.8,131.134,135.134,0.18,0.44
0,FusedInferAttentionScore,"[[1,1024],[1024,4096]]",vllm/worker/model_runner.py:1234,6.5,9.8,76.354,80.354,0.18,0.44
0,RmsNorm,"[[1,1024],[1024,4096]]",vllm/worker/model_runner.py:1234,6.5,9.8,28.528,32.528,0.18,0.44
0,AllReduce,"[[1,1024],[1024,4096]]",vllm/worker/model_runner.py:1234,6.5,9.8,36.262,40.262,0.18,0.44
0,MatMulV2,"[[1,1024],[1024,4096]]",vllm/worker/model_runner.py:1234,6.5,9.8,116.639,120.639,0.18,0.44
0,FusedInferAttentionScore,"[[1,1024],[1024,4096]]",vllm/worker/model_runner.py:1234,6.5,9.8,70.468,74.468,0.18,0.44
0,RmsNorm,"[[1,1024],[1024,4096]]",vllm/worker/model_runner.py:1234,6.5,9.8,20.282,24.282,0.18,0.44
0,AllReduce,"[[1,1024],[1024,4096]]",vllm/worker/model_runner.py:1234,6.5,9.8,33.638,37.638,0.18,0.44
0,MatMulV2,"[[1,1024],[1024,4096]]",vllm/worker/model_runner.py:1234,6.5,9.8,118.463,122.463,0.18,0.44
0,FusedInferAttentionScore,"[[1,1024],[1024,4096]]",vllm/worker/model_runner.py:1234,6.5,9.8,63.614,67.614,0.18,0.44
0,RmsNorm,"[[1,1024],[1024,4096]]",vllm/worker/model_runner.py:1234,6.5,9.8,27.879,31.879,0.18,0.44
0,AllReduce,"[[1,1024],[1024,4096]]",vllm/worker/model_runner.py:1234,6.5,9.8,33.099,37.099,0.18,0.44
0,MatMulV2,"[[1,1024],[1024,4096]]",vllm/worker/model_runner.py:1234,6.5,9.8,108.077,112.077,0.18,0.44
0,FusedInferAttentionScore,"[[1,1024],[1024,4096]]",vllm/worker/model_runner.py:1234,6.5,9.8,71.632,75.632,0.18,0.44
0,RmsNorm,"[[1,1024],[1024,4096]]",vllm/worker/model_runner.py:1234,6.5,9.8,28.504,32.504000000000005,0.18,0.44
0,AllReduce,"[[1,1024],[1024,4096]]",vllm/worker/model_runner.py:1234,6.5,9.8,35.132,39.132,0.18,0.44
0,MatMulV2,"[[1,1024],[1024,4096]]",vllm/worker/model_runner.py:1234,6.5,9.8,115.664,119.664,0.18,0.44
0,FusedInferAttentionScore,"[[1,1024],[1024,4096]]",vllm/worker/model_runner.py:1234,6.5,9.8,69.063,73.063,0.18,0.44
0,RmsNorm,"[[1,1024],[1024,4096]]",vllm/worker/model_runner.py:1234,6.5,9.8,26.95,30.95,0.18,0.44
0,AllReduce,"[[1,1024],[1024,4096]]",vllm/worker/model_runner.py:1234,6.5,9.8,35.455,39.455,0.18,0.44
0,MatMulV2,"[[1,1024],[1024,4096]]",vllm/worker/model_runner.py:1234,6.5,9.8,119.627,123.627,0.18,0.44
0,FusedInferAttentionScore,"[[1,1024],[1024,4096]]",vllm/worker/model_runner.py:1234,6.5,9.8,64.338,68.338,0.18,0.44
0,RmsNorm,"[[1,1024],[1024,4096]]",vllm/worker/model_runner.py:1234,6.5,9.8,23.57,27.57,0.18,0.44
0,AllReduce,"[[1,1024],[1024,4096]]",vllm/worker/model_runner.py:1234,6.5,9.8,35.76,39.76,0.18,0.44
0,MatMulV2,"[[1,1024],[1024,4096]]",vllm/worker/model_runner.py:1234,6.5,9.8,121.847,125.847,0.18,0.44
0,FusedInferAttentionScore,"[[1,1024],[1024,4096]]",vllm/worker/model_runner.py:1234,6.5,9.8,64.51,68.51,0.18,0.44
0,RmsNorm,"[[1,1024],[1024,4096]]",vllm/worker/model_runner.py:1234,6.5,9.8,20.008,24.008,0.18,0.44
0,AllReduce,"[[1,1024],[1024,4096]]",vllm/worker/model_runner.py:1234,6.5,9.8,31.68,35.68,0.18,0.44
0,MatMulV2,"[[1,1024],[1024,4096]]",vllm/worker/model_runner.py:1234,6.5,9.8,125.552,129.55200000000002,0.18,0.44
0,FusedInferAttentionScore,"[[1,1024],[1024,4096]]",vllm/worker/model_runner.py:1234,6.5,9.8,64.508,68.508,0.18,0.44
0,RmsNorm,"[[1,1024],[1024,4096]]",vllm/worker/model_runner.py:1234,6.5,9.8,27.457,31.457,0.18,0.44
0,AllReduce,"[[1,1024],[1024,4096]]",vllm/worker/model_runner.py:1234,6.5,9.8,34.165,38.165,0.18,0.44
0,MatMulV2,"[[1,1024],[1024,4096]]",vllm/worker/model_runner.py:1234,6.5,9.8,122.678,126.678,0.18,0.44
0,FusedInferAttentionScore,"[[1,1024],[1024,4096]]",vllm/worker/model_runner.py:1234,6.5,9.8,73.361,77.361,0.18,0.44
0,RmsNorm,"[[1,1024],[1024,4096]]",vllm/worker/model_runner.py:1234,6.5,9.8,25.379,29.379,0.18,0.44
0,AllReduce,"[[1,1024],[1024,4096]]",vllm/worker/model_runner.py:1234,6.5,9.8,32.601,36.601,0.18,0.44
0,MatMulV2,"[[1,1024],[1024,4096]]",vllm/worker/model_runner.py:1234,6.5,9.8,131.602,135.602,0.18,0.44
0,FusedInferAttentionScore,"[[1,1024],[1024,4096]]",vllm/worker/model_runner.py:1234,6.5,9.8,67.383,71.383,0.18,0.44
0,RmsNorm,"[[1,1024],[1024,4096]]",vllm/worker/model_runner.py:1234,6.5,9.8,22.655,26.655,0.18,0.44
0,AllReduce,"[[1,1024],[1024,4096]]",vllm/worker/model_runner.py:1234,6.5,9.8,34.049,38.049,0.18,0.44
0,MatMulV2,"[[1,1024],[1024,4096]]",vllm/worker/model_runner.py:1234,6.5,9.8,116.111,120.111,0.18,0.44
0,FusedInferAttentionScore,"[[1,1024],[1024,4096]]",vllm/worker/model_runner.py:1234,6.5,9.8,71.772,75.772,0.18,0.44
0,RmsNorm,"[[1,1024],[1024,4096]]",vllm/worker/model_runner.py:1234,6.5,9.8,20.301,24.301,0.18,0.44
0,AllReduce,"[[1,1024],[1024,4096]]",vllm/worker/model_runner.py:1234,6.5,9.8,35.939,39.939,0.18,0.44
0,MatMulV2,"[[1,1024],[1024,4096]]",vllm/worker/model_runner.py:1234,6.5,9.8,126.494,130.494,0.18,0.44
0,FusedInferAttentionScore,"[[1,1024],[1024,4096]]",vllm/worker/model_runner.py:1234,6.5,9.8,71.605,75.605,0.18,0.44
0,RmsNorm,"[[1,1024],[1024,4096]]",vllm/worker/model_runner.py:1234,6.5,9.8,22.909,26.909,0.18,0.44
0,AllReduce,"[[1,1024],[1024,4096]]",vllm/worker/model_runner.py:1234,6.5,9.8,36.002,40.002,0.18,0.44
0,MatMulV2,"[[1,1024],[1024,4096]]",vllm/worker/model_runner.py:1234,6.5,9.8,121.622,125.622,0.18,0.44
0,FusedInferAttentionScore,"[[1,1024],[1024,4096]]",vllm/worker/model_runner.py:1234,6.5,9.8,72.68,76.68,0.18,0.44
0,RmsNorm,"[[1,1024],[1024,4096]]",vllm/worker/model_runner.py:1234,6.5,9.8,27.56,31.56,0.18,0.44
0,AllReduce,"[[1,1024],[1024,4096]]",vllm/worker/model_runner.py:1234,6.5,9.8,35.356,39.356,0.18,0.44
0,MatMulV2,"[[1,1024],[1024,4096]]",vllm/worker/model_runner.py:1234,6.5,9.8,112.898,116.898,0.18,0.44
0,FusedInferAttentionScore,"[[1,1024],[1024,4096]]",vllm/worker/model_runner.py:1234,6.5,9.8,76.191,80.191,0.18,0.44
0,RmsNorm,"[[1,1024],[1024,4096]]",vllm/worker/model_runner.py:1234,6.5,9.8,26.959,30.959,0.18,0.44
0,AllReduce,"[[1,1024],[1024,4096]]",vllm/worker/model_runner.py:1234,6.5,9.8,33.16,37.16,0.18,0.44
0,MatMulV2,"[[1,1024],[1024,4096]]",vllm/worker/model_runner.py:1234,6.5,9.8,124.947,128.947,0.18,0.44
0,FusedInferAttentionScore,"[[1,1024],[1024,4096]]",vllm/worker/model_runner.py:1234,6.5,9.8,70.699,74.699,0.18,0.44
0,RmsNorm,"[[1,1024],[1024,4096]]",vllm/worker/model_runner.py:1234,6.5,9.8,27.538,31.538,0.18,0.44
0,AllReduce,"[[1,1024],[1024,4096]]",vllm/worker/model_runner.py:1234,6.5,9.8,33.323,37.323,0.18,0.44
0,MatMulV2,"[[1,1024],[1024,4096]]",vllm/worker/model_runner.py:1234,6.5,9.8,121.922,125.922,0.18,0.44
0,FusedInferAttentionScore,"[[1,1024],[1024,4096]]",vllm/worker/model_runner.py:1234,6.5,9.8,64.363,68.363,0.18,0.44
0,RmsNorm,"[[1,1024],[1024,4096]]",vllm/worker/model_runner.py:1234,6.5,9.8,28.089,32.089,0.18,0.44
0,AllReduce,"[[1,1024],[1024,4096]]",vllm/worker/model_runner.py:1234,6.5,9.8,31.09,35.09,0.18,0.44
0,MatMulV2,"[[1,1024],[1024,4096]]",vllm/worker/model_runner.py:1234,6.5,9.8,126.309,130.309,0.18,0.44
0,FusedInferAttentionScore,"[[1,1024],[1024,4096]]",vllm/worker/model_runner.py:1234,6.5,9.8,71.904,75.904,0.18,0.44
0,RmsNorm,"[[1,1024],[1024,4096]]",vllm/worker/model_runner.py:1234,6.5,9.8,22.058,26.058,0.18,0.44
0,AllReduce,"[[1,1024],[1024,4096]]",vllm/worker/model_runner.py:1234,6.5,9.8,30.612,34.611999999999995,0.18,0.44
0,MatMulV2,"[[1,1024],[1024,4096]]",vllm/worker/model_runner.py:1234,6.5,9.8,115.093,119.093,0.18,0.44
0,FusedInferAttentionScore,"[[1,1024],[1024,4096]]",vllm/worker/model_runner.py:1234,6.5,9.8,72.271,76.271,0.18,0.44
0,RmsNorm,"[[1,1024],[1024,4096]]",vllm/worker/model_runner.py:1234,6.5,9.8,21.87,25.87,0.18,0.44
0,AllReduce,"[[1,1024],[1024,4096]]",vllm/worker/model_runner.py:1234,6.5,9.8,30.691,34.691,0.18,0.44
0,MatMulV2,"[[1,1024],[1024,4096]]",vllm/worker/model_runner.py:1234,6.5,9.8,124.163,128.163,0.18,0.44
0,FusedInferAttentionScore,"[[1,1024],[1024,4096]]",vllm/worker/model_runner.py:1234,6.5,9.8,68.478,72.478,0.18,0.44
0,RmsNorm,"[[1,1024],[1024,4096]]",vllm/worker/model_runner.py:1234,6.5,9.8,19.623,23.623,0.18,0.44
0,AllReduce,"[[1,1024],[1024,4096]]",vllm/worker/model_runner.py:1234,6.5,9.8,33.222,37.222,0.18,0.44
0,MatMulV2,"[[1,1024],[1024,4096]]",vllm/worker/model_runner.py:1234,6.5,9.8,109.845,113.845,0.18,0.44
0,FusedInferAttentionScore,"[[1,1024],[1024,4096]]",vllm/worker/model_runner.py:1234,6.5,9.8,76.578,80.578,0.18,0.44
0,RmsNorm,"[[1,1024],[1024,4096]]",vllm/worker/model_runner.py:1234,6.5,9.8,21.701,25.701,0.18,0.44
0,AllReduce,"[[1,1024],[1024,4096]]",vllm/worker/model_runner.py:1234,6.5,9.8,35.332,39.332,0.18,0.44
0,MatMulV2,"[[1,1024],[1024,4096]]",vllm/worker/model_runner.py:1234,6.5,9.8,130.418,134.418,0.18,0.44
0,FusedInferAttentionScore,"[[1,1024],[1024,4096]]",vllm/worker/model_runner.py:1234,6.5,9.8,70.244,74.244,0.18,0.44
0,RmsNorm,"[[1,1024],[1024,4096]]",vllm/worker/model_runner.py:1234,6.5,9.8,28.463,32.463,0.18,0.44
0,AllReduce,"[[1,1024],[1024,4096]]",vllm/worker/model_runner.py:1234,6.5,9.8,35.919,39.919,0.18,0.44
0,MatMulV2,"[[1,1024],[1024,4096]]",vllm/worker/model_runner.py:1234,6.5,9.8,120.503,124.503,0.18,0.44
0,FusedInferAttentionScore,"[[1,1024],[1024,4096]]",vllm/worker/model_runner.py:1234,6.5,9.8,64.928,68.928,0.18,0.44
0,RmsNorm,"[[1,1024],[1024,4096]]",vllm/worker/model_runner.py:1234,6.5,9.8,24.553,28.553,0.18,0.44
0,AllReduce,"[[1,1024],[1024,4096]]",vllm/worker/model_runner.py:1234,6.5,9.8,34.605,38.605,0.18,0.44
0,MatMulV2,"[[1,1024],[1024,4096]]",vllm/worker/model_runner.py:1234,6.5,9.8,121.184,125.184,0.18,0.44
0,FusedInferAttentionScore,"[[1,1024],[1024,4096]]",vllm/worker/model_runner.py:1234,6.5,9.8,67.063,71.063,0.18,0.44
0,RmsNorm,"[[1,1024],[1024,4096]]",vllm/worker/model_runner.py:1234,6.5,9.8,28.579,32.579,0.18,0.44
0,AllReduce,"[[1,1024],[1024,4096]]",vllm/worker/model_runner.py:1234,6.5,9.8,36.804,40.804,0.18,0.44
0,MatMulV2,"[[1,1024],[1024,4096]]",vllm/worker/model_runner.py:1234,6.5,9.8,130.765,134.765,0.18,0.44
0,FusedInferAttentionScore,"[[1,1024],[1024,4096]]",vllm/worker/model_runner.py:1234,6.5,9.8,65.281,69.281,0.18,0.44
0,RmsNorm,"[[1,1024],[1024,4096]]",vllm/worker/model_runner.py:1234,6.5,9.8,22.917,26.917,0.18,0.44
0,AllReduce,"[[1,1024],[1024,4096]]",vllm/worker/model_runner.py:1234,6.5,9.8,32.709,36.709,0.18,0.44
0,MatMulV2,"[[1,1024],[1024,4096]]",vllm/worker/model_runner.py:1234,6.5,9.8,114.997,118.997,0.18,0.44
0,FusedInferAttentionScore,"[[1,1024],[1024,4096]]",vllm/worker/model_runner.py:1234,6.5,9.8,76.113,80.113,0.18,0.44
0,RmsNorm,"[[1,1024],[1024,4096]]",vllm/worker/model_runner.py:1234,6.5,9.8,28.386,32.385999999999996,0.18,0.44
0,AllReduce,"[[1,1024],[1024,4096]]",vllm/worker/model_runner.py:1234,6.5,9.8,35.311,39.311,0.18,0.44
0,MatMulV2,"[[1,1024],[1024,4096]]",vllm/worker/model_runner.py:1234,6.5,9.8,121.689,125.689,0.18,0.44
0,FusedInferAttentionScore,"[[1,1024],[1024,4096]]",vllm/worker/model_runner.py:1234,6.5,9.8,64.135,68.135,0.18,0.44
0,RmsNorm,"[[1,1024],[1024,4096]]",vllm/worker/model_runner.py:1234,6.5,9.8,24.543,28.543,0.18,0.44
0,AllReduce,"[[1,1024],[1024,4096]]",vllm/worker/model_runner.py:1234,6.5,9.8,33.055,37.055,0.18,0.44
0,MatMulV2,"[[1,1024],[1024,4096]]",vllm/worker/model_runner.py:1234,6.5,9.8,128.832,132.832,0.18,0.44
0,FusedInferAttentionScore,"[[1,1024],[1024,4096]]",vllm/worker/model_runner.py:1234,6.5,9.8,75.902,79.902,0.18,0.44
0,RmsNorm,"[[1,1024],[1024,4096]]",vllm/worker/model_runner.py:1234,6.5,9.8,22.25,26.25,0.18,0.44
0,AllReduce,"[[1,1024],[1024,4096]]",vllm/worker/model_runner.py:1234,6.5,9.8,31.577,35.577,0.18,0.44
0,aclrtMemcpyAsync_D2H,"[[1,1024],[1024,4096]]",vllm/worker/model_runner.py:1234,6.5,9.8,260,264,0.18,0.44
0,MatMulV2,"[[1,1024],[1024,4096]]",vllm/worker/model_runner.py:1234,6.5,9.8,118.42,122.42,0.18,0.44
0,FusedInferAttentionScore,"[[1,1024],[1024,4096]]",vllm/worker/model_runner.py:1234,6.5,9.8,66.074,70.074,0.18,0.44
0,RmsNorm,"[[1,1024],[1024,4096]]",vllm/worker/model_runner.py:1234,6.5,9.8,26.103,30.103,0.18,0.44
0,AllReduce,"[[1,1024],[1024,4096]]",vllm/worker/model_runner.py:1234,6.5,9.8,33.808,37.808,0.18,0.44
0,MatMulV2,"[[1,1024],[1024,4096]]",vllm/worker/model_runner.py:1234,6.5,9.8,128.641,132.641,0.18,0.44
0,FusedInferAttentionScore,"[[1,1024],[1024,4096]]",vllm/worker/model_runner.py:1234,6.5,9.8,66.004,70.004,0.18,0.44
0,RmsNorm,"[[1,1024],[1024,4096]]",vllm/worker/model_runner.py:1234,6.5,9.8,25.855,29.855,0.18,0.44
0,AllReduce,"[[1,1024],[1024,4096]]",vllm/worker/model_runner.py:1234,6.5,9.8,34.058,38.058,0.18,0.44
0,MatMulV2,"[[1,1024],[1024,4096]]",vllm/worker/model_runner.py:1234,6.5,9.8,124.531,128.531,0.18,0.44
0,FusedInferAttentionScore,"[[1,1024],[1024,4096]]",vllm/worker/model_runner.py:1234,6.5,9.8,75.613,79.613,0.18,0.44
0,RmsNorm,"[[1,1024],[1024,4096]]",vllm/worker/model_runner.py:1234,6.5,9.8,24.994,28.994,0.18,0.44
0,AllReduce,"[[1,1024],[1024,4096]]",vllm/worker/model_runner.py:1234,6.5,9.8,35.331,39.331,0.18,0.44
0,MatMulV2,"[[1,1024],[1024,4096]]",vllm/worker/model_runner.py:1234,6.5,9.8,126.966,130.966,0.18,0.44
0,FusedInferAttentionScore,"[[1,1024],[1024,4096]]",vllm/worker/model_runner.py:1234,6.5,9.8,74.606,78.606,0.18,0.44
0,RmsNorm,"[[1,1024],[1024,4096]]",vllm/worker/model_runner.py:1234,6.5,9.8,19.929,23.929,0.18,0.44
0,AllReduce,"[[1,1024],[1024,4096]]",vllm/worker/model_runner.py:1234,6.5,9.8,33.105,37.105,0.18,0.44
0,MatMulV2,"[[1,1024],[1024,4096]]",vllm/worker/model_runner.py:1234,6.5,9.8,130.06,134.06,0.18,0.44
0,FusedInferAttentionScore,"[[1,1024],[1024,4096]]",vllm/worker/model_runner.py:1234,6.5,9.8,71.162,75.162,0.18,0.44
0,RmsNorm,"[[1,1024],[1024,4096]]",vllm/worker/model_runner.py:1234,6.5,9.8,19.751,23.751,0.18,0.44
0,AllReduce,"[[1,1024],[1024,4096]]",vllm/worker/model_runner.py:1234,6.5,9.8,33.924,37.924,0.18,0.44
0,MatMulV2,"[[1,1024],[1024,4096]]",vllm/worker/model_runner.py:1234,6.5,9.8,128.561,132.561,0.18,0.44
0,FusedInferAttentionScore,"[[1,1024],[1024,4096]]",vllm/worker/model_runner.py:1234,6.5,9.8,67.734,71.734,0.18,0.44
0,RmsNorm,"[[1,1024],[1024,4096]]",vllm/worker/model_runner.py:1234,6.5,9.8,23.076,27.076,0.18,0.44
0,AllReduce,"[[1,1024],[1024,4096]]",vllm/worker/model_runner.py:1234,6.5,9.8,35.704,39.704,0.18,0.44
0,MatMulV2,"[[1,1024],[1024,4096]]",vllm/worker/model_runner.py:1234,6.5,9.8,128.109,132.109,0.18,0.44
0,FusedInferAttentionScore,"[[1,1024],[1024,4096]]",vllm/worker/model_runner.py:1234,6.5,9.8,71.926,75.926,0.18,0.44
0,RmsNorm,"[[1,1024],[1024,4096]]",vllm/worker/model_runner.py:1234,6.5,9.8,27.097,31.097,0.18,0.44
0,AllReduce,"[[1,1024],[1024,4096]]",vllm/worker/model_runner.py:1234,6.5,9.8,36.129,40.129,0.18,0.44
0,MatMulV2,"[[1,1024],[1024,4096]]",vllm/worker/model_runner.py:1234,6.5,9.8,113.246,117.246,0.18,0.44
0,FusedInferAttentionScore,"[[1,1024],[1024,4096]]",vllm/worker/model_runner.py:1234,6.5,9.8,73.918,77.918,0.18,0.44
0,RmsNorm,"[[1,1024],[1024,4096]]",vllm/worker/model_runner.py:1234,6.5,9.8,21.62,25.62,0.18,0.44
0,AllReduce,"[[1,1024],[1024,4096]]",vllm/worker/model_runner.py:1234,6.5,9.8,35.286,39.286,0.18,0.44
0,MatMulV2,"[[1,1024],[1024,4096]]",vllm/worker/model_runner.py:1234,6.5,9.8,122.029,126.029,0.18,0.44
0,FusedInferAttentionScore,"[[1,1024],[1024,4096]]",vllm/worker/model_runner.py:1234,6.5,9.8,69.397,73.397,0.18,0.44
0,RmsNorm,"[[1,1024],[1024,4096]]",vllm/worker/model_runner.py:1234,6.5,9.8,19.217,23.217,0.18,0.44
0,AllReduce,"[[1,1024],[1024,4096]]",vllm/worker/model_runner.py:1234,6.5,9.8,34.301,38.301,0.18,0.44
0,MatMulV2,"[[1,1024],[1024,4096]]",vllm/worker/model_runner.py:1234,6.5,9.8,126.148,130.148,0.18,0.44
0,FusedInferAttentionScore,"[[1,1024],[1024,4096]]",vllm/worker/model_runner.py:1234,6.5,9.8,70.478,74.478,0.18,0.44
0,RmsNorm,"[[1,1024],[1024,4096]]",vllm/worker/model_runner.py:1234,6.5,9.8,21.449,25.449,0.18,0.44
0,AllReduce,"[[1,1024],[1024,4096]]",vllm/worker/model_runner.py:1234,6.5,9.8,33.52,37.52,0.18,0.44
0,MatMulV2,"[[1,1024],[1024,4096]]",vllm/worker/model_runner.py:1234,6.5,9.8,117.405,121.405,0.18,0.44
0,FusedInferAttentionScore,"[[1,1024],[1024,4096]]",vllm/worker/model_runner.py:1234,6.5,9.8,64.57,68.57,0.18,0.44
0,RmsNorm,"[[1,1024],[1024,4096]]",vllm/worker/model_runner.py:1234,6.5,9.8,25.112,29.112,0.18,0.44
0,AllReduce,"[[1,1024],[1024,4096]]",vllm/worker/model_runner.py:1234,6.5,9.8,35.415,39.415,0.18,0.44
0,MatMulV2,"[[1,1024],[1024,4096]]",vllm/worker/model_runner.py:1234,6.5,9.8,111.433,115.433,0.18,0.44
0,FusedInferAttentionScore,"[[1,1024],[1024,4096]]",vllm/worker/model_runner.py:1234,6.5,9.8,66.67,70.67,0.18,0.44
0,RmsNorm,"[[1,1024],[1024,4096]]",vllm/worker/model_runner.py:1234,6.5,9.8,21.257,25.257,0.18,0.44
0,AllReduce,"[[1,1024],[1024,4096]]",vllm/worker/model_runner.py:1234,6.5,9.8,31.934,35.934,0.18,0.44
0,MatMulV2,"[[1,1024],[1024,4096]]",vllm/worker/model_runner.py:1234,6.5,9.8,121.539,125.539,0.18,0.44
0,FusedInferAttentionScore,"[[1,1024],[1024,4096]]",vllm/worker/model_runner.py:1234,6.5,9.8,64.034,68.034,0.18,0.44
0,RmsNorm,"[[1,1024],[1024,4096]]",vllm/worker/model_runner.py:1234,6.5,9.8,28.533,32.533,0.18,0.44
0,AllReduce,"[[1,1024],[1024,4096]]",vllm/worker/model_runner.py:1234,6.5,9.8,32.498,36.498,0.18,0.44
0,MatMulV2,"[[1,1024],[1024,4096]]",vllm/worker/model_runner.py:1234,6.5,9.8,113.536,117.536,0.18,0.44
0,FusedInferAttentionScore,"[[1,1024],[1024,4096]]",vllm/worker/model_runner.py:1234,6.5,9.8,75.716,79.716,0.18,0.44
0,RmsNorm,"[[1,1024],[1024,4096]]",vllm/worker/model_runner.py:1234,6.5,9.8,22.393,26.393,0.18,0.44
0,AllReduce,"[[1,1024],[1024,4096]]",vllm/worker/model_runner.py:1234,6.5,9.8,34.155,38.155,0.18,0.44
0,MatMulV2,"[[1,1024],[1024,4096]]",vllm/worker/model_runner.py:1234,6.5,9.8,126.439,130.439,0.18,0.44
0,FusedInferAttentionScore,"[[1,1024],[1024,4096]]",vllm/worker/model_runner.py:1234,6.5,9.8,76.932,80.932,0.18,0.44
0,RmsNorm,"[[1,1024],[1024,4096]]",vllm/worker/model_runner.py:1234,6.5,9.8,27.333,31.333,0.18,0.44
0,AllReduce,"[[1,1024],[1024,4096]]",vllm/worker/model_runner.py:1234,6.5,9.8,34.286,38.286,0.18,0.44
0,MatMulV2,"[[1,1024],[1024,4096]]",vllm/worker/model_runner.py:1234,6.5,9.8,125.905,129.905,0.18,0.44
0,FusedInferAttentionScore,"[[1,1024],[1024,4096]]",vllm/worker/model_runner.py:1234,6.5,9.8,73.708,77.708,0.18,0.44
0,RmsNorm,"[[1,1024],[1024,4096]]",vllm/worker/model_runner.py:1234,6.5,9.8,27.297,31.297,0.18,0.44
0,AllReduce,"[[1,1024],[1024,4096]]",vllm/worker/model_runner.py:1234,6.5,9.8,31.585,35.585,0.18,0.44
0,MatMulV2,"[[1,1024],[1024,4096]]",vllm/worker/model_runner.py:1234,6.5,9.8,123.296,127.296,0.18,0.44
0,FusedInferAttentionScore,"[[1,1024],[1024,4096]]",vllm/worker/model_runner.py:1234,6.5,9.8,70.808,74.808,0.18,0.44
0,RmsNorm,"[[1,1024],[1024,4096]]",vllm/worker/model_runner.py:1234,6.5,9.8,23.804,27.804,0.18,0.44
0,AllReduce,"[[1,1024],[1024,4096]]",vllm/worker/model_runner.py:1234,6.5,9.8,30.705,34.705,0.18,0.44
0,MatMulV2,"[[1,1024],[1024,4096]]",vllm/worker/model_runner.py:1234,6.5,9.8,115.224,119.224,0.18,0.44
0,FusedInferAttentionScore,"[[1,1024],[1024,4096]]",vllm/worker/model_runner.py:1234,6.5,9.8,71.381,75.381,0.18,0.44
0,RmsNorm,"[[1,1024],[1024,4096]]",vllm/worker/model_runner.py:1234,6.5,9.8,26.55,30.55,0.18,0.44
0,AllReduce,"[[1,1024],[1024,4096]]",vllm/worker/model_runner.py:1234,6.5,9.8,33.69,37.69,0.18,0.44
0,MatMulV2,"[[1,1024],[1024,4096]]",vllm/worker/model_runner.py:1234,6.5,9.8,124.474,128.474,0.18,0.44
0,FusedInferAttentionScore,"[[1,1024],[1024,4096]]",vllm/worker/model_runner.py:1234,6.5,9.8,68.317,72.317,0.18,0.44
0,RmsNorm,"[[1,1024],[1024,4096]]",vllm/worker/model_runner.py:1234,6.5,9.8,22.826,26.826,0.18,0.44
0,AllReduce,"[[1,1024],[1024,4096]]",vllm/worker/model_runner.py:1234,6.5,9.8,36.98,40.98,0.18,0.44
0,MatMulV2,"[[1,1024],[1024,4096]]",vllm/worker/model_runner.py:1234,6.5,9.8,125.158,129.15800000000002,0.18,0.44
0,FusedInferAttentionScore,"[[1,1024],[1024,4096]]",vllm/worker/model_runner.py:1234,6.5,9.8,74.768,78.768,0.18,0.44
0,RmsNorm,"[[1,1024],[1024,4096]]",vllm/worker/model_runner.py:1234,6.5,9.8,22.515,26.515,0.18,0.44
0,AllReduce,"[[1,1024],[1024,4096]]",vllm/worker/model_runner.py:1234,6.5,9.8,34.122,38.122,0.18,0.44
0,MatMulV2,"[[1,1024],[1024,4096]]",vllm/worker/model_runner.py:1234,6.5,9.8,120.995,124.995,0.18,0.44
0,FusedInferAttentionScore,"[[1,1024],[1024,4096]]",vllm/worker/model_runner.py:1234,6.5,9.8,76.814,80.814,0.18,0.44
0,RmsNorm,"[[1,1024],[1024,4096]]",vllm/worker/model_runner.py:1234,6.5,9.8,28.207,32.207,0.18,0.44
0,AllReduce,"[[1,1024],[1024,4096]]",vllm/worker/model_runner.py:1234,6.5,9.8,32.764,36.764,0.18,0.44
0,MatMulV2,"[[1,1024],[1024,4096]]",vllm/worker/model_runner.py:1234,6.5,9.8,123.58,127.58,0.18,0.44
0,FusedInferAttentionScore,"[[1,1024],[1024,4096]]",vllm/worker/model_runner.py:1234,6.5,9.8,74.729,78.729,0.18,0.44
0,RmsNorm,"[[1,1024],[1024,4096]]",vllm/worker/model_runner.py:1234,6.5,9.8,22.383,26.383,0.18,0.44
0,AllReduce,"[[1,1024],[1024,4096]]",vllm/worker/model_runner.py:1234,6.5,9.8,35.064,39.064,0.18,0.44
0,MatMulV2,"[[1,1024],[1024,4096]]",vllm/worker/model_runner.py:1234,6.5,9.8,119.518,123.518,0.18,0.44
0,FusedInferAttentionScore,"[[1,1024],[1024,4096]]",vllm/worker/model_runner.py:1234,6.5,9.8,74.825,78.825,0.18,0.44
0,RmsNorm,"[[1,1024],[1024,4096]]",vllm/worker/model_runner.py:1234,6.5,9.8,27.629,31.629,0.18,0.44
0,AllReduce,"[[1,1024],[1024,4096]]",vllm/worker/model_runner.py:1234,6.5,9.8,34.3,38.3,0.18,0.44
0,MatMulV2,"[[1,1024],[1024,4096]]",vllm/worker/model_runner.py:1234,6.5,9.8,121.307,125.307,0.18,0.44
0,FusedInferAttentionScore,"[[1,1024],[1024,4096]]",vllm/worker/model_runner.py:1234,6.5,9.8,65.349,69.349,0.18,0.44
0,RmsNorm,"[[1,1024],[1024,4096]]",vllm/worker/model_runner.py:1234,6.5,9.8,19.813,23.813,0.18,0.44
0,AllReduce,"[[1,1024],[1024,4096]]",vllm/worker/model_runner.py:1234,6.5,9.8,34.6,38.6,0.18,0.44
0,MatMulV2,"[[1,1024],[1024,4096]]",vllm/worker/model_runner.py:1234,6.5,9.8,114.828,118.828,0.18,0.44
0,FusedInferAttentionScore,"[[1,1024],[1024,4096]]",vllm/worker/model_runner.py:1234,6.5,9.8,69.379,73.379,0.18,0.44
0,RmsNorm,"[[1,1024],[1024,4096]]",vllm/worker/model_runner.py:1234,6.5,9.8,23.791,27.791,0.18,0.44
0,AllReduce,"[[1,1024],[1024,4096]]",vllm/worker/model_runner.py:1234,6.5,9.8,34.397,38.397,0.18,0.44
0,MatMulV2,"[[1,1024],[1024,4096]]",vllm/worker/model_runner.py:1234,6.5,9.8,130.337,134.337,0.18,0.44
0,FusedInferAttentionScore,"[[1,1024],[1024,4096]]",vllm/worker/model_runner.py:1234,6.5,9.8,63.219,67.219,0.18,0.44
0,RmsNorm,"[[1,1024],[1024,4096]]",vllm/worker/model_runner.py:1234,6.5,9.8,22.779,26.779,0.18,0.44
0,AllReduce,"[[1,1024],[1024,4096]]",vllm/worker/model_runner.py:1234,6.5,9.8,31.505,35.504999999999995,0.18,0.44
0,MatMulV2,"[[1,1024],[1024,4096]]",vllm/worker/model_runner.py:1234,6.5,9.8,117.818,121.818,0.18,0.44
0,FusedInferAttentionScore,"[[1,1024],[1024,4096]]",vllm/worker/model_runner.py:1234,6.5,9.8,70.228,74.228,0.18,0.44
0,RmsNorm,"[[1,1024],[1024,4096]]",vllm/worker/model_runner.py:1234,6.5,9.8,25.352,29.352,0.18,0.44
0,AllReduce,"[[1,1024],[1024,4096]]",vllm/worker/model_runner.py:1234,6.5,9.8,34.641,38.641,0.18,0.44
0,MatMulV2,"[[1,1024],[1024,4096]]",vllm/worker/model_runner.py:1234,6.5,9.8,129.58,133.58,0.18,0.44
0,FusedInferAttentionScore,"[[1,1024],[1024,4096]]",vllm/worker/model_runner.py:1234,6.5,9.8,71.587,75.587,0.18,0.44
0,RmsNorm,"[[1,1024],[1024,4096]]",vllm/worker/model_runner.py:1234,6.5,9.8,22.012,26.012,0.18,0.44
0,AllReduce,"[[1,1024],[1024,4096]]",vllm/worker/model_runner.py:1234,6.5,9.8,33.872,37.872,0.18,0.44
0,MatMulV2,"[[1,1024],[1024,4096]]",vllm/worker/model_runner.py:1234,6.5,9.8,118.975,122.975,0.18,0.44
0,FusedInferAttentionScore,"[[1,1024],[1024,4096]]",vllm/worker/model_runner.py:1234,6.5,9.8,64.936,68.936,0.18,0.44
0,RmsNorm,"[[1,1024],[1024,4096]]",vllm/worker/model_runner.py:1234,6.5,9.8,26.477,30.477,0.18,0.44
0,AllReduce,"[[1,1024],[1024,4096]]",vllm/worker/model_runner.py:1234,6.5,9.8,33.827,37.827,0.18,0.44
0,MatMulV2,"[[1,1024],[1024,4096]]",vllm/worker/model_runner.py:1234,6.5,9.8,110.097,114.097,0.18,0.44
0,FusedInferAttentionScore,"[[1,1024],[1024,4096]]",vllm/worker/model_runner.py:1234,6.5,9.8,73.386,77.386,0.18,0.44
0,RmsNorm,"[[1,1024],[1024,4096]]",vllm/worker/model_runner.py:1234,6.5,9.8,24.845,28.845,0.18,0.44
0,AllReduce,"[[1,1024],[1024,4096]]",vllm/worker/model_runner.py:1234,6.5,9.8,30.748,34.748000000000005,0.18,0.44
0,MatMulV2,"[[1,1024],[1024,4096]]",vllm/worker/model_runner.py:1234,6.5,9.8,131.363,135.363,0.18,0.44
0,FusedInferAttentionScore,"[[1,1024],[1024,4096]]",vllm/worker/model_runner.py:1234,6.5,9.8,64.842,68.842,0.18,0.44
0,RmsNorm,"[[1,1024],[1024,4096]]",vllm/worker/model_runner.py:1234,6.5,9.8,22.977,26.977,0.18,0.44
0,AllReduce,"[[1,1024],[1024,4096]]",vllm/worker/model_runner.py:1234,6.5,9.8,33.813,37.813,0.18,0.44
0,MatMulV2,"[[1,1024],[1024,4096]]",vllm/worker/model_runner.py:1234,6.5,9.8,125.833,129.833,0.18,0.44
0,FusedInferAttentionScore,"[[1,1024],[1024,4096]]",vllm/worker/model_runner.py:1234,6.5,9.8,73.592,77.592,0.18,0.44
0,RmsNorm,"[[1,1024],[1024,4096]]",vllm/worker/model_runner.py:1234,6.5,9.8,27.75,31.75,0.18,0.44
0,AllReduce,"[[1,1024],[1024,4096]]",vllm/worker/model_runner.py:1234,6.5,9.8,33.57,37.57,0.18,0.44
0,aclrtMemcpyAsync_D2H,"[[1,1024],[1024,4096]]",vllm/worker/model_runner.py:1234,6.5,9.8,260,264,0.18,0.44
0,MatMulV2,"[[1,1024],[1024,4096]]",vllm/worker/model_runner.py:1234,6.5,9.8,131.888,135.888,0.18,0.44
0,FusedInferAttentionScore,"[[1,1024],[1024,4096]]",vllm/worker/model_runner.py:1234,6.5,9.8,66.232,70.232,0.18,0.44
0,RmsNorm,"[[1,1024],[1024,4096]]",vllm/worker/model_runner.py:1234,6.5,9.8,28.764,32.763999999999996,0.18,0.44
0,AllReduce,"[[1,1024],[1024,4096]]",vllm/worker/model_runner.py:1234,6.5,9.8,35.587,39.587,0.18,0.44
0,MatMulV2,"[[1,1024],[1024,4096]]",vllm/worker/model_runner.py:1234,6.5,9.8,130.843,134.843,0.18,0.44
0,FusedInferAttentionScore,"[[1,1024],[1024,4096]]",vllm/worker/model_runner.py:1234,6.5,9.8,73.607,77.607,0.18,0.44
0,RmsNorm,"[[1,1024],[1024,4096]]",vllm/worker/model_runner.py:1234,6.5,9.8,28.741,32.741,0.18,0.44
0,AllReduce,"[[1,1024],[1024,4096]]",vllm/worker/model_runner.py:1234,6.5,9.8,32.753,36.753,0.18,0.44
0,MatMulV2,"[[1,1024],[1024,4096]]",vllm/worker/model_runner.py:1234,6.5,9.8,109.761,113.761,0.18,0.44
0,FusedInferAttentionScore,"[[1,1024],[1024,4096]]",vllm/worker/model_runner.py:1234,6.5,9.8,74.924,78.924,0.18,0.44
0,RmsNorm,"[[1,1024],[1024,4096]]",vllm/worker/model_runner.py:1234,6.5,9.8,23.388,27.388,0.18,0.44
0,AllReduce,"[[1,1024],[1024,4096]]",vllm/worker/model_runner.py:1234,6.5,9.8,33.027,37.027,0.18,0.44
0,MatMulV2,"[[1,1024],[1024,4096]]",vllm/worker/model_runner.py:1234,6.5,9.8,129.85,133.85,0.18,0.44
0,FusedInferAttentionScore,"[[1,1024],[1024,4096]]",vllm/worker/model_runner.py:1234,6.5,9.8,68.374,72.374,0.18,0.44
0,RmsNorm,"[[1,1024],[1024,4096]]",vllm/worker/model_runner.py:1234,6.5,9.8,19.35,23.35,0.18,0.44
0,AllReduce,"[[1,1024],[1024,4096]]",vllm/worker/model_runner.py:1234,6.5,9.8,34.093,38.093,0.18,0.44
0,MatMulV2,"[[1,1024],[1024,4096]]",vllm/worker/model_runner.py:1234,6.5,9.8,112.54,116.54,0.18,0.44
0,FusedInferAttentionScore,"[[1,1024],[1024,4096]]",vllm/worker/model_runner.py:1234,6.5,9.8,63.68,67.68,0.18,0.44
0,RmsNorm,"[[1,1024],[1024,4096]]",vllm/worker/model_runner.py:1234,6.5,9.8,20.328,24.328,0.18,0.44
0,AllReduce,"[[1,1024],[1024,4096]]",vllm/worker/model_runner.py:1234,6.5,9.8,32.16,36.16,0.18,0.44
0,MatMulV2,"[[1,1024],[1024,4096]]",vllm/worker/model_runner.py:1234,6.5,9.8,128.082,132.082,0.18,0.44
0,FusedInferAttentionScore,"[[1,1024],[1024,4096]]",vllm/worker/model_runner.py:1234,6.5,9.8,70.459,74.459,0.18,0.44
0,RmsNorm,"[[1,1024],[1024,4096]]",vllm/worker/model_runner.py:1234,6.5,9.8,28.575,32.575,0.18,0.44
0,AllReduce,"[[1,1024],[1024,4096]]",vllm/worker/model_runner.py:1234,6.5,9.8,33.01,37.01,0.18,0.44
0,MatMulV2,"[[1,1024],[1024,4096]]",vllm/worker/model_runner.py:1234,6.5,9.8,128.046,132.046,0.18,0.44
0,FusedInferAttentionScore,"[[1,1024],[1024,4096]]",vllm/worker/model_runner.py:1234,6.5,9.8,76.469,80.469,0.18,0.44
0,RmsNorm,"[[1,1024],[1024,4096]]",vllm/worker/model_runner.py:1234,6.5,9.8,28.337,32.337,0.18,0.44
0,AllReduce,"[[1,1024],[1024,4096]]",vllm/worker/model_runner.py:1234,6.5,9.8,36.103,40.103,0.18,0.44
0,MatMulV2,"[[1,1024],[1024,4096]]",vllm/worker/model_runner.py:1234,6.5,9.8,109.09,113.09,0.18,0.44
0,FusedInferAttentionScore,"[[1,1024],[1024,4096]]",vllm/worker/model_runner.py:1234,6.5,9.8,69.351,73.351,0.18,0.44
0,RmsNorm,"[[1,1024],[1024,4096]]",vllm/worker/model_runner.py:1234,6.5,9.8,25.767,29.767,0.18,0.44
0,AllReduce,"[[1,1024],[1024,4096]]",vllm/worker/model_runner.py:1234,6.5,9.8,32.203,36.203,0.18,0.44
0,MatMulV2,"[[1,1024],[1024,4096]]",vllm/worker/model_runner.py:1234,6.5,9.8,117.382,121.382,0.18,0.44
0,FusedInferAttentionScore,"[[1,1024],[1024,4096]]",vllm/worker/model_runner.py:1234,6.5,9.8,74.963,78.963,0.18,0.44
0,RmsNorm,"[[1,1024],[1024,4096]]",vllm/worker/model_runner.py:1234,6.5,9.8,20.681,24.681,0.18,0.44
0,AllReduce,"[[1,1024],[1024,4096]]",vllm/worker/model_runner.py:1234,6.5,9.8,36.318,40.318,0.18,0.44
0,MatMulV2,"[[1,1024],[1024,4096]]",vllm/worker/model_runner.py:1234,6.5,9.8,109.043,113.043,0.18,0.44
0,FusedInferAttentionScore,"[[1,1024],[1024,4096]]",vllm/worker/model_runner.py:1234,6.5,9.8,76.874,80.874,0.18,0.44
0,RmsNorm,"[[1,1024],[1024,4096]]",vllm/worker/model_runner.py:1234,6.5,9.8,27.897,31.897,0.18,0.44
0,AllReduce,"[[1,1024],[1024,4096]]",vllm/worker/model_runner.py:1234,6.5,9.8,36.62,40.62,0.18,0.44
0,MatMulV2,"[[1,1024],[1024,4096]]",vllm/worker/model_runner.py:1234,6.5,9.8,119.983,123.983,0.18,0.44
0,FusedInferAttentionScore,"[[1,1024],[1024,4096]]",vllm/worker/model_runner.py:1234,6.5,9.8,63.148,67.148,0.18,0.44
0,RmsNorm,"[[1,1024],[1024,4096]]",vllm/worker/model_runner.py:1234,6.5,9.8,28.305,32.305,0.18,0.44
0,AllReduce,"[[1,1024],[1024,4096]]",vllm/worker/model_runner.py:1234,6.5,9.8,34.146,38.146,0.18,0.44
0,MatMulV2,"[[1,1024],[1024,4096]]",vllm/worker/model_runner.py:1234,6.5,9.8,124.525,128.525,0.18,0.44
0,FusedInferAttentionScore,"[[1,1024],[1024,4096]]",vllm/worker/model_runner.py:1234,6.5,9.8,71.982,75.982,0.18,0.44
0,RmsNorm,"[[1,1024],[1024,4096]]",vllm/worker/model_runner.py:1234,6.5,9.8,20.227,24.227,0.18,0.44
0,AllReduce,"[[1,1024],[1024,4096]]",vllm/worker/model_runner.py:1234,6.5,9.8,36.944,40.944,0.18,0.44
0,MatMulV2,"[[1,1024],[1024,4096]]",vllm/worker/model_runner.py:1234,6.5,9.8,120.159,124.159,0.18,0.44
0,FusedInferAttentionScore,"[[1,1024],[1024,4096]]",vllm/worker/model_runner.py:1234,6.5,9.8,69.304,73.304,0.18,0.44
0,RmsNorm,"[[1,1024],[1024,4096]]",vllm/worker/model_runner.py:1234,6.5,9.8,27.203,31.203,0.18,0.44
0,AllReduce,"[[1,1024],[1024,4096]]",vllm/worker/model_runner.py:1234,6.5,9.8,37.256,41.256,0.18,0.44
0,MatMulV2,"[[1,1024],[1024,4096]]",vllm/worker/model_runner.py:1234,6.5,9.8,117.835,121.835,0.18,0.44
0,FusedInferAttentionScore,"[[1,1024],[1024,4096]]",vllm/worker/model_runner.py:1234,6.5,9.8,68.928,72.928,0.18,0.44
0,RmsNorm,"[[1,1024],[1024,4096]]",vllm/worker/model_runner.py:1234,6.5,9.8,26.375,30.375,0.18,0.44
0,AllReduce,"[[1,1024],[1024,4096]]",vllm/worker/model_runner.py:1234,6.5,9.8,36.014,40.014,0.18,0.44
0,MatMulV2,"[[1,1024],[1024,4096]]",vllm/worker/model_runner.py:1234,6.5,9.8,131.143,135.143,0.18,0.44
0,FusedInferAttentionScore,"[[1,1024],[1024,4096]]",vllm/worker/model_runner.py:1234,6.5,9.8,69.354,73.354,0.18,0.44
0,RmsNorm,"[[1,1024],[1024,4096]]",vllm/worker/model_runner.py:1234,6.5,9.8,23.188,27.188,0.18,0.44
0,AllReduce,"[[1,1024],[1024,4096]]",vllm/worker/model_runner.py:1234,6.5,9.8,31.03,35.03,0.18,0.44
0,MatMulV2,"[[1,1024],[1024,4096]]",vllm/worker/model_runner.py:1234,6.5,9.8,119.778,123.778,0.18,0.44
0,FusedInferAttentionScore,"[[1,1024],[1024,4096]]",vllm/worker/model_runner.py:1234,6.5,9.8,70.806,74.806,0.18,0.44
0,RmsNorm,"[[1,1024],[1024,4096]]",vllm/worker/model_runner.py:1234,6.5,9.8,20.589,24.589,0.18,0.44
0,AllReduce,"[[1,1024],[1024,4096]]",vllm/worker/model_runner.py:1234,6.5,9.8,36.566,40.566,0.18,0.44
0,MatMulV2,"[[1,1024],[1024,4096]]",vllm/worker/model_runner.py:1234,6.5,9.8,112.639,116.639,0.18,0.44
0,FusedInferAttentionScore,"[[1,1024],[1024,4096]]",vllm/worker/model_runner.py:1234,6.5,9.8,75.605,79.605,0.18,0.44
0,RmsNorm,"[[1,1024],[1024,4096]]",vllm/worker/model_runner.py:1234,6.5,9.8,26.857,30.857,0.18,0.44
0,AllReduce,"[[1,1024],[1024,4096]]",vllm/worker/model_runner.py:1234,6.5,9.8,33.661,37.661,0.18,0.44
0,MatMulV2,"[[1,1024],[1024,4096]]",vllm/worker/model_runner.py:1234,6.5,9.8,117.966,121.966,0.18,0.44
0,FusedInferAttentionScore,"[[1,1024],[1024,4096]]",vllm/worker/model_runner.py:1234,6.5,9.8,76.47,80.47,0.18,0.44
0,RmsNorm,"[[1,1024],[1024,4096]]",vllm/worker/model_runner.py:1234,6.5,9.8,27.812,31.812,0.18,0.44
0,AllReduce,"[[1,1024],[1024,4096]]",vllm/worker/model_runner.py:1234,6.5,9.8,31.097,35.097,0.18,0.44
0,MatMulV2,"[[1,1024],[1024,4096]]",vllm/worker/model_runner.py:1234,6.5,9.8,129.867,133.867,0.18,0.44
0,FusedInferAttentionScore,"[[1,1024],[1024,4096]]",vllm/worker/model_runner.py:1234,6.5,9.8,68.843,72.843,0.18,0.44
0,RmsNorm,"[[1,1024],[1024,4096]]",vllm/worker/model_runner.py:1234,6.5,9.8,24.365,28.365,0.18,0.44
0,AllReduce,"[[1,1024],[1024,4096]]",vllm/worker/model_runner.py:1234,6.5,9.8,30.984,34.984,0.18,0.44
0,MatMulV2,"[[1,1024],[1024,4096]]",vllm/worker/model_runner.py:1234,6.5,9.8,114.617,118.617,0.18,0.44
0,FusedInferAttentionScore,"[[1,1024],[1024,4096]]",vllm/worker/model_runner.py:1234,6.5,9.8,70.824,74.824,0.18,0.44
0,RmsNorm,"[[1,1024],[1024,4096]]",vllm/worker/model_runner.py:1234,6.5,9.8,27.551,31.551,0.18,0.44
0,AllReduce,"[[1,1024],[1024,4096]]",vllm/worker/model_runner.py:1234,6.5,9.8,34.656,38.656,0.18,0.44
0,MatMulV2,"[[1,1024],[1024,4096]]",vllm/worker/model_runner.py:1234,6.5,9.8,130.113,134.113,0.18,0.44
0,FusedInferAttentionScore,"[[1,1024],[1024,4096]]",vllm/worker/model_runner.py:1234,6.5,9.8,67.821,71.821,0.18,0.44
0,RmsNorm,"[[1,1024],[1024,4096]]",vllm/worker/model_runner.py:1234,6.5,9.8,20.79,24.79,0.18,0.44
0,AllReduce,"[[1,1024],[1024,4096]]",vllm/worker/model_runner.py:1234,6.5,9.8,35.832,39.832,0.18,0.44
0,MatMulV2,"[[1,1024],[1024,4096]]",vllm/worker/model_runner.py:1234,6.5,9.8,113.845,117.845,0.18,0.44
0,FusedInferAttentionScore,"[[1,1024],[1024,4096]]",vllm/worker/model_runner.py:1234,6.5,9.8,68.495,72.495,0.18,0.44
0,RmsNorm,"[[1,1024],[1024,4096]]",vllm/worker/model_runner.py:1234,6.5,9.8,26.345,30.345,0.18,0.44
0,AllReduce,"[[1,1024],[1024,4096]]",vllm/worker/model_runner.py:1234,6.5,9.8,31.364,35.364000000000004,0.18,0.44
0,MatMulV2,"[[1,1024],[1024,4096]]",vllm/worker/model_runner.py:1234,6.5,9.8,128.771,132.771,0.18,0.44
0,FusedInferAttentionScore,"[[1,1024],[1024,4096]]",vllm/worker/model_runner.py:1234,6.5,9.8,70.11,74.11,0.18,0.44
0,RmsNorm,"[[1,1024],[1024,4096]]",vllm/worker/model_runner.py:1234,6.5,9.8,21.702,25.702,0.18,0.44
0,AllReduce,"[[1,1024],[1024,4096]]",vllm/worker/model_runner.py:1234,6.5,9.8,33.912,37.912,0.18,0.44
0,MatMulV2,"[[1,1024],[1024,4096]]",vllm/worker/model_runner.py:1234,6.5,9.8,110.462,114.462,0.18,0.44
0,FusedInferAttentionScore,"[[1,1024],[1024,4096]]",vllm/worker/model_runner.py:1234,6.5,9.8,70.87,74.87,0.18,0.44
0,RmsNorm,"[[1,1024],[1024,4096]]",vllm/worker/model_runner.py:1234,6.5,9.8,20.44,24.44,0.18,0.44
0,AllReduce,"[[1,1024],[1024,4096]]",vllm/worker/model_runner.py:1234,6.5,9.8,31.855,35.855000000000004,0.18,0.44
0,MatMulV2,"[[1,1024],[1024,4096]]",vllm/worker/model_runner.py:1234,6.5,9.8,108.895,112.895,0.18,0.44
0,FusedInferAttentionScore,"[[1,1024],[1024,4096]]",vllm/worker/model_runner.py:1234,6.5,9.8,74.334,78.334,0.18,0.44
0,RmsNorm,"[[1,1024],[1024,4096]]",vllm/worker/model_runner.py:1234,6.5,9.8,20.134,24.134,0.18,0.44
0,AllReduce,"[[1,1024],[1024,4096]]",vllm/worker/model_runner.py:1234,6.5,9.8,33.81,37.81,0.18,0.44
0,MatMulV2,"[[1,1024],[1024,4096]]",vllm/worker/model_runner.py:1234,6.5,9.8,128.274,132.274,0.18,0.44
0,FusedInferAttentionScore,"[[1,1024],[1024,4096]]",vllm/worker/model_runner.py:1234,6.5,9.8,76.519,80.519,0.18,0.44
0,RmsNorm,"[[1,1024],[1024,4096]]",vllm/worker/model_runner.py:1234,6.5,9.8,21.447,25.447,0.18,0.44
0,AllReduce,"[[1,1024],[1024,4096]]",vllm/worker/model_runner.py:1234,6.5,9.8,30.837,34.837,0.18,0.44
0,MatMulV2,"[[1,1024],[1024,4096]]",vllm/worker/model_runner.py:1234,6.5,9.8,114.243,118.243,0.18,0.44
0,FusedInferAttentionScore,"[[1,1024],[1024,4096]]",vllm/worker/model_runner.py:1234,6.5,9.8,71.768,75.768,0.18,0.44
0,RmsNorm,"[[1,1024],[1024,4096]]",vllm/worker/model_runner.py:1234,6.5,9.8,27.347,31.347,0.18,0.44
0,AllReduce,"[[1,1024],[1024,4096]]",vllm/worker/model_runner.py:1234,6.5,9.8,30.719,34.719,0.18,0.44
0,MatMulV2,"[[1,1024],[1024,4096]]",vllm/worker/model_runner.py:1234,6.5,9.8,115.879,119.879,0.18,0.44
0,FusedInferAttentionScore,"[[1,1024],[1024,4096]]",vllm/worker/model_runner.py:1234,6.5,9.8,74.985,78.985,0.18,0.44
0,RmsNorm,"[[1,1024],[1024,4096]]",vllm/worker/model_runner.py:1234,6.5,9.8,20.22,24.22,0.18,0.44
0,AllReduce,"[[1,1024],[1024,4096]]",vllm/worker/model_runner.py:1234,6.5,9.8,34.79,38.79,0.18,0.44
0,MatMulV2,"[[1,1024],[1024,4096]]",vllm/worker/model_runner.py:1234,6.5,9.8,127.825,131.825,0.18,0.44
0,FusedInferAttentionScore,"[[1,1024],[1024,4096]]",vllm/worker/model_runner.py:1234,6.5,9.8,63.328,67.328,0.18,0.44
0,RmsNorm,"[[1,1024],[1024,4096]]",vllm/worker/model_runner.py:1234,6.5,9.8,22.605,26.605,0.18,0.44
0,AllReduce,"[[1,1024],[1024,4096]]",vllm/worker/model_runner.py:1234,6.5,9.8,33.497,37.497,0.18,0.44
0,MatMulV2,"[[1,1024],[1024,4096]]",vllm/worker/model_runner.py:1234,6.5,9.8,131.959,135.959,0.18,0.44
0,FusedInferAttentionScore,"[[1,1024],[1024,4096]]",vllm/worker/model_runner.py:1234,6.5,9.8,65.955,69.955,0.18,0.44
0,RmsNorm,"[[1,1024],[1024,4096]]",vllm/worker/model_runner.py:1234,6.5,9.8,23.322,27.322,0.18,0.44
0,AllReduce,"[[1,1024],[1024,4096]]",vllm/worker/model_runner.py:1234,6.5,9.8,37.379,41.379,0.18,0.44
0,MatMulV2,"[[1,1024],[1024,4096]]",vllm/worker/model_runner.py:1234,6.5,9.8,119.947,123.947,0.18,0.44
0,FusedInferAttentionScore,"[[1,1024],[1024,4096]]",vllm/worker/model_runner.py:1234,6.5,9.8,73.919,77.919,0.18,0.44
0,RmsNorm,"[[1,1024],[1024,4096]]",vllm/worker/model_runner.py:1234,6.5,9.8,23.534,27.534,0.18,0.44
0,AllReduce,"[[1,1024],[1024,4096]]",vllm/worker/model_runner.py:1234,6.5,9.8,32.639,36.639,0.18,0.44
0,MatMulV2,"[[1,1024],[1024,4096]]",vllm/worker/model_runner.py:1234,6.5,9.8,108.59,112.59,0.18,0.44
0,FusedInferAttentionScore,"[[1,1024],[1024,4096]]",vllm/worker/model_runner.py:1234,6.5,9.8,63.007,67.007,0.18,0.44
0,RmsNorm,"[[1,1024],[1024,4096]]",vllm/worker/model_runner.py:1234,6.5,9.8,27.867,31.867,0.18,0.44
0,AllReduce,"[[1,1024],[1024,4096]]",vllm/worker/model_runner.py:1234,6.5,9.8,34.821,38.821,0.18,0.44
0,aclrtMemcpyAsync_D2H,"[[1,1024],[1024,4096]]",vllm/worker/model_runner.py:1234,6.5,9.8,260,264,0.18,0.44
0,MatMulV2,"[[1,1024],[1024,4096]]",vllm/worker/model_runner.py:1234,6.5,9.8,117.409,121.409,0.18,0.44
0,FusedInferAttentionScore,"[[1,1024],[1024,4096]]",vllm/worker/model_runner.py:1234,6.5,9.8,72.282,76.282,0.18,0.44
0,RmsNorm,"[[1,1024],[1024,4096]]",vllm/worker/model_runner.py:1234,6.5,9.8,28.697,32.697,0.18,0.44
0,AllReduce,"[[1,1024],[1024,4096]]",vllm/worker/model_runner.py:1234,6.5,9.8,35.295,39.295,0.18,0.44
0,MatMulV2,"[[1,1024],[1024,4096]]",vllm/worker/model_runner.py:1234,6.5,9.8,127.269,131.269,0.18,0.44
0,FusedInferAttentionScore,"[[1,1024],[1024,4096]]",vllm/worker/model_runner.py:1234,6.5,9.8,70.563,74.563,0.18,0.44
0,RmsNorm,"[[1,1024],[1024,4096]]",vllm/worker/model_runner.py:1234,6.5,9.8,27.113,31.113,0.18,0.44
0,AllReduce,"[[1,1024],[1024,4096]]",vllm/worker/model_runner.py:1234,6.5,9.8,34.027,38.027,0.18,0.44
0,MatMulV2,"[[1,1024],[1024,4096]]",vllm/worker/model_runner.py:1234,6.5,9.8,112.518,116.518,0.18,0.44
0,FusedInferAttentionScore,"[[1,1024],[1024,4096]]",vllm/worker/model_runner.py:1234,6.5,9.8,64.85,68.85,0.18,0.44
0,RmsNorm,"[[1,1024],[1024,4096]]",vllm/worker/model_runner.py:1234,6.5,9.8,25.016,29.016,0.18,0.44
0,AllReduce,"[[1,1024],[1024,4096]]",vllm/worker/model_runner.py:1234,6.5,9.8,37.372,41.372,0.18,0.44
0,MatMulV2,"[[1,1024],[1024,4096]]",vllm/worker/model_runner.py:1234,6.5,9.8,119.419,123.419,0.18,0.44
0,FusedInferAttentionScore,"[[1,1024],[1024,4096]]",vllm/worker/model_runner.py:1234,6.5,9.8,68.786,72.786,0.18,0.44
0,RmsNorm,"[[1,1024],[1024,4096]]",vllm/worker/model_runner.py:1234,6.5,9.8,23.782,27.782,0.18,0.44
0,AllReduce,"[[1,1024],[1024,4096]]",vllm/worker/model_runner.py:1234,6.5,9.8,34.158,38.158,0.18,0.44
0,MatMulV2,"[[1,1024],[1024,4096]]",vllm/worker/model_runner.py:1234,6.5,9.8,126.834,130.834,0.18,0.44
0,FusedInferAttentionScore,"[[1,1024],[1024,4096]]",vllm/worker/model_runner.py:1234,6.5,9.8,76.524,80.524,0.18,0.44
0,RmsNorm,"[[1,1024],[1024,4096]]",vllm/worker/model_runner.py:1234,6.5,9.8,28.637,32.637,0.18,0.44
0,AllReduce,"[[1,1024],[1024,4096]]",vllm/worker/model_runner.py:1234,6.5,9.8,31.5,35.5,0.18,0.44
0,MatMulV2,"[[1,1024],[1024,4096]]",vllm/worker/model_runner.py:1234,6.5,9.8,116.752,120.752,0.18,0.44
0,FusedInferAttentionScore,"[[1,1024],[1024,4096]]",vllm/worker/model_runner.py:1234,6.5,9.8,66.856,70.856,0.18,0.44
0,RmsNorm,"[[1,1024],[1024,4096]]",vllm/worker/model_runner.py:1234,6.5,9.8,20.343,24.343,0.18,0.44
0,AllReduce,"[[1,1024],[1024,4096]]",vllm/worker/model_runner.py:1234,6.5,9.8,30.988,34.988,0.18,0.44
0,MatMulV2,"[[1,1024],[1024,4096]]",vllm/worker/model_runner.py:1234,6.5,9.8,109.026,113.026,0.18,0.44
0,FusedInferAttentionScore,"[[1,1024],[1024,4096]]",vllm/worker/model_runner.py:1234,6.5,9.8,64.934,68.934,0.18,0.44
0,RmsNorm,"[[1,1024],[1024,4096]]",vllm/worker/model_runner.py:1234,6.5,9.8,22.738,26.738,0.18,0.44
0,AllReduce,"[[1,1024],[1024,4096]]",vllm/worker/model_runner.py:1234,6.5,9.8,34.181,38.181,0.18,0.44
0,MatMulV2,"[[1,1024],[1024,4096]]",vllm/worker/model_runner.py:1234,6.5,9.8,112.693,116.693,0.18,0.44
0,FusedInferAttentionScore,"[[1,1024],[1024,4096]]",vllm/worker/model_runner.py:1234,6.5,9.8,68.446,72.446,0.18,0.44
0,RmsNorm,"[[1,1024],[1024,4096]]",vllm/worker/model_runner.py:1234,6.5,9.8,22.688,26.688,0.18,0.44
0,AllReduce,"[[1,1024],[1024,4096]]",vllm/worker/model_runner.py:1234,6.5,9.8,32.041,36.041,0.18,0.44
0,MatMulV2,"[[1,1024],[1024,4096]]",vllm/worker/model_runner.py:1234,6.5,9.8,120.257,124.257,0.18,0.44
0,FusedInferAttentionScore,"[[1,1024],[1024,4096]]",vllm/worker/model_runner.py:1234,6.5,9.8,68.567,72.567,0.18,0.44
0,RmsNorm,"[[1,1024],[1024,4096]]",vllm/worker/model_runner.py:1234,6.5,9.8,19.803,23.803,0.18,0.44
0,AllReduce,"[[1,1024],[1024,4096]]",vllm/worker/model_runner.py:1234,6.5,9.8,36.622,40.622,0.18,0.44
0,MatMulV2,"[[1,1024],[1024,4096]]",vllm/worker/model_runner.py:1234,6.5,9.8,109.308,113.308,0.18,0.44
0,FusedInferAttentionScore,"[[1,1024],[1024,4096]]",vllm/worker/model_runner.py:1234,6.5,9.8,63.549,67.549,0.18,0.44
0,RmsNorm,"[[1,1024],[1024,4096]]",vllm/worker/model_runner.py:1234,6.5,9.8,24.851,28.851,0.18,0.44
0,AllReduce,"[[1,1024],[1024,4096]]",vllm/worker/model_runner.py:1234,6.5,9.8,31.478,35.478,0.18,0.44
0,MatMulV2,"[[1,1024],[1024,4096]]",vllm/worker/model_runner.py:1234,6.5,9.8,117.85,121.85,0.18,0.44
0,FusedInferAttentionScore,"[[1,1024],[1024,4096]]",vllm/worker/model_runner.py:1234,6.5,9.8,64.283,68.283,0.18,0.44
0,RmsNorm,"[[1,1024],[1024,4096]]",vllm/worker/model_runner.py:1234,6.5,9.8,20.244,24.244,0.18,0.44
0,AllReduce,"[[1,1024],[1024,4096]]",vllm/worker/model_runner.py:1234,6.5,9.8,31.681,35.681,0.18,0.44
0,MatMulV2,"[[1,1024],[1024,4096]]",vllm/worker/model_runner.py:1234,6.5,9.8,129.719,133.719,0.18,0.44
0,FusedInferAttentionScore,"[[1,1024],[1024,4096]]",vllm/worker/model_runner.py:1234,6.5,9.8,66.677,70.677,0.18,0.44
0,RmsNorm,"[[1,1024],[1024,4096]]",vllm/worker/model_runner.py:1234,6.5,9.8,23.124,27.124,0.18,0.44
0,AllReduce,"[[1,1024],[1024,4096]]",vllm/worker/model_runner.py:1234,6.5,9.8,31.312,35.312,0.18,0.44
0,MatMulV2,"[[1,1024],[1024,4096]]",vllm/worker/model_runner.py:1234,6.5,9.8,112.46,116.46,0.18,0.44
0,FusedInferAttentionScore,"[[1,1024],[1024,4096]]",vllm/worker/model_runner.py:1234,6.5,9.8,67.2,71.2,0.18,0.44
0,RmsNorm,"[[1,1024],[1024,4096]]",vllm/worker/model_runner.py:1234,6.5,9.8,19.615,23.615,0.18,0.44
0,AllReduce,"[[1,1024],[1024,4096]]",vllm/worker/model_runner.py:1234,6.5,9.8,32.741,36.741,0.18,0.44
0,MatMulV2,"[[1,1024],[1024,4096]]",vllm/worker/model_runner.py:1234,6.5,9.8,124.034,128.034,0.18,0.44
0,FusedInferAttentionScore,"[[1,1024],[1024,4096]]",vllm/worker/model_runner.py:1234,6.5,9.8,75.431,79.431,0.18,0.44
0,RmsNorm,"[[1,1024],[1024,4096]]",vllm/worker/model_runner.py:1234,6.5,9.8,21.18,25.18,0.18,0.44
0,AllReduce,"[[1,1024],[1024,4096]]",vllm/worker/model_runner.py:1234,6.5,9.8,34.134,38.134,0.18,0.44
0,MatMulV2,"[[1,1024],[1024,4096]]",vllm/worker/model_runner.py:1234,6.5,9.8,122.749,126.749,0.18,0.44
0,FusedInferAttentionScore,"[[1,1024],[1024,4096]]",vllm/worker/model_runner.py:1234,6.5,9.8,66.955,70.955,0.18,0.44
0,RmsNorm,"[[1,1024],[1024,4096]]",vllm/worker/model_runner.py:1234,6.5,9.8,26.036,30.036,0.18,0.44
0,AllReduce,"[[1,1024],[1024,4096]]",vllm/worker/model_runner.py:1234,6.5,9.8,36.909,40.909,0.18,0.44
0,MatMulV2,"[[1,1024],[1024,4096]]",vllm/worker/model_runner.py:1234,6.5,9.8,128.763,132.763,0.18,0.44
0,FusedInferAttentionScore,"[[1,1024],[1024,4096]]",vllm/worker/model_runner.py:1234,6.5,9.8,75.456,79.456,0.18,0.44
0,RmsNorm,"[[1,1024],[1024,4096]]",vllm/worker/model_runner.py:1234,6.5,9.8,26.186,30.186,0.18,0.44
0,AllReduce,"[[1,1024],[1024,4096]]",vllm/worker/model_runner.py:1234,6.5,9.8,34.583,38.583,0.18,0.44
0,MatMulV2,"[[1,1024],[1024,4096]]",vllm/worker/model_runner.py:1234,6.5,9.8,119.557,123.557,0.18,0.44
0,FusedInferAttentionScore,"[[1,1024],[1024,4096]]",vllm/worker/model_runner.py:1234,6.5,9.8,66.343,70.343,0.18,0.44
0,RmsNorm,"[[1,1024],[1024,4096]]",vllm/worker/model_runner.py:1234,6.5,9.8,20.605,24.605,0.18,0.44
0,AllReduce,"[[1,1024],[1024,4096]]",vllm/worker/model_runner.py:1234,6.5,9.8,34.536,38.536,0.18,0.44
0,MatMulV2,"[[1,1024],[1024,4096]]",vllm/worker/model_runner.py:1234,6.5,9.8,127.742,131.74200000000002,0.18,0.44
0,FusedInferAttentionScore,"[[1,1024],[1024,4096]]",vllm/worker/model_runner.py:1234,6.5,9.8,63.762,67.762,0.18,0.44
0,RmsNorm,"[[1,1024],[1024,4096]]",vllm/worker/model_runner.py:1234,6.5,9.8,26.33,30.33,0.18,0.44
0,AllReduce,"[[1,1024],[1024,4096]]",vllm/worker/model_runner.py:1234,6.5,9.8,36.723,40.723,0.18,0.44
0,MatMulV2,"[[1,1024],[1024,4096]]",vllm/worker/model_runner.py:1234,6.5,9.8,127.572,131.572,0.18,0.44
0,FusedInferAttentionScore,"[[1,1024],[1024,4096]]",vllm/worker/model_runner.py:1234,6.5,9.8,68.327,72.327,0.18,0.44
0,RmsNorm,"[[1,1024],[1024,4096]]",vllm/worker/model_runner.py:1234,6.5,9.8,24.024,28.024,0.18,0.44
0,AllReduce,"[[1,1024],[1024,4096]]",vllm/worker/model_runner.py:1234,6.5,9.8,31.066,35.066,0.18,0.44
0,MatMulV2,"[[1,1024],[1024,4096]]",vllm/worker/model_runner.py:1234,6.5,9.8,118.553,122.553,0.18,0.44
0,FusedInferAttentionScore,"[[1,1024],[1024,4096]]",vllm/worker/model_runner.py:1234,6.5,9.8,76.424,80.424,0.18,0.44
0,RmsNorm,"[[1,1024],[1024,4096]]",vllm/worker/model_runner.py:1234,6.5,9.8,26.532,30.532,0.18,0.44
0,AllReduce,"[[1,1024],[1024,4096]]",vllm/worker/model_runner.py:1234,6.5,9.8,36.158,40.158,0.18,0.44
0,MatMulV2,"[[1,1024],[1024,4096]]",vllm/worker/model_runner.py:1234,6.5,9.8,124.503,128.503,0.18,0.44
0,FusedInferAttentionScore,"[[1,1024],[1024,4096]]",vllm/worker/model_runner.py:1234,6.5,9.8,67.424,71.424,0.18,0.44
0,RmsNorm,"[[1,1024],[1024,4096]]",vllm/worker/model_runner.py:1234,6.5,9.8,19.812,23.812,0.18,0.44
0,AllReduce,"[[1,1024],[1024,4096]]",vllm/worker/model_runner.py:1234,6.5,9.8,33.609,37.609,0.18,0.44
0,MatMulV2,"[[1,1024],[1024,4096]]",vllm/worker/model_runner.py:1234,6.5,9.8,120.451,124.451,0.18,0.44
0,FusedInferAttentionScore,"[[1,1024],[1024,4096]]",vllm/worker/model_runner.py:1234,6.5,9.8,66.655,70.655,0.18,0.44
0,RmsNorm,"[[1,1024],[1024,4096]]",vllm/worker/model_runner.py:1234,6.5,9.8,27.164,31.164,0.18,0.44
0,AllReduce,"[[1,1024],[1024,4096]]",vllm/worker/model_runner.py:1234,6.5,9.8,34.866,38.866,0.18,0.44
0,MatMulV2,"[[1,1024],[1024,4096]]",vllm/worker/model_runner.py:1234,6.5,9.8,121.751,125.751,0.18,0.44
0,FusedInferAttentionScore,"[[1,1024],[1024,4096]]",vllm/worker/model_runner.py:1234,6.5,9.8,73.469,77.469,0.18,0.44
0,RmsNorm,"[[1,1024],[1024,4096]]",vllm/worker/model_runner.py:1234,6.5,9.8,22.127,26.127,0.18,0.44
0,AllReduce,"[[1,1024],[1024,4096]]",vllm/worker/model_runner.py:1234,6.5,9.8,36.238,40.238,0.18,0.44
0,MatMulV2,"[[1,1024],[1024,4096]]",vllm/worker/model_runner.py:1234,6.5,9.8,123.779,127.779,0.18,0.44
0,FusedInferAttentionScore,"[[1,1024],[1024,4096]]",vllm/worker/model_runner.py:1234,6.5,9.8,67.257,71.257,0.18,0.44
0,RmsNorm,"[[1,1024],[1024,4096]]",vllm/worker/model_runner.py:1234,6.5,9.8,22.575,26.575,0.18,0.44
0,AllReduce,"[[1,1024],[1024,4096]]",vllm/worker/model_runner.py:1234,6.5,9.8,34.358,38.358,0.18,0.44
0,MatMulV2,"[[1,1024],[1024,4096]]",vllm/worker/model_runner.py:1234,6.5,9.8,114.585,118.585,0.18,0.44
0,FusedInferAttentionScore,"[[1,1024],[1024,4096]]",vllm/worker/model_runner.py:1234,6.5,9.8,69.749,73.749,0.18,0.44
0,RmsNorm,"[[1,1024],[1024,4096]]",vllm/worker/model_runner.py:1234,6.5,9.8,19.385,23.385,0.18,0.44
0,AllReduce,"[[1,1024],[1024,4096]]",vllm/worker/model_runner.py:1234,6.5,9.8,31.212,35.212,0.18,0.44
0,MatMulV2,"[[1,1024],[1024,4096]]",vllm/worker/model_runner.py:1234,6.5,9.8,124.894,128.894,0.18,0.44
0,FusedInferAttentionScore,"[[1,1024],[1024,4096]]",vllm/worker/model_runner.py:1234,6.5,9.8,63.445,67.445,0.18,0.44
0,RmsNorm,"[[1,1024],[1024,4096]]",vllm/worker/model_runner.py:1234,6.5,9.8,19.402,23.402,0.18,0.44
0,AllReduce,"[[1,1024],[1024,4096]]",vllm/worker/model_runner.py:1234,6.5,9.8,34.365,38.365,0.18,0.44
0,MatMulV2,"[[1,1024],[1024,4096]]",vllm/worker/model_runner.py:1234,6.5,9.8,117.806,121.806,0.18,0.44
0,FusedInferAttentionScore,"[[1,1024],[1024,4096]]",vllm/worker/model_runner.py:1234,6.5,9.8,73.519,77.519,0.18,0.44
0,RmsNorm,"[[1,1024],[1024,4096]]",vllm/worker/model_runner.py:1234,6.5,9.8,24.075,28.075,0.18,0.44
0,AllReduce,"[[1,1024],[1024,4096]]",vllm/worker/model_runner.py:1234,6.5,9.8,32.523,36.523,0.18,0.44
0,MatMulV2,"[[1,1024],[1024,4096]]",vllm/worker/model_runner.py:1234,6.5,9.8,126.589,130.589,0.18,0.44
0,FusedInferAttentionScore,"[[1,1024],[1024,4096]]",vllm/worker/model_runner.py:1234,6.5,9.8,66.045,70.045,0.18,0.44
0,RmsNorm,"[[1,1024],[1024,4096]]",vllm/worker/model_runner.py:1234,6.5,9.8,26.693,30.693,0.18,0.44
0,AllReduce,"[[1,1024],[1024,4096]]",vllm/worker/model_runner.py:1234,6.5,9.8,37.047,41.047,0.18,0.44
0,MatMulV2,"[[1,1024],[1024,4096]]",vllm/worker/model_runner.py:1234,6.5,9.8,118.928,122.928,0.18,0.44
0,FusedInferAttentionScore,"[[1,1024],[1024,4096]]",vllm/worker/model_runner.py:1234,6.5,9.8,74.882,78.882,0.18,0.44
0,RmsNorm,"[[1,1024],[1024,4096]]",vllm/worker/model_runner.py:1234,6.5,9.8,27.183,31.183,0.18,0.44
0,AllReduce,"[[1,1024],[1024,4096]]",vllm/worker/model_runner.py:1234,6.5,9.8,36.97,40.97,0.18,0.44
0,MatMulV2,"[[1,1024],[1024,4096]]",vllm/worker/model_runner.py:1234,6.5,9.8,128.013,132.013,0.18,0.44
0,FusedInferAttentionScore,"[[1,1024],[1024,4096]]",vllm/worker/model_runner.py:1234,6.5,9.8,63.068,67.068,0.18,0.44
0,RmsNorm,"[[1,1024],[1024,4096]]",vllm/worker/model_runner.py:1234,6.5,9.8,27.423,31.423,0.18,0.44
0,AllReduce,"[[1,1024],[1024,4096]]",vllm/worker/model_runner.py:1234,6.5,9.8,36.328,40.328,0.18,0.44
0,MatMulV2,"[[1,1024],[1024,4096]]",vllm/worker/model_runner.py:1234,6.5,9.8,116.841,120.841,0.18,0.44
0,FusedInferAttentionScore,"[[1,1024],[1024,4096]]",vllm/worker/model_runner.py:1234,6.5,9.8,64.058,68.058,0.18,0.44
0,RmsNorm,"[[1,1024],[1024,4096]]",vllm/worker/model_runner.py:1234,6.5,9.8,20.407,24.407,0.18,0.44
0,AllReduce,"[[1,1024],[1024,4096]]",vllm/worker/model_runner.py:1234,6.5,9.8,31.555,35.555,0.18,0.44
0,MatMulV2,"[[1,1024],[1024,4096]]",vllm/worker/model_runner.py:1234,6.5,9.8,116.279,120.279,0.18,0.44
0,FusedInferAttentionScore,"[[1,1024],[1024,4096]]",vllm/worker/model_runner.py:1234,6.5,9.8,73.437,77.437,0.18,0.44
0,RmsNorm,"[[1,1024],[1024,4096]]",vllm/worker/model_runner.py:1234,6.5,9.8,20.842,24.842,0.18,0.44
0,AllReduce,"[[1,1024],[1024,4096]]",vllm/worker/model_runner.py:1234,6.5,9.8,32.104,36.104,0.18,0.44
0,aclrtMemcpyAsync_D2H,"[[1,1024],[1024,4096]]",vllm/worker/model_runner.py:1234,6.5,9.8,260,264,0.18,0.44
0,MatMulV2,"[[1,1024],[1024,4096]]",vllm/worker/model_runner.py:1234,6.5,9.8,122.791,126.791,0.18,0.44
0,FusedInferAttentionScore,"[[1,1024],[1024,4096]]",vllm/worker/model_runner.py:1234,6.5,9.8,64.976,68.976,0.18,0.44
0,RmsNorm,"[[1,1024],[1024,4096]]",vllm/worker/model_runner.py:1234,6.5,9.8,28.463,32.463,0.18,0.44
0,AllReduce,"[[1,1024],[1024,4096]]",vllm/worker/model_runner.py:1234,6.5,9.8,31.075,35.075,0.18,0.44
0,MatMulV2,"[[1,1024],[1024,4096]]",vllm/worker/model_runner.py:1234,6.5,9.8,116.874,120.874,0.18,0.44
0,FusedInferAttentionScore,"[[1,1024],[1024,4096]]",vllm/worker/model_runner.py:1234,6.5,9.8,74.274,78.274,0.18,0.44
0,RmsNorm,"[[1,1024],[1024,4096]]",vllm/worker/model_runner.py:1234,6.5,9.8,21.749,25.749,0.18,0.44
0,AllReduce,"[[1,1024],[1024,4096]]",vllm/worker/model_runner.py:1234,6.5,9.8,35.81,39.81,0.18,0.44
0,MatMulV2,"[[1,1024],[1024,4096]]",vllm/worker/model_runner.py:1234,6.5,9.8,112.454,116.454,0.18,0.44
0,FusedInferAttentionScore,"[[1,1024],[1024,4096]]",vllm/worker/model_runner.py:1234,6.5,9.8,68.747,72.747,0.18,0.44
0,RmsNorm,"[[1,1024],[1024,4096]]",vllm/worker/model_runner.py:1234,6.5,9.8,19.764,23.764,0.18,0.44
0,AllReduce,"[[1,1024],[1024,4096]]",vllm/worker/model_runner.py:1234,6.5,9.8,34.668,38.668,0.18,0.44
0,MatMulV2,"[[1,1024],[1024,4096]]",vllm/worker/model_runner.py:1234,6.5,9.8,108.147,112.147,0.18,0.44
0,FusedInferAttentionScore,"[[1,1024],[1024,4096]]",vllm/worker/model_runner.py:1234,6.5,9.8,71.512,75.512,0.18,0.44
0,RmsNorm,"[[1,1024],[1024,4096]]",vllm/worker/model_runner.py:1234,6.5,9.8,24.796,28.796,0.18,0.44
0,AllReduce,"[[1,1024],[1024,4096]]",vllm/worker/model_runner.py:1234,6.5,9.8,30.728,34.728,0.18,0.44
0,MatMulV2,"[[1,1024],[1024,4096]]",vllm/worker/model_runner.py:1234,6.5,9.8,116.886,120.886,0.18,0.44
0,FusedInferAttentionScore,"[[1,1024],[1024,4096]]",vllm/worker/model_runner.py:1234,6.5,9.8,72.368,76.368,0.18,0.44
0,RmsNorm,"[[1,1024],[1024,4096]]",vllm/worker/model_runner.py:1234,6.5,9.8,22.911,26.911,0.18,0.44
0,AllReduce,"[[1,1024],[1024,4096]]",vllm/worker/model_runner.py:1234,6.5,9.8,35.587,39.587,0.18,0.44
0,MatMulV2,"[[1,1024],[1024,4096]]",vllm/worker/model_runner.py:1234,6.5,9.8,108.383,112.383,0.18,0.44
0,FusedInferAttentionScore,"[[1,1024],[1024,4096]]",vllm/worker/model_runner.py:1234,6.5,9.8,68.782,72.782,0.18,0.44
0,RmsNorm,"[[1,1024],[1024,4096]]",vllm/worker/model_runner.py:1234,6.5,9.8,25.002,29.002,0.18,0.44
0,AllReduce,"[[1,1024],[1024,4096]]",vllm/worker/model_runner.py:1234,6.5,9.8,31.571,35.571,0.18,0.44
0,MatMulV2,"[[1,1024],[1024,4096]]",vllm/worker/model_runner.py:1234,6.5,9.8,122.804,126.804,0.18,0.44
0,FusedInferAttentionScore,"[[1,1024],[1024,4096]]",vllm/worker/model_runner.py:1234,6.5,9.8,68.224,72.224,0.18,0.44
0,RmsNorm,"[[1,1024],[1024,4096]]",vllm/worker/model_runner.py:1234,6.5,9.8,27.319,31.319,0.18,0.44
0,AllReduce,"[[1,1024],[1024,4096]]",vllm/worker/model_runner.py:1234,6.5,9.8,32.113,36.113,0.18,0.44
0,MatMulV2,"[[1,1024],[1024,4096]]",vllm/worker/model_runner.py:1234,6.5,9.8,124.024,128.024,0.18,0.44
0,FusedInferAttentionScore,"[[1,1024],[1024,4096]]",vllm/worker/model_runner.py:1234,6.5,9.8,68.695,72.695,0.18,0.44
0,RmsNorm,"[[1,1024],[1024,4096]]",vllm/worker/model_runner.py:1234,6.5,9.8,22.383,26.383,0.18,0.44
0,AllReduce,"[[1,1024],[1024,4096]]",vllm/worker/model_runner.py:1234,6.5,9.8,31.707,35.707,0.18,0.44
0,MatMulV2,"[[1,1024],[1024,4096]]",vllm/worker/model_runner.py:1234,6.5,9.8,126.852,130.852,0.18,0.44
0,FusedInferAttentionScore,"[[1,1024],[1024,4096]]",vllm/worker/model_runner.py:1234,6.5,9.8,65.794,69.794,0.18,0.44
0,RmsNorm,"[[1,1024],[1024,4096]]",vllm/worker/model_runner.py:1234,6.5,9.8,20.885,24.885,0.18,0.44
0,AllReduce,"[[1,1024],[1024,4096]]",vllm/worker/model_runner.py:1234,6.5,9.8,32.985,36.985,0.18,0.44
0,MatMulV2,"[[1,1024],[1024,4096]]",vllm/worker/model_runner.py:1234,6.5,9.8,130.584,134.584,0.18,0.44
0,FusedInferAttentionScore,"[[1,1024],[1024,4096]]",vllm/worker/model_runner.py:1234,6.5,9.8,68.165,72.165,0.18,0.44
0,RmsNorm,"[[1,1024],[1024,4096]]",vllm/worker/model_runner.py:1234,6.5,9.8,28.272,32.272,0.18,0.44
0,AllReduce,"[[1,1024],[1024,4096]]",vllm/worker/model_runner.py:1234,6.5,9.8,34.145,38.145,0.18,0.44
0,MatMulV2,"[[1,1024],[1024,4096]]",vllm/worker/model_runner.py:1234,6.5,9.8,117.272,121.272,0.18,0.44
0,FusedInferAttentionScore,"[[1,1024],[1024,4096]]",vllm/worker/model_runner.py:1234,6.5,9.8,64.665,68.665,0.18,0.44
0,RmsNorm,"[[1,1024],[1024,4096]]",vllm/worker/model_runner.py:1234,6.5,9.8,27.807,31.807,0.18,0.44
0,AllReduce,"[[1,1024],[1024,4096]]",vllm/worker/model_runner.py:1234,6.5,9.8,31.649,35.649,0.18,0.44
0,MatMulV2,"[[1,1024],[1024,4096]]",vllm/worker/model_runner.py:1234,6.5,9.8,115.076,119.076,0.18,0.44
0,FusedInferAttentionScore,"[[1,1024],[1024,4096]]",vllm/worker/model_runner.py:1234,6.5,9.8,72.108,76.108,0.18,0.44
0,RmsNorm,"[[1,1024],[1024,4096]]",vllm/worker/model_runner.py:1234,6.5,9.8,24.234,28.234,0.18,0.44
0,AllReduce,"[[1,1024],[1024,4096]]",vllm/worker/model_runner.py:1234,6.5,9.8,33.646,37.646,0.18,0.44
0,MatMulV2,"[[1,1024],[1024,4096]]",vllm/worker/model_runner.py:1234,6.5,9.8,117.078,121.078,0.18,0.44
0,FusedInferAttentionScore,"[[1,1024],[1024,4096]]",vllm/worker/model_runner.py:1234,6.5,9.8,73.915,77.915,0.18,0.44
0,RmsNorm,"[[1,1024],[1024,4096]]",vllm/worker/model_runner.py:1234,6.5,9.8,22.201,26.201,0.18,0.44
0,AllReduce,"[[1,1024],[1024,4096]]",vllm/worker/model_runner.py:1234,6.5,9.8,33.626,37.626,0.18,0.44
0,MatMulV2,"[[1,1024],[1024,4096]]",vllm/worker/model_runner.py:1234,6.5,9.8,131.933,135.933,0.18,0.44
0,FusedInferAttentionScore,"[[1,1024],[1024,4096]]",vllm/worker/model_runner.py:1234,6.5,9.8,69.519,73.519,0.18,0.44
0,RmsNorm,"[[1,1024],[1024,4096]]",vllm/worker/model_runner.py:1234,6.5,9.8,27.192,31.192,0.18,0.44
0,AllReduce,"[[1,1024],[1024,4096]]",vllm/worker/model_runner.py:1234,6.5,9.8,31.557,35.557,0.18,0.44
0,MatMulV2,"[[1,1024],[1024,4096]]",vllm/worker/model_runner.py:1234,6.5,9.8,120.728,124.728,0.18,0.44
0,FusedInferAttentionScore,"[[1,1024],[1024,4096]]",vllm/worker/model_runner.py:1234,6.5,9.8,65.876,69.876,0.18,0.44
0,RmsNorm,"[[1,1024],[1024,4096]]",vllm/worker/model_runner.py:1234,6.5,9.8,24.723,28.723,0.18,0.44
0,AllReduce,"[[1,1024],[1024,4096]]",vllm/worker/model_runner.py:1234,6.5,9.8,35.016,39.016,0.18,0.44
0,MatMulV2,"[[1,1024],[1024,4096]]",vllm/worker/model_runner.py:1234,6.5,9.8,108.429,112.429,0.18,0.44
0,FusedInferAttentionScore,"[[1,1024],[1024,4096]]",vllm/worker/model_runner.py:1234,6.5,9.8,69.915,73.915,0.18,0.44
0,RmsNorm,"[[1,1024],[1024,4096]]",vllm/worker/model_runner.py:1234,6.5,9.8,20.739,24.739,0.18,0.44
0,AllReduce,"[[1,1024],[1024,4096]]",vllm/worker/model_runner.py:1234,6.5,9.8,35.77,39.77,0.18,0.44
0,MatMulV2,"[[1,1024],[1024,4096]]",vllm/worker/model_runner.py:1234,6.5,9.8,116.292,120.292,0.18,0.44
0,FusedInferAttentionScore,"[[1,1024],[1024,4096]]",vllm/worker/model_runner.py:1234,6.5,9.8,74.272,78.272,0.18,0.44
0,RmsNorm,"[[1,1024],[1024,4096]]",vllm/worker/model_runner.py:1234,6.5,9.8,26.983,30.983,0.18,0.44
0,AllReduce,"[[1,1024],[1024,4096]]",vllm/worker/model_runner.py:1234,6.5,9.8,33.715,37.715,0.18,0.44
0,MatMulV2,"[[1,1024],[1024,4096]]",vllm/worker/model_runner.py:1234,6.5,9.8,119.601,123.601,0.18,0.44
0,FusedInferAttentionScore,"[[1,1024],[1024,4096]]",vllm/worker/model_runner.py:1234,6.5,9.8,74.164,78.164,0.18,0.44
0,RmsNorm,"[[1,1024],[1024,4096]]",vllm/worker/model_runner.py:1234,6.5,9.8,21.46,25.46,0.18,0.44
0,AllReduce,"[[1,1024],[1024,4096]]",vllm/worker/model_runner.py:1234,6.5,9.8,32.212,36.212,0.18,0.44
0,MatMulV2,"[[1,1024],[1024,4096]]",vllm/worker/model_runner.py:1234,6.5,9.8,121.129,125.129,0.18,0.44
0,FusedInferAttentionScore,"[[1,1024],[1024,4096]]",vllm/worker/model_runner.py:1234,6.5,9.8,72.729,76.729,0.18,0.44
0,RmsNorm,"[[1,1024],[1024,4096]]",vllm/worker/model_runner.py:1234,6.5,9.8,22.17,26.17,0.18,0.44
0,AllReduce,"[[1,1024],[1024,4096]]",vllm/worker/model_runner.py:1234,6.5,9.8,32.565,36.565,0.18,0.44
0,MatMulV2,"[[1,1024],[1024,4096]]",vllm/worker/model_runner.py:1234,6.5,9.8,124.671,128.671,0.18,0.44
0,FusedInferAttentionScore,"[[1,1024],[1024,4096]]",vllm/worker/model_runner.py:1234,6.5,9.8,63.686,67.686,0.18,0.44
0,RmsNorm,"[[1,1024],[1024,4096]]",vllm/worker/model_runner.py:1234,6.5,9.8,21.049,25.049,0.18,0.44
0,AllReduce,"[[1,1024],[1024,4096]]",vllm/worker/model_runner.py:1234,6.5,9.8,36.647,40.647,0.18,0.44
0,MatMulV2,"[[1,1024],[1024,4096]]",vllm/worker/model_runner.py:1234,6.5,9.8,111.055,115.055,0.18,0.44
0,FusedInferAttentionScore,"[[1,1024],[1024,4096]]",vllm/worker/model_runner.py:1234,6.5,9.8,67.663,71.663,0.18,0.44
0,RmsNorm,"[[1,1024],[1024,4096]]",vllm/worker/model_runner.py:1234,6.5,9.8,26.665,30.665,0.18,0.44
0,AllReduce,"[[1,1024],[1024,4096]]",vllm/worker/model_runner.py:1234,6.5,9.8,34.428,38.428,0.18,0.44
0,MatMulV2,"[[1,1024],[1024,4096]]",vllm/worker/model_runner.py:1234,6.5,9.8,124.968,128.96800000000002,0.18,0.44
0,FusedInferAttentionScore,"[[1,1024],[1024,4096]]",vllm/worker/model_runner.py:1234,6.5,9.8,64.022,68.022,0.18,0.44
0,RmsNorm,"[[1,1024],[1024,4096]]",vllm/worker/model_runner.py:1234,6.5,9.8,25.03,29.03,0.18,0.44
0,AllReduce,"[[1,1024],[1024,4096]]",vllm/worker/model_runner.py:1234,6.5,9.8,36.42,40.42,0.18,0.44
0,MatMulV2,"[[1,1024],[1024,4096]]",vllm/worker/model_runner.py:1234,6.5,9.8,131.016,135.016,0.18,0.44
0,FusedInferAttentionScore,"[[1,1024],[1024,4096]]",vllm/worker/model_runner.py:1234,6.5,9.8,69.54,73.54,0.18,0.44
0,RmsNorm,"[[1,1024],[1024,4096]]",vllm/worker/model_runner.py:1234,6.5,9.8,25.463,29.463,0.18,0.44
0,AllReduce,"[[1,1024],[1024,4096]]",vllm/worker/model_runner.py:1234,6.5,9.8,35.982,39.982,0.18,0.44
0,MatMulV2,"[[1,1024],[1024,4096]]",vllm/worker/model_runner.py:1234,6.5,9.8,119.35,123.35,0.18,0.44
0,FusedInferAttentionScore,"[[1,1024],[1024,4096]]",vllm/worker/model_runner.py:1234,6.5,9.8,72.784,76.784,0.18,0.44
0,RmsNorm,"[[1,1024],[1024,4096]]",vllm/worker/model_runner.py:1234,6.5,9.8,24.873,28.873,0.18,0.44
0,AllReduce,"[[1,1024],[1024,4096]]",vllm/worker/model_runner.py:1234,6.5,9.8,32.91,36.91,0.18,0.44
0,MatMulV2,"[[1,1024],[1024,4096]]",vllm/worker/model_runner.py:1234,6.5,9.8,131.264,135.264,0.18,0.44
0,FusedInferAttentionScore,"[[1,1024],[1024,4096]]",vllm/worker/model_runner.py:1234,6.5,9.8,68.516,72.516,0.18,0.44
0,RmsNorm,"[[1,1024],[1024,4096]]",vllm/worker/model_runner.py:1234,6.5,9.8,23.79,27.79,0.18,0.44
0,AllReduce,"[[1,1024],[1024,4096]]",vllm/worker/model_runner.py:1234,6.5,9.8,33.844,37.844,0.18,0.44
0,MatMulV2,"[[1,1024],[1024,4096]]",vllm/worker/model_runner.py:1234,6.5,9.8,121.125,125.125,0.18,0.44
0,FusedInferAttentionScore,"[[1,1024],[1024,4096]]",vllm/worker/model_runner.py:1234,6.5,9.8,75.985,79.985,0.18,0.44
0,RmsNorm,"[[1,1024],[1024,4096]]",vllm/worker/model_runner.py:1234,6.5,9.8,28.316,32.316,0.18,0.44
0,AllReduce,"[[1,1024],[1024,4096]]",vllm/worker/model_runner.py:1234,6.5,9.8,35.121,39.121,0.18,0.44
0,MatMulV2,"[[1,1024],[1024,4096]]",vllm/worker/model_runner.py:1234,6.5,9.8,129.02,133.02,0.18,0.44
0,FusedInferAttentionScore,"[[1,1024],[1024,4096]]",vllm/worker/model_runner.py:1234,6.5,9.8,70.444,74.444,0.18,0.44
0,RmsNorm,"[[1,1024],[1024,4096]]",vllm/worker/model_runner.py:1234,6.5,9.8,22.524,26.524,0.18,0.44
0,AllReduce,"[[1,1024],[1024,4096]]",vllm/worker/model_runner.py:1234,6.5,9.8,36.217,40.217,0.18,0.44
0,MatMulV2,"[[1,1024],[1024,4096]]",vllm/worker/model_runner.py:1234,6.5,9.8,116.475,120.475,0.18,0.44
0,FusedInferAttentionScore,"[[1,1024],[1024,4096]]",vllm/worker/model_runner.py:1234,6.5,9.8,68.731,72.731,0.18,0.44
0,RmsNorm,"[[1,1024],[1024,4096]]",vllm/worker/model_runner.py:1234,6.5,9.8,23.08,27.08,0.18,0.44
0,AllReduce,"[[1,1024],[1024,4096]]",vllm/worker/model_runner.py:1234,6.5,9.8,31.588,35.588,0.18,0.44
0,MatMulV2,"[[1,1024],[1024,4096]]",vllm/worker/model_runner.py:1234,6.5,9.8,119.653,123.653,0.18,0.44
0,FusedInferAttentionScore,"[[1,1024],[1024,4096]]",vllm/worker/model_runner.py:1234,6.5,9.8,67.265,71.265,0.18,0.44
0,RmsNorm,"[[1,1024],[1024,4096]]",vllm/worker/model_runner.py:1234,6.5,9.8,23.011,27.011,0.18,0.44
0,AllReduce,"[[1,1024],[1024,4096]]",vllm/worker/model_runner.py:1234,6.5,9.8,32.464,36.464,0.18,0.44
0,MatMulV2,"[[1,1024],[1024,4096]]",vllm/worker/model_runner.py:1234,6.5,9.8,108.375,112.375,0.18,0.44
0,FusedInferAttentionScore,"[[1,1024],[1024,4096]]",vllm/worker/model_runner.py:1234,6.5,9.8,66.299,70.299,0.18,0.44
0,RmsNorm,"[[1,1024],[1024,4096]]",vllm/worker/model_runner.py:1234,6.5,9.8,27.591,31.591,0.18,0.44
0,AllReduce,"[[1,1024],[1024,4096]]",vllm/worker/model_runner.py:1234,6.5,9.8,35.812,39.812,0.18,0.44
0,MatMulV2,"[[1,1024],[1024,4096]]",vllm/worker/model_runner.py:1234,6.5,9.8,121.352,125.352,0.18,0.44
0,FusedInferAttentionScore,"[[1,1024],[1024,4096]]",vllm/worker/model_runner.py:1234,6.5,9.8,67.768,71.768,0.18,0.44
0,RmsNorm,"[[1,1024],[1024,4096]]",vllm/worker/model_runner.py:1234,6.5,9.8,22.885,26.885,0.18,0.44
0,AllReduce,"[[1,1024],[1024,4096]]",vllm/worker/model_runner.py:1234,6.5,9.8,36.204,40.204,0.18,0.44
0,MatMulV2,"[[1,1024],[1024,4096]]",vllm/worker/model_runner.py:1234,6.5,9.8,117.217,121.217,0.18,0.44
0,FusedInferAttentionScore,"[[1,1024],[1024,4096]]",vllm/worker/model_runner.py:1234,6.5,9.8,73.596,77.596,0.18,0.44
0,RmsNorm,"[[1,1024],[1024,4096]]",vllm/worker/model_runner.py:1234,6.5,9.8,22.061,26.061,0.18,0.44
0,AllReduce,"[[1,1024],[1024,4096]]",vllm/worker/model_runner.py:1234,6.5,9.8,30.874,34.873999999999995,0.18,0.44
0,aclrtMemcpyAsync_D2H,"[[1,1024],[1024,4096]]",vllm/worker/model_runner.py:1234,6.5,9.8,260,264,0.18,0.44
0,MatMulV2,"[[1,1024],[1024,4096]]",vllm/worker/model_runner.py:1234,6.5,9.8,117.493,121.493,0.18,0.44
0,FusedInferAttentionScore,"[[1,1024],[1024,4096]]",vllm/worker/model_runner.py:1234,6.5,9.8,67.845,71.845,0.18,0.44
0,RmsNorm,"[[1,1024],[1024,4096]]",vllm/worker/model_runner.py:1234,6.5,9.8,20.235,24.235,0.18,0.44
0,AllReduce,"[[1,1024],[1024,4096]]",vllm/worker/model_runner.py:1234,6.5,9.8,30.946,34.946,0.18,0.44
0,MatMulV2,"[[1,1024],[1024,4096]]",vllm/worker/model_runner.py:1234,6.5,9.8,109.113,113.113,0.18,0.44
0,FusedInferAttentionScore,"[[1,1024],[1024,4096]]",vllm/worker/model_runner.py:1234,6.5,9.8,68.675,72.675,0.18,0.44
0,RmsNorm,"[[1,1024],[1024,4096]]",vllm/worker/model_runner.py:1234,6.5,9.8,27.835,31.835,0.18,0.44
0,AllReduce,"[[1,1024],[1024,4096]]",vllm/worker/model_runner.py:1234,6.5,9.8,34.31,38.31,0.18,0.44
0,MatMulV2,"[[1,1024],[1024,4096]]",vllm/worker/model_runner.py:1234,6.5,9.8,124.534,128.534,0.18,0.44
0,FusedInferAttentionScore,"[[1,1024],[1024,4096]]",vllm/worker/model_runner.py:1234,6.5,9.8,73.306,77.306,0.18,0.44
0,RmsNorm,"[[1,1024],[1024,4096]]",vllm/worker/model_runner.py:1234,6.5,9.8,21.671,25.671,0.18,0.44
0,AllReduce,"[[1,1024],[1024,4096]]",vllm/worker/model_runner.py:1234,6.5,9.8,33.05,37.05,0.18,0.44
0,MatMulV2,"[[1,1024],[1024,4096]]",vllm/worker/model_runner.py:1234,6.5,9.8,110.34,114.34,0.18,0.44
0,FusedInferAttentionScore,"[[1,1024],[1024,4096]]",vllm/worker/model_runner.py:1234,6.5,9.8,73.89,77.89,0.18,0.44
0,RmsNorm,"[[1,1024],[1024,4096]]",vllm/worker/model_runner.py:1234,6.5,9.8,19.848,23.848,0.18,0.44
0,AllReduce,"[[1,1024],[1024,4096]]",vllm/worker/model_runner.py:1234,6.5,9.8,32.821,36.821,0.18,0.44
0,MatMulV2,"[[1,1024],[1024,4096]]",vllm/worker/model_runner.py:1234,6.5,9.8,131.536,135.536,0.18,0.44
0,FusedInferAttentionScore,"[[1,1024],[1024,4096]]",vllm/worker/model_runner.py:1234,6.5,9.8,76.851,80.851,0.18,0.44
0,RmsNorm,"[[1,1024],[1024,4096]]",vllm/worker/model_runner.py:1234,6.5,9.8,27.065,31.065,0.18,0.44
0,AllReduce,"[[1,1024],[1024,4096]]",vllm/worker/model_runner.py:1234,6.5,9.8,35.137,39.137,0.18,0.44
0,MatMulV2,"[[1,1024],[1024,4096]]",vllm/worker/model_runner.py:1234,6.5,9.8,113.223,117.223,0.18,0.44
0,FusedInferAttentionScore,"[[1,1024],[1024,4096]]",vllm/worker/model_runner.py:1234,6.5,9.8,64.931,68.931,0.18,0.44
0,RmsNorm,"[[1,1024],[1024,4096]]",vllm/worker/model_runner.py:1234,6.5,9.8,21.138,25.138,0.18,0.44
0,AllReduce,"[[1,1024],[1024,4096]]",vllm/worker/model_runner.py:1234,6.5,9.8,35.449,39.449,0.18,0.44
0,MatMulV2,"[[1,1024],[1024,4096]]",vllm/worker/model_runner.py:1234,6.5,9.8,126.499,130.499,0.18,0.44
0,FusedInferAttentionScore,"[[1,1024],[1024,4096]]",vllm/worker/model_runner.py:1234,6.5,9.8,75.394,79.394,0.18,0.44
0,RmsNorm,"[[1,1024],[1024,4096]]",vllm/worker/model_runner.py:1234,6.5,9.8,19.891,23.891,0.18,0.44
0,AllReduce,"[[1,1024],[1024,4096]]",vllm/worker/model_runner.py:1234,6.5,9.8,37.108,41.108,0.18,0.44
0,MatMulV2,"[[1,1024],[1024,4096]]",vllm/worker/model_runner.py:1234,6.5,9.8,119.494,123.494,0.18,0.44
0,FusedInferAttentionScore,"[[1,1024],[1024,4096]]",vllm/worker/model_runner.py:1234,6.5,9.8,67.381,71.381,0.18,0.44
0,RmsNorm,"[[1,1024],[1024,4096]]",vllm/worker/model_runner.py:1234,6.5,9.8,20.374,24.374,0.18,0.44
0,AllReduce,"[[1,1024],[1024,4096]]",vllm/worker/model_runner.py:1234,6.5,9.8,35.429,39.429,0.18,0.44
0,MatMulV2,"[[1,1024],[1024,4096]]",vllm/worker/model_runner.py:1234,6.5,9.8,112.382,116.382,0.18,0.44
0,FusedInferAttentionScore,"[[1,1024],[1024,4096]]",vllm/worker/model_runner.py:1234,6.5,9.8,66.862,70.862,0.18,0.44
0,RmsNorm,"[[1,1024],[1024,4096]]",vllm/worker/model_runner.py:1234,6.5,9.8,27.148,31.148,0.18,0.44
0,AllReduce,"[[1,1024],[1024,4096]]",vllm/worker/model_runner.py:1234,6.5,9.8,36.557,40.557,0.18,0.44
0,MatMulV2,"[[1,1024],[1024,4096]]",vllm/worker/model_runner.py:1234,6.5,9.8,129.274,133.274,0.18,0.44
0,FusedInferAttentionScore,"[[1,1024],[1024,4096]]",vllm/worker/model_runner.py:1234,6.5,9.8,73.174,77.174,0.18,0.44
0,RmsNorm,"[[1,1024],[1024,4096]]",vllm/worker/model_runner.py:1234,6.5,9.8,23.996,27.996,0.18,0.44
0,AllReduce,"[[1,1024],[1024,4096]]",vllm/worker/model_runner.py:1234,6.5,9.8,34.745,38.745,0.18,0.44
0,MatMulV2,"[[1,1024],[1024,4096]]",vllm/worker/model_runner.py:1234,6.5,9.8,129.839,133.839,0.18,0.44
0,FusedInferAttentionScore,"[[1,1024],[1024,4096]]",vllm/worker/model_runner.py:1234,6.5,9.8,68.597,72.597,0.18,0.44
0,RmsNorm,"[[1,1024],[1024,4096]]",vllm/worker/model_runner.py:1234,6.5,9.8,24.204,28.204,0.18,0.44
0,AllReduce,"[[1,1024],[1024,4096]]",vllm/worker/model_runner.py:1234,6.5,9.8,36.541,40.541,0.18,0.44
0,MatMulV2,"[[1,1024],[1024,4096]]",vllm/worker/model_runner.py:1234,6.5,9.8,113.558,117.558,0.18,0.44
0,FusedInferAttentionScore,"[[1,1024],[1024,4096]]",vllm/worker/model_runner.py:1234,6.5,9.8,69.942,73.942,0.18,0.44
0,RmsNorm,"[[1,1024],[1024,4096]]",vllm/worker/model_runner.py:1234,6.5,9.8,20.163,24.163,0.18,0.44
0,AllReduce,"[[1,1024],[1024,4096]]",vllm/worker/model_runner.py:1234,6.5,9.8,31.711,35.711,0.18,0.44
0,MatMulV2,"[[1,1024],[1024,4096]]",vllm/worker/model_runner.py:1234,6.5,9.8,119.453,123.453,0.18,0.44
0,FusedInferAttentionScore,"[[1,1024],[1024,4096]]",vllm/worker/model_runner.py:1234,6.5,9.8,66.633,70.633,0.18,0.44
0,RmsNorm,"[[1,1024],[1024,4096]]",vllm/worker/model_runner.py:1234,6.5,9.8,20.244,24.244,0.18,0.44
0,AllReduce,"[[1,1024],[1024,4096]]",vllm/worker/model_runner.py:1234,6.5,9.8,36.773,40.773,0.18,0.44
0,MatMulV2,"[[1,1024],[1024,4096]]",vllm/worker/model_runner.py:1234,6.5,9.8,114.2,118.2,0.18,0.44
0,FusedInferAttentionScore,"[[1,1024],[1024,4096]]",vllm/worker/model_runner.py:1234,6.5,9.8,71.223,75.223,0.18,0.44
0,RmsNorm,"[[1,1024],[1024,4096]]",vllm/worker/model_runner.py:1234,6.5,9.8,27.294,31.294,0.18,0.44
0,AllReduce,"[[1,1024],[1024,4096]]",vllm/worker/model_runner.py:1234,6.5,9.8,32.782,36.782,0.18,0.44
0,MatMulV2,"[[1,1024],[1024,4096]]",vllm/worker/model_runner.py:1234,6.5,9.8,127.471,131.471,0.18,0.44
0,FusedInferAttentionScore,"[[1,1024],[1024,4096]]",vllm/worker/model_runner.py:1234,6.5,9.8,63.848,67.848,0.18,0.44
0,RmsNorm,"[[1,1024],[1024,4096]]",vllm/worker/model_runner.py:1234,6.5,9.8,26.707,30.707,0.18,0.44
0,AllReduce,"[[1,1024],[1024,4096]]",vllm/worker/model_runner.py:1234,6.5,9.8,35.443,39.443,0.18,0.44
0,MatMulV2,"[[1,1024],[1024,4096]]",vllm/worker/model_runner.py:1234,6.5,9.8,111.4,115.4,0.18,0.44
0,FusedInferAttentionScore,"[[1,1024],[1024,4096]]",vllm/worker/model_runner.py:1234,6.5,9.8,63.555,67.555,0.18,0.44
0,RmsNorm,"[[1,1024],[1024,4096]]",vllm/worker/model_runner.py:1234,6.5,9.8,25.611,29.611,0.18,0.44
0,AllReduce,"[[1,1024],[1024,4096]]",vllm/worker/model_runner.py:1234,6.5,9.8,34.182,38.182,0.18,0.44
0,MatMulV2,"[[1,1024],[1024,4096]]",vllm/worker/model_runner.py:1234,6.5,9.8,111.038,115.038,0.18,0.44
0,FusedInferAttentionScore,"[[1,1024],[1024,4096]]",vllm/worker/model_runner.py:1234,6.5,9.8,72.995,76.995,0.18,0.44
0,RmsNorm,"[[1,1024],[1024,4096]]",vllm/worker/model_runner.py:1234,6.5,9.8,23.935,27.935,0.18,0.44
0,AllReduce,"[[1,1024],[1024,4096]]",vllm/worker/model_runner.py:1234,6.5,9.8,34.862,38.862,0.18,0.44
0,MatMulV2,"[[1,1024],[1024,4096]]",vllm/worker/model_runner.py:1234,6.5,9.8,114.68,118.68,0.18,0.44
0,FusedInferAttentionScore,"[[1,1024],[1024,4096]]",vllm/worker/model_runner.py:1234,6.5,9.8,66.44,70.44,0.18,0.44
0,RmsNorm,"[[1,1024],[1024,4096]]",vllm/worker/model_runner.py:1234,6.5,9.8,21.288,25.288,0.18,0.44
0,AllReduce,"[[1,1024],[1024,4096]]",vllm/worker/model_runner.py:1234,6.5,9.8,34.563,38.563,0.18,0.44
0,MatMulV2,"[[1,1024],[1024,4096]]",vllm/worker/model_runner.py:1234,6.5,9.8,110.93,114.93,0.18,0.44
0,FusedInferAttentionScore,"[[1,1024],[1024,4096]]",vllm/worker/model_runner.py:1234,6.5,9.8,68.597,72.597,0.18,0.44
0,RmsNorm,"[[1,1024],[1024,4096]]",vllm/worker/model_runner.py:1234,6.5,9.8,22.017,26.017,0.18,0.44
0,AllReduce,"[[1,1024],[1024,4096]]",vllm/worker/model_runner.py:1234,6.5,9.8,37.33,41.33,0.18,0.44
0,MatMulV2,"[[1,1024],[1024,4096]]",vllm/worker/model_runner.py:1234,6.5,9.8,117.381,121.381,0.18,0.44
0,FusedInferAttentionScore,"[[1,1024],[1024,4096]]",vllm/worker/model_runner.py:1234,6.5,9.8,67.183,71.183,0.18,0.44
0,RmsNorm,"[[1,1024],[1024,4096]]",vllm/worker/model_runner.py:1234,6.5,9.8,22.386,26.386,0.18,0.44
0,AllReduce,"[[1,1024],[1024,4096]]",vllm/worker/model_runner.py:1234,6.5,9.8,31.086,35.086,0.18,0.44
0,MatMulV2,"[[1,1024],[1024,4096]]",vllm/worker/model_runner.py:1234,6.5,9.8,119.792,123.792,0.18,0.44
0,FusedInferAttentionScore,"[[1,1024],[1024,4096]]",vllm/worker/model_runner.py:1234,6.5,9.8,65.732,69.732,0.18,0.44
0,RmsNorm,"[[1,1024],[1024,4096]]",vllm/worker/model_runner.py:1234,6.5,9.8,23.827,27.827,0.18,0.44
0,AllReduce,"[[1,1024],[1024,4096]]",vllm/worker/model_runner.py:1234,6.5,9.8,31.233,35.233000000000004,0.18,0.44
0,MatMulV2,"[[1,1024],[1024,4096]]",vllm/worker/model_runner.py:1234,6.5,9.8,130.634,134.634,0.18,0.44
0,FusedInferAttentionScore,"[[1,1024],[1024,4096]]",vllm/worker/model_runner.py:1234,6.5,9.8,68.608,72.608,0.18,0.44
0,RmsNorm,"[[1,1024],[1024,4096]]",vllm/worker/model_runner.py:1234,6.5,9.8,22.606,26.606,0.18,0.44
0,AllReduce,"[[1,1024],[1024,4096]]",vllm/worker/model_runner.py:1234,6.5,9.8,32.929,36.929,0.18,0.44
0,MatMulV2,"[[1,1024],[1024,4096]]",vllm/worker/model_runner.py:1234,6.5,9.8,125.868,129.868,0.18,0.44
0,FusedInferAttentionScore,"[[1,1024],[1024,4096]]",vllm/worker/model_runner.py:1234,6.5,9.8,73.68,77.68,0.18,0.44
0,RmsNorm,"[[1,1024],[1024,4096]]",vllm/worker/model_runner.py:1234,6.5,9.8,24.674,28.674,0.18,0.44
0,AllReduce,"[[1,1024],[1024,4096]]",vllm/worker/model_runner.py:1234,6.5,9.8,35.363,39.363,0.18,0.44
0,MatMulV2,"[[1,1024],[1024,4096]]",vllm/worker/model_runner.py:1234,6.5,9.8,128.854,132.854,0.18,0.44
0,FusedInferAttentionScore,"[[1,1024],[1024,4096]]",vllm/worker/model_runner.py:1234,6.5,9.8,67.646,71.646,0.18,0.44
0,RmsNorm,"[[1,1024],[1024,4096]]",vllm/worker/model_runner.py:1234,6.5,9.8,21.627,25.627,0.18,0.44
0,AllReduce,"[[1,1024],[1024,4096]]",vllm/worker/model_runner.py:1234,6.5,9.8,31.02,35.019999999999996,0.18,0.44
0,MatMulV2,"[[1,1024],[1024,4096]]",vllm/worker/model_runner.py:1234,6.5,9.8,116.24,120.24,0.18,0.44
0,FusedInferAttentionScore,"[[1,1024],[1024,4096]]",vllm/worker/model_runner.py:1234,6.5,9.8,64.453,68.453,0.18,0.44
0,RmsNorm,"[[1,1024],[1024,4096]]",vllm/worker/model_runner.py:1234,6.5,9.8,19.744,23.744,0.18,0.44
0,AllReduce,"[[1,1024],[1024,4096]]",vllm/worker/model_runner.py:1234,6.5,9.8,31.458,35.458,0.18,0.44
0,MatMulV2,"[[1,1024],[1024,4096]]",vllm/worker/model_runner.py:1234,6.5,9.8,122.722,126.722,0.18,0.44
0,FusedInferAttentionScore,"[[1,1024],[1024,4096]]",vllm/worker/model_runner.py:1234,6.5,9.8,76.803,80.803,0.18,0.44
0,RmsNorm,"[[1,1024],[1024,4096]]",vllm/worker/model_runner.py:1234,6.5,9.8,24.45,28.45,0.18,0.44
0,AllReduce,"[[1,1024],[1024,4096]]",vllm/worker/model_runner.py:1234,6.5,9.8,32.79,36.79,0.18,0.44
0,MatMulV2,"[[1,1024],[1024,4096]]",vllm/worker/model_runner.py:1234,6.5,9.8,111.556,115.556,0.18,0.44
0,FusedInferAttentionScore,"[[1,1024],[1024,4096]]",vllm/worker/model_runner.py:1234,6.5,9.8,68.197,72.197,0.18,0.44
0,RmsNorm,"[[1,1024],[1024,4096]]",vllm/worker/model_runner.py:1234,6.5,9.8,19.342,23.342,0.18,0.44
0,AllReduce,"[[1,1024],[1024,4096]]",vllm/worker/model_runner.py:1234,6.5,9.8,36.578,40.578,0.18,0.44
0,MatMulV2,"[[1,1024],[1024,4096]]",vllm/worker/model_runner.py:1234,6.5,9.8,119.667,123.667,0.18,0.44
0,FusedInferAttentionScore,"[[1,1024],[1024,4096]]",vllm/worker/model_runner.py:1234,6.5,9.8,76.497,80.497,0.18,0.44
0,RmsNorm,"[[1,1024],[1024,4096]]",vllm/worker/model_runner.py:1234,6.5,9.8,19.745,23.745,0.18,0.44
0,AllReduce,"[[1,1024],[1024,4096]]",vllm/worker/model_runner.py:1234,6.5,9.8,32.759,36.759,0.18,0.44
0,MatMulV2,"[[1,1024],[1024,4096]]",vllm/worker/model_runner.py:1234,6.5,9.8,112.271,116.271,0.18,0.44
0,FusedInferAttentionScore,"[[1,1024],[1024,4096]]",vllm/worker/model_runner.py:1234,6.5,9.8,73.468,77.468,0.18,0.44
0,RmsNorm,"[[1,1024],[1024,4096]]",vllm/worker/model_runner.py:1234,6.5,9.8,23.936,27.936,0.18,0.44
0,AllReduce,"[[1,1024],[1024,4096]]",vllm/worker/model_runner.py:1234,6.5,9.8,36.493,40.493,0.18,0.44
0,MatMulV2,"[[1,1024],[1024,4096]]",vllm/worker/model_runner.py:1234,6.5,9.8,115.85,119.85,0.18,0.44
0,FusedInferAttentionScore,"[[1,1024],[1024,4096]]",vllm/worker/model_runner.py:1234,6.5,9.8,66.273,70.273,0.18,0.44
0,RmsNorm,"[[1,1024],[1024,4096]]",vllm/worker/model_runner.py:1234,6.5,9.8,23.591,27.591,0.18,0.44
0,AllReduce,"[[1,1024],[1024,4096]]",vllm/worker/model_runner.py:1234,6.5,9.8,34.543,38.543,0.18,0.44
0,MatMulV2,"[[1,1024],[1024,4096]]",vllm/worker/model_runner.py:1234,6.5,9.8,124.378,128.378,0.18,0.44
0,FusedInferAttentionScore,"[[1,1024],[1024,4096]]",vllm/worker/model_runner.py:1234,6.5,9.8,68.387,72.387,0.18,0.44
0,RmsNorm,"[[1,1024],[1024,4096]]",vllm/worker/model_runner.py:1234,6.5,9.8,26.203,30.203,0.18,0.44
0,AllReduce,"[[1,1024],[1024,4096]]",vllm/worker/model_runner.py:1234,6.5,9.8,31.707,35.707,0.18,0.44
0,MatMulV2,"[[1,1024],[1024,4096]]",vllm/worker/model_runner.py:1234,6.5,9.8,130.923,134.923,0.18,0.44
0,FusedInferAttentionScore,"[[1,1024],[1024,4096]]",vllm/worker/model_runner.py:1234,6.5,9.8,68.511,72.511,0.18,0.44
0,RmsNorm,"[[1,1024],[1024,4096]]",vllm/worker/model_runner.py:1234,6.5,9.8,21.079,25.079,0.18,0.44
0,AllReduce,"[[1,1024],[1024,4096]]",vllm/worker/model_runner.py:1234,6.5,9.8,35.61,39.61,0.18,0.44
0,aclrtMemcpyAsync_D2H,"[[1,1024],[1024,4096]]",vllm/worker/model_runner.py:1234,6.5,9.8,260,264,0.18,0.44
0,MatMulV2,"[[1,1024],[1024,4096]]",vllm/worker/model_runner.py:1234,6.5,9.8,110.089,114.089,0.18,0.44
0,FusedInferAttentionScore,"[[1,1024],[1024,4096]]",vllm/worker/model_runner.py:1234,6.5,9.8,72.832,76.832,0.18,0.44
0,RmsNorm,"[[1,1024],[1024,4096]]",vllm/worker/model_runner.py:1234,6.5,9.8,23.768,27.768,0.18,0.44
0,AllReduce,"[[1,1024],[1024,4096]]",vllm/worker/model_runner.py:1234,6.5,9.8,33.252,37.252,0.18,0.44
0,MatMulV2,"[[1,1024],[1024,4096]]",vllm/worker/model_runner.py:1234,6.5,9.8,122.829,126.829,0.18,0.44
0,FusedInferAttentionScore,"[[1,1024],[1024,4096]]",vllm/worker/model_runner.py:1234,6.5,9.8,74.793,78.793,0.18,0.44
0,RmsNorm,"[[1,1024],[1024,4096]]",vllm/worker/model_runner.py:1234,6.5,9.8,26.332,30.332,0.18,0.44
0,AllReduce,"[[1,1024],[1024,4096]]",vllm/worker/model_runner.py:1234,6.5,9.8,33.355,37.355,0.18,0.44
0,MatMulV2,"[[1,1024],[1024,4096]]",vllm/worker/model_runner.py:1234,6.5,9.8,118.266,122.266,0.18,0.44
0,FusedInferAttentionScore,"[[1,1024],[1024,4096]]",vllm/worker/model_runner.py:1234,6.5,9.8,63.727,67.727,0.18,0.44
0,RmsNorm,"[[1,1024],[1024,4096]]",vllm/worker/model_runner.py:1234,6.5,9.8,24.049,28.049,0.18,0.44
0,AllReduce,"[[1,1024],[1024,4096]]",vllm/worker/model_runner.py:1234,6.5,9.8,34.53,38.53,0.18,0.44
0,MatMulV2,"[[1,1024],[1024,4096]]",vllm/worker/model_runner.py:1234,6.5,9.8,130.597,134.597,0.18,0.44
0,FusedInferAttentionScore,"[[1,1024],[1024,4096]]",vllm/worker/model_runner.py:1234,6.5,9.8,66.064,70.064,0.18,0.44
0,RmsNorm,"[[1,1024],[1024,4096]]",vllm/worker/model_runner.py:1234,6.5,9.8,20.245,24.245,0.18,0.44
0,AllReduce,"[[1,1024],[1024,4096]]",vllm/worker/model_runner.py:1234,6.5,9.8,35.1,39.1,0.18,0.44
0,MatMulV2,"[[1,1024],[1024,4096]]",vllm/worker/model_runner.py:1234,6.5,9.8,125.262,129.262,0.18,0.44
0,FusedInferAttentionScore,"[[1,1024],[1024,4096]]",vllm/worker/model_runner.py:1234,6.5,9.8,75.601,79.601,0.18,0.44
0,RmsNorm,"[[1,1024],[1024,4096]]",vllm/worker/model_runner.py:1234,6.5,9.8,23.556,27.556,0.18,0.44
0,AllReduce,"[[1,1024],[1024,4096]]",vllm/worker/model_runner.py:1234,6.5,9.8,35.649,39.649,0.18,0.44
0,MatMulV2,"[[1,1024],[1024,4096]]",vllm/worker/model_runner.py:1234,6.5,9.8,121.138,125.138,0.18,0.44
0,FusedInferAttentionScore,"[[1,1024],[1024,4096]]",vllm/worker/model_runner.py:1234,6.5,9.8,67.94,71.94,0.18,0.44
0,RmsNorm,"[[1,1024],[1024,4096]]",vllm/worker/model_runner.py:1234,6.5,9.8,22.761,26.761,0.18,0.44
0,AllReduce,"[[1,1024],[1024,4096]]",vllm/worker/model_runner.py:1234,6.5,9.8,35.759,39.759,0.18,0.44
0,MatMulV2,"[[1,1024],[1024,4096]]",vllm/worker/model_runner.py:1234,6.5,9.8,130.128,134.128,0.18,0.44
0,FusedInferAttentionScore,"[[1,1024],[1024,4096]]",vllm/worker/model_runner.py:1234,6.5,9.8,65.204,69.204,0.18,0.44
0,RmsNorm,"[[1,1024],[1024,4096]]",vllm/worker/model_runner.py:1234,6.5,9.8,20.956,24.956,0.18,0.44
0,AllReduce,"[[1,1024],[1024,4096]]",vllm/worker/model_runner.py:1234,6.5,9.8,36.52,40.52,0.18,0.44
0,MatMulV2,"[[1,1024],[1024,4096]]",vllm/worker/model_runner.py:1234,6.5,9.8,109.529,113.529,0.18,0.44
0,FusedInferAttentionScore,"[[1,1024],[1024,4096]]",vllm/worker/model_runner.py:1234,6.5,9.8,66.611,70.611,0.18,0.44
0,RmsNorm,"[[1,1024],[1024,4096]]",vllm/worker/model_runner.py:1234,6.5,9.8,21.212,25.212,0.18,0.44
0,AllReduce,"[[1,1024],[1024,4096]]",vllm/worker/model_runner.py:1234,6.5,9.8,34.893,38.893,0.18,0.44
0,MatMulV2,"[[1,1024],[1024,4096]]",vllm/worker/model_runner.py:1234,6.5,9.8,128.541,132.541,0.18,0.44
0,FusedInferAttentionScore,"[[1,1024],[1024,4096]]",vllm/worker/model_runner.py:1234,6.5,9.8,70.016,74.016,0.18,0.44
0,RmsNorm,"[[1,1024],[1024,4096]]",vllm/worker/model_runner.py:1234,6.5,9.8,21.465,25.465,0.18,0.44
0,AllReduce,"[[1,1024],[1024,4096]]",vllm/worker/model_runner.py:1234,6.5,9.8,31.7,35.7,0.18,0.44
0,MatMulV2,"[[1,1024],[1024,4096]]",vllm/worker/model_runner.py:1234,6.5,9.8,116.309,120.309,0.18,0.44
0,FusedInferAttentionScore,"[[1,1024],[1024,4096]]",vllm/worker/model_runner.py:1234,6.5,9.8,76.998,80.998,0.18,0.44
0,RmsNorm,"[[1,1024],[1024,4096]]",vllm/worker/model_runner.py:1234,6.5,9.8,21.191,25.191,0.18,0.44
0,AllReduce,"[[1,1024],[1024,4096]]",vllm/worker/model_runner.py:1234,6.5,9.8,35.934,39.934,0.18,0.44
0,MatMulV2,"[[1,1024],[1024,4096]]",vllm/worker/model_runner.py:1234,6.5,9.8,124.852,128.852,0.18,0.44
0,FusedInferAttentionScore,"[[1,1024],[1024,4096]]",vllm/worker/model_runner.py:1234,6.5,9.8,75.6,79.6,0.18,0.44
0,RmsNorm,"[[1,1024],[1024,4096]]",vllm/worker/model_runner.py:1234,6.5,9.8,25.618,29.618,0.18,0.44
0,AllReduce,"[[1,1024],[1024,4096]]",vllm/worker/model_runner.py:1234,6.5,9.8,36.165,40.165,0.18,0.44
0,MatMulV2,"[[1,1024],[1024,4096]]",vllm/worker/model_runner.py:1234,6.5,9.8,126.276,130.276,0.18,0.44
0,FusedInferAttentionScore,"[[1,1024],[1024,4096]]",vllm/worker/model_runner.py:1234,6.5,9.8,68.303,72.303,0.18,0.44
0,RmsNorm,"[[1,1024],[1024,4096]]",vllm/worker/model_runner.py:1234,6.5,9.8,26.017,30.017,0.18,0.44
0,AllReduce,"[[1,1024],[1024,4096]]",vllm/worker/model_runner.py:1234,6.5,9.8,33.919,37.919,0.18,0.44
0,MatMulV2,"[[1,1024],[1024,4096]]",vllm/worker/model_runner.py:1234,6.5,9.8,121.631,125.631,0.18,0.44
0,FusedInferAttentionScore,"[[1,1024],[1024,4096]]",vllm/worker/model_runner.py:1234,6.5,9.8,76.338,80.338,0.18,0.44
0,RmsNorm,"[[1,1024],[1024,4096]]",vllm/worker/model_runner.py:1234,6.5,9.8,23.434,27.434,0.18,0.44
0,AllReduce,"[[1,1024],[1024,4096]]",vllm/worker/model_runner.py:1234,6.5,9.8,31.618,35.617999999999995,0.18,0.44
0,MatMulV2,"[[1,1024],[1024,4096]]",vllm/worker/model_runner.py:1234,6.5,9.8,120.787,124.787,0.18,0.44
0,FusedInferAttentionScore,"[[1,1024],[1024,4096]]",vllm/worker/model_runner.py:1234,6.5,9.8,68.924,72.924,0.18,0.44
0,RmsNorm,"[[1,1024],[1024,4096]]",vllm/worker/model_runner.py:1234,6.5,9.8,21.603,25.603,0.18,0.44
0,AllReduce,"[[1,1024],[1024,4096]]",vllm/worker/model_runner.py:1234,6.5,9.8,32.561,36.561,0.18,0.44
0,MatMulV2,"[[1,1024],[1024,4096]]",vllm/worker/model_runner.py:1234,6.5,9.8,110.717,114.717,0.18,0.44
0,FusedInferAttentionScore,"[[1,1024],[1024,4096]]",vllm/worker/model_runner.py:1234,6.5,9.8,63.53,67.53,0.18,0.44
0,RmsNorm,"[[1,1024],[1024,4096]]",vllm/worker/model_runner.py:1234,6.5,9.8,22.79,26.79,0.18,0.44
0,AllReduce,"[[1,1024],[1024,4096]]",vllm/worker/model_runner.py:1234,6.5,9.8,37.319,41.319,0.18,0.44
0,MatMulV2,"[[1,1024],[1024,4096]]",vllm/worker/model_runner.py:1234,6.5,9.8,111.548,115.548,0.18,0.44
0,FusedInferAttentionScore,"[[1,1024],[1024,4096]]",vllm/worker/model_runner.py:1234,6.5,9.8,72.749,76.749,0.18,0.44
0,RmsNorm,"[[1,1024],[1024,4096]]",vllm/worker/model_runner.py:1234,6.5,9.8,24.328,28.328,0.18,0.44
0,AllReduce,"[[1,1024],[1024,4096]]",vllm/worker/model_runner.py:1234,6.5,9.8,36.239,40.239,0.18,0.44
0,MatMulV2,"[[1,1024],[1024,4096]]",vllm/worker/model_runner.py:1234,6.5,9.8,113.761,117.761,0.18,0.44
0,FusedInferAttentionScore,"[[1,1024],[1024,4096]]",vllm/worker/model_runner.py:1234,6.5,9.8,66.881,70.881,0.18,0.44
0,RmsNorm,"[[1,1024],[1024,4096]]",vllm/worker/model_runner.py:1234,6.5,9.8,25.585,29.585,0.18,0.44
0,AllReduce,"[[1,1024],[1024,4096]]",vllm/worker/model_runner.py:1234,6.5,9.8,33.432,37.432,0.18,0.44
0,MatMulV2,"[[1,1024],[1024,4096]]",vllm/worker/model_runner.py:1234,6.5,9.8,127.917,131.917,0.18,0.44
0,FusedInferAttentionScore,"[[1,1024],[1024,4096]]",vllm/worker/model_runner.py:1234,6.5,9.8,68.823,72.823,0.18,0.44
0,RmsNorm,"[[1,1024],[1024,4096]]",vllm/worker/model_runner.py:1234,6.5,9.8,28.707,32.707,0.18,0.44
0,AllReduce,"[[1,1024],[1024,4096]]",vllm/worker/model_runner.py:1234,6.5,9.8,37.316,41.316,0.18,0.44
0,MatMulV2,"[[1,1024],[1024,4096]]",vllm/worker/model_runner.py:1234,6.5,9.8,128.276,132.276,0.18,0.44
0,FusedInferAttentionScore,"[[1,1024],[1024,4096]]",vllm/worker/model_runner.py:1234,6.5,9.8,67.351,71.351,0.18,0.44
0,RmsNorm,"[[1,1024],[1024,4096]]",vllm/worker/model_runner.py:1234,6.5,9.8,28.511,32.510999999999996,0.18,0.44
0,AllReduce,"[[1,1024],[1024,4096]]",vllm/worker/model_runner.py:1234,6.5,9.8,36.114,40.114,0.18,0.44
0,MatMulV2,"[[1,1024],[1024,4096]]",vllm/worker/model_runner.py:1234,6.5,9.8,109.698,113.698,0.18,0.44
0,FusedInferAttentionScore,"[[1,1024],[1024,4096]]",vllm/worker/model_runner.py:1234,6.5,9.8,68.392,72.392,0.18,0.44
0,RmsNorm,"[[1,1024],[1024,4096]]",vllm/worker/model_runner.py:1234,6.5,9.8,27.652,31.652,0.18,0.44
0,AllReduce,"[[1,1024],[1024,4096]]",vllm/worker/model_runner.py:1234,6.5,9.8,32.777,36.777,0.18,0.44
0,MatMulV2,"[[1,1024],[1024,4096]]",vllm/worker/model_runner.py:1234,6.5,9.8,123.183,127.183,0.18,0.44
0,FusedInferAttentionScore,"[[1,1024],[1024,4096]]",vllm/worker/model_runner.py:1234,6.5,9.8,75.387,79.387,0.18,0.44
0,RmsNorm,"[[1,1024],[1024,4096]]",vllm/worker/model_runner.py:1234,6.5,9.8,19.624,23.624,0.18,0.44
0,AllReduce,"[[1,1024],[1024,4096]]",vllm/worker/model_runner.py:1234,6.5,9.8,31.91,35.91,0.18,0.44
0,MatMulV2,"[[1,1024],[1024,4096]]",vllm/worker/model_runner.py:1234,6.5,9.8,113.441,117.441,0.18,0.44
0,FusedInferAttentionScore,"[[1,1024],[1024,4096]]",vllm/worker/model_runner.py:1234,6.5,9.8,73.321,77.321,0.18,0.44
0,RmsNorm,"[[1,1024],[1024,4096]]",vllm/worker/model_runner.py:1234,6.5,9.8,28.55,32.55,0.18,0.44
0,AllReduce,"[[1,1024],[1024,4096]]",vllm/worker/model_runner.py:1234,6.5,9.8,36.197,40.197,0.18,0.44
0,MatMulV2,"[[1,1024],[1024,4096]]",vllm/worker/model_runner.py:1234,6.5,9.8,131.857,135.857,0.18,0.44
0,FusedInferAttentionScore,"[[1,1024],[1024,4096]]",vllm/worker/model_runner.py:1234,6.5,9.8,66.532,70.532,0.18,0.44
0,RmsNorm,"[[1,1024],[1024,4096]]",vllm/worker/model_runner.py:1234,6.5,9.8,28.306,32.306,0.18,0.44
0,AllReduce,"[[1,1024],[1024,4096]]",vllm/worker/model_runner.py:1234,6.5,9.8,36.686,40.686,0.18,0.44
0,MatMulV2,"[[1,1024],[1024,4096]]",vllm/worker/model_runner.py:1234,6.5,9.8,112.233,116.233,0.18,0.44
0,FusedInferAttentionScore,"[[1,1024],[1024,4096]]",vllm/worker/model_runner.py:1234,6.5,9.8,69.885,73.885,0.18,0.44
0,RmsNorm,"[[1,1024],[1024,4096]]",vllm/worker/model_runner.py:1234,6.5,9.8,26.726,30.726,0.18,0.44
0,AllReduce,"[[1,1024],[1024,4096]]",vllm/worker/model_runner.py:1234,6.5,9.8,30.635,34.635000000000005,0.18,0.44
0,MatMulV2,"[[1,1024],[1024,4096]]",vllm/worker/model_runner.py:1234,6.5,9.8,130.673,134.673,0.18,0.44
0,FusedInferAttentionScore,"[[1,1024],[1024,4096]]",vllm/worker/model_runner.py:1234,6.5,9.8,68.4,72.4,0.18,0.44
0,RmsNorm,"[[1,1024],[1024,4096]]",vllm/worker/model_runner.py:1234,6.5,9.8,27.043,31.043,0.18,0.44
0,AllReduce,"[[1,1024],[1024,4096]]",vllm/worker/model_runner.py:1234,6.5,9.8,34.283,38.283,0.18,0.44
0,MatMulV2,"[[1,1024],[1024,4096]]",vllm/worker/model_runner.py:1234,6.5,9.8,109,113,0.18,0.44
0,FusedInferAttentionScore,"[[1,1024],[1024,4096]]",vllm/worker/model_runner.py:1234,6.5,9.8,75.939,79.939,0.18,0.44
0,RmsNorm,"[[1,1024],[1024,4096]]",vllm/worker/model_runner.py:1234,6.5,9.8,22.714,26.714,0.18,0.44
0,AllReduce,"[[1,1024],[1024,4096]]",vllm/worker/model_runner.py:1234,6.5,9.8,32.446,36.446,0.18,0.44
0,MatMulV2,"[[1,1024],[1024,4096]]",vllm/worker/model_runner.py:1234,6.5,9.8,111.058,115.058,0.18,0.44
0,FusedInferAttentionScore,"[[1,1024],[1024,4096]]",vllm/worker/model_runner.py:1234,6.5,9.8,63.035,67.035,0.18,0.44
0,RmsNorm,"[[1,1024],[1024,4096]]",vllm/worker/model_runner.py:1234,6.5,9.8,20.984,24.984,0.18,0.44
0,AllReduce,"[[1,1024],[1024,4096]]",vllm/worker/model_runner.py:1234,6.5,9.8,32.896,36.896,0.18,0.44
0,MatMulV2,"[[1,1024],[1024,4096]]",vllm/worker/model_runner.py:1234,6.5,9.8,131.303,135.303,0.18,0.44
0,FusedInferAttentionScore,"[[1,1024],[1024,4096]]",vllm/worker/model_runner.py:1234,6.5,9.8,73.463,77.463,0.18,0.44
0,RmsNorm,"[[1,1024],[1024,4096]]",vllm/worker/model_runner.py:1234,6.5,9.8,25.724,29.724,0.18,0.44
0,AllReduce,"[[1,1024],[1024,4096]]",vllm/worker/model_runner.py:1234,6.5,9.8,34.826,38.826,0.18,0.44
0,MatMulV2,"[[1,1024],[1024,4096]]",vllm/worker/model_runner.py:1234,6.5,9.8,129.031,133.031,0.18,0.44
0,FusedInferAttentionScore,"[[1,1024],[1024,4096]]",vllm/worker/model_runner.py:1234,6.5,9.8,68.642,72.642,0.18,0.44
0,RmsNorm,"[[1,1024],[1024,4096]]",vllm/worker/model_runner.py:1234,6.5,9.8,27.717,31.717,0.18,0.44
0,AllReduce,"[[1,1024],[1024,4096]]",vllm/worker/model_runner.py:1234,6.5,9.8,35.174,39.174,0.18,0.44
0,MatMulV2,"[[1,1024],[1024,4096]]",vllm/worker/model_runner.py:1234,6.5,9.8,131.634,135.634,0.18,0.44
0,FusedInferAttentionScore,"[[1,1024],[1024,4096]]",vllm/worker/model_runner.py:1234,6.5,9.8,64.473,68.473,0.18,0.44
0,RmsNorm,"[[1,1024],[1024,4096]]",vllm/worker/model_runner.py:1234,6.5,9.8,24.114,28.114,0.18,0.44
0,AllReduce,"[[1,1024],[1024,4096]]",vllm/worker/model_runner.py:1234,6.5,9.8,35.077,39.077,0.18,0.44
0,MatMulV2,"[[1,1024],[1024,4096]]",vllm/worker/model_runner.py:1234,6.5,9.8,116.254,120.254,0.18,0.44
0,FusedInferAttentionScore,"[[1,1024],[1024,4096]]",vllm/worker/model_runner.py:1234,6.5,9.8,64.688,68.688,0.18,0.44
0,RmsNorm,"[[1,1024],[1024,4096]]",vllm/worker/model_runner.py:1234,6.5,9.8,24.035,28.035,0.18,0.44
0,AllReduce,"[[1,1024],[1024,4096]]",vllm/worker/model_runner.py:1234,6.5,9.8,30.856,34.856,0.18,0.44
0,MatMulV2,"[[1,1024],[1024,4096]]",vllm/worker/model_runner.py:1234,6.5,9.8,124.831,128.83100000000002,0.18,0.44
0,FusedInferAttentionScore,"[[1,1024],[1024,4096]]",vllm/worker/model_runner.py:1234,6.5,9.8,70.018,74.018,0.18,0.44
0,RmsNorm,"[[1,1024],[1024,4096]]",vllm/worker/model_runner.py:1234,6.5,9.8,25.43,29.43,0.18,0.44
0,AllReduce,"[[1,1024],[1024,4096]]",vllm/worker/model_runner.py:1234,6.5,9.8,36.013,40.013,0.18,0.44
0,aclrtMemcpyAsync_D2H,"[[1,1024],[1024,4096]]",vllm/worker/model_runner.py:1234,6.5,9.8,260,264,0.18,0.44
0,MatMulV2,"[[1,1024],[1024,4096]]",vllm/worker/model_runner.py:1234,6.5,9.8,129.103,133.103,0.18,0.44
0,FusedInferAttentionScore,"[[1,1024],[1024,4096]]",vllm/worker/model_runner.py:1234,6.5,9.8,72.193,76.193,0.18,0.44
0,RmsNorm,"[[1,1024],[1024,4096]]",vllm/worker/model_runner.py:1234,6.5,9.8,25.773,29.773,0.18,0.44
0,AllReduce,"[[1,1024],[1024,4096]]",vllm/worker/model_runner.py:1234,6.5,9.8,32.834,36.834,0.18,0.44
0,MatMulV2,"[[1,1024],[1024,4096]]",vllm/worker/model_runner.py:1234,6.5,9.8,112.593,116.593,0.18,0.44
0,FusedInferAttentionScore,"[[1,1024],[1024,4096]]",vllm/worker/model_runner.py:1234,6.5,9.8,64.876,68.876,0.18,0.44
0,RmsNorm,"[[1,1024],[1024,4096]]",vllm/worker/model_runner.py:1234,6.5,9.8,23.804,27.804,0.18,0.44
0,AllReduce,"[[1,1024],[1024,4096]]",vllm/worker/model_runner.py:1234,6.5,9.8,36.281,40.281,0.18,0.44
0,MatMulV2,"[[1,1024],[1024,4096]]",vllm/worker/model_runner.py:1234,6.5,9.8,110.708,114.708,0.18,0.44
0,FusedInferAttentionScore,"[[1,1024],[1024,4096]]",vllm/worker/model_runner.py:1234,6.5,9.8,67.967,71.967,0.18,0.44
0,RmsNorm,"[[1,1024],[1024,4096]]",vllm/worker/model_runner.py:1234,6.5,9.8,28.644,32.644,0.18,0.44
0,AllReduce,"[[1,1024],[1024,4096]]",vllm/worker/model_runner.py:1234,6.5,9.8,36.493,40.493,0.18,0.44
0,MatMulV2,"[[1,1024],[1024,4096]]",vllm/worker/model_runner.py:1234,6.5,9.8,112.593,116.593,0.18,0.44
0,FusedInferAttentionScore,"[[1,1024],[1024,4096]]",vllm/worker/model_runner.py:1234,6.5,9.8,65.965,69.965,0.18,0.44
0,RmsNorm,"[[1,1024],[1024,4096]]",vllm/worker/model_runner.py:1234,6.5,9.8,20.698,24.698,0.18,0.44
0,AllReduce,"[[1,1024],[1024,4096]]",vllm/worker/model_runner.py:1234,6.5,9.8,34.25,38.25,0.18,0.44
0,MatMulV2,"[[1,1024],[1024,4096]]",vllm/worker/model_runner.py:1234,6.5,9.8,112.527,116.527,0.18,0.44
0,FusedInferAttentionScore,"[[1,1024],[1024,4096]]",vllm/worker/model_runner.py:1234,6.5,9.8,71.768,75.768,0.18,0.44
0,RmsNorm,"[[1,1024],[1024,4096]]",vllm/worker/model_runner.py:1234,6.5,9.8,24.492,28.492,0.18,0.44
0,AllReduce,"[[1,1024],[1024,4096]]",vllm/worker/model_runner.py:1234,6.5,9.8,34.878,38.878,0.18,0.44
0,MatMulV2,"[[1,1024],[1024,4096]]",vllm/worker/model_runner.py:1234,6.5,9.8,120.183,124.183,0.18,0.44
0,FusedInferAttentionScore,"[[1,1024],[1024,4096]]",vllm/worker/model_runner.py:1234,6.5,9.8,67.552,71.552,0.18,0.44
0,RmsNorm,"[[1,1024],[1024,4096]]",vllm/worker/model_runner.py:1234,6.5,9.8,21.732,25.732,0.18,0.44
0,AllReduce,"[[1,1024],[1024,4096]]",vllm/worker/model_runner.py:1234,6.5,9.8,36.249,40.249,0.18,0.44
0,MatMulV2,"[[1,1024],[1024,4096]]",vllm/worker/model_runner.py:1234,6.5,9.8,128.632,132.632,0.18,0.44
0,FusedInferAttentionScore,"[[1,1024],[1024,4096]]",vllm/worker/model_runner.py:1234,6.5,9.8,66.191,70.191,0.18,0.44
0,RmsNorm,"[[1,1024],[1024,4096]]",vllm/worker/model_runner.py:1234,6.5,9.8,22.139,26.139,0.18,0.44
0,AllReduce,"[[1,1024],[1024,4096]]",vllm/worker/model_runner.py:1234,6.5,9.8,31.408,35.408,0.18,0.44
0,MatMulV2,"[[1,1024],[1024,4096]]",vllm/worker/model_runner.py:1234,6.5,9.8,116.964,120.964,0.18,0.44
0,FusedInferAttentionScore,"[[1,1024],[1024,4096]]",vllm/worker/model_runner.py:1234,6.5,9.8,64.192,68.192,0.18,0.44
0,RmsNorm,"[[1,1024],[1024,4096]]",vllm/worker/model_runner.py:1234,6.5,9.8,26.395,30.395,0.18,0.44
0,AllReduce,"[[1,1024],[1024,4096]]",vllm/worker/model_runner.py:1234,6.5,9.8,34.42,38.42,0.18,0.44
0,MatMulV2,"[[1,1024],[1024,4096]]",vllm/worker/model_runner.py:1234,6.5,9.8,122.4,126.4,0.18,0.44
0,FusedInferAttentionScore,"[[1,1024],[1024,4096]]",vllm/worker/model_runner.py:1234,6.5,9.8,66.616,70.616,0.18,0.44
0,RmsNorm,"[[1,1024],[1024,4096]]",vllm/worker/model_runner.py:1234,6.5,9.8,21.174,25.174,0.18,0.44
0,AllReduce,"[[1,1024],[1024,4096]]",vllm/worker/model_runner.py:1234,6.5,9.8,30.941,34.941,0.18,0.44
0,MatMulV2,"[[1,1024],[1024,4096]]",vllm/worker/model_runner.py:1234,6.5,9.8,110.772,114.772,0.18,0.44
0,FusedInferAttentionScore,"[[1,1024],[1024,4096]]",vllm/worker/model_runner.py:1234,6.5,9.8,73.943,77.943,0.18,0.44
0,RmsNorm,"[[1,1024],[1024,4096]]",vllm/worker/model_runner.py:1234,6.5,9.8,23.785,27.785,0.18,0.44
0,AllReduce,"[[1,1024],[1024,4096]]",vllm/worker/model_runner.py:1234,6.5,9.8,35.528,39.528,0.18,0.44
0,MatMulV2,"[[1,1024],[1024,4096]]",vllm/worker/model_runner.py:1234,6.5,9.8,124.245,128.245,0.18,0.44
0,FusedInferAttentionScore,"[[1,1024],[1024,4096]]",vllm/worker/model_runner.py:1234,6.5,9.8,64.363,68.363,0.18,0.44
0,RmsNorm,"[[1,1024],[1024,4096]]",vllm/worker/model_runner.py:1234,6.5,9.8,23.592,27.592,0.18,0.44
0,AllReduce,"[[1,1024],[1024,4096]]",vllm/worker/model_runner.py:1234,6.5,9.8,31.39,35.39,0.18,0.44
0,MatMulV2,"[[1,1024],[1024,4096]]",vllm/worker/model_runner.py:1234,6.5,9.8,111.159,115.159,0.18,0.44
0,FusedInferAttentionScore,"[[1,1024],[1024,4096]]",vllm/worker/model_runner.py:1234,6.5,9.8,64.454,68.454,0.18,0.44
0,RmsNorm,"[[1,1024],[1024,4096]]",vllm/worker/model_runner.py:1234,6.5,9.8,24.955,28.955,0.18,0.44
0,AllReduce,"[[1,1024],[1024,4096]]",vllm/worker/model_runner.py:1234,6.5,9.8,32.385,36.385,0.18,0.44
0,MatMulV2,"[[1,1024],[1024,4096]]",vllm/worker/model_runner.py:1234,6.5,9.8,120.855,124.855,0.18,0.44
0,FusedInferAttentionScore,"[[1,1024],[1024,4096]]",vllm/worker/model_runner.py:1234,6.5,9.8,68.716,72.716,0.18,0.44
0,RmsNorm,"[[1,1024],[1024,4096]]",vllm/worker/model_runner.py:1234,6.5,9.8,24.44,28.44,0.18,0.44
0,AllReduce,"[[1,1024],[1024,4096]]",vllm/worker/model_runner.py:1234,6.5,9.8,32.771,36.771,0.18,0.44
0,MatMulV2,"[[1,1024],[1024,4096]]",vllm/worker/model_runner.py:1234,6.5,9.8,112.381,116.381,0.18,0.44
0,FusedInferAttentionScore,"[[1,1024],[1024,4096]]",vllm/worker/model_runner.py:1234,6.5,9.8,75.934,79.934,0.18,0.44
0,RmsNorm,"[[1,1024],[1024,4096]]",vllm/worker/model_runner.py:1234,6.5,9.8,26.256,30.256,0.18,0.44
0,AllReduce,"[[1,1024],[1024,4096]]",vllm/worker/model_runner.py:1234,6.5,9.8,33.515,37.515,0.18,0.44
0,MatMulV2,"[[1,1024],[1024,4096]]",vllm/worker/model_runner.py:1234,6.5,9.8,119.925,123.925,0.18,0.44
0,FusedInferAttentionScore,"[[1,1024],[1024,4096]]",vllm/worker/model_runner.py:1234,6.5,9.8,65.829,69.829,0.18,0.44
0,RmsNorm,"[[1,1024],[1024,4096]]",vllm/worker/model_runner.py:1234,6.5,9.8,19.86,23.86,0.18,0.44
0,AllReduce,"[[1,1024],[1024,4096]]",vllm/worker/model_runner.py:1234,6.5,9.8,36.472,40.472,0.18,0.44
0,MatMulV2,"[[1,1024],[1024,4096]]",vllm/worker/model_runner.py:1234,6.5,9.8,131.88,135.88,0.18,0.44
0,FusedInferAttentionScore,"[[1,1024],[1024,4096]]",vllm/worker/model_runner.py:1234,6.5,9.8,64.986,68.986,0.18,0.44
0,RmsNorm,"[[1,1024],[1024,4096]]",vllm/worker/model_runner.py:1234,6.5,9.8,28.482,32.482,0.18,0.44
0,AllReduce,"[[1,1024],[1024,4096]]",vllm/worker/model_runner.py:1234,6.5,9.8,35.432,39.432,0.18,0.44
0,MatMulV2,"[[1,1024],[1024,4096]]",vllm/worker/model_runner.py:1234,6.5,9.8,126.391,130.39100000000002,0.18,0.44
0,FusedInferAttentionScore,"[[1,1024],[1024,4096]]",vllm/worker/model_runner.py:1234,6.5,9.8,76.5,80.5,0.18,0.44
0,RmsNorm,"[[1,1024],[1024,4096]]",vllm/worker/model_runner.py:1234,6.5,9.8,22.932,26.932,0.18,0.44
0,AllReduce,"[[1,1024],[1024,4096]]",vllm/worker/model_runner.py:1234,6.5,9.8,34.749,38.749,0.18,0.44
0,MatMulV2,"[[1,1024],[1024,4096]]",vllm/worker/model_runner.py:1234,6.5,9.8,112.272,116.272,0.18,0.44
0,FusedInferAttentionScore,"[[1,1024],[1024,4096]]",vllm/worker/model_runner.py:1234,6.5,9.8,71.33,75.33,0.18,0.44
0,RmsNorm,"[[1,1024],[1024,4096]]",vllm/worker/model_runner.py:1234,6.5,9.8,25.412,29.412,0.18,0.44
0,AllReduce,"[[1,1024],[1024,4096]]",vllm/worker/model_runner.py:1234,6.5,9.8,32.749,36.749,0.18,0.44
0,MatMulV2,"[[1,1024],[1024,4096]]",vllm/worker/model_runner.py:1234,6.5,9.8,126.167,130.167,0.18,0.44
0,FusedInferAttentionScore,"[[1,1024],[1024,4096]]",vllm/worker/model_runner.py:1234,6.5,9.8,74.825,78.825,0.18,0.44
0,RmsNorm,"[[1,1024],[1024,4096]]",vllm/worker/model_runner.py:1234,6.5,9.8,20.119,24.119,0.18,0.44
0,AllReduce,"[[1,1024],[1024,4096]]",vllm/worker/model_runner.py:1234,6.5,9.8,31.239,35.239000000000004,0.18,0.44
0,MatMulV2,"[[1,1024],[1024,4096]]",vllm/worker/model_runner.py:1234,6.5,9.8,118.827,122.827,0.18,0.44
0,FusedInferAttentionScore,"[[1,1024],[1024,4096]]",vllm/worker/model_runner.py:1234,6.5,9.8,63.384,67.384,0.18,0.44
0,RmsNorm,"[[1,1024],[1024,4096]]",vllm/worker/model_runner.py:1234,6.5,9.8,19.354,23.354,0.18,0.44
0,AllReduce,"[[1,1024],[1024,4096]]",vllm/worker/model_runner.py:1234,6.5,9.8,32.106,36.106,0.18,0.44
0,MatMulV2,"[[1,1024],[1024,4096]]",vllm/worker/model_runner.py:1234,6.5,9.8,125.376,129.376,0.18,0.44
0,FusedInferAttentionScore,"[[1,1024],[1024,4096]]",vllm/worker/model_runner.py:1234,6.5,9.8,75.725,79.725,0.18,0.44
0,RmsNorm,"[[1,1024],[1024,4096]]",vllm/worker/model_runner.py:1234,6.5,9.8,21.912,25.912,0.18,0.44
0,AllReduce,"[[1,1024],[1024,4096]]",vllm/worker/model_runner.py:1234,6.5,9.8,31.315,35.315,0.18,0.44
0,MatMulV2,"[[1,1024],[1024,4096]]",vllm/worker/model_runner.py:1234,6.5,9.8,112.453,116.453,0.18,0.44
0,FusedInferAttentionScore,"[[1,1024],[1024,4096]]",vllm/worker/model_runner.py:1234,6.5,9.8,64.733,68.733,0.18,0.44
0,RmsNorm,"[[1,1024],[1024,4096]]",vllm/worker/model_runner.py:1234,6.5,9.8,25.291,29.291,0.18,0.44
0,AllReduce,"[[1,1024],[1024,4096]]",vllm/worker/model_runner.py:1234,6.5,9.8,35.932,39.932,0.18,0.44
0,MatMulV2,"[[1,1024],[1024,4096]]",vllm/worker/model_runner.py:1234,6.5,9.8,125.086,129.086,0.18,0.44
0,FusedInferAttentionScore,"[[1,1024],[1024,4096]]",vllm/worker/model_runner.py:1234,6.5,9.8,69.349,73.349,0.18,0.44
0,RmsNorm,"[[1,1024],[1024,4096]]",vllm/worker/model_runner.py:1234,6.5,9.8,25.271,29.271,0.18,0.44
0,AllReduce,"[[1,1024],[1024,4096]]",vllm/worker/model_runner.py:1234,6.5,9.8,36.246,40.246,0.18,0.44
0,MatMulV2,"[[1,1024],[1024,4096]]",vllm/worker/model_runner.py:1234,6.5,9.8,114.187,118.187,0.18,0.44
0,FusedInferAttentionScore,"[[1,1024],[1024,4096]]",vllm/worker/model_runner.py:1234,6.5,9.8,71.472,75.472,0.18,0.44
0,RmsNorm,"[[1,1024],[1024,4096]]",vllm/worker/model_runner.py:1234,6.5,9.8,25.22,29.22,0.18,0.44
0,AllReduce,"[[1,1024],[1024,4096]]",vllm/worker/model_runner.py:1234,6.5,9.8,36.825,40.825,0.18,0.44
0,MatMulV2,"[[1,1024],[1024,4096]]",vllm/worker/model_runner.py:1234,6.5,9.8,127.544,131.54399999999998,0.18,0.44
0,FusedInferAttentionScore,"[[1,1024],[1024,4096]]",vllm/worker/model_runner.py:1234,6.5,9.8,68.35,72.35,0.18,0.44
0,RmsNorm,"[[1,1024],[1024,4096]]",vllm/worker/model_runner.py:1234,6.5,9.8,22.268,26.268,0.18,0.44
0,AllReduce,"[[1,1024],[1024,4096]]",vllm/worker/model_runner.py:1234,6.5,9.8,34.396,38.396,0.18,0.44
0,MatMulV2,"[[1,1024],[1024,4096]]",vllm/worker/model_runner.py:1234,6.5,9.8,113.171,117.171,0.18,0.44
0,FusedInferAttentionScore,"[[1,1024],[1024,4096]]",vllm/worker/model_runner.py:1234,6.5,9.8,68.414,72.414,0.18,0.44
0,RmsNorm,"[[1,1024],[1024,4096]]",vllm/worker/model_runner.py:1234,6.5,9.8,26.302,30.302,0.18,0.44
0,AllReduce,"[[1,1024],[1024,4096]]",vllm/worker/model_runner.py:1234,6.5,9.8,36.159,40.159,0.18,0.44
0,MatMulV2,"[[1,1024],[1024,4096]]",vllm/worker/model_runner.py:1234,6.5,9.8,125.911,129.911,0.18,0.44
0,FusedInferAttentionScore,"[[1,1024],[1024,4096]]",vllm/worker/model_runner.py:1234,6.5,9.8,72.038,76.038,0.18,0.44
0,RmsNorm,"[[1,1024],[1024,4096]]",vllm/worker/model_runner.py:1234,6.5,9.8,26.135,30.135,0.18,0.44
0,AllReduce,"[[1,1024],[1024,4096]]",vllm/worker/model_runner.py:1234,6.5,9.8,37.045,41.045,0.18,0.44
0,MatMulV2,"[[1,1024],[1024,4096]]",vllm/worker/model_runner.py:1234,6.5,9.8,126.143,130.143,0.18,0.44
0,FusedInferAttentionScore,"[[1,1024],[1024,4096]]",vllm/worker/model_runner.py:1234,6.5,9.8,74.185,78.185,0.18,0.44
0,RmsNorm,"[[1,1024],[1024,4096]]",vllm/worker/model_runner.py:1234,6.5,9.8,21.199,25.199,0.18,0.44
0,AllReduce,"[[1,1024],[1024,4096]]",vllm/worker/model_runner.py:1234,6.5,9.8,32.516,36.516,0.18,0.44
0,MatMulV2,"[[1,1024],[1024,4096]]",vllm/worker/model_runner.py:1234,6.5,9.8,125.496,129.49599999999998,0.18,0.44
0,FusedInferAttentionScore,"[[1,1024],[1024,4096]]",vllm/worker/model_runner.py:1234,6.5,9.8,73.409,77.409,0.18,0.44
0,RmsNorm,"[[1,1024],[1024,4096]]",vllm/worker/model_runner.py:1234,6.5,9.8,28.305,32.305,0.18,0.44
0,AllReduce,"[[1,1024],[1024,4096]]",vllm/worker/model_runner.py:1234,6.5,9.8,36.428,40.428,0.18,0.44
0,MatMulV2,"[[1,1024],[1024,4096]]",vllm/worker/model_runner.py:1234,6.5,9.8,120.416,124.416,0.18,0.44
0,FusedInferAttentionScore,"[[1,1024],[1024,4096]]",vllm/worker/model_runner.py:1234,6.5,9.8,75.188,79.188,0.18,0.44
0,RmsNorm,"[[1,1024],[1024,4096]]",vllm/worker/model_runner.py:1234,6.5,9.8,23.426,27.426,0.18,0.44
0,AllReduce,"[[1,1024],[1024,4096]]",vllm/worker/model_runner.py:1234,6.5,9.8,34.342,38.342,0.18,0.44
0,MatMulV2,"[[1,1024],[1024,4096]]",vllm/worker/model_runner.py:1234,6.5,9.8,124.489,128.489,0.18,0.44
0,FusedInferAttentionScore,"[[1,1024],[1024,4096]]",vllm/worker/model_runner.py:1234,6.5,9.8,67.045,71.045,0.18,0.44
0,RmsNorm,"[[1,1024],[1024,4096]]",vllm/worker/model_runner.py:1234,6.5,9.8,20.856,24.856,0.18,0.44
0,AllReduce,"[[1,1024],[1024,4096]]",vllm/worker/model_runner.py:1234,6.5,9.8,35.611,39.611,0.18,0.44
