Device_id,Name,Type,Accelerator Core,Start Time(us),Duration(us),Wait Time(us),Block Num,Input Shapes,Output Shapes,mac_ratio,mte2_ratio
0,MatMulV2,AI_CORE,AI_CORE,1704161511420260.000,178.306,14.265,24,"[[1,1024],[1024,4096]]","[[1,4096]]",0.21,0.58
0,FusedInferAttentionScore,AI_CORE,AI_CORE,1704161511420438.250,92.820,7.426,24,"[[1,1024],[1024,4096]]","[[1,4096]]",0.21,0.58
0,RmsNorm,AI_VECTOR_CORE,AI_VECTOR_CORE,1704161511420531.000,19.235,1.539,24,"[[1,1024],[1024,4096]]","[[1,4096]]",0.05,0.3
0,MatMulV2,AI_CORE,AI_CORE,1704161511420777.000,167.175,13.374,24,"[[1,1024],[1024,4096]]","[[1,4096]]",0.21,0.58
0,FusedInferAttentionScore,AI_CORE,AI_CORE,1704161511420944.250,89.402,7.152,24,"[[1,1024],[1024,4096]]","[[1,4096]]",0.21,0.58
0,RmsNorm,AI_VECTOR_CORE,AI_VECTOR_CORE,1704161511421033.750,20.273,1.622,24,"[[1,1024],[1024,4096]]","[[1,4096]]",0.05,0.3
0,MatMulV2,AI_CORE,AI_CORE,1704161511421105.250,157.378,12.590,24,"[[1,1024],[1024,4096]]","[[1,4096]]",0.21,0.58
0,FusedInferAttentionScore,AI_CORE,AI_CORE,1704161511421262.750,94.202,7.536,24,"[[1,1024],[1024,4096]]","[[1,4096]]",0.21,0.58
0,RmsNorm,AI_VECTOR_CORE,AI_VECTOR_CORE,1704161511421357.000,25.212,2.017,24,"[[1,1024],[1024,4096]]","[[1,4096]]",0.05,0.3
0,MatMulV2,AI_CORE,AI_CORE,1704161511421429.000,166.427,13.314,24,"[[1,1024],[1024,4096]]","[[1,4096]]",0.21,0.58
0,FusedInferAttentionScore,AI_CORE,AI_CORE,1704161511421595.500,91.752,7.340,24,"[[1,1024],[1024,4096]]","[[1,4096]]",0.21,0.58
0,RmsNorm,AI_VECTOR_CORE,AI_VECTOR_CORE,1704161511421687.250,20.216,1.617,24,"[[1,1024],[1024,4096]]","[[1,4096]]",0.05,0.3
0,MatMulV2,AI_CORE,AI_CORE,1704161511421759.000,160.721,12.858,24,"[[1,1024],[1024,4096]]","[[1,4096]]",0.21,0.58
0,FusedInferAttentionScore,AI_CORE,AI_CORE,1704161511421919.750,90.803,7.264,24,"[[1,1024],[1024,4096]]","[[1,4096]]",0.21,0.58
0,RmsNorm,AI_VECTOR_CORE,AI_VECTOR_CORE,1704161511422010.500,18.259,1.461,24,"[[1,1024],[1024,4096]]","[[1,4096]]",0.05,0.3
0,MatMulV2,AI_CORE,AI_CORE,1704161511422072.500,164.030,13.122,24,"[[1,1024],[1024,4096]]","[[1,4096]]",0.21,0.58
0,FusedInferAttentionScore,AI_CORE,AI_CORE,1704161511422236.500,87.400,6.992,24,"[[1,1024],[1024,4096]]","[[1,4096]]",0.21,0.58
0,RmsNorm,AI_VECTOR_CORE,AI_VECTOR_CORE,1704161511422324.000,18.833,1.507,24,"[[1,1024],[1024,4096]]","[[1,4096]]",0.05,0.3
0,MatMulV2,AI_CORE,AI_CORE,1704161511422387.500,153.915,12.313,24,"[[1,1024],[1024,4096]]","[[1,4096]]",0.21,0.58
0,FusedInferAttentionScore,AI_CORE,AI_CORE,1704161511422541.500,89.420,7.154,24,"[[1,1024],[1024,4096]]","[[1,4096]]",0.21,0.58
0,RmsNorm,AI_VECTOR_CORE,AI_VECTOR_CORE,1704161511422631.000,19.545,1.564,24,"[[1,1024],[1024,4096]]","[[1,4096]]",0.05,0.3
0,MatMulV2,AI_CORE,AI_CORE,1704161511422700.250,173.730,13.898,24,"[[1,1024],[1024,4096]]","[[1,4096]]",0.21,0.58
0,FusedInferAttentionScore,AI_CORE,AI_CORE,1704161511422874.000,85.863,6.869,24,"[[1,1024],[1024,4096]]","[[1,4096]]",0.21,0.58
0,RmsNorm,AI_VECTOR_CORE,AI_VECTOR_CORE,1704161511422959.750,24.170,1.934,24,"[[1,1024],[1024,4096]]","[[1,4096]]",0.05,0.3
0,MatMulV2,AI_CORE,AI_CORE,1704161511423033.500,178.372,14.270,24,"[[1,1024],[1024,4096]]","[[1,4096]]",0.21,0.58
0,FusedInferAttentionScore,AI_CORE,AI_CORE,1704161511423211.750,82.678,6.614,24,"[[1,1024],[1024,4096]]","[[1,4096]]",0.21,0.58
0,RmsNorm,AI_VECTOR_CORE,AI_VECTOR_CORE,1704161511423294.500,20.371,1.630,24,"[[1,1024],[1024,4096]]","[[1,4096]]",0.05,0.3
0,MatMulV2,AI_CORE,AI_CORE,1704161511423360.750,160.427,12.834,24,"[[1,1024],[1024,4096]]","[[1,4096]]",0.21,0.58
0,FusedInferAttentionScore,AI_CORE,AI_CORE,1704161511423521.250,97.404,7.792,24,"[[1,1024],[1024,4096]]","[[1,4096]]",0.21,0.58
0,RmsNorm,AI_VECTOR_CORE,AI_VECTOR_CORE,1704161511423618.750,25.653,2.052,24,"[[1,1024],[1024,4096]]","[[1,4096]]",0.05,0.3
0,MatMulV2,AI_CORE,AI_CORE,1704161511423689.750,159.880,12.790,24,"[[1,1024],[1024,4096]]","[[1,4096]]",0.21,0.58
0,FusedInferAttentionScore,AI_CORE,AI_CORE,1704161511423849.750,81.404,6.512,24,"[[1,1024],[1024,4096]]","[[1,4096]]",0.21,0.58
0,RmsNorm,AI_VECTOR_CORE,AI_VECTOR_CORE,1704161511423931.250,20.753,1.660,24,"[[1,1024],[1024,4096]]","[[1,4096]]",0.05,0.3
0,MatMulV2,AI_CORE,AI_CORE,1704161511424002.500,177.033,14.163,24,"[[1,1024],[1024,4096]]","[[1,4096]]",0.21,0.58
0,FusedInferAttentionScore,AI_CORE,AI_CORE,1704161511424179.500,84.977,6.798,24,"[[1,1024],[1024,4096]]","[[1,4096]]",0.21,0.58
0,RmsNorm,AI_VECTOR_CORE,AI_VECTOR_CORE,1704161511424264.500,23.049,1.844,24,"[[1,1024],[1024,4096]]","[[1,4096]]",0.05,0.3
0,MatMulV2,AI_CORE,AI_CORE,1704161511424335.750,186.789,14.943,24,"[[1,1024],[1024,4096]]","[[1,4096]]",0.21,0.58
0,FusedInferAttentionScore,AI_CORE,AI_CORE,1704161511424522.500,85.131,6.811,24,"[[1,1024],[1024,4096]]","[[1,4096]]",0.21,0.58
0,RmsNorm,AI_VECTOR_CORE,AI_VECTOR_CORE,1704161511424607.750,17.963,1.437,24,"[[1,1024],[1024,4096]]","[[1,4096]]",0.05,0.3
0,MatMulV2,AI_CORE,AI_CORE,1704161511424677.750,154.967,12.397,24,"[[1,1024],[1024,4096]]","[[1,4096]]",0.21,0.58
0,FusedInferAttentionScore,AI_CORE,AI_CORE,1704161511424832.750,88.291,7.063,24,"[[1,1024],[1024,4096]]","[[1,4096]]",0.21,0.58
0,RmsNorm,AI_VECTOR_CORE,AI_VECTOR_CORE,1704161511424921.000,22.977,1.838,24,"[[1,1024],[1024,4096]]","[[1,4096]]",0.05,0.3
0,MatMulV2,AI_CORE,AI_CORE,1704161511424994.750,169.801,13.584,24,"[[1,1024],[1024,4096]]","[[1,4096]]",0.21,0.58
0,FusedInferAttentionScore,AI_CORE,AI_CORE,1704161511425164.500,98.730,7.898,24,"[[1,1024],[1024,4096]]","[[1,4096]]",0.21,0.58
0,RmsNorm,AI_VECTOR_CORE,AI_VECTOR_CORE,1704161511425263.250,24.208,1.937,24,"[[1,1024],[1024,4096]]","[[1,4096]]",0.05,0.3
0,MatMulV2,AI_CORE,AI_CORE,1704161511425336.250,164.264,13.141,24,"[[1,1024],[1024,4096]]","[[1,4096]]",0.21,0.58
0,FusedInferAttentionScore,AI_CORE,AI_CORE,1704161511425500.500,88.003,7.040,24,"[[1,1024],[1024,4096]]","[[1,4096]]",0.21,0.58
0,RmsNorm,AI_VECTOR_CORE,AI_VECTOR_CORE,1704161511425588.500,20.569,1.646,24,"[[1,1024],[1024,4096]]","[[1,4096]]",0.05,0.3
0,MatMulV2,AI_CORE,AI_CORE,1704161511425659.250,175.404,14.032,24,"[[1,1024],[1024,4096]]","[[1,4096]]",0.21,0.58
0,FusedInferAttentionScore,AI_CORE,AI_CORE,1704161511425834.750,87.161,6.973,24,"[[1,1024],[1024,4096]]","[[1,4096]]",0.21,0.58
0,RmsNorm,AI_VECTOR_CORE,AI_VECTOR_CORE,1704161511425922.000,25.472,2.038,24,"[[1,1024],[1024,4096]]","[[1,4096]]",0.05,0.3
0,MatMulV2,AI_CORE,AI_CORE,1704161511425999.000,157.313,12.585,24,"[[1,1024],[1024,4096]]","[[1,4096]]",0.21,0.58
0,FusedInferAttentionScore,AI_CORE,AI_CORE,1704161511426156.250,96.033,7.683,24,"[[1,1024],[1024,4096]]","[[1,4096]]",0.21,0.58
0,RmsNorm,AI_VECTOR_CORE,AI_VECTOR_CORE,1704161511426252.250,19.082,1.527,24,"[[1,1024],[1024,4096]]","[[1,4096]]",0.05,0.3
0,MatMulV2,AI_CORE,AI_CORE,1704161511426320.000,174.918,13.993,24,"[[1,1024],[1024,4096]]","[[1,4096]]",0.21,0.58
0,FusedInferAttentionScore,AI_CORE,AI_CORE,1704161511426495.000,84.351,6.748,24,"[[1,1024],[1024,4096]]","[[1,4096]]",0.21,0.58
0,RmsNorm,AI_VECTOR_CORE,AI_VECTOR_CORE,1704161511426579.250,22.298,1.784,24,"[[1,1024],[1024,4096]]","[[1,4096]]",0.05,0.3
0,MatMulV2,AI_CORE,AI_CORE,1704161511426647.750,182.222,14.578,24,"[[1,1024],[1024,4096]]","[[1,4096]]",0.21,0.58
0,FusedInferAttentionScore,AI_CORE,AI_CORE,1704161511426830.000,94.006,7.520,24,"[[1,1024],[1024,4096]]","[[1,4096]]",0.21,0.58
0,RmsNorm,AI_VECTOR_CORE,AI_VECTOR_CORE,1704161511426924.000,25.855,2.068,24,"[[1,1024],[1024,4096]]","[[1,4096]]",0.05,0.3
0,MatMulV2,AI_CORE,AI_CORE,1704161511427002.500,161.174,12.894,24,"[[1,1024],[1024,4096]]","[[1,4096]]",0.21,0.58
0,FusedInferAttentionScore,AI_CORE,AI_CORE,1704161511427163.750,96.204,7.696,24,"[[1,1024],[1024,4096]]","[[1,4096]]",0.21,0.58
0,RmsNorm,AI_VECTOR_CORE,AI_VECTOR_CORE,1704161511427260.000,20.527,1.642,24,"[[1,1024],[1024,4096]]","[[1,4096]]",0.05,0.3
0,MatMulV2,AI_CORE,AI_CORE,1704161511427326.000,181.807,14.545,24,"[[1,1024],[1024,4096]]","[[1,4096]]",0.21,0.58
0,FusedInferAttentionScore,AI_CORE,AI_CORE,1704161511427507.750,89.821,7.186,24,"[[1,1024],[1024,4096]]","[[1,4096]]",0.21,0.58
0,RmsNorm,AI_VECTOR_CORE,AI_VECTOR_CORE,1704161511427597.500,24.625,1.970,24,"[[1,1024],[1024,4096]]","[[1,4096]]",0.05,0.3
0,MatMulV2,AI_CORE,AI_CORE,1704161511427668.250,156.812,12.545,24,"[[1,1024],[1024,4096]]","[[1,4096]]",0.21,0.58
0,FusedInferAttentionScore,AI_CORE,AI_CORE,1704161511427825.000,85.722,6.858,24,"[[1,1024],[1024,4096]]","[[1,4096]]",0.21,0.58
0,RmsNorm,AI_VECTOR_CORE,AI_VECTOR_CORE,1704161511427910.750,24.780,1.982,24,"[[1,1024],[1024,4096]]","[[1,4096]]",0.05,0.3
0,MatMulV2,AI_CORE,AI_CORE,1704161511427980.500,160.200,12.816,24,"[[1,1024],[1024,4096]]","[[1,4096]]",0.21,0.58
0,FusedInferAttentionScore,AI_CORE,AI_CORE,1704161511428140.750,94.337,7.547,24,"[[1,1024],[1024,4096]]","[[1,4096]]",0.21,0.58
0,RmsNorm,AI_VECTOR_CORE,AI_VECTOR_CORE,1704161511428235.000,20.985,1.679,24,"[[1,1024],[1024,4096]]","[[1,4096]]",0.05,0.3
0,MatMulV2,AI_CORE,AI_CORE,1704161511428304.500,182.207,14.577,24,"[[1,1024],[1024,4096]]","[[1,4096]]",0.21,0.58
0,FusedInferAttentionScore,AI_CORE,AI_CORE,1704161511428486.750,94.264,7.541,24,"[[1,1024],[1024,4096]]","[[1,4096]]",0.21,0.58
0,RmsNorm,AI_VECTOR_CORE,AI_VECTOR_CORE,1704161511428581.000,25.899,2.072,24,"[[1,1024],[1024,4096]]","[[1,4096]]",0.05,0.3
0,MatMulV2,AI_CORE,AI_CORE,1704161511428653.000,173.096,13.848,24,"[[1,1024],[1024,4096]]","[[1,4096]]",0.21,0.58
0,FusedInferAttentionScore,AI_CORE,AI_CORE,1704161511428826.000,90.194,7.216,24,"[[1,1024],[1024,4096]]","[[1,4096]]",0.21,0.58
0,RmsNorm,AI_VECTOR_CORE,AI_VECTOR_CORE,1704161511428916.250,20.194,1.616,24,"[[1,1024],[1024,4096]]","[[1,4096]]",0.05,0.3
0,MatMulV2,AI_CORE,AI_CORE,1704161511428987.250,183.023,14.642,24,"[[1,1024],[1024,4096]]","[[1,4096]]",0.21,0.58
0,FusedInferAttentionScore,AI_CORE,AI_CORE,1704161511429170.250,84.924,6.794,24,"[[1,1024],[1024,4096]]","[[1,4096]]",0.21,0.58
0,RmsNorm,AI_VECTOR_CORE,AI_VECTOR_CORE,1704161511429255.250,26.328,2.106,24,"[[1,1024],[1024,4096]]","[[1,4096]]",0.05,0.3
0,MatMulV2,AI_CORE,AI_CORE,1704161511429331.750,175.609,14.049,24,"[[1,1024],[1024,4096]]","[[1,4096]]",0.21,0.58
0,FusedInferAttentionScore,AI_CORE,AI_CORE,1704161511429507.250,82.753,6.620,24,"[[1,1024],[1024,4096]]","[[1,4096]]",0.21,0.58
0,RmsNorm,AI_VECTOR_CORE,AI_VECTOR_CORE,1704161511429590.000,25.342,2.027,24,"[[1,1024],[1024,4096]]","[[1,4096]]",0.05,0.3
0,MatMulV2,AI_CORE,AI_CORE,1704161511429661.500,155.385,12.431,24,"[[1,1024],[1024,4096]]","[[1,4096]]",0.21,0.58
0,FusedInferAttentionScore,AI_CORE,AI_CORE,1704161511429817.000,84.033,6.723,24,"[[1,1024],[1024,4096]]","[[1,4096]]",0.21,0.58
0,RmsNorm,AI_VECTOR_CORE,AI_VECTOR_CORE,1704161511429901.000,24.253,1.940,24,"[[1,1024],[1024,4096]]","[[1,4096]]",0.05,0.3
0,MatMulV2,AI_CORE,AI_CORE,1704161511429973.250,169.762,13.581,24,"[[1,1024],[1024,4096]]","[[1,4096]]",0.21,0.58
0,FusedInferAttentionScore,AI_CORE,AI_CORE,1704161511430143.000,89.161,7.133,24,"[[1,1024],[1024,4096]]","[[1,4096]]",0.21,0.58
0,RmsNorm,AI_VECTOR_CORE,AI_VECTOR_CORE,1704161511430232.250,20.656,1.652,24,"[[1,1024],[1024,4096]]","[[1,4096]]",0.05,0.3
0,MatMulV2,AI_CORE,AI_CORE,1704161511430296.250,162.682,13.015,24,"[[1,1024],[1024,4096]]","[[1,4096]]",0.21,0.58
0,FusedInferAttentionScore,AI_CORE,AI_CORE,1704161511430459.000,98.791,7.903,24,"[[1,1024],[1024,4096]]","[[1,4096]]",0.21,0.58
0,RmsNorm,AI_VECTOR_CORE,AI_VECTOR_CORE,1704161511430557.750,18.086,1.447,24,"[[1,1024],[1024,4096]]","[[1,4096]]",0.05,0.3
0,MatMulV2,AI_CORE,AI_CORE,1704161511430626.250,175.604,14.048,24,"[[1,1024],[1024,4096]]","[[1,4096]]",0.21,0.58
0,FusedInferAttentionScore,AI_CORE,AI_CORE,1704161511430801.750,83.545,6.684,24,"[[1,1024],[1024,4096]]","[[1,4096]]",0.21,0.58
0,RmsNorm,AI_VECTOR_CORE,AI_VECTOR_CORE,1704161511430885.250,19.165,1.533,24,"[[1,1024],[1024,4096]]","[[1,4096]]",0.05,0.3
0,MatMulV2,AI_CORE,AI_CORE,1704161511432260.000,177.968,14.237,24,"[[1,1024],[1024,4096]]","[[1,4096]]",0.21,0.58
0,FusedInferAttentionScore,AI_CORE,AI_CORE,1704161511432438.000,98.569,7.886,24,"[[1,1024],[1024,4096]]","[[1,4096]]",0.21,0.58
0,RmsNorm,AI_VECTOR_CORE,AI_VECTOR_CORE,1704161511432536.500,21.057,1.685,24,"[[1,1024],[1024,4096]]","[[1,4096]]",0.05,0.3
0,MatMulV2,AI_CORE,AI_CORE,1704161511432784.750,160.752,12.860,24,"[[1,1024],[1024,4096]]","[[1,4096]]",0.21,0.58
0,FusedInferAttentionScore,AI_CORE,AI_CORE,1704161511432945.500,94.085,7.527,24,"[[1,1024],[1024,4096]]","[[1,4096]]",0.21,0.58
0,RmsNorm,AI_VECTOR_CORE,AI_VECTOR_CORE,1704161511433039.500,19.593,1.567,24,"[[1,1024],[1024,4096]]","[[1,4096]]",0.05,0.3
0,MatMulV2,AI_CORE,AI_CORE,1704161511433108.000,183.580,14.686,24,"[[1,1024],[1024,4096]]","[[1,4096]]",0.21,0.58
0,FusedInferAttentionScore,AI_CORE,AI_CORE,1704161511433291.500,85.389,6.831,24,"[[1,1024],[1024,4096]]","[[1,4096]]",0.21,0.58
0,RmsNorm,AI_VECTOR_CORE,AI_VECTOR_CORE,1704161511433377.000,19.903,1.592,24,"[[1,1024],[1024,4096]]","[[1,4096]]",0.05,0.3
0,MatMulV2,AI_CORE,AI_CORE,1704161511433448.750,168.258,13.461,24,"[[1,1024],[1024,4096]]","[[1,4096]]",0.21,0.58
0,FusedInferAttentionScore,AI_CORE,AI_CORE,1704161511433617.000,92.104,7.368,24,"[[1,1024],[1024,4096]]","[[1,4096]]",0.21,0.58
0,RmsNorm,AI_VECTOR_CORE,AI_VECTOR_CORE,1704161511433709.000,20.505,1.640,24,"[[1,1024],[1024,4096]]","[[1,4096]]",0.05,0.3
0,MatMulV2,AI_CORE,AI_CORE,1704161511433775.000,184.171,14.734,24,"[[1,1024],[1024,4096]]","[[1,4096]]",0.21,0.58
0,FusedInferAttentionScore,AI_CORE,AI_CORE,1704161511433959.250,88.918,7.113,24,"[[1,1024],[1024,4096]]","[[1,4096]]",0.21,0.58
0,RmsNorm,AI_VECTOR_CORE,AI_VECTOR_CORE,1704161511434048.250,24.629,1.970,24,"[[1,1024],[1024,4096]]","[[1,4096]]",0.05,0.3
0,MatMulV2,AI_CORE,AI_CORE,1704161511434120.000,173.802,13.904,24,"[[1,1024],[1024,4096]]","[[1,4096]]",0.21,0.58
0,FusedInferAttentionScore,AI_CORE,AI_CORE,1704161511434293.750,86.951,6.956,24,"[[1,1024],[1024,4096]]","[[1,4096]]",0.21,0.58
0,RmsNorm,AI_VECTOR_CORE,AI_VECTOR_CORE,1704161511434380.750,21.402,1.712,24,"[[1,1024],[1024,4096]]","[[1,4096]]",0.05,0.3
0,MatMulV2,AI_CORE,AI_CORE,1704161511434449.000,164.250,13.140,24,"[[1,1024],[1024,4096]]","[[1,4096]]",0.21,0.58
0,FusedInferAttentionScore,AI_CORE,AI_CORE,1704161511434613.250,94.910,7.593,24,"[[1,1024],[1024,4096]]","[[1,4096]]",0.21,0.58
0,RmsNorm,AI_VECTOR_CORE,AI_VECTOR_CORE,1704161511434708.250,25.778,2.062,24,"[[1,1024],[1024,4096]]","[[1,4096]]",0.05,0.3
0,MatMulV2,AI_CORE,AI_CORE,1704161511434779.000,185.389,14.831,24,"[[1,1024],[1024,4096]]","[[1,4096]]",0.21,0.58
0,FusedInferAttentionScore,AI_CORE,AI_CORE,1704161511434964.500,86.309,6.905,24,"[[1,1024],[1024,4096]]","[[1,4096]]",0.21,0.58
0,RmsNorm,AI_VECTOR_CORE,AI_VECTOR_CORE,1704161511435050.750,20.616,1.649,24,"[[1,1024],[1024,4096]]","[[1,4096]]",0.05,0.3
0,MatMulV2,AI_CORE,AI_CORE,1704161511435118.750,177.846,14.228,24,"[[1,1024],[1024,4096]]","[[1,4096]]",0.21,0.58
0,FusedInferAttentionScore,AI_CORE,AI_CORE,1704161511435296.500,85.528,6.842,24,"[[1,1024],[1024,4096]]","[[1,4096]]",0.21,0.58
0,RmsNorm,AI_VECTOR_CORE,AI_VECTOR_CORE,1704161511435382.000,24.884,1.991,24,"[[1,1024],[1024,4096]]","[[1,4096]]",0.05,0.3
0,MatMulV2,AI_CORE,AI_CORE,1704161511435458.250,182.430,14.594,24,"[[1,1024],[1024,4096]]","[[1,4096]]",0.21,0.58
0,FusedInferAttentionScore,AI_CORE,AI_CORE,1704161511435640.750,94.007,7.521,24,"[[1,1024],[1024,4096]]","[[1,4096]]",0.21,0.58
0,RmsNorm,AI_VECTOR_CORE,AI_VECTOR_CORE,1704161511435734.750,21.388,1.711,24,"[[1,1024],[1024,4096]]","[[1,4096]]",0.05,0.3
0,MatMulV2,AI_CORE,AI_CORE,1704161511435805.250,159.187,12.735,24,"[[1,1024],[1024,4096]]","[[1,4096]]",0.21,0.58
0,FusedInferAttentionScore,AI_CORE,AI_CORE,1704161511435964.500,86.342,6.907,24,"[[1,1024],[1024,4096]]","[[1,4096]]",0.21,0.58
0,RmsNorm,AI_VECTOR_CORE,AI_VECTOR_CORE,1704161511436050.750,25.200,2.016,24,"[[1,1024],[1024,4096]]","[[1,4096]]",0.05,0.3
0,MatMulV2,AI_CORE,AI_CORE,1704161511436122.250,186.729,14.938,24,"[[1,1024],[1024,4096]]","[[1,4096]]",0.21,0.58
0,FusedInferAttentionScore,AI_CORE,AI_CORE,1704161511436309.000,94.579,7.566,24,"[[1,1024],[1024,4096]]","[[1,4096]]",0.21,0.58
0,RmsNorm,AI_VECTOR_CORE,AI_VECTOR_CORE,1704161511436403.500,21.781,1.742,24,"[[1,1024],[1024,4096]]","[[1,4096]]",0.05,0.3
0,MatMulV2,AI_CORE,AI_CORE,1704161511436476.000,168.996,13.520,24,"[[1,1024],[1024,4096]]","[[1,4096]]",0.21,0.58
0,FusedInferAttentionScore,AI_CORE,AI_CORE,1704161511436645.000,97.464,7.797,24,"[[1,1024],[1024,4096]]","[[1,4096]]",0.21,0.58
0,RmsNorm,AI_VECTOR_CORE,AI_VECTOR_CORE,1704161511436742.500,25.186,2.015,24,"[[1,1024],[1024,4096]]","[[1,4096]]",0.05,0.3
0,MatMulV2,AI_CORE,AI_CORE,1704161511436816.500,157.100,12.568,24,"[[1,1024],[1024,4096]]","[[1,4096]]",0.21,0.58
0,FusedInferAttentionScore,AI_CORE,AI_CORE,1704161511436973.500,83.962,6.717,24,"[[1,1024],[1024,4096]]","[[1,4096]]",0.21,0.58
0,RmsNorm,AI_VECTOR_CORE,AI_VECTOR_CORE,1704161511437057.500,24.937,1.995,24,"[[1,1024],[1024,4096]]","[[1,4096]]",0.05,0.3
0,MatMulV2,AI_CORE,AI_CORE,1704161511437134.750,158.421,12.674,24,"[[1,1024],[1024,4096]]","[[1,4096]]",0.21,0.58
0,FusedInferAttentionScore,AI_CORE,AI_CORE,1704161511437293.250,88.796,7.104,24,"[[1,1024],[1024,4096]]","[[1,4096]]",0.21,0.58
0,RmsNorm,AI_VECTOR_CORE,AI_VECTOR_CORE,1704161511437382.000,23.547,1.884,24,"[[1,1024],[1024,4096]]","[[1,4096]]",0.05,0.3
0,MatMulV2,AI_CORE,AI_CORE,1704161511437457.000,183.599,14.688,24,"[[1,1024],[1024,4096]]","[[1,4096]]",0.21,0.58
0,FusedInferAttentionScore,AI_CORE,AI_CORE,1704161511437640.500,92.310,7.385,24,"[[1,1024],[1024,4096]]","[[1,4096]]",0.21,0.58
0,RmsNorm,AI_VECTOR_CORE,AI_VECTOR_CORE,1704161511437732.750,25.693,2.055,24,"[[1,1024],[1024,4096]]","[[1,4096]]",0.05,0.3
0,MatMulV2,AI_CORE,AI_CORE,1704161511437804.000,168.583,13.487,24,"[[1,1024],[1024,4096]]","[[1,4096]]",0.21,0.58
0,FusedInferAttentionScore,AI_CORE,AI_CORE,1704161511437972.500,95.416,7.633,24,"[[1,1024],[1024,4096]]","[[1,4096]]",0.21,0.58
0,RmsNorm,AI_VECTOR_CORE,AI_VECTOR_CORE,1704161511438068.000,18.216,1.457,24,"[[1,1024],[1024,4096]]","[[1,4096]]",0.05,0.3
0,MatMulV2,AI_CORE,AI_CORE,1704161511438131.500,165.394,13.232,24,"[[1,1024],[1024,4096]]","[[1,4096]]",0.21,0.58
0,FusedInferAttentionScore,AI_CORE,AI_CORE,1704161511438297.000,90.934,7.275,24,"[[1,1024],[1024,4096]]","[[1,4096]]",0.21,0.58
0,RmsNorm,AI_VECTOR_CORE,AI_VECTOR_CORE,1704161511438388.000,26.339,2.107,24,"[[1,1024],[1024,4096]]","[[1,4096]]",0.05,0.3
0,MatMulV2,AI_CORE,AI_CORE,1704161511438460.000,183.755,14.700,24,"[[1,1024],[1024,4096]]","[[1,4096]]",0.21,0.58
0,FusedInferAttentionScore,AI_CORE,AI_CORE,1704161511438643.750,89.074,7.126,24,"[[1,1024],[1024,4096]]","[[1,4096]]",0.21,0.58
0,RmsNorm,AI_VECTOR_CORE,AI_VECTOR_CORE,1704161511438732.750,25.691,2.055,24,"[[1,1024],[1024,4096]]","[[1,4096]]",0.05,0.3
0,MatMulV2,AI_CORE,AI_CORE,1704161511438802.500,162.250,12.980,24,"[[1,1024],[1024,4096]]","[[1,4096]]",0.21,0.58
0,FusedInferAttentionScore,AI_CORE,AI_CORE,1704161511438964.750,89.370,7.150,24,"[[1,1024],[1024,4096]]","[[1,4096]]",0.21,0.58
0,RmsNorm,AI_VECTOR_CORE,AI_VECTOR_CORE,1704161511439054.000,19.927,1.594,24,"[[1,1024],[1024,4096]]","[[1,4096]]",0.05,0.3
0,MatMulV2,AI_CORE,AI_CORE,1704161511439121.500,182.160,14.573,24,"[[1,1024],[1024,4096]]","[[1,4096]]",0.21,0.58
0,FusedInferAttentionScore,AI_CORE,AI_CORE,1704161511439303.750,93.827,7.506,24,"[[1,1024],[1024,4096]]","[[1,4096]]",0.21,0.58
0,RmsNorm,AI_VECTOR_CORE,AI_VECTOR_CORE,1704161511439397.500,23.922,1.914,24,"[[1,1024],[1024,4096]]","[[1,4096]]",0.05,0.3
0,MatMulV2,AI_CORE,AI_CORE,1704161511439465.000,161.641,12.931,24,"[[1,1024],[1024,4096]]","[[1,4096]]",0.21,0.58
0,FusedInferAttentionScore,AI_CORE,AI_CORE,1704161511439626.750,98.573,7.886,24,"[[1,1024],[1024,4096]]","[[1,4096]]",0.21,0.58
0,RmsNorm,AI_VECTOR_CORE,AI_VECTOR_CORE,1704161511439725.250,20.338,1.627,24,"[[1,1024],[1024,4096]]","[[1,4096]]",0.05,0.3
0,MatMulV2,AI_CORE,AI_CORE,1704161511439793.500,180.396,14.432,24,"[[1,1024],[1024,4096]]","[[1,4096]]",0.21,0.58
0,FusedInferAttentionScore,AI_CORE,AI_CORE,1704161511439974.000,95.791,7.663,24,"[[1,1024],[1024,4096]]","[[1,4096]]",0.21,0.58
0,RmsNorm,AI_VECTOR_CORE,AI_VECTOR_CORE,1704161511440069.750,21.146,1.692,24,"[[1,1024],[1024,4096]]","[[1,4096]]",0.05,0.3
0,MatMulV2,AI_CORE,AI_CORE,1704161511440136.000,179.492,14.359,24,"[[1,1024],[1024,4096]]","[[1,4096]]",0.21,0.58
0,FusedInferAttentionScore,AI_CORE,AI_CORE,1704161511440315.500,86.225,6.898,24,"[[1,1024],[1024,4096]]","[[1,4096]]",0.21,0.58
0,RmsNorm,AI_VECTOR_CORE,AI_VECTOR_CORE,1704161511440401.750,24.687,1.975,24,"[[1,1024],[1024,4096]]","[[1,4096]]",0.05,0.3
0,MatMulV2,AI_CORE,AI_CORE,1704161511440477.000,169.490,13.559,24,"[[1,1024],[1024,4096]]","[[1,4096]]",0.21,0.58
0,FusedInferAttentionScore,AI_CORE,AI_CORE,1704161511440646.500,89.018,7.121,24,"[[1,1024],[1024,4096]]","[[1,4096]]",0.21,0.58
0,RmsNorm,AI_VECTOR_CORE,AI_VECTOR_CORE,1704161511440735.500,21.872,1.750,24,"[[1,1024],[1024,4096]]","[[1,4096]]",0.05,0.3
0,MatMulV2,AI_CORE,AI_CORE,1704161511440802.750,184.537,14.763,24,"[[1,1024],[1024,4096]]","[[1,4096]]",0.21,0.58
0,FusedInferAttentionScore,AI_CORE,AI_CORE,1704161511440987.250,86.187,6.895,24,"[[1,1024],[1024,4096]]","[[1,4096]]",0.21,0.58
0,RmsNorm,AI_VECTOR_CORE,AI_VECTOR_CORE,1704161511441073.500,22.487,1.799,24,"[[1,1024],[1024,4096]]","[[1,4096]]",0.05,0.3
0,MatMulV2,AI_CORE,AI_CORE,1704161511441147.750,180.573,14.446,24,"[[1,1024],[1024,4096]]","[[1,4096]]",0.21,0.58
0,FusedInferAttentionScore,AI_CORE,AI_CORE,1704161511441328.250,95.503,7.640,24,"[[1,1024],[1024,4096]]","[[1,4096]]",0.21,0.58
0,RmsNorm,AI_VECTOR_CORE,AI_VECTOR_CORE,1704161511441423.750,22.019,1.761,24,"[[1,1024],[1024,4096]]","[[1,4096]]",0.05,0.3
0,MatMulV2,AI_CORE,AI_CORE,1704161511441490.000,186.315,14.905,24,"[[1,1024],[1024,4096]]","[[1,4096]]",0.21,0.58
0,FusedInferAttentionScore,AI_CORE,AI_CORE,1704161511441676.250,84.058,6.725,24,"[[1,1024],[1024,4096]]","[[1,4096]]",0.21,0.58
0,RmsNorm,AI_VECTOR_CORE,AI_VECTOR_CORE,1704161511441760.250,25.159,2.013,24,"[[1,1024],[1024,4096]]","[[1,4096]]",0.05,0.3
0,MatMulV2,AI_CORE,AI_CORE,1704161511441831.500,174.177,13.934,24,"[[1,1024],[1024,4096]]","[[1,4096]]",0.21,0.58
0,FusedInferAttentionScore,AI_CORE,AI_CORE,1704161511442005.750,87.310,6.985,24,"[[1,1024],[1024,4096]]","[[1,4096]]",0.21,0.58
0,RmsNorm,AI_VECTOR_CORE,AI_VECTOR_CORE,1704161511442093.000,24.400,1.952,24,"[[1,1024],[1024,4096]]","[[1,4096]]",0.05,0.3
0,MatMulV2,AI_CORE,AI_CORE,1704161511442169.500,180.774,14.462,24,"[[1,1024],[1024,4096]]","[[1,4096]]",0.21,0.58
0,FusedInferAttentionScore,AI_CORE,AI_CORE,1704161511442350.250,92.869,7.430,24,"[[1,1024],[1024,4096]]","[[1,4096]]",0.21,0.58
0,RmsNorm,AI_VECTOR_CORE,AI_VECTOR_CORE,1704161511442443.000,19.092,1.527,24,"[[1,1024],[1024,4096]]","[[1,4096]]",0.05,0.3
0,MatMulV2,AI_CORE,AI_CORE,1704161511442514.000,161.167,12.893,24,"[[1,1024],[1024,4096]]","[[1,4096]]",0.21,0.58
0,FusedInferAttentionScore,AI_CORE,AI_CORE,1704161511442675.250,98.829,7.906,24,"[[1,1024],[1024,4096]]","[[1,4096]]",0.21,0.58
0,RmsNorm,AI_VECTOR_CORE,AI_VECTOR_CORE,1704161511442774.000,21.759,1.741,24,"[[1,1024],[1024,4096]]","[[1,4096]]",0.05,0.3
0,MatMulV2,AI_CORE,AI_CORE,1704161511442846.750,157.517,12.601,24,"[[1,1024],[1024,4096]]","[[1,4096]]",0.21,0.58
0,FusedInferAttentionScore,AI_CORE,AI_CORE,1704161511443004.250,94.900,7.592,24,"[[1,1024],[1024,4096]]","[[1,4096]]",0.21,0.58
0,RmsNorm,AI_VECTOR_CORE,AI_VECTOR_CORE,1704161511443099.250,18.257,1.461,24,"[[1,1024],[1024,4096]]","[[1,4096]]",0.05,0.3
0,MatMulV2,AI_CORE,AI_CORE,1704161511444260.000,180.548,14.444,24,"[[1,1024],[1024,4096]]","[[1,4096]]",0.21,0.58
0,FusedInferAttentionScore,AI_CORE,AI_CORE,1704161511444440.500,92.168,7.373,24,"[[1,1024],[1024,4096]]","[[1,4096]]",0.21,0.58
0,RmsNorm,AI_VECTOR_CORE,AI_VECTOR_CORE,1704161511444532.750,26.002,2.080,24,"[[1,1024],[1024,4096]]","[[1,4096]]",0.05,0.3
0,MatMulV2,AI_CORE,AI_CORE,1704161511444784.000,157.162,12.573,24,"[[1,1024],[1024,4096]]","[[1,4096]]",0.21,0.58
0,FusedInferAttentionScore,AI_CORE,AI_CORE,1704161511444941.250,91.461,7.317,24,"[[1,1024],[1024,4096]]","[[1,4096]]",0.21,0.58
0,RmsNorm,AI_VECTOR_CORE,AI_VECTOR_CORE,1704161511445032.750,24.153,1.932,24,"[[1,1024],[1024,4096]]","[[1,4096]]",0.05,0.3
0,MatMulV2,AI_CORE,AI_CORE,1704161511445101.750,153.947,12.316,24,"[[1,1024],[1024,4096]]","[[1,4096]]",0.21,0.58
0,FusedInferAttentionScore,AI_CORE,AI_CORE,1704161511445255.750,96.424,7.714,24,"[[1,1024],[1024,4096]]","[[1,4096]]",0.21,0.58
0,RmsNorm,AI_VECTOR_CORE,AI_VECTOR_CORE,1704161511445352.250,20.042,1.603,24,"[[1,1024],[1024,4096]]","[[1,4096]]",0.05,0.3
0,MatMulV2,AI_CORE,AI_CORE,1704161511445423.250,160.206,12.816,24,"[[1,1024],[1024,4096]]","[[1,4096]]",0.21,0.58
0,FusedInferAttentionScore,AI_CORE,AI_CORE,1704161511445583.500,96.752,7.740,24,"[[1,1024],[1024,4096]]","[[1,4096]]",0.21,0.58
0,RmsNorm,AI_VECTOR_CORE,AI_VECTOR_CORE,1704161511445680.250,21.165,1.693,24,"[[1,1024],[1024,4096]]","[[1,4096]]",0.05,0.3
0,MatMulV2,AI_CORE,AI_CORE,1704161511445748.000,179.254,14.340,24,"[[1,1024],[1024,4096]]","[[1,4096]]",0.21,0.58
0,FusedInferAttentionScore,AI_CORE,AI_CORE,1704161511445927.250,83.916,6.713,24,"[[1,1024],[1024,4096]]","[[1,4096]]",0.21,0.58
0,RmsNorm,AI_VECTOR_CORE,AI_VECTOR_CORE,1704161511446011.250,25.412,2.033,24,"[[1,1024],[1024,4096]]","[[1,4096]]",0.05,0.3
0,MatMulV2,AI_CORE,AI_CORE,1704161511446089.250,185.826,14.866,24,"[[1,1024],[1024,4096]]","[[1,4096]]",0.21,0.58
0,FusedInferAttentionScore,AI_CORE,AI_CORE,1704161511446275.000,83.686,6.695,24,"[[1,1024],[1024,4096]]","[[1,4096]]",0.21,0.58
0,RmsNorm,AI_VECTOR_CORE,AI_VECTOR_CORE,1704161511446358.750,18.455,1.476,24,"[[1,1024],[1024,4096]]","[[1,4096]]",0.05,0.3
0,MatMulV2,AI_CORE,AI_CORE,1704161511446426.750,183.650,14.692,24,"[[1,1024],[1024,4096]]","[[1,4096]]",0.21,0.58
0,FusedInferAttentionScore,AI_CORE,AI_CORE,1704161511446610.500,95.075,7.606,24,"[[1,1024],[1024,4096]]","[[1,4096]]",0.21,0.58
0,RmsNorm,AI_VECTOR_CORE,AI_VECTOR_CORE,1704161511446705.500,23.252,1.860,24,"[[1,1024],[1024,4096]]","[[1,4096]]",0.05,0.3
0,MatMulV2,AI_CORE,AI_CORE,1704161511446780.250,159.728,12.778,24,"[[1,1024],[1024,4096]]","[[1,4096]]",0.21,0.58
0,FusedInferAttentionScore,AI_CORE,AI_CORE,1704161511446940.000,83.378,6.670,24,"[[1,1024],[1024,4096]]","[[1,4096]]",0.21,0.58
0,RmsNorm,AI_VECTOR_CORE,AI_VECTOR_CORE,1704161511447023.500,22.508,1.801,24,"[[1,1024],[1024,4096]]","[[1,4096]]",0.05,0.3
0,MatMulV2,AI_CORE,AI_CORE,1704161511447095.000,182.356,14.588,24,"[[1,1024],[1024,4096]]","[[1,4096]]",0.21,0.58
0,FusedInferAttentionScore,AI_CORE,AI_CORE,1704161511447277.250,89.447,7.156,24,"[[1,1024],[1024,4096]]","[[1,4096]]",0.21,0.58
0,RmsNorm,AI_VECTOR_CORE,AI_VECTOR_CORE,1704161511447366.750,25.935,2.075,24,"[[1,1024],[1024,4096]]","[[1,4096]]",0.05,0.3
0,MatMulV2,AI_CORE,AI_CORE,1704161511447439.500,184.407,14.753,24,"[[1,1024],[1024,4096]]","[[1,4096]]",0.21,0.58
0,FusedInferAttentionScore,AI_CORE,AI_CORE,1704161511447624.000,89.877,7.190,24,"[[1,1024],[1024,4096]]","[[1,4096]]",0.21,0.58
0,RmsNorm,AI_VECTOR_CORE,AI_VECTOR_CORE,1704161511447714.000,19.549,1.564,24,"[[1,1024],[1024,4096]]","[[1,4096]]",0.05,0.3
0,MatMulV2,AI_CORE,AI_CORE,1704161511447785.500,171.917,13.753,24,"[[1,1024],[1024,4096]]","[[1,4096]]",0.21,0.58
0,FusedInferAttentionScore,AI_CORE,AI_CORE,1704161511447957.500,93.237,7.459,24,"[[1,1024],[1024,4096]]","[[1,4096]]",0.21,0.58
0,RmsNorm,AI_VECTOR_CORE,AI_VECTOR_CORE,1704161511448050.750,20.430,1.634,24,"[[1,1024],[1024,4096]]","[[1,4096]]",0.05,0.3
0,MatMulV2,AI_CORE,AI_CORE,1704161511448119.250,178.499,14.280,24,"[[1,1024],[1024,4096]]","[[1,4096]]",0.21,0.58
0,FusedInferAttentionScore,AI_CORE,AI_CORE,1704161511448297.750,98.027,7.842,24,"[[1,1024],[1024,4096]]","[[1,4096]]",0.21,0.58
0,RmsNorm,AI_VECTOR_CORE,AI_VECTOR_CORE,1704161511448395.750,22.595,1.808,24,"[[1,1024],[1024,4096]]","[[1,4096]]",0.05,0.3
0,MatMulV2,AI_CORE,AI_CORE,1704161511448470.000,178.617,14.289,24,"[[1,1024],[1024,4096]]","[[1,4096]]",0.21,0.58
0,FusedInferAttentionScore,AI_CORE,AI_CORE,1704161511448648.500,82.489,6.599,24,"[[1,1024],[1024,4096]]","[[1,4096]]",0.21,0.58
0,RmsNorm,AI_VECTOR_CORE,AI_VECTOR_CORE,1704161511448731.000,17.820,1.426,24,"[[1,1024],[1024,4096]]","[[1,4096]]",0.05,0.3
0,MatMulV2,AI_CORE,AI_CORE,1704161511448795.500,181.255,14.500,24,"[[1,1024],[1024,4096]]","[[1,4096]]",0.21,0.58
0,FusedInferAttentionScore,AI_CORE,AI_CORE,1704161511448976.750,92.957,7.437,24,"[[1,1024],[1024,4096]]","[[1,4096]]",0.21,0.58
0,RmsNorm,AI_VECTOR_CORE,AI_VECTOR_CORE,1704161511449069.750,22.239,1.779,24,"[[1,1024],[1024,4096]]","[[1,4096]]",0.05,0.3
0,MatMulV2,AI_CORE,AI_CORE,1704161511449143.750,156.008,12.481,24,"[[1,1024],[1024,4096]]","[[1,4096]]",0.21,0.58
0,FusedInferAttentionScore,AI_CORE,AI_CORE,1704161511449299.750,87.883,7.031,24,"[[1,1024],[1024,4096]]","[[1,4096]]",0.21,0.58
0,RmsNorm,AI_VECTOR_CORE,AI_VECTOR_CORE,1704161511449387.750,24.171,1.934,24,"[[1,1024],[1024,4096]]","[[1,4096]]",0.05,0.3
0,MatMulV2,AI_CORE,AI_CORE,1704161511449458.500,166.131,13.291,24,"[[1,1024],[1024,4096]]","[[1,4096]]",0.21,0.58
0,FusedInferAttentionScore,AI_CORE,AI_CORE,1704161511449624.750,81.197,6.496,24,"[[1,1024],[1024,4096]]","[[1,4096]]",0.21,0.58
0,RmsNorm,AI_VECTOR_CORE,AI_VECTOR_CORE,1704161511449706.000,25.998,2.080,24,"[[1,1024],[1024,4096]]","[[1,4096]]",0.05,0.3
0,MatMulV2,AI_CORE,AI_CORE,1704161511449778.250,173.572,13.886,24,"[[1,1024],[1024,4096]]","[[1,4096]]",0.21,0.58
0,FusedInferAttentionScore,AI_CORE,AI_CORE,1704161511449951.750,89.167,7.133,24,"[[1,1024],[1024,4096]]","[[1,4096]]",0.21,0.58
0,RmsNorm,AI_VECTOR_CORE,AI_VECTOR_CORE,1704161511450041.000,20.748,1.660,24,"[[1,1024],[1024,4096]]","[[1,4096]]",0.05,0.3
0,MatMulV2,AI_CORE,AI_CORE,1704161511450112.000,179.521,14.362,24,"[[1,1024],[1024,4096]]","[[1,4096]]",0.21,0.58
0,FusedInferAttentionScore,AI_CORE,AI_CORE,1704161511450291.500,91.409,7.313,24,"[[1,1024],[1024,4096]]","[[1,4096]]",0.21,0.58
0,RmsNorm,AI_VECTOR_CORE,AI_VECTOR_CORE,1704161511450383.000,19.002,1.520,24,"[[1,1024],[1024,4096]]","[[1,4096]]",0.05,0.3
0,MatMulV2,AI_CORE,AI_CORE,1704161511450451.000,182.510,14.601,24,"[[1,1024],[1024,4096]]","[[1,4096]]",0.21,0.58
0,FusedInferAttentionScore,AI_CORE,AI_CORE,1704161511450633.500,95.200,7.616,24,"[[1,1024],[1024,4096]]","[[1,4096]]",0.21,0.58
0,RmsNorm,AI_VECTOR_CORE,AI_VECTOR_CORE,1704161511450728.750,23.981,1.918,24,"[[1,1024],[1024,4096]]","[[1,4096]]",0.05,0.3
0,MatMulV2,AI_CORE,AI_CORE,1704161511450800.000,158.595,12.688,24,"[[1,1024],[1024,4096]]","[[1,4096]]",0.21,0.58
0,FusedInferAttentionScore,AI_CORE,AI_CORE,1704161511450958.500,90.757,7.261,24,"[[1,1024],[1024,4096]]","[[1,4096]]",0.21,0.58
0,RmsNorm,AI_VECTOR_CORE,AI_VECTOR_CORE,1704161511451049.250,22.036,1.763,24,"[[1,1024],[1024,4096]]","[[1,4096]]",0.05,0.3
0,MatMulV2,AI_CORE,AI_CORE,1704161511451114.500,174.646,13.972,24,"[[1,1024],[1024,4096]]","[[1,4096]]",0.21,0.58
0,FusedInferAttentionScore,AI_CORE,AI_CORE,1704161511451289.250,85.634,6.851,24,"[[1,1024],[1024,4096]]","[[1,4096]]",0.21,0.58
0,RmsNorm,AI_VECTOR_CORE,AI_VECTOR_CORE,1704161511451375.000,22.785,1.823,24,"[[1,1024],[1024,4096]]","[[1,4096]]",0.05,0.3
0,MatMulV2,AI_CORE,AI_CORE,1704161511451442.750,176.280,14.102,24,"[[1,1024],[1024,4096]]","[[1,4096]]",0.21,0.58
0,FusedInferAttentionScore,AI_CORE,AI_CORE,1704161511451619.000,86.893,6.951,24,"[[1,1024],[1024,4096]]","[[1,4096]]",0.21,0.58
0,RmsNorm,AI_VECTOR_CORE,AI_VECTOR_CORE,1704161511451706.000,18.135,1.451,24,"[[1,1024],[1024,4096]]","[[1,4096]]",0.05,0.3
0,MatMulV2,AI_CORE,AI_CORE,1704161511451767.750,156.468,12.517,24,"[[1,1024],[1024,4096]]","[[1,4096]]",0.21,0.58
0,FusedInferAttentionScore,AI_CORE,AI_CORE,1704161511451924.250,84.211,6.737,24,"[[1,1024],[1024,4096]]","[[1,4096]]",0.21,0.58
0,RmsNorm,AI_VECTOR_CORE,AI_VECTOR_CORE,1704161511452008.500,22.024,1.762,24,"[[1,1024],[1024,4096]]","[[1,4096]]",0.05,0.3
0,MatMulV2,AI_CORE,AI_CORE,1704161511452083.000,161.350,12.908,24,"[[1,1024],[1024,4096]]","[[1,4096]]",0.21,0.58
0,FusedInferAttentionScore,AI_CORE,AI_CORE,1704161511452244.250,91.570,7.326,24,"[[1,1024],[1024,4096]]","[[1,4096]]",0.21,0.58
0,RmsNorm,AI_VECTOR_CORE,AI_VECTOR_CORE,1704161511452335.750,20.522,1.642,24,"[[1,1024],[1024,4096]]","[[1,4096]]",0.05,0.3
0,MatMulV2,AI_CORE,AI_CORE,1704161511452408.000,176.282,14.103,24,"[[1,1024],[1024,4096]]","[[1,4096]]",0.21,0.58
0,FusedInferAttentionScore,AI_CORE,AI_CORE,1704161511452584.250,93.693,7.495,24,"[[1,1024],[1024,4096]]","[[1,4096]]",0.21,0.58
0,RmsNorm,AI_VECTOR_CORE,AI_VECTOR_CORE,1704161511452678.000,24.930,1.994,24,"[[1,1024],[1024,4096]]","[[1,4096]]",0.05,0.3
0,MatMulV2,AI_CORE,AI_CORE,1704161511452755.000,181.655,14.532,24,"[[1,1024],[1024,4096]]","[[1,4096]]",0.21,0.58
0,FusedInferAttentionScore,AI_CORE,AI_CORE,1704161511452936.750,89.880,7.190,24,"[[1,1024],[1024,4096]]","[[1,4096]]",0.21,0.58
0,RmsNorm,AI_VECTOR_CORE,AI_VECTOR_CORE,1704161511453026.750,17.906,1.432,24,"[[1,1024],[1024,4096]]","[[1,4096]]",0.05,0.3
0,MatMulV2,AI_CORE,AI_CORE,1704161511453094.500,166.505,13.320,24,"[[1,1024],[1024,4096]]","[[1,4096]]",0.21,0.58
0,FusedInferAttentionScore,AI_CORE,AI_CORE,1704161511453261.000,90.405,7.232,24,"[[1,1024],[1024,4096]]","[[1,4096]]",0.21,0.58
0,RmsNorm,AI_VECTOR_CORE,AI_VECTOR_CORE,1704161511453351.500,24.871,1.990,24,"[[1,1024],[1024,4096]]","[[1,4096]]",0.05,0.3
0,MatMulV2,AI_CORE,AI_CORE,1704161511453421.250,168.464,13.477,24,"[[1,1024],[1024,4096]]","[[1,4096]]",0.21,0.58
0,FusedInferAttentionScore,AI_CORE,AI_CORE,1704161511453589.750,87.118,6.969,24,"[[1,1024],[1024,4096]]","[[1,4096]]",0.21,0.58
0,RmsNorm,AI_VECTOR_CORE,AI_VECTOR_CORE,1704161511453676.750,25.917,2.073,24,"[[1,1024],[1024,4096]]","[[1,4096]]",0.05,0.3
0,MatMulV2,AI_CORE,AI_CORE,1704161511453750.000,179.066,14.325,24,"[[1,1024],[1024,4096]]","[[1,4096]]",0.21,0.58
0,FusedInferAttentionScore,AI_CORE,AI_CORE,1704161511453929.000,96.421,7.714,24,"[[1,1024],[1024,4096]]","[[1,4096]]",0.21,0.58
0,RmsNorm,AI_VECTOR_CORE,AI_VECTOR_CORE,1704161511454025.500,24.066,1.925,24,"[[1,1024],[1024,4096]]","[[1,4096]]",0.05,0.3
0,MatMulV2,AI_CORE,AI_CORE,1704161511454098.500,169.943,13.595,24,"[[1,1024],[1024,4096]]","[[1,4096]]",0.21,0.58
0,FusedInferAttentionScore,AI_CORE,AI_CORE,1704161511454268.500,89.270,7.142,24,"[[1,1024],[1024,4096]]","[[1,4096]]",0.21,0.58
0,RmsNorm,AI_VECTOR_CORE,AI_VECTOR_CORE,1704161511454357.750,24.705,1.976,24,"[[1,1024],[1024,4096]]","[[1,4096]]",0.05,0.3
0,MatMulV2,AI_CORE,AI_CORE,1704161511454432.500,163.950,13.116,24,"[[1,1024],[1024,4096]]","[[1,4096]]",0.21,0.58
0,FusedInferAttentionScore,AI_CORE,AI_CORE,1704161511454596.500,95.356,7.629,24,"[[1,1024],[1024,4096]]","[[1,4096]]",0.21,0.58
0,RmsNorm,AI_VECTOR_CORE,AI_VECTOR_CORE,1704161511454691.750,17.653,1.412,24,"[[1,1024],[1024,4096]]","[[1,4096]]",0.05,0.3
0,MatMulV2,AI_CORE,AI_CORE,1704161511454754.250,181.745,14.540,24,"[[1,1024],[1024,4096]]","[[1,4096]]",0.21,0.58
0,FusedInferAttentionScore,AI_CORE,AI_CORE,1704161511454936.000,89.127,7.130,24,"[[1,1024],[1024,4096]]","[[1,4096]]",0.21,0.58
0,RmsNorm,AI_VECTOR_CORE,AI_VECTOR_CORE,1704161511455025.250,20.277,1.622,24,"[[1,1024],[1024,4096]]","[[1,4096]]",0.05,0.3
0,MatMulV2,AI_CORE,AI_CORE,1704161511456260.000,177.851,14.228,24,"[[1,1024],[1024,4096]]","[[1,4096]]",0.21,0.58
0,FusedInferAttentionScore,AI_CORE,AI_CORE,1704161511456437.750,87.494,7.000,24,"[[1,1024],[1024,4096]]","[[1,4096]]",0.21,0.58
0,RmsNorm,AI_VECTOR_CORE,AI_VECTOR_CORE,1704161511456525.250,18.044,1.444,24,"[[1,1024],[1024,4096]]","[[1,4096]]",0.05,0.3
0,MatMulV2,AI_CORE,AI_CORE,1704161511456766.750,179.831,14.387,24,"[[1,1024],[1024,4096]]","[[1,4096]]",0.21,0.58
0,FusedInferAttentionScore,AI_CORE,AI_CORE,1704161511456946.500,98.061,7.845,24,"[[1,1024],[1024,4096]]","[[1,4096]]",0.21,0.58
0,RmsNorm,AI_VECTOR_CORE,AI_VECTOR_CORE,1704161511457044.500,24.006,1.921,24,"[[1,1024],[1024,4096]]","[[1,4096]]",0.05,0.3
0,MatMulV2,AI_CORE,AI_CORE,1704161511457113.250,155.140,12.411,24,"[[1,1024],[1024,4096]]","[[1,4096]]",0.21,0.58
0,FusedInferAttentionScore,AI_CORE,AI_CORE,1704161511457268.500,97.981,7.839,24,"[[1,1024],[1024,4096]]","[[1,4096]]",0.21,0.58
0,RmsNorm,AI_VECTOR_CORE,AI_VECTOR_CORE,1704161511457366.500,19.341,1.547,24,"[[1,1024],[1024,4096]]","[[1,4096]]",0.05,0.3
0,MatMulV2,AI_CORE,AI_CORE,1704161511457435.000,155.952,12.476,24,"[[1,1024],[1024,4096]]","[[1,4096]]",0.21,0.58
0,FusedInferAttentionScore,AI_CORE,AI_CORE,1704161511457591.000,85.166,6.813,24,"[[1,1024],[1024,4096]]","[[1,4096]]",0.21,0.58
0,RmsNorm,AI_VECTOR_CORE,AI_VECTOR_CORE,1704161511457676.250,19.081,1.527,24,"[[1,1024],[1024,4096]]","[[1,4096]]",0.05,0.3
0,MatMulV2,AI_CORE,AI_CORE,1704161511457741.000,168.869,13.510,24,"[[1,1024],[1024,4096]]","[[1,4096]]",0.21,0.58
0,FusedInferAttentionScore,AI_CORE,AI_CORE,1704161511457909.750,92.906,7.432,24,"[[1,1024],[1024,4096]]","[[1,4096]]",0.21,0.58
0,RmsNorm,AI_VECTOR_CORE,AI_VECTOR_CORE,1704161511458002.750,20.957,1.677,24,"[[1,1024],[1024,4096]]","[[1,4096]]",0.05,0.3
0,MatMulV2,AI_CORE,AI_CORE,1704161511458073.000,173.677,13.894,24,"[[1,1024],[1024,4096]]","[[1,4096]]",0.21,0.58
0,FusedInferAttentionScore,AI_CORE,AI_CORE,1704161511458246.750,87.430,6.994,24,"[[1,1024],[1024,4096]]","[[1,4096]]",0.21,0.58
0,RmsNorm,AI_VECTOR_CORE,AI_VECTOR_CORE,1704161511458334.250,22.861,1.829,24,"[[1,1024],[1024,4096]]","[[1,4096]]",0.05,0.3
0,MatMulV2,AI_CORE,AI_CORE,1704161511458403.500,170.789,13.663,24,"[[1,1024],[1024,4096]]","[[1,4096]]",0.21,0.58
0,FusedInferAttentionScore,AI_CORE,AI_CORE,1704161511458574.250,90.978,7.278,24,"[[1,1024],[1024,4096]]","[[1,4096]]",0.21,0.58
0,RmsNorm,AI_VECTOR_CORE,AI_VECTOR_CORE,1704161511458665.250,25.951,2.076,24,"[[1,1024],[1024,4096]]","[[1,4096]]",0.05,0.3
0,MatMulV2,AI_CORE,AI_CORE,1704161511458742.750,182.161,14.573,24,"[[1,1024],[1024,4096]]","[[1,4096]]",0.21,0.58
0,FusedInferAttentionScore,AI_CORE,AI_CORE,1704161511458925.000,95.282,7.623,24,"[[1,1024],[1024,4096]]","[[1,4096]]",0.21,0.58
0,RmsNorm,AI_VECTOR_CORE,AI_VECTOR_CORE,1704161511459020.250,21.331,1.706,24,"[[1,1024],[1024,4096]]","[[1,4096]]",0.05,0.3
0,MatMulV2,AI_CORE,AI_CORE,1704161511459088.000,170.958,13.677,24,"[[1,1024],[1024,4096]]","[[1,4096]]",0.21,0.58
0,FusedInferAttentionScore,AI_CORE,AI_CORE,1704161511459259.000,90.882,7.271,24,"[[1,1024],[1024,4096]]","[[1,4096]]",0.21,0.58
0,RmsNorm,AI_VECTOR_CORE,AI_VECTOR_CORE,1704161511459350.000,22.043,1.763,24,"[[1,1024],[1024,4096]]","[[1,4096]]",0.05,0.3
0,MatMulV2,AI_CORE,AI_CORE,1704161511459424.000,173.757,13.901,24,"[[1,1024],[1024,4096]]","[[1,4096]]",0.21,0.58
0,FusedInferAttentionScore,AI_CORE,AI_CORE,1704161511459597.750,92.153,7.372,24,"[[1,1024],[1024,4096]]","[[1,4096]]",0.21,0.58
0,RmsNorm,AI_VECTOR_CORE,AI_VECTOR_CORE,1704161511459690.000,19.517,1.561,24,"[[1,1024],[1024,4096]]","[[1,4096]]",0.05,0.3
0,MatMulV2,AI_CORE,AI_CORE,1704161511459754.250,165.559,13.245,24,"[[1,1024],[1024,4096]]","[[1,4096]]",0.21,0.58
0,FusedInferAttentionScore,AI_CORE,AI_CORE,1704161511459919.750,96.486,7.719,24,"[[1,1024],[1024,4096]]","[[1,4096]]",0.21,0.58
0,RmsNorm,AI_VECTOR_CORE,AI_VECTOR_CORE,1704161511460016.250,18.609,1.489,24,"[[1,1024],[1024,4096]]","[[1,4096]]",0.05,0.3
0,MatMulV2,AI_CORE,AI_CORE,1704161511460084.750,172.399,13.792,24,"[[1,1024],[1024,4096]]","[[1,4096]]",0.21,0.58
0,FusedInferAttentionScore,AI_CORE,AI_CORE,1704161511460257.250,82.494,6.599,24,"[[1,1024],[1024,4096]]","[[1,4096]]",0.21,0.58
0,RmsNorm,AI_VECTOR_CORE,AI_VECTOR_CORE,1704161511460339.750,25.964,2.077,24,"[[1,1024],[1024,4096]]","[[1,4096]]",0.05,0.3
0,MatMulV2,AI_CORE,AI_CORE,1704161511460416.750,168.837,13.507,24,"[[1,1024],[1024,4096]]","[[1,4096]]",0.21,0.58
0,FusedInferAttentionScore,AI_CORE,AI_CORE,1704161511460585.500,84.673,6.774,24,"[[1,1024],[1024,4096]]","[[1,4096]]",0.21,0.58
0,RmsNorm,AI_VECTOR_CORE,AI_VECTOR_CORE,1704161511460670.250,18.245,1.460,24,"[[1,1024],[1024,4096]]","[[1,4096]]",0.05,0.3
0,MatMulV2,AI_CORE,AI_CORE,1704161511460735.750,156.100,12.488,24,"[[1,1024],[1024,4096]]","[[1,4096]]",0.21,0.58
0,FusedInferAttentionScore,AI_CORE,AI_CORE,1704161511460891.750,98.418,7.873,24,"[[1,1024],[1024,4096]]","[[1,4096]]",0.21,0.58
0,RmsNorm,AI_VECTOR_CORE,AI_VECTOR_CORE,1704161511460990.250,24.567,1.965,24,"[[1,1024],[1024,4096]]","[[1,4096]]",0.05,0.3
0,MatMulV2,AI_CORE,AI_CORE,1704161511461064.000,179.170,14.334,24,"[[1,1024],[1024,4096]]","[[1,4096]]",0.21,0.58
0,FusedInferAttentionScore,AI_CORE,AI_CORE,1704161511461243.250,95.795,7.664,24,"[[1,1024],[1024,4096]]","[[1,4096]]",0.21,0.58
0,RmsNorm,AI_VECTOR_CORE,AI_VECTOR_CORE,1704161511461339.000,19.666,1.573,24,"[[1,1024],[1024,4096]]","[[1,4096]]",0.05,0.3
0,MatMulV2,AI_CORE,AI_CORE,1704161511461410.500,185.586,14.847,24,"[[1,1024],[1024,4096]]","[[1,4096]]",0.21,0.58
0,FusedInferAttentionScore,AI_CORE,AI_CORE,1704161511461596.000,94.976,7.598,24,"[[1,1024],[1024,4096]]","[[1,4096]]",0.21,0.58
0,RmsNorm,AI_VECTOR_CORE,AI_VECTOR_CORE,1704161511461691.000,21.750,1.740,24,"[[1,1024],[1024,4096]]","[[1,4096]]",0.05,0.3
0,MatMulV2,AI_CORE,AI_CORE,1704161511461757.500,181.257,14.501,24,"[[1,1024],[1024,4096]]","[[1,4096]]",0.21,0.58
0,FusedInferAttentionScore,AI_CORE,AI_CORE,1704161511461938.750,86.758,6.941,24,"[[1,1024],[1024,4096]]","[[1,4096]]",0.21,0.58
0,RmsNorm,AI_VECTOR_CORE,AI_VECTOR_CORE,1704161511462025.500,25.562,2.045,24,"[[1,1024],[1024,4096]]","[[1,4096]]",0.05,0.3
0,MatMulV2,AI_CORE,AI_CORE,1704161511462096.000,161.048,12.884,24,"[[1,1024],[1024,4096]]","[[1,4096]]",0.21,0.58
0,FusedInferAttentionScore,AI_CORE,AI_CORE,1704161511462257.000,94.046,7.524,24,"[[1,1024],[1024,4096]]","[[1,4096]]",0.21,0.58
0,RmsNorm,AI_VECTOR_CORE,AI_VECTOR_CORE,1704161511462351.000,19.395,1.552,24,"[[1,1024],[1024,4096]]","[[1,4096]]",0.05,0.3
0,MatMulV2,AI_CORE,AI_CORE,1704161511462414.500,184.437,14.755,24,"[[1,1024],[1024,4096]]","[[1,4096]]",0.21,0.58
0,FusedInferAttentionScore,AI_CORE,AI_CORE,1704161511462599.000,86.731,6.938,24,"[[1,1024],[1024,4096]]","[[1,4096]]",0.21,0.58
0,RmsNorm,AI_VECTOR_CORE,AI_VECTOR_CORE,1704161511462685.750,20.201,1.616,24,"[[1,1024],[1024,4096]]","[[1,4096]]",0.05,0.3
0,MatMulV2,AI_CORE,AI_CORE,1704161511462753.500,159.019,12.722,24,"[[1,1024],[1024,4096]]","[[1,4096]]",0.21,0.58
0,FusedInferAttentionScore,AI_CORE,AI_CORE,1704161511462912.500,90.854,7.268,24,"[[1,1024],[1024,4096]]","[[1,4096]]",0.21,0.58
0,RmsNorm,AI_VECTOR_CORE,AI_VECTOR_CORE,1704161511463003.250,19.123,1.530,24,"[[1,1024],[1024,4096]]","[[1,4096]]",0.05,0.3
0,MatMulV2,AI_CORE,AI_CORE,1704161511463069.750,161.129,12.890,24,"[[1,1024],[1024,4096]]","[[1,4096]]",0.21,0.58
0,FusedInferAttentionScore,AI_CORE,AI_CORE,1704161511463231.000,97.471,7.798,24,"[[1,1024],[1024,4096]]","[[1,4096]]",0.21,0.58
0,RmsNorm,AI_VECTOR_CORE,AI_VECTOR_CORE,1704161511463328.500,22.390,1.791,24,"[[1,1024],[1024,4096]]","[[1,4096]]",0.05,0.3
0,MatMulV2,AI_CORE,AI_CORE,1704161511463396.750,159.383,12.751,24,"[[1,1024],[1024,4096]]","[[1,4096]]",0.21,0.58
0,FusedInferAttentionScore,AI_CORE,AI_CORE,1704161511463556.250,83.119,6.650,24,"[[1,1024],[1024,4096]]","[[1,4096]]",0.21,0.58
0,RmsNorm,AI_VECTOR_CORE,AI_VECTOR_CORE,1704161511463639.250,22.722,1.818,24,"[[1,1024],[1024,4096]]","[[1,4096]]",0.05,0.3
0,MatMulV2,AI_CORE,AI_CORE,1704161511463710.000,157.398,12.592,24,"[[1,1024],[1024,4096]]","[[1,4096]]",0.21,0.58
0,FusedInferAttentionScore,AI_CORE,AI_CORE,1704161511463867.500,98.289,7.863,24,"[[1,1024],[1024,4096]]","[[1,4096]]",0.21,0.58
0,RmsNorm,AI_VECTOR_CORE,AI_VECTOR_CORE,1704161511463965.750,20.170,1.614,24,"[[1,1024],[1024,4096]]","[[1,4096]]",0.05,0.3
0,MatMulV2,AI_CORE,AI_CORE,1704161511464029.500,182.496,14.600,24,"[[1,1024],[1024,4096]]","[[1,4096]]",0.21,0.58
0,FusedInferAttentionScore,AI_CORE,AI_CORE,1704161511464212.000,96.823,7.746,24,"[[1,1024],[1024,4096]]","[[1,4096]]",0.21,0.58
0,RmsNorm,AI_VECTOR_CORE,AI_VECTOR_CORE,1704161511464308.750,19.931,1.594,24,"[[1,1024],[1024,4096]]","[[1,4096]]",0.05,0.3
0,MatMulV2,AI_CORE,AI_CORE,1704161511464376.250,167.647,13.412,24,"[[1,1024],[1024,4096]]","[[1,4096]]",0.21,0.58
0,FusedInferAttentionScore,AI_CORE,AI_CORE,1704161511464544.000,83.624,6.690,24,"[[1,1024],[1024,4096]]","[[1,4096]]",0.21,0.58
0,RmsNorm,AI_VECTOR_CORE,AI_VECTOR_CORE,1704161511464627.500,24.881,1.990,24,"[[1,1024],[1024,4096]]","[[1,4096]]",0.05,0.3
0,MatMulV2,AI_CORE,AI_CORE,1704161511464705.000,156.450,12.516,24,"[[1,1024],[1024,4096]]","[[1,4096]]",0.21,0.58
0,FusedInferAttentionScore,AI_CORE,AI_CORE,1704161511464861.500,82.603,6.608,24,"[[1,1024],[1024,4096]]","[[1,4096]]",0.21,0.58
0,RmsNorm,AI_VECTOR_CORE,AI_VECTOR_CORE,1704161511464944.000,25.162,2.013,24,"[[1,1024],[1024,4096]]","[[1,4096]]",0.05,0.3
0,MatMulV2,AI_CORE,AI_CORE,1704161511465020.500,181.433,14.515,24,"[[1,1024],[1024,4096]]","[[1,4096]]",0.21,0.58
0,FusedInferAttentionScore,AI_CORE,AI_CORE,1704161511465202.000,97.255,7.780,24,"[[1,1024],[1024,4096]]","[[1,4096]]",0.21,0.58
0,RmsNorm,AI_VECTOR_CORE,AI_VECTOR_CORE,1704161511465299.250,24.557,1.965,24,"[[1,1024],[1024,4096]]","[[1,4096]]",0.05,0.3
0,MatMulV2,AI_CORE,AI_CORE,1704161511465369.000,160.443,12.835,24,"[[1,1024],[1024,4096]]","[[1,4096]]",0.21,0.58
0,FusedInferAttentionScore,AI_CORE,AI_CORE,1704161511465529.500,96.776,7.742,24,"[[1,1024],[1024,4096]]","[[1,4096]]",0.21,0.58
0,RmsNorm,AI_VECTOR_CORE,AI_VECTOR_CORE,1704161511465626.250,22.388,1.791,24,"[[1,1024],[1024,4096]]","[[1,4096]]",0.05,0.3
0,MatMulV2,AI_CORE,AI_CORE,1704161511465693.000,164.411,13.153,24,"[[1,1024],[1024,4096]]","[[1,4096]]",0.21,0.58
0,FusedInferAttentionScore,AI_CORE,AI_CORE,1704161511465857.500,83.131,6.651,24,"[[1,1024],[1024,4096]]","[[1,4096]]",0.21,0.58
0,RmsNorm,AI_VECTOR_CORE,AI_VECTOR_CORE,1704161511465940.750,21.488,1.719,24,"[[1,1024],[1024,4096]]","[[1,4096]]",0.05,0.3
0,MatMulV2,AI_CORE,AI_CORE,1704161511466007.750,160.286,12.823,24,"[[1,1024],[1024,4096]]","[[1,4096]]",0.21,0.58
0,FusedInferAttentionScore,AI_CORE,AI_CORE,1704161511466168.000,82.976,6.638,24,"[[1,1024],[1024,4096]]","[[1,4096]]",0.21,0.58
0,RmsNorm,AI_VECTOR_CORE,AI_VECTOR_CORE,1704161511466251.000,20.567,1.645,24,"[[1,1024],[1024,4096]]","[[1,4096]]",0.05,0.3
0,MatMulV2,AI_CORE,AI_CORE,1704161511466318.500,177.396,14.192,24,"[[1,1024],[1024,4096]]","[[1,4096]]",0.21,0.58
0,FusedInferAttentionScore,AI_CORE,AI_CORE,1704161511466496.000,92.830,7.426,24,"[[1,1024],[1024,4096]]","[[1,4096]]",0.21,0.58
0,RmsNorm,AI_VECTOR_CORE,AI_VECTOR_CORE,1704161511466588.750,21.922,1.754,24,"[[1,1024],[1024,4096]]","[[1,4096]]",0.05,0.3
0,MatMulV2,AI_CORE,AI_CORE,1704161511466661.500,154.036,12.323,24,"[[1,1024],[1024,4096]]","[[1,4096]]",0.21,0.58
0,FusedInferAttentionScore,AI_CORE,AI_CORE,1704161511466815.500,82.429,6.594,24,"[[1,1024],[1024,4096]]","[[1,4096]]",0.21,0.58
0,RmsNorm,AI_VECTOR_CORE,AI_VECTOR_CORE,1704161511466898.000,26.024,2.082,24,"[[1,1024],[1024,4096]]","[[1,4096]]",0.05,0.3
0,MatMulV2,AI_CORE,AI_CORE,1704161511468260.000,172.111,13.769,24,"[[1,1024],[1024,4096]]","[[1,4096]]",0.21,0.58
0,FusedInferAttentionScore,AI_CORE,AI_CORE,1704161511468432.000,89.958,7.197,24,"[[1,1024],[1024,4096]]","[[1,4096]]",0.21,0.58
0,RmsNorm,AI_VECTOR_CORE,AI_VECTOR_CORE,1704161511468522.000,23.890,1.911,24,"[[1,1024],[1024,4096]]","[[1,4096]]",0.05,0.3
0,MatMulV2,AI_CORE,AI_CORE,1704161511468770.750,158.659,12.693,24,"[[1,1024],[1024,4096]]","[[1,4096]]",0.21,0.58
0,FusedInferAttentionScore,AI_CORE,AI_CORE,1704161511468929.500,87.036,6.963,24,"[[1,1024],[1024,4096]]","[[1,4096]]",0.21,0.58
0,RmsNorm,AI_VECTOR_CORE,AI_VECTOR_CORE,1704161511469016.500,20.417,1.633,24,"[[1,1024],[1024,4096]]","[[1,4096]]",0.05,0.3
0,MatMulV2,AI_CORE,AI_CORE,1704161511469087.250,174.867,13.989,24,"[[1,1024],[1024,4096]]","[[1,4096]]",0.21,0.58
0,FusedInferAttentionScore,AI_CORE,AI_CORE,1704161511469262.000,86.647,6.932,24,"[[1,1024],[1024,4096]]","[[1,4096]]",0.21,0.58
0,RmsNorm,AI_VECTOR_CORE,AI_VECTOR_CORE,1704161511469348.750,23.598,1.888,24,"[[1,1024],[1024,4096]]","[[1,4096]]",0.05,0.3
0,MatMulV2,AI_CORE,AI_CORE,1704161511469424.500,176.316,14.105,24,"[[1,1024],[1024,4096]]","[[1,4096]]",0.21,0.58
0,FusedInferAttentionScore,AI_CORE,AI_CORE,1704161511469600.750,98.204,7.856,24,"[[1,1024],[1024,4096]]","[[1,4096]]",0.21,0.58
0,RmsNorm,AI_VECTOR_CORE,AI_VECTOR_CORE,1704161511469699.000,26.274,2.102,24,"[[1,1024],[1024,4096]]","[[1,4096]]",0.05,0.3
0,MatMulV2,AI_CORE,AI_CORE,1704161511469776.500,173.856,13.908,24,"[[1,1024],[1024,4096]]","[[1,4096]]",0.21,0.58
0,FusedInferAttentionScore,AI_CORE,AI_CORE,1704161511469950.250,81.404,6.512,24,"[[1,1024],[1024,4096]]","[[1,4096]]",0.21,0.58
0,RmsNorm,AI_VECTOR_CORE,AI_VECTOR_CORE,1704161511470031.750,25.585,2.047,24,"[[1,1024],[1024,4096]]","[[1,4096]]",0.05,0.3
0,MatMulV2,AI_CORE,AI_CORE,1704161511470109.000,162.156,12.972,24,"[[1,1024],[1024,4096]]","[[1,4096]]",0.21,0.58
0,FusedInferAttentionScore,AI_CORE,AI_CORE,1704161511470271.250,83.967,6.717,24,"[[1,1024],[1024,4096]]","[[1,4096]]",0.21,0.58
0,RmsNorm,AI_VECTOR_CORE,AI_VECTOR_CORE,1704161511470355.250,23.627,1.890,24,"[[1,1024],[1024,4096]]","[[1,4096]]",0.05,0.3
0,MatMulV2,AI_CORE,AI_CORE,1704161511470430.250,166.100,13.288,24,"[[1,1024],[1024,4096]]","[[1,4096]]",0.21,0.58
0,FusedInferAttentionScore,AI_CORE,AI_CORE,1704161511470596.250,83.382,6.671,24,"[[1,1024],[1024,4096]]","[[1,4096]]",0.21,0.58
0,RmsNorm,AI_VECTOR_CORE,AI_VECTOR_CORE,1704161511470679.750,25.680,2.054,24,"[[1,1024],[1024,4096]]","[[1,4096]]",0.05,0.3
0,MatMulV2,AI_CORE,AI_CORE,1704161511470750.500,161.182,12.895,24,"[[1,1024],[1024,4096]]","[[1,4096]]",0.21,0.58
0,FusedInferAttentionScore,AI_CORE,AI_CORE,1704161511470911.750,86.435,6.915,24,"[[1,1024],[1024,4096]]","[[1,4096]]",0.21,0.58
0,RmsNorm,AI_VECTOR_CORE,AI_VECTOR_CORE,1704161511470998.250,17.992,1.439,24,"[[1,1024],[1024,4096]]","[[1,4096]]",0.05,0.3
0,MatMulV2,AI_CORE,AI_CORE,1704161511471061.250,176.538,14.123,24,"[[1,1024],[1024,4096]]","[[1,4096]]",0.21,0.58
0,FusedInferAttentionScore,AI_CORE,AI_CORE,1704161511471237.750,90.806,7.264,24,"[[1,1024],[1024,4096]]","[[1,4096]]",0.21,0.58
0,RmsNorm,AI_VECTOR_CORE,AI_VECTOR_CORE,1704161511471328.500,23.708,1.897,24,"[[1,1024],[1024,4096]]","[[1,4096]]",0.05,0.3
0,MatMulV2,AI_CORE,AI_CORE,1704161511471400.500,183.796,14.704,24,"[[1,1024],[1024,4096]]","[[1,4096]]",0.21,0.58
0,FusedInferAttentionScore,AI_CORE,AI_CORE,1704161511471584.250,93.501,7.480,24,"[[1,1024],[1024,4096]]","[[1,4096]]",0.21,0.58
0,RmsNorm,AI_VECTOR_CORE,AI_VECTOR_CORE,1704161511471677.750,20.923,1.674,24,"[[1,1024],[1024,4096]]","[[1,4096]]",0.05,0.3
0,MatMulV2,AI_CORE,AI_CORE,1704161511471743.750,165.388,13.231,24,"[[1,1024],[1024,4096]]","[[1,4096]]",0.21,0.58
0,FusedInferAttentionScore,AI_CORE,AI_CORE,1704161511471909.250,83.422,6.674,24,"[[1,1024],[1024,4096]]","[[1,4096]]",0.21,0.58
0,RmsNorm,AI_VECTOR_CORE,AI_VECTOR_CORE,1704161511471992.750,19.458,1.557,24,"[[1,1024],[1024,4096]]","[[1,4096]]",0.05,0.3
0,MatMulV2,AI_CORE,AI_CORE,1704161511472064.500,186.471,14.918,24,"[[1,1024],[1024,4096]]","[[1,4096]]",0.21,0.58
0,FusedInferAttentionScore,AI_CORE,AI_CORE,1704161511472251.000,85.840,6.867,24,"[[1,1024],[1024,4096]]","[[1,4096]]",0.21,0.58
0,RmsNorm,AI_VECTOR_CORE,AI_VECTOR_CORE,1704161511472336.750,23.142,1.851,24,"[[1,1024],[1024,4096]]","[[1,4096]]",0.05,0.3
0,MatMulV2,AI_CORE,AI_CORE,1704161511472406.750,167.139,13.371,24,"[[1,1024],[1024,4096]]","[[1,4096]]",0.21,0.58
0,FusedInferAttentionScore,AI_CORE,AI_CORE,1704161511472574.000,97.058,7.765,24,"[[1,1024],[1024,4096]]","[[1,4096]]",0.21,0.58
0,RmsNorm,AI_VECTOR_CORE,AI_VECTOR_CORE,1704161511472671.000,20.185,1.615,24,"[[1,1024],[1024,4096]]","[[1,4096]]",0.05,0.3
0,MatMulV2,AI_CORE,AI_CORE,1704161511472743.500,182.051,14.564,24,"[[1,1024],[1024,4096]]","[[1,4096]]",0.21,0.58
0,FusedInferAttentionScore,AI_CORE,AI_CORE,1704161511472925.500,94.045,7.524,24,"[[1,1024],[1024,4096]]","[[1,4096]]",0.21,0.58
0,RmsNorm,AI_VECTOR_CORE,AI_VECTOR_CORE,1704161511473019.500,23.230,1.858,24,"[[1,1024],[1024,4096]]","[[1,4096]]",0.05,0.3
0,MatMulV2,AI_CORE,AI_CORE,1704161511473093.750,185.161,14.813,24,"[[1,1024],[1024,4096]]","[[1,4096]]",0.21,0.58
0,FusedInferAttentionScore,AI_CORE,AI_CORE,1704161511473279.000,92.320,7.386,24,"[[1,1024],[1024,4096]]","[[1,4096]]",0.21,0.58
0,RmsNorm,AI_VECTOR_CORE,AI_VECTOR_CORE,1704161511473371.250,24.478,1.958,24,"[[1,1024],[1024,4096]]","[[1,4096]]",0.05,0.3
0,MatMulV2,AI_CORE,AI_CORE,1704161511473446.500,173.681,13.894,24,"[[1,1024],[1024,4096]]","[[1,4096]]",0.21,0.58
0,FusedInferAttentionScore,AI_CORE,AI_CORE,1704161511473620.250,85.874,6.870,24,"[[1,1024],[1024,4096]]","[[1,4096]]",0.21,0.58
0,RmsNorm,AI_VECTOR_CORE,AI_VECTOR_CORE,1704161511473706.000,23.863,1.909,24,"[[1,1024],[1024,4096]]","[[1,4096]]",0.05,0.3
0,MatMulV2,AI_CORE,AI_CORE,1704161511473779.000,181.948,14.556,24,"[[1,1024],[1024,4096]]","[[1,4096]]",0.21,0.58
0,FusedInferAttentionScore,AI_CORE,AI_CORE,1704161511473961.000,85.403,6.832,24,"[[1,1024],[1024,4096]]","[[1,4096]]",0.21,0.58
0,RmsNorm,AI_VECTOR_CORE,AI_VECTOR_CORE,1704161511474046.500,17.670,1.414,24,"[[1,1024],[1024,4096]]","[[1,4096]]",0.05,0.3
0,MatMulV2,AI_CORE,AI_CORE,1704161511474112.750,184.353,14.748,24,"[[1,1024],[1024,4096]]","[[1,4096]]",0.21,0.58
0,FusedInferAttentionScore,AI_CORE,AI_CORE,1704161511474297.000,97.634,7.811,24,"[[1,1024],[1024,4096]]","[[1,4096]]",0.21,0.58
0,RmsNorm,AI_VECTOR_CORE,AI_VECTOR_CORE,1704161511474394.750,21.993,1.759,24,"[[1,1024],[1024,4096]]","[[1,4096]]",0.05,0.3
0,MatMulV2,AI_CORE,AI_CORE,1704161511474464.250,164.974,13.198,24,"[[1,1024],[1024,4096]]","[[1,4096]]",0.21,0.58
0,FusedInferAttentionScore,AI_CORE,AI_CORE,1704161511474629.250,91.037,7.283,24,"[[1,1024],[1024,4096]]","[[1,4096]]",0.21,0.58
0,RmsNorm,AI_VECTOR_CORE,AI_VECTOR_CORE,1704161511474720.250,22.795,1.824,24,"[[1,1024],[1024,4096]]","[[1,4096]]",0.05,0.3
0,MatMulV2,AI_CORE,AI_CORE,1704161511474791.000,178.085,14.247,24,"[[1,1024],[1024,4096]]","[[1,4096]]",0.21,0.58
0,FusedInferAttentionScore,AI_CORE,AI_CORE,1704161511474969.000,87.683,7.015,24,"[[1,1024],[1024,4096]]","[[1,4096]]",0.21,0.58
0,RmsNorm,AI_VECTOR_CORE,AI_VECTOR_CORE,1704161511475056.750,19.389,1.551,24,"[[1,1024],[1024,4096]]","[[1,4096]]",0.05,0.3
0,MatMulV2,AI_CORE,AI_CORE,1704161511475128.750,164.187,13.135,24,"[[1,1024],[1024,4096]]","[[1,4096]]",0.21,0.58
0,FusedInferAttentionScore,AI_CORE,AI_CORE,1704161511475293.000,93.551,7.484,24,"[[1,1024],[1024,4096]]","[[1,4096]]",0.21,0.58
0,RmsNorm,AI_VECTOR_CORE,AI_VECTOR_CORE,1704161511475386.500,22.302,1.784,24,"[[1,1024],[1024,4096]]","[[1,4096]]",0.05,0.3
0,MatMulV2,AI_CORE,AI_CORE,1704161511475455.750,178.721,14.298,24,"[[1,1024],[1024,4096]]","[[1,4096]]",0.21,0.58
0,FusedInferAttentionScore,AI_CORE,AI_CORE,1704161511475634.500,88.056,7.044,24,"[[1,1024],[1024,4096]]","[[1,4096]]",0.21,0.58
0,RmsNorm,AI_VECTOR_CORE,AI_VECTOR_CORE,1704161511475722.500,18.322,1.466,24,"[[1,1024],[1024,4096]]","[[1,4096]]",0.05,0.3
0,MatMulV2,AI_CORE,AI_CORE,1704161511475789.500,169.121,13.530,24,"[[1,1024],[1024,4096]]","[[1,4096]]",0.21,0.58
0,FusedInferAttentionScore,AI_CORE,AI_CORE,1704161511475958.500,82.067,6.565,24,"[[1,1024],[1024,4096]]","[[1,4096]]",0.21,0.58
0,RmsNorm,AI_VECTOR_CORE,AI_VECTOR_CORE,1704161511476040.500,23.315,1.865,24,"[[1,1024],[1024,4096]]","[[1,4096]]",0.05,0.3
0,MatMulV2,AI_CORE,AI_CORE,1704161511476116.000,178.357,14.269,24,"[[1,1024],[1024,4096]]","[[1,4096]]",0.21,0.58
0,FusedInferAttentionScore,AI_CORE,AI_CORE,1704161511476294.250,96.225,7.698,24,"[[1,1024],[1024,4096]]","[[1,4096]]",0.21,0.58
0,RmsNorm,AI_VECTOR_CORE,AI_VECTOR_CORE,1704161511476390.500,19.998,1.600,24,"[[1,1024],[1024,4096]]","[[1,4096]]",0.05,0.3
0,MatMulV2,AI_CORE,AI_CORE,1704161511476455.000,161.633,12.931,24,"[[1,1024],[1024,4096]]","[[1,4096]]",0.21,0.58
0,FusedInferAttentionScore,AI_CORE,AI_CORE,1704161511476616.750,95.812,7.665,24,"[[1,1024],[1024,4096]]","[[1,4096]]",0.21,0.58
0,RmsNorm,AI_VECTOR_CORE,AI_VECTOR_CORE,1704161511476712.500,20.047,1.604,24,"[[1,1024],[1024,4096]]","[[1,4096]]",0.05,0.3
0,MatMulV2,AI_CORE,AI_CORE,1704161511476777.750,175.390,14.031,24,"[[1,1024],[1024,4096]]","[[1,4096]]",0.21,0.58
0,FusedInferAttentionScore,AI_CORE,AI_CORE,1704161511476953.250,84.973,6.798,24,"[[1,1024],[1024,4096]]","[[1,4096]]",0.21,0.58
0,RmsNorm,AI_VECTOR_CORE,AI_VECTOR_CORE,1704161511477038.250,25.747,2.060,24,"[[1,1024],[1024,4096]]","[[1,4096]]",0.05,0.3
0,MatMulV2,AI_CORE,AI_CORE,1704161511477112.750,176.269,14.101,24,"[[1,1024],[1024,4096]]","[[1,4096]]",0.21,0.58
0,FusedInferAttentionScore,AI_CORE,AI_CORE,1704161511477289.000,81.562,6.525,24,"[[1,1024],[1024,4096]]","[[1,4096]]",0.21,0.58
0,RmsNorm,AI_VECTOR_CORE,AI_VECTOR_CORE,1704161511477370.500,20.553,1.644,24,"[[1,1024],[1024,4096]]","[[1,4096]]",0.05,0.3
0,MatMulV2,AI_CORE,AI_CORE,1704161511477436.750,172.196,13.776,24,"[[1,1024],[1024,4096]]","[[1,4096]]",0.21,0.58
0,FusedInferAttentionScore,AI_CORE,AI_CORE,1704161511477609.000,94.400,7.552,24,"[[1,1024],[1024,4096]]","[[1,4096]]",0.21,0.58
0,RmsNorm,AI_VECTOR_CORE,AI_VECTOR_CORE,1704161511477703.500,23.358,1.869,24,"[[1,1024],[1024,4096]]","[[1,4096]]",0.05,0.3
0,MatMulV2,AI_CORE,AI_CORE,1704161511477778.000,184.247,14.740,24,"[[1,1024],[1024,4096]]","[[1,4096]]",0.21,0.58
0,FusedInferAttentionScore,AI_CORE,AI_CORE,1704161511477962.250,85.212,6.817,24,"[[1,1024],[1024,4096]]","[[1,4096]]",0.21,0.58
0,RmsNorm,AI_VECTOR_CORE,AI_VECTOR_CORE,1704161511478047.500,23.452,1.876,24,"[[1,1024],[1024,4096]]","[[1,4096]]",0.05,0.3
0,MatMulV2,AI_CORE,AI_CORE,1704161511478119.750,166.430,13.314,24,"[[1,1024],[1024,4096]]","[[1,4096]]",0.21,0.58
0,FusedInferAttentionScore,AI_CORE,AI_CORE,1704161511478286.250,82.051,6.564,24,"[[1,1024],[1024,4096]]","[[1,4096]]",0.21,0.58
0,RmsNorm,AI_VECTOR_CORE,AI_VECTOR_CORE,1704161511478368.250,20.165,1.613,24,"[[1,1024],[1024,4096]]","[[1,4096]]",0.05,0.3
0,MatMulV2,AI_CORE,AI_CORE,1704161511478438.500,175.076,14.006,24,"[[1,1024],[1024,4096]]","[[1,4096]]",0.21,0.58
0,FusedInferAttentionScore,AI_CORE,AI_CORE,1704161511478613.500,93.459,7.477,24,"[[1,1024],[1024,4096]]","[[1,4096]]",0.21,0.58
0,RmsNorm,AI_VECTOR_CORE,AI_VECTOR_CORE,1704161511478707.000,23.777,1.902,24,"[[1,1024],[1024,4096]]","[[1,4096]]",0.05,0.3
0,MatMulV2,AI_CORE,AI_CORE,1704161511478782.750,169.952,13.596,24,"[[1,1024],[1024,4096]]","[[1,4096]]",0.21,0.58
0,FusedInferAttentionScore,AI_CORE,AI_CORE,1704161511478952.750,89.170,7.134,24,"[[1,1024],[1024,4096]]","[[1,4096]]",0.21,0.58
0,RmsNorm,AI_VECTOR_CORE,AI_VECTOR_CORE,1704161511479042.000,26.082,2.087,24,"[[1,1024],[1024,4096]]","[[1,4096]]",0.05,0.3
0,MatMulV2,AI_CORE,AI_CORE,1704161511480260.000,185.379,14.830,24,"[[1,1024],[1024,4096]]","[[1,4096]]",0.21,0.58
0,FusedInferAttentionScore,AI_CORE,AI_CORE,1704161511480445.500,82.747,6.620,24,"[[1,1024],[1024,4096]]","[[1,4096]]",0.21,0.58
0,RmsNorm,AI_VECTOR_CORE,AI_VECTOR_CORE,1704161511480528.250,18.704,1.496,24,"[[1,1024],[1024,4096]]","[[1,4096]]",0.05,0.3
0,MatMulV2,AI_CORE,AI_CORE,1704161511480775.250,182.105,14.568,24,"[[1,1024],[1024,4096]]","[[1,4096]]",0.21,0.58
0,FusedInferAttentionScore,AI_CORE,AI_CORE,1704161511480957.250,97.626,7.810,24,"[[1,1024],[1024,4096]]","[[1,4096]]",0.21,0.58
0,RmsNorm,AI_VECTOR_CORE,AI_VECTOR_CORE,1704161511481055.000,18.983,1.519,24,"[[1,1024],[1024,4096]]","[[1,4096]]",0.05,0.3
0,MatMulV2,AI_CORE,AI_CORE,1704161511481126.500,174.091,13.927,24,"[[1,1024],[1024,4096]]","[[1,4096]]",0.21,0.58
0,FusedInferAttentionScore,AI_CORE,AI_CORE,1704161511481300.500,96.278,7.702,24,"[[1,1024],[1024,4096]]","[[1,4096]]",0.21,0.58
0,RmsNorm,AI_VECTOR_CORE,AI_VECTOR_CORE,1704161511481396.750,18.846,1.508,24,"[[1,1024],[1024,4096]]","[[1,4096]]",0.05,0.3
0,MatMulV2,AI_CORE,AI_CORE,1704161511481462.250,172.883,13.831,24,"[[1,1024],[1024,4096]]","[[1,4096]]",0.21,0.58
0,FusedInferAttentionScore,AI_CORE,AI_CORE,1704161511481635.250,84.546,6.764,24,"[[1,1024],[1024,4096]]","[[1,4096]]",0.21,0.58
0,RmsNorm,AI_VECTOR_CORE,AI_VECTOR_CORE,1704161511481719.750,25.901,2.072,24,"[[1,1024],[1024,4096]]","[[1,4096]]",0.05,0.3
0,MatMulV2,AI_CORE,AI_CORE,1704161511481797.250,157.263,12.581,24,"[[1,1024],[1024,4096]]","[[1,4096]]",0.21,0.58
0,FusedInferAttentionScore,AI_CORE,AI_CORE,1704161511481954.500,91.659,7.333,24,"[[1,1024],[1024,4096]]","[[1,4096]]",0.21,0.58
0,RmsNorm,AI_VECTOR_CORE,AI_VECTOR_CORE,1704161511482046.250,18.067,1.445,24,"[[1,1024],[1024,4096]]","[[1,4096]]",0.05,0.3
0,MatMulV2,AI_CORE,AI_CORE,1704161511482111.250,175.162,14.013,24,"[[1,1024],[1024,4096]]","[[1,4096]]",0.21,0.58
0,FusedInferAttentionScore,AI_CORE,AI_CORE,1704161511482286.500,88.045,7.044,24,"[[1,1024],[1024,4096]]","[[1,4096]]",0.21,0.58
0,RmsNorm,AI_VECTOR_CORE,AI_VECTOR_CORE,1704161511482374.500,20.521,1.642,24,"[[1,1024],[1024,4096]]","[[1,4096]]",0.05,0.3
0,MatMulV2,AI_CORE,AI_CORE,1704161511482443.500,153.812,12.305,24,"[[1,1024],[1024,4096]]","[[1,4096]]",0.21,0.58
0,FusedInferAttentionScore,AI_CORE,AI_CORE,1704161511482597.250,82.196,6.576,24,"[[1,1024],[1024,4096]]","[[1,4096]]",0.21,0.58
0,RmsNorm,AI_VECTOR_CORE,AI_VECTOR_CORE,1704161511482679.500,22.503,1.800,24,"[[1,1024],[1024,4096]]","[[1,4096]]",0.05,0.3
0,MatMulV2,AI_CORE,AI_CORE,1704161511482748.500,168.801,13.504,24,"[[1,1024],[1024,4096]]","[[1,4096]]",0.21,0.58
0,FusedInferAttentionScore,AI_CORE,AI_CORE,1704161511482917.250,90.833,7.267,24,"[[1,1024],[1024,4096]]","[[1,4096]]",0.21,0.58
0,RmsNorm,AI_VECTOR_CORE,AI_VECTOR_CORE,1704161511483008.000,26.153,2.092,24,"[[1,1024],[1024,4096]]","[[1,4096]]",0.05,0.3
0,MatMulV2,AI_CORE,AI_CORE,1704161511483084.000,163.189,13.055,24,"[[1,1024],[1024,4096]]","[[1,4096]]",0.21,0.58
0,FusedInferAttentionScore,AI_CORE,AI_CORE,1704161511483247.250,95.176,7.614,24,"[[1,1024],[1024,4096]]","[[1,4096]]",0.21,0.58
0,RmsNorm,AI_VECTOR_CORE,AI_VECTOR_CORE,1704161511483342.500,20.196,1.616,24,"[[1,1024],[1024,4096]]","[[1,4096]]",0.05,0.3
0,MatMulV2,AI_CORE,AI_CORE,1704161511483407.500,156.327,12.506,24,"[[1,1024],[1024,4096]]","[[1,4096]]",0.21,0.58
0,FusedInferAttentionScore,AI_CORE,AI_CORE,1704161511483563.750,82.590,6.607,24,"[[1,1024],[1024,4096]]","[[1,4096]]",0.21,0.58
0,RmsNorm,AI_VECTOR_CORE,AI_VECTOR_CORE,1704161511483646.250,25.430,2.034,24,"[[1,1024],[1024,4096]]","[[1,4096]]",0.05,0.3
0,MatMulV2,AI_CORE,AI_CORE,1704161511483718.750,154.558,12.365,24,"[[1,1024],[1024,4096]]","[[1,4096]]",0.21,0.58
0,FusedInferAttentionScore,AI_CORE,AI_CORE,1704161511483873.250,97.378,7.790,24,"[[1,1024],[1024,4096]]","[[1,4096]]",0.21,0.58
0,RmsNorm,AI_VECTOR_CORE,AI_VECTOR_CORE,1704161511483970.750,18.029,1.442,24,"[[1,1024],[1024,4096]]","[[1,4096]]",0.05,0.3
0,MatMulV2,AI_CORE,AI_CORE,1704161511484037.500,174.429,13.954,24,"[[1,1024],[1024,4096]]","[[1,4096]]",0.21,0.58
0,FusedInferAttentionScore,AI_CORE,AI_CORE,1704161511484212.000,85.034,6.803,24,"[[1,1024],[1024,4096]]","[[1,4096]]",0.21,0.58
0,RmsNorm,AI_VECTOR_CORE,AI_VECTOR_CORE,1704161511484297.000,22.829,1.826,24,"[[1,1024],[1024,4096]]","[[1,4096]]",0.05,0.3
0,MatMulV2,AI_CORE,AI_CORE,1704161511484367.500,185.598,14.848,24,"[[1,1024],[1024,4096]]","[[1,4096]]",0.21,0.58
0,FusedInferAttentionScore,AI_CORE,AI_CORE,1704161511484553.000,92.696,7.416,24,"[[1,1024],[1024,4096]]","[[1,4096]]",0.21,0.58
0,RmsNorm,AI_VECTOR_CORE,AI_VECTOR_CORE,1704161511484645.750,19.809,1.585,24,"[[1,1024],[1024,4096]]","[[1,4096]]",0.05,0.3
0,MatMulV2,AI_CORE,AI_CORE,1704161511484716.750,163.068,13.045,24,"[[1,1024],[1024,4096]]","[[1,4096]]",0.21,0.58
0,FusedInferAttentionScore,AI_CORE,AI_CORE,1704161511484879.750,97.113,7.769,24,"[[1,1024],[1024,4096]]","[[1,4096]]",0.21,0.58
0,RmsNorm,AI_VECTOR_CORE,AI_VECTOR_CORE,1704161511484976.750,21.924,1.754,24,"[[1,1024],[1024,4096]]","[[1,4096]]",0.05,0.3
0,MatMulV2,AI_CORE,AI_CORE,1704161511485050.250,174.925,13.994,24,"[[1,1024],[1024,4096]]","[[1,4096]]",0.21,0.58
0,FusedInferAttentionScore,AI_CORE,AI_CORE,1704161511485225.250,85.894,6.872,24,"[[1,1024],[1024,4096]]","[[1,4096]]",0.21,0.58
0,RmsNorm,AI_VECTOR_CORE,AI_VECTOR_CORE,1704161511485311.250,24.707,1.977,24,"[[1,1024],[1024,4096]]","[[1,4096]]",0.05,0.3
0,MatMulV2,AI_CORE,AI_CORE,1704161511485381.500,168.217,13.457,24,"[[1,1024],[1024,4096]]","[[1,4096]]",0.21,0.58
0,FusedInferAttentionScore,AI_CORE,AI_CORE,1704161511485549.750,86.317,6.905,24,"[[1,1024],[1024,4096]]","[[1,4096]]",0.21,0.58
0,RmsNorm,AI_VECTOR_CORE,AI_VECTOR_CORE,1704161511485636.000,23.003,1.840,24,"[[1,1024],[1024,4096]]","[[1,4096]]",0.05,0.3
0,MatMulV2,AI_CORE,AI_CORE,1704161511485703.750,178.146,14.252,24,"[[1,1024],[1024,4096]]","[[1,4096]]",0.21,0.58
0,FusedInferAttentionScore,AI_CORE,AI_CORE,1704161511485882.000,92.489,7.399,24,"[[1,1024],[1024,4096]]","[[1,4096]]",0.21,0.58
0,RmsNorm,AI_VECTOR_CORE,AI_VECTOR_CORE,1704161511485974.500,19.641,1.571,24,"[[1,1024],[1024,4096]]","[[1,4096]]",0.05,0.3
0,MatMulV2,AI_CORE,AI_CORE,1704161511486046.000,164.222,13.138,24,"[[1,1024],[1024,4096]]","[[1,4096]]",0.21,0.58
0,FusedInferAttentionScore,AI_CORE,AI_CORE,1704161511486210.250,98.126,7.850,24,"[[1,1024],[1024,4096]]","[[1,4096]]",0.21,0.58
0,RmsNorm,AI_VECTOR_CORE,AI_VECTOR_CORE,1704161511486308.500,23.423,1.874,24,"[[1,1024],[1024,4096]]","[[1,4096]]",0.05,0.3
0,MatMulV2,AI_CORE,AI_CORE,1704161511486375.500,181.534,14.523,24,"[[1,1024],[1024,4096]]","[[1,4096]]",0.21,0.58
0,FusedInferAttentionScore,AI_CORE,AI_CORE,1704161511486557.000,86.751,6.940,24,"[[1,1024],[1024,4096]]","[[1,4096]]",0.21,0.58
0,RmsNorm,AI_VECTOR_CORE,AI_VECTOR_CORE,1704161511486643.750,18.414,1.473,24,"[[1,1024],[1024,4096]]","[[1,4096]]",0.05,0.3
0,MatMulV2,AI_CORE,AI_CORE,1704161511486712.500,175.795,14.064,24,"[[1,1024],[1024,4096]]","[[1,4096]]",0.21,0.58
0,FusedInferAttentionScore,AI_CORE,AI_CORE,1704161511486888.250,87.571,7.006,24,"[[1,1024],[1024,4096]]","[[1,4096]]",0.21,0.58
0,RmsNorm,AI_VECTOR_CORE,AI_VECTOR_CORE,1704161511486975.750,20.728,1.658,24,"[[1,1024],[1024,4096]]","[[1,4096]]",0.05,0.3
0,MatMulV2,AI_CORE,AI_CORE,1704161511487048.750,161.326,12.906,24,"[[1,1024],[1024,4096]]","[[1,4096]]",0.21,0.58
0,FusedInferAttentionScore,AI_CORE,AI_CORE,1704161511487210.000,85.832,6.867,24,"[[1,1024],[1024,4096]]","[[1,4096]]",0.21,0.58
0,RmsNorm,AI_VECTOR_CORE,AI_VECTOR_CORE,1704161511487295.750,24.397,1.952,24,"[[1,1024],[1024,4096]]","[[1,4096]]",0.05,0.3
0,MatMulV2,AI_CORE,AI_CORE,1704161511487364.750,155.621,12.450,24,"[[1,1024],[1024,4096]]","[[1,4096]]",0.21,0.58
0,FusedInferAttentionScore,AI_CORE,AI_CORE,1704161511487520.250,84.926,6.794,24,"[[1,1024],[1024,4096]]","[[1,4096]]",0.21,0.58
0,RmsNorm,AI_VECTOR_CORE,AI_VECTOR_CORE,1704161511487605.250,18.502,1.480,24,"[[1,1024],[1024,4096]]","[[1,4096]]",0.05,0.3
0,MatMulV2,AI_CORE,AI_CORE,1704161511487674.000,170.655,13.652,24,"[[1,1024],[1024,4096]]","[[1,4096]]",0.21,0.58
0,FusedInferAttentionScore,AI_CORE,AI_CORE,1704161511487844.750,82.022,6.562,24,"[[1,1024],[1024,4096]]","[[1,4096]]",0.21,0.58
0,RmsNorm,AI_VECTOR_CORE,AI_VECTOR_CORE,1704161511487926.750,22.368,1.789,24,"[[1,1024],[1024,4096]]","[[1,4096]]",0.05,0.3
0,MatMulV2,AI_CORE,AI_CORE,1704161511487992.250,161.601,12.928,24,"[[1,1024],[1024,4096]]","[[1,4096]]",0.21,0.58
0,FusedInferAttentionScore,AI_CORE,AI_CORE,1704161511488153.750,83.527,6.682,24,"[[1,1024],[1024,4096]]","[[1,4096]]",0.21,0.58
0,RmsNorm,AI_VECTOR_CORE,AI_VECTOR_CORE,1704161511488237.250,26.188,2.095,24,"[[1,1024],[1024,4096]]","[[1,4096]]",0.05,0.3
0,MatMulV2,AI_CORE,AI_CORE,1704161511488310.500,182.095,14.568,24,"[[1,1024],[1024,4096]]","[[1,4096]]",0.21,0.58
0,FusedInferAttentionScore,AI_CORE,AI_CORE,1704161511488492.500,93.127,7.450,24,"[[1,1024],[1024,4096]]","[[1,4096]]",0.21,0.58
0,RmsNorm,AI_VECTOR_CORE,AI_VECTOR_CORE,1704161511488585.750,25.897,2.072,24,"[[1,1024],[1024,4096]]","[[1,4096]]",0.05,0.3
0,MatMulV2,AI_CORE,AI_CORE,1704161511488662.750,153.715,12.297,24,"[[1,1024],[1024,4096]]","[[1,4096]]",0.21,0.58
0,FusedInferAttentionScore,AI_CORE,AI_CORE,1704161511488816.500,81.713,6.537,24,"[[1,1024],[1024,4096]]","[[1,4096]]",0.21,0.58
0,RmsNorm,AI_VECTOR_CORE,AI_VECTOR_CORE,1704161511488898.250,17.643,1.411,24,"[[1,1024],[1024,4096]]","[[1,4096]]",0.05,0.3
0,MatMulV2,AI_CORE,AI_CORE,1704161511488966.250,161.837,12.947,24,"[[1,1024],[1024,4096]]","[[1,4096]]",0.21,0.58
0,FusedInferAttentionScore,AI_CORE,AI_CORE,1704161511489128.000,96.970,7.758,24,"[[1,1024],[1024,4096]]","[[1,4096]]",0.21,0.58
0,RmsNorm,AI_VECTOR_CORE,AI_VECTOR_CORE,1704161511489225.000,21.881,1.750,24,"[[1,1024],[1024,4096]]","[[1,4096]]",0.05,0.3
0,MatMulV2,AI_CORE,AI_CORE,1704161511489295.000,158.506,12.680,24,"[[1,1024],[1024,4096]]","[[1,4096]]",0.21,0.58
0,FusedInferAttentionScore,AI_CORE,AI_CORE,1704161511489453.500,98.891,7.911,24,"[[1,1024],[1024,4096]]","[[1,4096]]",0.21,0.58
0,RmsNorm,AI_VECTOR_CORE,AI_VECTOR_CORE,1704161511489552.500,24.449,1.956,24,"[[1,1024],[1024,4096]]","[[1,4096]]",0.05,0.3
0,MatMulV2,AI_CORE,AI_CORE,1704161511489624.000,171.495,13.720,24,"[[1,1024],[1024,4096]]","[[1,4096]]",0.21,0.58
0,FusedInferAttentionScore,AI_CORE,AI_CORE,1704161511489795.500,84.026,6.722,24,"[[1,1024],[1024,4096]]","[[1,4096]]",0.21,0.58
0,RmsNorm,AI_VECTOR_CORE,AI_VECTOR_CORE,1704161511489879.500,23.431,1.874,24,"[[1,1024],[1024,4096]]","[[1,4096]]",0.05,0.3
0,MatMulV2,AI_CORE,AI_CORE,1704161511489953.500,155.199,12.416,24,"[[1,1024],[1024,4096]]","[[1,4096]]",0.21,0.58
0,FusedInferAttentionScore,AI_CORE,AI_CORE,1704161511490108.750,93.726,7.498,24,"[[1,1024],[1024,4096]]","[[1,4096]]",0.21,0.58
0,RmsNorm,AI_VECTOR_CORE,AI_VECTOR_CORE,1704161511490202.500,20.780,1.662,24,"[[1,1024],[1024,4096]]","[[1,4096]]",0.05,0.3
0,MatMulV2,AI_CORE,AI_CORE,1704161511490272.750,157.525,12.602,24,"[[1,1024],[1024,4096]]","[[1,4096]]",0.21,0.58
0,FusedInferAttentionScore,AI_CORE,AI_CORE,1704161511490430.250,84.171,6.734,24,"[[1,1024],[1024,4096]]","[[1,4096]]",0.21,0.58
0,RmsNorm,AI_VECTOR_CORE,AI_VECTOR_CORE,1704161511490514.500,19.907,1.593,24,"[[1,1024],[1024,4096]]","[[1,4096]]",0.05,0.3
0,MatMulV2,AI_CORE,AI_CORE,1704161511490579.250,159.435,12.755,24,"[[1,1024],[1024,4096]]","[[1,4096]]",0.21,0.58
0,FusedInferAttentionScore,AI_CORE,AI_CORE,1704161511490738.750,90.462,7.237,24,"[[1,1024],[1024,4096]]","[[1,4096]]",0.21,0.58
0,RmsNorm,AI_VECTOR_CORE,AI_VECTOR_CORE,1704161511490829.250,22.206,1.776,24,"[[1,1024],[1024,4096]]","[[1,4096]]",0.05,0.3
0,MatMulV2,AI_CORE,AI_CORE,1704161511492260.000,180.769,14.462,24,"[[1,1024],[1024,4096]]","[[1,4096]]",0.21,0.58
0,FusedInferAttentionScore,AI_CORE,AI_CORE,1704161511492440.750,95.640,7.651,24,"[[1,1024],[1024,4096]]","[[1,4096]]",0.21,0.58
0,RmsNorm,AI_VECTOR_CORE,AI_VECTOR_CORE,1704161511492536.500,23.550,1.884,24,"[[1,1024],[1024,4096]]","[[1,4096]]",0.05,0.3
0,MatMulV2,AI_CORE,AI_CORE,1704161511492788.750,159.262,12.741,24,"[[1,1024],[1024,4096]]","[[1,4096]]",0.21,0.58
0,FusedInferAttentionScore,AI_CORE,AI_CORE,1704161511492948.000,92.486,7.399,24,"[[1,1024],[1024,4096]]","[[1,4096]]",0.21,0.58
0,RmsNorm,AI_VECTOR_CORE,AI_VECTOR_CORE,1704161511493040.500,22.033,1.763,24,"[[1,1024],[1024,4096]]","[[1,4096]]",0.05,0.3
0,MatMulV2,AI_CORE,AI_CORE,1704161511493113.500,164.219,13.138,24,"[[1,1024],[1024,4096]]","[[1,4096]]",0.21,0.58
0,FusedInferAttentionScore,AI_CORE,AI_CORE,1704161511493277.750,95.220,7.618,24,"[[1,1024],[1024,4096]]","[[1,4096]]",0.21,0.58
0,RmsNorm,AI_VECTOR_CORE,AI_VECTOR_CORE,1704161511493373.000,18.136,1.451,24,"[[1,1024],[1024,4096]]","[[1,4096]]",0.05,0.3
0,MatMulV2,AI_CORE,AI_CORE,1704161511493441.750,163.465,13.077,24,"[[1,1024],[1024,4096]]","[[1,4096]]",0.21,0.58
0,FusedInferAttentionScore,AI_CORE,AI_CORE,1704161511493605.250,95.543,7.643,24,"[[1,1024],[1024,4096]]","[[1,4096]]",0.21,0.58
0,RmsNorm,AI_VECTOR_CORE,AI_VECTOR_CORE,1704161511493700.750,18.557,1.485,24,"[[1,1024],[1024,4096]]","[[1,4096]]",0.05,0.3
0,MatMulV2,AI_CORE,AI_CORE,1704161511493768.500,174.517,13.961,24,"[[1,1024],[1024,4096]]","[[1,4096]]",0.21,0.58
0,FusedInferAttentionScore,AI_CORE,AI_CORE,1704161511493943.000,93.855,7.508,24,"[[1,1024],[1024,4096]]","[[1,4096]]",0.21,0.58
0,RmsNorm,AI_VECTOR_CORE,AI_VECTOR_CORE,1704161511494036.750,26.059,2.085,24,"[[1,1024],[1024,4096]]","[[1,4096]]",0.05,0.3
0,MatMulV2,AI_CORE,AI_CORE,1704161511494110.500,153.965,12.317,24,"[[1,1024],[1024,4096]]","[[1,4096]]",0.21,0.58
0,FusedInferAttentionScore,AI_CORE,AI_CORE,1704161511494264.500,93.346,7.468,24,"[[1,1024],[1024,4096]]","[[1,4096]]",0.21,0.58
0,RmsNorm,AI_VECTOR_CORE,AI_VECTOR_CORE,1704161511494357.750,24.766,1.981,24,"[[1,1024],[1024,4096]]","[[1,4096]]",0.05,0.3
0,MatMulV2,AI_CORE,AI_CORE,1704161511494434.500,176.811,14.145,24,"[[1,1024],[1024,4096]]","[[1,4096]]",0.21,0.58
0,FusedInferAttentionScore,AI_CORE,AI_CORE,1704161511494611.250,82.723,6.618,24,"[[1,1024],[1024,4096]]","[[1,4096]]",0.21,0.58
0,RmsNorm,AI_VECTOR_CORE,AI_VECTOR_CORE,1704161511494694.000,20.777,1.662,24,"[[1,1024],[1024,4096]]","[[1,4096]]",0.05,0.3
0,MatMulV2,AI_CORE,AI_CORE,1704161511494764.000,185.931,14.874,24,"[[1,1024],[1024,4096]]","[[1,4096]]",0.21,0.58
0,FusedInferAttentionScore,AI_CORE,AI_CORE,1704161511494950.000,93.334,7.467,24,"[[1,1024],[1024,4096]]","[[1,4096]]",0.21,0.58
0,RmsNorm,AI_VECTOR_CORE,AI_VECTOR_CORE,1704161511495043.250,23.278,1.862,24,"[[1,1024],[1024,4096]]","[[1,4096]]",0.05,0.3
0,MatMulV2,AI_CORE,AI_CORE,1704161511495119.000,164.304,13.144,24,"[[1,1024],[1024,4096]]","[[1,4096]]",0.21,0.58
0,FusedInferAttentionScore,AI_CORE,AI_CORE,1704161511495283.250,96.994,7.760,24,"[[1,1024],[1024,4096]]","[[1,4096]]",0.21,0.58
0,RmsNorm,AI_VECTOR_CORE,AI_VECTOR_CORE,1704161511495380.250,20.759,1.661,24,"[[1,1024],[1024,4096]]","[[1,4096]]",0.05,0.3
0,MatMulV2,AI_CORE,AI_CORE,1704161511495445.250,163.185,13.055,24,"[[1,1024],[1024,4096]]","[[1,4096]]",0.21,0.58
0,FusedInferAttentionScore,AI_CORE,AI_CORE,1704161511495608.500,91.269,7.301,24,"[[1,1024],[1024,4096]]","[[1,4096]]",0.21,0.58
0,RmsNorm,AI_VECTOR_CORE,AI_VECTOR_CORE,1704161511495699.750,17.902,1.432,24,"[[1,1024],[1024,4096]]","[[1,4096]]",0.05,0.3
0,MatMulV2,AI_CORE,AI_CORE,1704161511495764.000,171.858,13.749,24,"[[1,1024],[1024,4096]]","[[1,4096]]",0.21,0.58
0,FusedInferAttentionScore,AI_CORE,AI_CORE,1704161511495935.750,93.520,7.482,24,"[[1,1024],[1024,4096]]","[[1,4096]]",0.21,0.58
0,RmsNorm,AI_VECTOR_CORE,AI_VECTOR_CORE,1704161511496029.250,24.942,1.995,24,"[[1,1024],[1024,4096]]","[[1,4096]]",0.05,0.3
0,MatMulV2,AI_CORE,AI_CORE,1704161511496101.000,163.131,13.050,24,"[[1,1024],[1024,4096]]","[[1,4096]]",0.21,0.58
0,FusedInferAttentionScore,AI_CORE,AI_CORE,1704161511496264.250,93.483,7.479,24,"[[1,1024],[1024,4096]]","[[1,4096]]",0.21,0.58
0,RmsNorm,AI_VECTOR_CORE,AI_VECTOR_CORE,1704161511496357.750,25.479,2.038,24,"[[1,1024],[1024,4096]]","[[1,4096]]",0.05,0.3
0,MatMulV2,AI_CORE,AI_CORE,1704161511496434.000,181.240,14.499,24,"[[1,1024],[1024,4096]]","[[1,4096]]",0.21,0.58
0,FusedInferAttentionScore,AI_CORE,AI_CORE,1704161511496615.250,90.651,7.252,24,"[[1,1024],[1024,4096]]","[[1,4096]]",0.21,0.58
0,RmsNorm,AI_VECTOR_CORE,AI_VECTOR_CORE,1704161511496706.000,21.342,1.707,24,"[[1,1024],[1024,4096]]","[[1,4096]]",0.05,0.3
0,MatMulV2,AI_CORE,AI_CORE,1704161511496772.750,177.301,14.184,24,"[[1,1024],[1024,4096]]","[[1,4096]]",0.21,0.58
0,FusedInferAttentionScore,AI_CORE,AI_CORE,1704161511496950.000,95.265,7.621,24,"[[1,1024],[1024,4096]]","[[1,4096]]",0.21,0.58
0,RmsNorm,AI_VECTOR_CORE,AI_VECTOR_CORE,1704161511497045.250,17.668,1.413,24,"[[1,1024],[1024,4096]]","[[1,4096]]",0.05,0.3
0,MatMulV2,AI_CORE,AI_CORE,1704161511497109.500,155.981,12.478,24,"[[1,1024],[1024,4096]]","[[1,4096]]",0.21,0.58
0,FusedInferAttentionScore,AI_CORE,AI_CORE,1704161511497265.500,84.176,6.734,24,"[[1,1024],[1024,4096]]","[[1,4096]]",0.21,0.58
0,RmsNorm,AI_VECTOR_CORE,AI_VECTOR_CORE,1704161511497349.750,24.817,1.985,24,"[[1,1024],[1024,4096]]","[[1,4096]]",0.05,0.3
0,MatMulV2,AI_CORE,AI_CORE,1704161511497423.750,185.535,14.843,24,"[[1,1024],[1024,4096]]","[[1,4096]]",0.21,0.58
0,FusedInferAttentionScore,AI_CORE,AI_CORE,1704161511497609.250,87.361,6.989,24,"[[1,1024],[1024,4096]]","[[1,4096]]",0.21,0.58
0,RmsNorm,AI_VECTOR_CORE,AI_VECTOR_CORE,1704161511497696.500,23.879,1.910,24,"[[1,1024],[1024,4096]]","[[1,4096]]",0.05,0.3
0,MatMulV2,AI_CORE,AI_CORE,1704161511497766.500,171.867,13.749,24,"[[1,1024],[1024,4096]]","[[1,4096]]",0.21,0.58
0,FusedInferAttentionScore,AI_CORE,AI_CORE,1704161511497938.250,81.389,6.511,24,"[[1,1024],[1024,4096]]","[[1,4096]]",0.21,0.58
0,RmsNorm,AI_VECTOR_CORE,AI_VECTOR_CORE,1704161511498019.750,20.778,1.662,24,"[[1,1024],[1024,4096]]","[[1,4096]]",0.05,0.3
0,MatMulV2,AI_CORE,AI_CORE,1704161511498088.000,155.778,12.462,24,"[[1,1024],[1024,4096]]","[[1,4096]]",0.21,0.58
0,FusedInferAttentionScore,AI_CORE,AI_CORE,1704161511498243.750,90.600,7.248,24,"[[1,1024],[1024,4096]]","[[1,4096]]",0.21,0.58
0,RmsNorm,AI_VECTOR_CORE,AI_VECTOR_CORE,1704161511498334.250,25.761,2.061,24,"[[1,1024],[1024,4096]]","[[1,4096]]",0.05,0.3
0,MatMulV2,AI_CORE,AI_CORE,1704161511498406.500,167.048,13.364,24,"[[1,1024],[1024,4096]]","[[1,4096]]",0.21,0.58
0,FusedInferAttentionScore,AI_CORE,AI_CORE,1704161511498573.500,91.284,7.303,24,"[[1,1024],[1024,4096]]","[[1,4096]]",0.21,0.58
0,RmsNorm,AI_VECTOR_CORE,AI_VECTOR_CORE,1704161511498664.750,26.047,2.084,24,"[[1,1024],[1024,4096]]","[[1,4096]]",0.05,0.3
0,MatMulV2,AI_CORE,AI_CORE,1704161511498738.250,173.510,13.881,24,"[[1,1024],[1024,4096]]","[[1,4096]]",0.21,0.58
0,FusedInferAttentionScore,AI_CORE,AI_CORE,1704161511498911.750,92.653,7.412,24,"[[1,1024],[1024,4096]]","[[1,4096]]",0.21,0.58
0,RmsNorm,AI_VECTOR_CORE,AI_VECTOR_CORE,1704161511499004.500,21.638,1.731,24,"[[1,1024],[1024,4096]]","[[1,4096]]",0.05,0.3
0,MatMulV2,AI_CORE,AI_CORE,1704161511499077.250,161.782,12.943,24,"[[1,1024],[1024,4096]]","[[1,4096]]",0.21,0.58
0,FusedInferAttentionScore,AI_CORE,AI_CORE,1704161511499239.000,88.867,7.109,24,"[[1,1024],[1024,4096]]","[[1,4096]]",0.21,0.58
0,RmsNorm,AI_VECTOR_CORE,AI_VECTOR_CORE,1704161511499327.750,20.470,1.638,24,"[[1,1024],[1024,4096]]","[[1,4096]]",0.05,0.3
0,MatMulV2,AI_CORE,AI_CORE,1704161511499394.250,156.795,12.544,24,"[[1,1024],[1024,4096]]","[[1,4096]]",0.21,0.58
0,FusedInferAttentionScore,AI_CORE,AI_CORE,1704161511499551.000,84.912,6.793,24,"[[1,1024],[1024,4096]]","[[1,4096]]",0.21,0.58
0,RmsNorm,AI_VECTOR_CORE,AI_VECTOR_CORE,1704161511499636.000,23.294,1.863,24,"[[1,1024],[1024,4096]]","[[1,4096]]",0.05,0.3
0,MatMulV2,AI_CORE,AI_CORE,1704161511499710.500,165.794,13.263,24,"[[1,1024],[1024,4096]]","[[1,4096]]",0.21,0.58
0,FusedInferAttentionScore,AI_CORE,AI_CORE,1704161511499876.250,97.600,7.808,24,"[[1,1024],[1024,4096]]","[[1,4096]]",0.21,0.58
0,RmsNorm,AI_VECTOR_CORE,AI_VECTOR_CORE,1704161511499973.750,22.078,1.766,24,"[[1,1024],[1024,4096]]","[[1,4096]]",0.05,0.3
0,MatMulV2,AI_CORE,AI_CORE,1704161511500043.000,176.953,14.156,24,"[[1,1024],[1024,4096]]","[[1,4096]]",0.21,0.58
0,FusedInferAttentionScore,AI_CORE,AI_CORE,1704161511500220.000,91.487,7.319,24,"[[1,1024],[1024,4096]]","[[1,4096]]",0.21,0.58
0,RmsNorm,AI_VECTOR_CORE,AI_VECTOR_CORE,1704161511500311.500,20.310,1.625,24,"[[1,1024],[1024,4096]]","[[1,4096]]",0.05,0.3
0,MatMulV2,AI_CORE,AI_CORE,1704161511500382.000,181.265,14.501,24,"[[1,1024],[1024,4096]]","[[1,4096]]",0.21,0.58
0,FusedInferAttentionScore,AI_CORE,AI_CORE,1704161511500563.250,83.966,6.717,24,"[[1,1024],[1024,4096]]","[[1,4096]]",0.21,0.58
0,RmsNorm,AI_VECTOR_CORE,AI_VECTOR_CORE,1704161511500647.250,24.198,1.936,24,"[[1,1024],[1024,4096]]","[[1,4096]]",0.05,0.3
0,MatMulV2,AI_CORE,AI_CORE,1704161511500718.000,160.867,12.869,24,"[[1,1024],[1024,4096]]","[[1,4096]]",0.21,0.58
0,FusedInferAttentionScore,AI_CORE,AI_CORE,1704161511500878.750,82.343,6.587,24,"[[1,1024],[1024,4096]]","[[1,4096]]",0.21,0.58
0,RmsNorm,AI_VECTOR_CORE,AI_VECTOR_CORE,1704161511500961.000,26.349,2.108,24,"[[1,1024],[1024,4096]]","[[1,4096]]",0.05,0.3
0,MatMulV2,AI_CORE,AI_CORE,1704161511501034.250,165.449,13.236,24,"[[1,1024],[1024,4096]]","[[1,4096]]",0.21,0.58
0,FusedInferAttentionScore,AI_CORE,AI_CORE,1704161511501199.750,96.160,7.693,24,"[[1,1024],[1024,4096]]","[[1,4096]]",0.21,0.58
0,RmsNorm,AI_VECTOR_CORE,AI_VECTOR_CORE,1704161511501296.000,23.313,1.865,24,"[[1,1024],[1024,4096]]","[[1,4096]]",0.05,0.3
0,MatMulV2,AI_CORE,AI_CORE,1704161511501368.750,164.907,13.193,24,"[[1,1024],[1024,4096]]","[[1,4096]]",0.21,0.58
0,FusedInferAttentionScore,AI_CORE,AI_CORE,1704161511501533.750,94.550,7.564,24,"[[1,1024],[1024,4096]]","[[1,4096]]",0.21,0.58
0,RmsNorm,AI_VECTOR_CORE,AI_VECTOR_CORE,1704161511501628.250,22.592,1.807,24,"[[1,1024],[1024,4096]]","[[1,4096]]",0.05,0.3
0,MatMulV2,AI_CORE,AI_CORE,1704161511501700.250,156.904,12.552,24,"[[1,1024],[1024,4096]]","[[1,4096]]",0.21,0.58
0,FusedInferAttentionScore,AI_CORE,AI_CORE,1704161511501857.250,88.910,7.113,24,"[[1,1024],[1024,4096]]","[[1,4096]]",0.21,0.58
0,RmsNorm,AI_VECTOR_CORE,AI_VECTOR_CORE,1704161511501946.250,23.275,1.862,24,"[[1,1024],[1024,4096]]","[[1,4096]]",0.05,0.3
0,MatMulV2,AI_CORE,AI_CORE,1704161511502015.500,166.476,13.318,24,"[[1,1024],[1024,4096]]","[[1,4096]]",0.21,0.58
0,FusedInferAttentionScore,AI_CORE,AI_CORE,1704161511502182.000,93.663,7.493,24,"[[1,1024],[1024,4096]]","[[1,4096]]",0.21,0.58
0,RmsNorm,AI_VECTOR_CORE,AI_VECTOR_CORE,1704161511502275.750,18.325,1.466,24,"[[1,1024],[1024,4096]]","[[1,4096]]",0.05,0.3
0,MatMulV2,AI_CORE,AI_CORE,1704161511502345.750,157.362,12.589,24,"[[1,1024],[1024,4096]]","[[1,4096]]",0.21,0.58
0,FusedInferAttentionScore,AI_CORE,AI_CORE,1704161511502503.000,82.410,6.593,24,"[[1,1024],[1024,4096]]","[[1,4096]]",0.21,0.58
0,RmsNorm,AI_VECTOR_CORE,AI_VECTOR_CORE,1704161511502585.500,24.663,1.973,24,"[[1,1024],[1024,4096]]","[[1,4096]]",0.05,0.3
0,MatMulV2,AI_CORE,AI_CORE,1704161511502661.750,155.192,12.415,24,"[[1,1024],[1024,4096]]","[[1,4096]]",0.21,0.58
0,FusedInferAttentionScore,AI_CORE,AI_CORE,1704161511502817.000,97.224,7.778,24,"[[1,1024],[1024,4096]]","[[1,4096]]",0.21,0.58
0,RmsNorm,AI_VECTOR_CORE,AI_VECTOR_CORE,1704161511502914.250,26.274,2.102,24,"[[1,1024],[1024,4096]]","[[1,4096]]",0.05,0.3
0,MatMulV2,AI_CORE,AI_CORE,1704161511504260.000,164.016,13.121,24,"[[1,1024],[1024,4096]]","[[1,4096]]",0.21,0.58
0,FusedInferAttentionScore,AI_CORE,AI_CORE,1704161511504424.000,90.507,7.241,24,"[[1,1024],[1024,4096]]","[[1,4096]]",0.21,0.58
0,RmsNorm,AI_VECTOR_CORE,AI_VECTOR_CORE,1704161511504514.500,18.876,1.510,24,"[[1,1024],[1024,4096]]","[[1,4096]]",0.05,0.3
0,MatMulV2,AI_CORE,AI_CORE,1704161511504762.250,156.427,12.514,24,"[[1,1024],[1024,4096]]","[[1,4096]]",0.21,0.58
0,FusedInferAttentionScore,AI_CORE,AI_CORE,1704161511504918.750,91.766,7.341,24,"[[1,1024],[1024,4096]]","[[1,4096]]",0.21,0.58
0,RmsNorm,AI_VECTOR_CORE,AI_VECTOR_CORE,1704161511505010.500,17.977,1.438,24,"[[1,1024],[1024,4096]]","[[1,4096]]",0.05,0.3
0,MatMulV2,AI_CORE,AI_CORE,1704161511505077.500,163.049,13.044,24,"[[1,1024],[1024,4096]]","[[1,4096]]",0.21,0.58
0,FusedInferAttentionScore,AI_CORE,AI_CORE,1704161511505240.500,98.783,7.903,24,"[[1,1024],[1024,4096]]","[[1,4096]]",0.21,0.58
0,RmsNorm,AI_VECTOR_CORE,AI_VECTOR_CORE,1704161511505339.250,19.101,1.528,24,"[[1,1024],[1024,4096]]","[[1,4096]]",0.05,0.3
0,MatMulV2,AI_CORE,AI_CORE,1704161511505408.500,180.136,14.411,24,"[[1,1024],[1024,4096]]","[[1,4096]]",0.21,0.58
0,FusedInferAttentionScore,AI_CORE,AI_CORE,1704161511505588.750,81.997,6.560,24,"[[1,1024],[1024,4096]]","[[1,4096]]",0.21,0.58
0,RmsNorm,AI_VECTOR_CORE,AI_VECTOR_CORE,1704161511505670.750,24.298,1.944,24,"[[1,1024],[1024,4096]]","[[1,4096]]",0.05,0.3
0,MatMulV2,AI_CORE,AI_CORE,1704161511505743.750,185.307,14.825,24,"[[1,1024],[1024,4096]]","[[1,4096]]",0.21,0.58
0,FusedInferAttentionScore,AI_CORE,AI_CORE,1704161511505929.000,86.614,6.929,24,"[[1,1024],[1024,4096]]","[[1,4096]]",0.21,0.58
0,RmsNorm,AI_VECTOR_CORE,AI_VECTOR_CORE,1704161511506015.500,23.532,1.883,24,"[[1,1024],[1024,4096]]","[[1,4096]]",0.05,0.3
0,MatMulV2,AI_CORE,AI_CORE,1704161511506083.500,159.616,12.769,24,"[[1,1024],[1024,4096]]","[[1,4096]]",0.21,0.58
0,FusedInferAttentionScore,AI_CORE,AI_CORE,1704161511506243.000,91.457,7.317,24,"[[1,1024],[1024,4096]]","[[1,4096]]",0.21,0.58
0,RmsNorm,AI_VECTOR_CORE,AI_VECTOR_CORE,1704161511506334.500,24.664,1.973,24,"[[1,1024],[1024,4096]]","[[1,4096]]",0.05,0.3
0,MatMulV2,AI_CORE,AI_CORE,1704161511506407.750,157.608,12.609,24,"[[1,1024],[1024,4096]]","[[1,4096]]",0.21,0.58
0,FusedInferAttentionScore,AI_CORE,AI_CORE,1704161511506565.250,81.035,6.483,24,"[[1,1024],[1024,4096]]","[[1,4096]]",0.21,0.58
0,RmsNorm,AI_VECTOR_CORE,AI_VECTOR_CORE,1704161511506646.250,26.080,2.086,24,"[[1,1024],[1024,4096]]","[[1,4096]]",0.05,0.3
0,MatMulV2,AI_CORE,AI_CORE,1704161511506720.500,185.755,14.860,24,"[[1,1024],[1024,4096]]","[[1,4096]]",0.21,0.58
0,FusedInferAttentionScore,AI_CORE,AI_CORE,1704161511506906.250,85.836,6.867,24,"[[1,1024],[1024,4096]]","[[1,4096]]",0.21,0.58
0,RmsNorm,AI_VECTOR_CORE,AI_VECTOR_CORE,1704161511506992.000,20.634,1.651,24,"[[1,1024],[1024,4096]]","[[1,4096]]",0.05,0.3
0,MatMulV2,AI_CORE,AI_CORE,1704161511507063.250,168.181,13.454,24,"[[1,1024],[1024,4096]]","[[1,4096]]",0.21,0.58
0,FusedInferAttentionScore,AI_CORE,AI_CORE,1704161511507231.500,94.401,7.552,24,"[[1,1024],[1024,4096]]","[[1,4096]]",0.21,0.58
0,RmsNorm,AI_VECTOR_CORE,AI_VECTOR_CORE,1704161511507326.000,25.008,2.001,24,"[[1,1024],[1024,4096]]","[[1,4096]]",0.05,0.3
0,MatMulV2,AI_CORE,AI_CORE,1704161511507396.250,185.094,14.808,24,"[[1,1024],[1024,4096]]","[[1,4096]]",0.21,0.58
0,FusedInferAttentionScore,AI_CORE,AI_CORE,1704161511507581.250,87.182,6.975,24,"[[1,1024],[1024,4096]]","[[1,4096]]",0.21,0.58
0,RmsNorm,AI_VECTOR_CORE,AI_VECTOR_CORE,1704161511507668.500,25.170,2.014,24,"[[1,1024],[1024,4096]]","[[1,4096]]",0.05,0.3
0,MatMulV2,AI_CORE,AI_CORE,1704161511507737.250,157.808,12.625,24,"[[1,1024],[1024,4096]]","[[1,4096]]",0.21,0.58
0,FusedInferAttentionScore,AI_CORE,AI_CORE,1704161511507895.000,86.741,6.939,24,"[[1,1024],[1024,4096]]","[[1,4096]]",0.21,0.58
0,RmsNorm,AI_VECTOR_CORE,AI_VECTOR_CORE,1704161511507981.750,21.221,1.698,24,"[[1,1024],[1024,4096]]","[[1,4096]]",0.05,0.3
0,MatMulV2,AI_CORE,AI_CORE,1704161511508052.750,168.788,13.503,24,"[[1,1024],[1024,4096]]","[[1,4096]]",0.21,0.58
0,FusedInferAttentionScore,AI_CORE,AI_CORE,1704161511508221.500,87.308,6.985,24,"[[1,1024],[1024,4096]]","[[1,4096]]",0.21,0.58
0,RmsNorm,AI_VECTOR_CORE,AI_VECTOR_CORE,1704161511508308.750,22.710,1.817,24,"[[1,1024],[1024,4096]]","[[1,4096]]",0.05,0.3
0,MatMulV2,AI_CORE,AI_CORE,1704161511508381.500,165.599,13.248,24,"[[1,1024],[1024,4096]]","[[1,4096]]",0.21,0.58
0,FusedInferAttentionScore,AI_CORE,AI_CORE,1704161511508547.000,91.227,7.298,24,"[[1,1024],[1024,4096]]","[[1,4096]]",0.21,0.58
0,RmsNorm,AI_VECTOR_CORE,AI_VECTOR_CORE,1704161511508638.250,23.719,1.898,24,"[[1,1024],[1024,4096]]","[[1,4096]]",0.05,0.3
0,MatMulV2,AI_CORE,AI_CORE,1704161511508711.000,186.187,14.895,24,"[[1,1024],[1024,4096]]","[[1,4096]]",0.21,0.58
0,FusedInferAttentionScore,AI_CORE,AI_CORE,1704161511508897.250,88.331,7.066,24,"[[1,1024],[1024,4096]]","[[1,4096]]",0.21,0.58
0,RmsNorm,AI_VECTOR_CORE,AI_VECTOR_CORE,1704161511508985.500,24.390,1.951,24,"[[1,1024],[1024,4096]]","[[1,4096]]",0.05,0.3
0,MatMulV2,AI_CORE,AI_CORE,1704161511509056.250,177.381,14.191,24,"[[1,1024],[1024,4096]]","[[1,4096]]",0.21,0.58
0,FusedInferAttentionScore,AI_CORE,AI_CORE,1704161511509233.750,88.771,7.102,24,"[[1,1024],[1024,4096]]","[[1,4096]]",0.21,0.58
0,RmsNorm,AI_VECTOR_CORE,AI_VECTOR_CORE,1704161511509322.500,18.194,1.456,24,"[[1,1024],[1024,4096]]","[[1,4096]]",0.05,0.3
0,MatMulV2,AI_CORE,AI_CORE,1704161511509387.500,153.039,12.243,24,"[[1,1024],[1024,4096]]","[[1,4096]]",0.21,0.58
0,FusedInferAttentionScore,AI_CORE,AI_CORE,1704161511509540.500,90.329,7.226,24,"[[1,1024],[1024,4096]]","[[1,4096]]",0.21,0.58
0,RmsNorm,AI_VECTOR_CORE,AI_VECTOR_CORE,1704161511509630.750,24.820,1.986,24,"[[1,1024],[1024,4096]]","[[1,4096]]",0.05,0.3
0,MatMulV2,AI_CORE,AI_CORE,1704161511509706.000,154.721,12.378,24,"[[1,1024],[1024,4096]]","[[1,4096]]",0.21,0.58
0,FusedInferAttentionScore,AI_CORE,AI_CORE,1704161511509860.750,81.750,6.540,24,"[[1,1024],[1024,4096]]","[[1,4096]]",0.21,0.58
0,RmsNorm,AI_VECTOR_CORE,AI_VECTOR_CORE,1704161511509942.500,21.978,1.758,24,"[[1,1024],[1024,4096]]","[[1,4096]]",0.05,0.3
0,MatMulV2,AI_CORE,AI_CORE,1704161511510011.250,166.326,13.306,24,"[[1,1024],[1024,4096]]","[[1,4096]]",0.21,0.58
0,FusedInferAttentionScore,AI_CORE,AI_CORE,1704161511510177.500,98.127,7.850,24,"[[1,1024],[1024,4096]]","[[1,4096]]",0.21,0.58
0,RmsNorm,AI_VECTOR_CORE,AI_VECTOR_CORE,1704161511510275.750,18.804,1.504,24,"[[1,1024],[1024,4096]]","[[1,4096]]",0.05,0.3
0,MatMulV2,AI_CORE,AI_CORE,1704161511510345.500,176.569,14.125,24,"[[1,1024],[1024,4096]]","[[1,4096]]",0.21,0.58
0,FusedInferAttentionScore,AI_CORE,AI_CORE,1704161511510522.000,96.854,7.748,24,"[[1,1024],[1024,4096]]","[[1,4096]]",0.21,0.58
0,RmsNorm,AI_VECTOR_CORE,AI_VECTOR_CORE,1704161511510618.750,22.943,1.835,24,"[[1,1024],[1024,4096]]","[[1,4096]]",0.05,0.3
0,MatMulV2,AI_CORE,AI_CORE,1704161511510692.000,183.722,14.698,24,"[[1,1024],[1024,4096]]","[[1,4096]]",0.21,0.58
0,FusedInferAttentionScore,AI_CORE,AI_CORE,1704161511510875.750,93.207,7.457,24,"[[1,1024],[1024,4096]]","[[1,4096]]",0.21,0.58
0,RmsNorm,AI_VECTOR_CORE,AI_VECTOR_CORE,1704161511510969.000,25.218,2.017,24,"[[1,1024],[1024,4096]]","[[1,4096]]",0.05,0.3
0,MatMulV2,AI_CORE,AI_CORE,1704161511511043.750,183.527,14.682,24,"[[1,1024],[1024,4096]]","[[1,4096]]",0.21,0.58
0,FusedInferAttentionScore,AI_CORE,AI_CORE,1704161511511227.250,81.054,6.484,24,"[[1,1024],[1024,4096]]","[[1,4096]]",0.21,0.58
0,RmsNorm,AI_VECTOR_CORE,AI_VECTOR_CORE,1704161511511308.250,22.348,1.788,24,"[[1,1024],[1024,4096]]","[[1,4096]]",0.05,0.3
0,MatMulV2,AI_CORE,AI_CORE,1704161511511378.750,155.671,12.454,24,"[[1,1024],[1024,4096]]","[[1,4096]]",0.21,0.58
0,FusedInferAttentionScore,AI_CORE,AI_CORE,1704161511511534.500,96.745,7.740,24,"[[1,1024],[1024,4096]]","[[1,4096]]",0.21,0.58
0,RmsNorm,AI_VECTOR_CORE,AI_VECTOR_CORE,1704161511511631.250,21.229,1.698,24,"[[1,1024],[1024,4096]]","[[1,4096]]",0.05,0.3
0,MatMulV2,AI_CORE,AI_CORE,1704161511511700.250,174.747,13.980,24,"[[1,1024],[1024,4096]]","[[1,4096]]",0.21,0.58
0,FusedInferAttentionScore,AI_CORE,AI_CORE,1704161511511875.000,86.706,6.936,24,"[[1,1024],[1024,4096]]","[[1,4096]]",0.21,0.58
0,RmsNorm,AI_VECTOR_CORE,AI_VECTOR_CORE,1704161511511961.750,23.238,1.859,24,"[[1,1024],[1024,4096]]","[[1,4096]]",0.05,0.3
0,MatMulV2,AI_CORE,AI_CORE,1704161511512034.500,168.097,13.448,24,"[[1,1024],[1024,4096]]","[[1,4096]]",0.21,0.58
0,FusedInferAttentionScore,AI_CORE,AI_CORE,1704161511512202.500,89.768,7.181,24,"[[1,1024],[1024,4096]]","[[1,4096]]",0.21,0.58
0,RmsNorm,AI_VECTOR_CORE,AI_VECTOR_CORE,1704161511512292.250,24.471,1.958,24,"[[1,1024],[1024,4096]]","[[1,4096]]",0.05,0.3
0,MatMulV2,AI_CORE,AI_CORE,1704161511512360.250,177.446,14.196,24,"[[1,1024],[1024,4096]]","[[1,4096]]",0.21,0.58
0,FusedInferAttentionScore,AI_CORE,AI_CORE,1704161511512537.750,97.768,7.821,24,"[[1,1024],[1024,4096]]","[[1,4096]]",0.21,0.58
0,RmsNorm,AI_VECTOR_CORE,AI_VECTOR_CORE,1704161511512635.500,25.991,2.079,24,"[[1,1024],[1024,4096]]","[[1,4096]]",0.05,0.3
0,MatMulV2,AI_CORE,AI_CORE,1704161511512708.750,153.735,12.299,24,"[[1,1024],[1024,4096]]","[[1,4096]]",0.21,0.58
0,FusedInferAttentionScore,AI_CORE,AI_CORE,1704161511512862.500,96.443,7.715,24,"[[1,1024],[1024,4096]]","[[1,4096]]",0.21,0.58
0,RmsNorm,AI_VECTOR_CORE,AI_VECTOR_CORE,1704161511512959.000,23.969,1.918,24,"[[1,1024],[1024,4096]]","[[1,4096]]",0.05,0.3
0,MatMulV2,AI_CORE,AI_CORE,1704161511513031.000,159.053,12.724,24,"[[1,1024],[1024,4096]]","[[1,4096]]",0.21,0.58
0,FusedInferAttentionScore,AI_CORE,AI_CORE,1704161511513190.000,91.154,7.292,24,"[[1,1024],[1024,4096]]","[[1,4096]]",0.21,0.58
0,RmsNorm,AI_VECTOR_CORE,AI_VECTOR_CORE,1704161511513281.250,22.220,1.778,24,"[[1,1024],[1024,4096]]","[[1,4096]]",0.05,0.3
0,MatMulV2,AI_CORE,AI_CORE,1704161511513349.000,158.087,12.647,24,"[[1,1024],[1024,4096]]","[[1,4096]]",0.21,0.58
0,FusedInferAttentionScore,AI_CORE,AI_CORE,1704161511513507.000,88.481,7.079,24,"[[1,1024],[1024,4096]]","[[1,4096]]",0.21,0.58
0,RmsNorm,AI_VECTOR_CORE,AI_VECTOR_CORE,1704161511513595.500,23.809,1.905,24,"[[1,1024],[1024,4096]]","[[1,4096]]",0.05,0.3
0,MatMulV2,AI_CORE,AI_CORE,1704161511513662.750,153.978,12.318,24,"[[1,1024],[1024,4096]]","[[1,4096]]",0.21,0.58
0,FusedInferAttentionScore,AI_CORE,AI_CORE,1704161511513816.750,81.199,6.496,24,"[[1,1024],[1024,4096]]","[[1,4096]]",0.21,0.58
0,RmsNorm,AI_VECTOR_CORE,AI_VECTOR_CORE,1704161511513898.000,22.218,1.777,24,"[[1,1024],[1024,4096]]","[[1,4096]]",0.05,0.3
0,MatMulV2,AI_CORE,AI_CORE,1704161511513968.000,174.008,13.921,24,"[[1,1024],[1024,4096]]","[[1,4096]]",0.21,0.58
0,FusedInferAttentionScore,AI_CORE,AI_CORE,1704161511514142.000,88.681,7.095,24,"[[1,1024],[1024,4096]]","[[1,4096]]",0.21,0.58
0,RmsNorm,AI_VECTOR_CORE,AI_VECTOR_CORE,1704161511514230.750,23.565,1.885,24,"[[1,1024],[1024,4096]]","[[1,4096]]",0.05,0.3
0,MatMulV2,AI_CORE,AI_CORE,1704161511514305.250,163.008,13.041,24,"[[1,1024],[1024,4096]]","[[1,4096]]",0.21,0.58
0,FusedInferAttentionScore,AI_CORE,AI_CORE,1704161511514468.250,93.263,7.461,24,"[[1,1024],[1024,4096]]","[[1,4096]]",0.21,0.58
0,RmsNorm,AI_VECTOR_CORE,AI_VECTOR_CORE,1704161511514561.500,19.157,1.533,24,"[[1,1024],[1024,4096]]","[[1,4096]]",0.05,0.3
0,MatMulV2,AI_CORE,AI_CORE,1704161511514627.000,156.907,12.553,24,"[[1,1024],[1024,4096]]","[[1,4096]]",0.21,0.58
0,FusedInferAttentionScore,AI_CORE,AI_CORE,1704161511514784.000,95.583,7.647,24,"[[1,1024],[1024,4096]]","[[1,4096]]",0.21,0.58
0,RmsNorm,AI_VECTOR_CORE,AI_VECTOR_CORE,1704161511514879.500,23.470,1.878,24,"[[1,1024],[1024,4096]]","[[1,4096]]",0.05,0.3
0,MatMulV2,AI_CORE,AI_CORE,1704161511516260.000,166.948,13.356,24,"[[1,1024],[1024,4096]]","[[1,4096]]",0.21,0.58
0,FusedInferAttentionScore,AI_CORE,AI_CORE,1704161511516427.000,96.160,7.693,24,"[[1,1024],[1024,4096]]","[[1,4096]]",0.21,0.58
0,RmsNorm,AI_VECTOR_CORE,AI_VECTOR_CORE,1704161511516523.250,24.074,1.926,24,"[[1,1024],[1024,4096]]","[[1,4096]]",0.05,0.3
0,MatMulV2,AI_CORE,AI_CORE,1704161511516770.750,165.474,13.238,24,"[[1,1024],[1024,4096]]","[[1,4096]]",0.21,0.58
0,FusedInferAttentionScore,AI_CORE,AI_CORE,1704161511516936.250,90.921,7.274,24,"[[1,1024],[1024,4096]]","[[1,4096]]",0.21,0.58
0,RmsNorm,AI_VECTOR_CORE,AI_VECTOR_CORE,1704161511517027.250,20.280,1.622,24,"[[1,1024],[1024,4096]]","[[1,4096]]",0.05,0.3
0,MatMulV2,AI_CORE,AI_CORE,1704161511517095.000,183.387,14.671,24,"[[1,1024],[1024,4096]]","[[1,4096]]",0.21,0.58
0,FusedInferAttentionScore,AI_CORE,AI_CORE,1704161511517278.500,93.269,7.462,24,"[[1,1024],[1024,4096]]","[[1,4096]]",0.21,0.58
0,RmsNorm,AI_VECTOR_CORE,AI_VECTOR_CORE,1704161511517371.750,18.060,1.445,24,"[[1,1024],[1024,4096]]","[[1,4096]]",0.05,0.3
0,MatMulV2,AI_CORE,AI_CORE,1704161511517440.750,182.492,14.599,24,"[[1,1024],[1024,4096]]","[[1,4096]]",0.21,0.58
0,FusedInferAttentionScore,AI_CORE,AI_CORE,1704161511517623.250,90.857,7.269,24,"[[1,1024],[1024,4096]]","[[1,4096]]",0.21,0.58
0,RmsNorm,AI_VECTOR_CORE,AI_VECTOR_CORE,1704161511517714.000,24.686,1.975,24,"[[1,1024],[1024,4096]]","[[1,4096]]",0.05,0.3
0,MatMulV2,AI_CORE,AI_CORE,1704161511517783.500,170.747,13.660,24,"[[1,1024],[1024,4096]]","[[1,4096]]",0.21,0.58
0,FusedInferAttentionScore,AI_CORE,AI_CORE,1704161511517954.250,82.093,6.567,24,"[[1,1024],[1024,4096]]","[[1,4096]]",0.21,0.58
0,RmsNorm,AI_VECTOR_CORE,AI_VECTOR_CORE,1704161511518036.250,22.200,1.776,24,"[[1,1024],[1024,4096]]","[[1,4096]]",0.05,0.3
0,MatMulV2,AI_CORE,AI_CORE,1704161511518110.500,186.631,14.931,24,"[[1,1024],[1024,4096]]","[[1,4096]]",0.21,0.58
0,FusedInferAttentionScore,AI_CORE,AI_CORE,1704161511518297.250,85.015,6.801,24,"[[1,1024],[1024,4096]]","[[1,4096]]",0.21,0.58
0,RmsNorm,AI_VECTOR_CORE,AI_VECTOR_CORE,1704161511518382.250,24.661,1.973,24,"[[1,1024],[1024,4096]]","[[1,4096]]",0.05,0.3
0,MatMulV2,AI_CORE,AI_CORE,1704161511518458.250,168.142,13.451,24,"[[1,1024],[1024,4096]]","[[1,4096]]",0.21,0.58
0,FusedInferAttentionScore,AI_CORE,AI_CORE,1704161511518626.500,81.084,6.487,24,"[[1,1024],[1024,4096]]","[[1,4096]]",0.21,0.58
0,RmsNorm,AI_VECTOR_CORE,AI_VECTOR_CORE,1704161511518707.500,25.303,2.024,24,"[[1,1024],[1024,4096]]","[[1,4096]]",0.05,0.3
0,MatMulV2,AI_CORE,AI_CORE,1704161511518781.000,185.054,14.804,24,"[[1,1024],[1024,4096]]","[[1,4096]]",0.21,0.58
0,FusedInferAttentionScore,AI_CORE,AI_CORE,1704161511518966.000,92.154,7.372,24,"[[1,1024],[1024,4096]]","[[1,4096]]",0.21,0.58
0,RmsNorm,AI_VECTOR_CORE,AI_VECTOR_CORE,1704161511519058.250,20.182,1.615,24,"[[1,1024],[1024,4096]]","[[1,4096]]",0.05,0.3
0,MatMulV2,AI_CORE,AI_CORE,1704161511519128.500,161.623,12.930,24,"[[1,1024],[1024,4096]]","[[1,4096]]",0.21,0.58
0,FusedInferAttentionScore,AI_CORE,AI_CORE,1704161511519290.000,89.422,7.154,24,"[[1,1024],[1024,4096]]","[[1,4096]]",0.21,0.58
0,RmsNorm,AI_VECTOR_CORE,AI_VECTOR_CORE,1704161511519379.500,24.308,1.945,24,"[[1,1024],[1024,4096]]","[[1,4096]]",0.05,0.3
0,MatMulV2,AI_CORE,AI_CORE,1704161511519454.250,163.367,13.069,24,"[[1,1024],[1024,4096]]","[[1,4096]]",0.21,0.58
0,FusedInferAttentionScore,AI_CORE,AI_CORE,1704161511519617.500,85.623,6.850,24,"[[1,1024],[1024,4096]]","[[1,4096]]",0.21,0.58
0,RmsNorm,AI_VECTOR_CORE,AI_VECTOR_CORE,1704161511519703.000,24.835,1.987,24,"[[1,1024],[1024,4096]]","[[1,4096]]",0.05,0.3
0,MatMulV2,AI_CORE,AI_CORE,1704161511519777.750,154.101,12.328,24,"[[1,1024],[1024,4096]]","[[1,4096]]",0.21,0.58
0,FusedInferAttentionScore,AI_CORE,AI_CORE,1704161511519931.750,82.266,6.581,24,"[[1,1024],[1024,4096]]","[[1,4096]]",0.21,0.58
0,RmsNorm,AI_VECTOR_CORE,AI_VECTOR_CORE,1704161511520014.000,20.522,1.642,24,"[[1,1024],[1024,4096]]","[[1,4096]]",0.05,0.3
0,MatMulV2,AI_CORE,AI_CORE,1704161511520080.250,177.862,14.229,24,"[[1,1024],[1024,4096]]","[[1,4096]]",0.21,0.58
0,FusedInferAttentionScore,AI_CORE,AI_CORE,1704161511520258.000,88.175,7.054,24,"[[1,1024],[1024,4096]]","[[1,4096]]",0.21,0.58
0,RmsNorm,AI_VECTOR_CORE,AI_VECTOR_CORE,1704161511520346.250,26.022,2.082,24,"[[1,1024],[1024,4096]]","[[1,4096]]",0.05,0.3
0,MatMulV2,AI_CORE,AI_CORE,1704161511520419.500,160.899,12.872,24,"[[1,1024],[1024,4096]]","[[1,4096]]",0.21,0.58
0,FusedInferAttentionScore,AI_CORE,AI_CORE,1704161511520580.500,88.135,7.051,24,"[[1,1024],[1024,4096]]","[[1,4096]]",0.21,0.58
0,RmsNorm,AI_VECTOR_CORE,AI_VECTOR_CORE,1704161511520668.750,18.609,1.489,24,"[[1,1024],[1024,4096]]","[[1,4096]]",0.05,0.3
0,MatMulV2,AI_CORE,AI_CORE,1704161511520735.250,169.374,13.550,24,"[[1,1024],[1024,4096]]","[[1,4096]]",0.21,0.58
0,FusedInferAttentionScore,AI_CORE,AI_CORE,1704161511520904.500,96.909,7.753,24,"[[1,1024],[1024,4096]]","[[1,4096]]",0.21,0.58
0,RmsNorm,AI_VECTOR_CORE,AI_VECTOR_CORE,1704161511521001.500,18.323,1.466,24,"[[1,1024],[1024,4096]]","[[1,4096]]",0.05,0.3
0,MatMulV2,AI_CORE,AI_CORE,1704161511521069.000,164.928,13.194,24,"[[1,1024],[1024,4096]]","[[1,4096]]",0.21,0.58
0,FusedInferAttentionScore,AI_CORE,AI_CORE,1704161511521234.000,96.412,7.713,24,"[[1,1024],[1024,4096]]","[[1,4096]]",0.21,0.58
0,RmsNorm,AI_VECTOR_CORE,AI_VECTOR_CORE,1704161511521330.500,19.520,1.562,24,"[[1,1024],[1024,4096]]","[[1,4096]]",0.05,0.3
0,MatMulV2,AI_CORE,AI_CORE,1704161511521397.750,178.777,14.302,24,"[[1,1024],[1024,4096]]","[[1,4096]]",0.21,0.58
0,FusedInferAttentionScore,AI_CORE,AI_CORE,1704161511521576.500,90.335,7.227,24,"[[1,1024],[1024,4096]]","[[1,4096]]",0.21,0.58
0,RmsNorm,AI_VECTOR_CORE,AI_VECTOR_CORE,1704161511521666.750,22.010,1.761,24,"[[1,1024],[1024,4096]]","[[1,4096]]",0.05,0.3
0,MatMulV2,AI_CORE,AI_CORE,1704161511521736.250,167.487,13.399,24,"[[1,1024],[1024,4096]]","[[1,4096]]",0.21,0.58
0,FusedInferAttentionScore,AI_CORE,AI_CORE,1704161511521903.750,82.973,6.638,24,"[[1,1024],[1024,4096]]","[[1,4096]]",0.21,0.58
0,RmsNorm,AI_VECTOR_CORE,AI_VECTOR_CORE,1704161511521986.750,24.984,1.999,24,"[[1,1024],[1024,4096]]","[[1,4096]]",0.05,0.3
0,MatMulV2,AI_CORE,AI_CORE,1704161511522058.250,182.089,14.567,24,"[[1,1024],[1024,4096]]","[[1,4096]]",0.21,0.58
0,FusedInferAttentionScore,AI_CORE,AI_CORE,1704161511522240.250,81.569,6.526,24,"[[1,1024],[1024,4096]]","[[1,4096]]",0.21,0.58
0,RmsNorm,AI_VECTOR_CORE,AI_VECTOR_CORE,1704161511522321.750,25.102,2.008,24,"[[1,1024],[1024,4096]]","[[1,4096]]",0.05,0.3
0,MatMulV2,AI_CORE,AI_CORE,1704161511522398.250,164.688,13.175,24,"[[1,1024],[1024,4096]]","[[1,4096]]",0.21,0.58
0,FusedInferAttentionScore,AI_CORE,AI_CORE,1704161511522563.000,81.937,6.555,24,"[[1,1024],[1024,4096]]","[[1,4096]]",0.21,0.58
0,RmsNorm,AI_VECTOR_CORE,AI_VECTOR_CORE,1704161511522645.000,18.341,1.467,24,"[[1,1024],[1024,4096]]","[[1,4096]]",0.05,0.3
0,MatMulV2,AI_CORE,AI_CORE,1704161511522716.000,157.218,12.577,24,"[[1,1024],[1024,4096]]","[[1,4096]]",0.21,0.58
0,FusedInferAttentionScore,AI_CORE,AI_CORE,1704161511522873.250,91.645,7.332,24,"[[1,1024],[1024,4096]]","[[1,4096]]",0.21,0.58
0,RmsNorm,AI_VECTOR_CORE,AI_VECTOR_CORE,1704161511522965.000,24.982,1.999,24,"[[1,1024],[1024,4096]]","[[1,4096]]",0.05,0.3
0,MatMulV2,AI_CORE,AI_CORE,1704161511523034.750,185.510,14.841,24,"[[1,1024],[1024,4096]]","[[1,4096]]",0.21,0.58
0,FusedInferAttentionScore,AI_CORE,AI_CORE,1704161511523220.250,87.551,7.004,24,"[[1,1024],[1024,4096]]","[[1,4096]]",0.21,0.58
0,RmsNorm,AI_VECTOR_CORE,AI_VECTOR_CORE,1704161511523307.750,18.530,1.482,24,"[[1,1024],[1024,4096]]","[[1,4096]]",0.05,0.3
0,MatMulV2,AI_CORE,AI_CORE,1704161511523378.250,178.319,14.266,24,"[[1,1024],[1024,4096]]","[[1,4096]]",0.21,0.58
0,FusedInferAttentionScore,AI_CORE,AI_CORE,1704161511523556.500,96.959,7.757,24,"[[1,1024],[1024,4096]]","[[1,4096]]",0.21,0.58
0,RmsNorm,AI_VECTOR_CORE,AI_VECTOR_CORE,1704161511523653.500,19.954,1.596,24,"[[1,1024],[1024,4096]]","[[1,4096]]",0.05,0.3
0,MatMulV2,AI_CORE,AI_CORE,1704161511523720.500,153.471,12.278,24,"[[1,1024],[1024,4096]]","[[1,4096]]",0.21,0.58
0,FusedInferAttentionScore,AI_CORE,AI_CORE,1704161511523874.000,92.191,7.375,24,"[[1,1024],[1024,4096]]","[[1,4096]]",0.21,0.58
0,RmsNorm,AI_VECTOR_CORE,AI_VECTOR_CORE,1704161511523966.250,22.424,1.794,24,"[[1,1024],[1024,4096]]","[[1,4096]]",0.05,0.3
0,MatMulV2,AI_CORE,AI_CORE,1704161511524040.750,163.785,13.103,24,"[[1,1024],[1024,4096]]","[[1,4096]]",0.21,0.58
0,FusedInferAttentionScore,AI_CORE,AI_CORE,1704161511524204.500,94.836,7.587,24,"[[1,1024],[1024,4096]]","[[1,4096]]",0.21,0.58
0,RmsNorm,AI_VECTOR_CORE,AI_VECTOR_CORE,1704161511524299.250,21.155,1.692,24,"[[1,1024],[1024,4096]]","[[1,4096]]",0.05,0.3
0,MatMulV2,AI_CORE,AI_CORE,1704161511524365.250,183.930,14.714,24,"[[1,1024],[1024,4096]]","[[1,4096]]",0.21,0.58
0,FusedInferAttentionScore,AI_CORE,AI_CORE,1704161511524549.250,98.489,7.879,24,"[[1,1024],[1024,4096]]","[[1,4096]]",0.21,0.58
0,RmsNorm,AI_VECTOR_CORE,AI_VECTOR_CORE,1704161511524647.750,20.315,1.625,24,"[[1,1024],[1024,4096]]","[[1,4096]]",0.05,0.3
0,MatMulV2,AI_CORE,AI_CORE,1704161511524712.750,161.863,12.949,24,"[[1,1024],[1024,4096]]","[[1,4096]]",0.21,0.58
0,FusedInferAttentionScore,AI_CORE,AI_CORE,1704161511524874.500,89.219,7.138,24,"[[1,1024],[1024,4096]]","[[1,4096]]",0.21,0.58
0,RmsNorm,AI_VECTOR_CORE,AI_VECTOR_CORE,1704161511524963.750,23.217,1.857,24,"[[1,1024],[1024,4096]]","[[1,4096]]",0.05,0.3
0,MatMulV2,AI_CORE,AI_CORE,1704161511525030.500,161.016,12.881,24,"[[1,1024],[1024,4096]]","[[1,4096]]",0.21,0.58
0,FusedInferAttentionScore,AI_CORE,AI_CORE,1704161511525191.500,87.591,7.007,24,"[[1,1024],[1024,4096]]","[[1,4096]]",0.21,0.58
0,RmsNorm,AI_VECTOR_CORE,AI_VECTOR_CORE,1704161511525279.000,22.951,1.836,24,"[[1,1024],[1024,4096]]","[[1,4096]]",0.05,0.3
0,MatMulV2,AI_CORE,AI_CORE,1704161511525353.500,153.885,12.311,24,"[[1,1024],[1024,4096]]","[[1,4096]]",0.21,0.58
0,FusedInferAttentionScore,AI_CORE,AI_CORE,1704161511525507.500,86.487,6.919,24,"[[1,1024],[1024,4096]]","[[1,4096]]",0.21,0.58
0,RmsNorm,AI_VECTOR_CORE,AI_VECTOR_CORE,1704161511525594.000,21.676,1.734,24,"[[1,1024],[1024,4096]]","[[1,4096]]",0.05,0.3
0,MatMulV2,AI_CORE,AI_CORE,1704161511525663.250,158.173,12.654,24,"[[1,1024],[1024,4096]]","[[1,4096]]",0.21,0.58
0,FusedInferAttentionScore,AI_CORE,AI_CORE,1704161511525821.500,87.532,7.003,24,"[[1,1024],[1024,4096]]","[[1,4096]]",0.21,0.58
0,RmsNorm,AI_VECTOR_CORE,AI_VECTOR_CORE,1704161511525909.000,20.922,1.674,24,"[[1,1024],[1024,4096]]","[[1,4096]]",0.05,0.3
0,MatMulV2,AI_CORE,AI_CORE,1704161511525978.500,157.140,12.571,24,"[[1,1024],[1024,4096]]","[[1,4096]]",0.21,0.58
0,FusedInferAttentionScore,AI_CORE,AI_CORE,1704161511526135.750,83.395,6.672,24,"[[1,1024],[1024,4096]]","[[1,4096]]",0.21,0.58
0,RmsNorm,AI_VECTOR_CORE,AI_VECTOR_CORE,1704161511526219.250,24.334,1.947,24,"[[1,1024],[1024,4096]]","[[1,4096]]",0.05,0.3
0,MatMulV2,AI_CORE,AI_CORE,1704161511526290.500,172.339,13.787,24,"[[1,1024],[1024,4096]]","[[1,4096]]",0.21,0.58
0,FusedInferAttentionScore,AI_CORE,AI_CORE,1704161511526462.750,89.743,7.179,24,"[[1,1024],[1024,4096]]","[[1,4096]]",0.21,0.58
0,RmsNorm,AI_VECTOR_CORE,AI_VECTOR_CORE,1704161511526552.500,25.996,2.080,24,"[[1,1024],[1024,4096]]","[[1,4096]]",0.05,0.3
0,MatMulV2,AI_CORE,AI_CORE,1704161511526630.750,185.356,14.829,24,"[[1,1024],[1024,4096]]","[[1,4096]]",0.21,0.58
0,FusedInferAttentionScore,AI_CORE,AI_CORE,1704161511526816.000,83.143,6.651,24,"[[1,1024],[1024,4096]]","[[1,4096]]",0.21,0.58
0,RmsNorm,AI_VECTOR_CORE,AI_VECTOR_CORE,1704161511526899.250,21.371,1.710,24,"[[1,1024],[1024,4096]]","[[1,4096]]",0.05,0.3
0,MatMulV2,AI_CORE,AI_CORE,1704161511528260.000,180.604,14.448,24,"[[1,1024],[1024,4096]]","[[1,4096]]",0.21,0.58
0,FusedInferAttentionScore,AI_CORE,AI_CORE,1704161511528440.500,82.540,6.603,24,"[[1,1024],[1024,4096]]","[[1,4096]]",0.21,0.58
0,RmsNorm,AI_VECTOR_CORE,AI_VECTOR_CORE,1704161511528523.000,26.225,2.098,24,"[[1,1024],[1024,4096]]","[[1,4096]]",0.05,0.3
0,MatMulV2,AI_CORE,AI_CORE,1704161511528773.750,157.877,12.630,24,"[[1,1024],[1024,4096]]","[[1,4096]]",0.21,0.58
0,FusedInferAttentionScore,AI_CORE,AI_CORE,1704161511528931.750,95.965,7.677,24,"[[1,1024],[1024,4096]]","[[1,4096]]",0.21,0.58
0,RmsNorm,AI_VECTOR_CORE,AI_VECTOR_CORE,1704161511529027.750,23.434,1.875,24,"[[1,1024],[1024,4096]]","[[1,4096]]",0.05,0.3
0,MatMulV2,AI_CORE,AI_CORE,1704161511529098.500,162.985,13.039,24,"[[1,1024],[1024,4096]]","[[1,4096]]",0.21,0.58
0,FusedInferAttentionScore,AI_CORE,AI_CORE,1704161511529261.500,98.310,7.865,24,"[[1,1024],[1024,4096]]","[[1,4096]]",0.21,0.58
0,RmsNorm,AI_VECTOR_CORE,AI_VECTOR_CORE,1704161511529359.750,18.876,1.510,24,"[[1,1024],[1024,4096]]","[[1,4096]]",0.05,0.3
0,MatMulV2,AI_CORE,AI_CORE,1704161511529428.000,168.195,13.456,24,"[[1,1024],[1024,4096]]","[[1,4096]]",0.21,0.58
0,FusedInferAttentionScore,AI_CORE,AI_CORE,1704161511529596.250,88.603,7.088,24,"[[1,1024],[1024,4096]]","[[1,4096]]",0.21,0.58
0,RmsNorm,AI_VECTOR_CORE,AI_VECTOR_CORE,1704161511529684.750,25.864,2.069,24,"[[1,1024],[1024,4096]]","[[1,4096]]",0.05,0.3
0,MatMulV2,AI_CORE,AI_CORE,1704161511529763.000,170.016,13.601,24,"[[1,1024],[1024,4096]]","[[1,4096]]",0.21,0.58
0,FusedInferAttentionScore,AI_CORE,AI_CORE,1704161511529933.000,91.089,7.287,24,"[[1,1024],[1024,4096]]","[[1,4096]]",0.21,0.58
0,RmsNorm,AI_VECTOR_CORE,AI_VECTOR_CORE,1704161511530024.000,21.737,1.739,24,"[[1,1024],[1024,4096]]","[[1,4096]]",0.05,0.3
0,MatMulV2,AI_CORE,AI_CORE,1704161511530095.750,171.758,13.741,24,"[[1,1024],[1024,4096]]","[[1,4096]]",0.21,0.58
0,FusedInferAttentionScore,AI_CORE,AI_CORE,1704161511530267.500,95.343,7.627,24,"[[1,1024],[1024,4096]]","[[1,4096]]",0.21,0.58
0,RmsNorm,AI_VECTOR_CORE,AI_VECTOR_CORE,1704161511530362.750,20.200,1.616,24,"[[1,1024],[1024,4096]]","[[1,4096]]",0.05,0.3
0,MatMulV2,AI_CORE,AI_CORE,1704161511530426.500,169.303,13.544,24,"[[1,1024],[1024,4096]]","[[1,4096]]",0.21,0.58
0,FusedInferAttentionScore,AI_CORE,AI_CORE,1704161511530595.750,81.556,6.525,24,"[[1,1024],[1024,4096]]","[[1,4096]]",0.21,0.58
0,RmsNorm,AI_VECTOR_CORE,AI_VECTOR_CORE,1704161511530677.250,20.532,1.643,24,"[[1,1024],[1024,4096]]","[[1,4096]]",0.05,0.3
0,MatMulV2,AI_CORE,AI_CORE,1704161511530746.500,153.383,12.271,24,"[[1,1024],[1024,4096]]","[[1,4096]]",0.21,0.58
0,FusedInferAttentionScore,AI_CORE,AI_CORE,1704161511530900.000,96.390,7.711,24,"[[1,1024],[1024,4096]]","[[1,4096]]",0.21,0.58
0,RmsNorm,AI_VECTOR_CORE,AI_VECTOR_CORE,1704161511530996.500,18.615,1.489,24,"[[1,1024],[1024,4096]]","[[1,4096]]",0.05,0.3
0,MatMulV2,AI_CORE,AI_CORE,1704161511531067.000,184.138,14.731,24,"[[1,1024],[1024,4096]]","[[1,4096]]",0.21,0.58
0,FusedInferAttentionScore,AI_CORE,AI_CORE,1704161511531251.250,97.311,7.785,24,"[[1,1024],[1024,4096]]","[[1,4096]]",0.21,0.58
0,RmsNorm,AI_VECTOR_CORE,AI_VECTOR_CORE,1704161511531348.500,20.509,1.641,24,"[[1,1024],[1024,4096]]","[[1,4096]]",0.05,0.3
0,MatMulV2,AI_CORE,AI_CORE,1704161511531413.250,160.243,12.819,24,"[[1,1024],[1024,4096]]","[[1,4096]]",0.21,0.58
0,FusedInferAttentionScore,AI_CORE,AI_CORE,1704161511531573.500,97.805,7.824,24,"[[1,1024],[1024,4096]]","[[1,4096]]",0.21,0.58
0,RmsNorm,AI_VECTOR_CORE,AI_VECTOR_CORE,1704161511531671.250,19.124,1.530,24,"[[1,1024],[1024,4096]]","[[1,4096]]",0.05,0.3
0,MatMulV2,AI_CORE,AI_CORE,1704161511531737.000,171.375,13.710,24,"[[1,1024],[1024,4096]]","[[1,4096]]",0.21,0.58
0,FusedInferAttentionScore,AI_CORE,AI_CORE,1704161511531908.500,88.394,7.072,24,"[[1,1024],[1024,4096]]","[[1,4096]]",0.21,0.58
0,RmsNorm,AI_VECTOR_CORE,AI_VECTOR_CORE,1704161511531997.000,19.915,1.593,24,"[[1,1024],[1024,4096]]","[[1,4096]]",0.05,0.3
0,MatMulV2,AI_CORE,AI_CORE,1704161511532066.500,155.311,12.425,24,"[[1,1024],[1024,4096]]","[[1,4096]]",0.21,0.58
0,FusedInferAttentionScore,AI_CORE,AI_CORE,1704161511532221.750,94.835,7.587,24,"[[1,1024],[1024,4096]]","[[1,4096]]",0.21,0.58
0,RmsNorm,AI_VECTOR_CORE,AI_VECTOR_CORE,1704161511532316.500,18.941,1.515,24,"[[1,1024],[1024,4096]]","[[1,4096]]",0.05,0.3
0,MatMulV2,AI_CORE,AI_CORE,1704161511532381.250,173.434,13.875,24,"[[1,1024],[1024,4096]]","[[1,4096]]",0.21,0.58
0,FusedInferAttentionScore,AI_CORE,AI_CORE,1704161511532554.750,91.435,7.315,24,"[[1,1024],[1024,4096]]","[[1,4096]]",0.21,0.58
0,RmsNorm,AI_VECTOR_CORE,AI_VECTOR_CORE,1704161511532646.250,23.629,1.890,24,"[[1,1024],[1024,4096]]","[[1,4096]]",0.05,0.3
0,MatMulV2,AI_CORE,AI_CORE,1704161511532715.500,178.924,14.314,24,"[[1,1024],[1024,4096]]","[[1,4096]]",0.21,0.58
0,FusedInferAttentionScore,AI_CORE,AI_CORE,1704161511532894.500,85.869,6.869,24,"[[1,1024],[1024,4096]]","[[1,4096]]",0.21,0.58
0,RmsNorm,AI_VECTOR_CORE,AI_VECTOR_CORE,1704161511532980.250,23.979,1.918,24,"[[1,1024],[1024,4096]]","[[1,4096]]",0.05,0.3
0,MatMulV2,AI_CORE,AI_CORE,1704161511533054.500,166.429,13.314,24,"[[1,1024],[1024,4096]]","[[1,4096]]",0.21,0.58
0,FusedInferAttentionScore,AI_CORE,AI_CORE,1704161511533221.000,84.417,6.753,24,"[[1,1024],[1024,4096]]","[[1,4096]]",0.21,0.58
0,RmsNorm,AI_VECTOR_CORE,AI_VECTOR_CORE,1704161511533305.500,17.740,1.419,24,"[[1,1024],[1024,4096]]","[[1,4096]]",0.05,0.3
0,MatMulV2,AI_CORE,AI_CORE,1704161511533375.500,172.477,13.798,24,"[[1,1024],[1024,4096]]","[[1,4096]]",0.21,0.58
0,FusedInferAttentionScore,AI_CORE,AI_CORE,1704161511533548.000,83.022,6.642,24,"[[1,1024],[1024,4096]]","[[1,4096]]",0.21,0.58
0,RmsNorm,AI_VECTOR_CORE,AI_VECTOR_CORE,1704161511533631.000,19.309,1.545,24,"[[1,1024],[1024,4096]]","[[1,4096]]",0.05,0.3
0,MatMulV2,AI_CORE,AI_CORE,1704161511533697.000,182.428,14.594,24,"[[1,1024],[1024,4096]]","[[1,4096]]",0.21,0.58
0,FusedInferAttentionScore,AI_CORE,AI_CORE,1704161511533879.500,90.076,7.206,24,"[[1,1024],[1024,4096]]","[[1,4096]]",0.21,0.58
0,RmsNorm,AI_VECTOR_CORE,AI_VECTOR_CORE,1704161511533969.500,19.476,1.558,24,"[[1,1024],[1024,4096]]","[[1,4096]]",0.05,0.3
0,MatMulV2,AI_CORE,AI_CORE,1704161511534039.500,178.238,14.259,24,"[[1,1024],[1024,4096]]","[[1,4096]]",0.21,0.58
0,FusedInferAttentionScore,AI_CORE,AI_CORE,1704161511534217.750,83.342,6.667,24,"[[1,1024],[1024,4096]]","[[1,4096]]",0.21,0.58
0,RmsNorm,AI_VECTOR_CORE,AI_VECTOR_CORE,1704161511534301.000,23.763,1.901,24,"[[1,1024],[1024,4096]]","[[1,4096]]",0.05,0.3
0,MatMulV2,AI_CORE,AI_CORE,1704161511534368.500,161.821,12.946,24,"[[1,1024],[1024,4096]]","[[1,4096]]",0.21,0.58
0,FusedInferAttentionScore,AI_CORE,AI_CORE,1704161511534530.250,95.917,7.673,24,"[[1,1024],[1024,4096]]","[[1,4096]]",0.21,0.58
0,RmsNorm,AI_VECTOR_CORE,AI_VECTOR_CORE,1704161511534626.250,17.687,1.415,24,"[[1,1024],[1024,4096]]","[[1,4096]]",0.05,0.3
0,MatMulV2,AI_CORE,AI_CORE,1704161511534692.250,167.287,13.383,24,"[[1,1024],[1024,4096]]","[[1,4096]]",0.21,0.58
0,FusedInferAttentionScore,AI_CORE,AI_CORE,1704161511534859.500,90.640,7.251,24,"[[1,1024],[1024,4096]]","[[1,4096]]",0.21,0.58
0,RmsNorm,AI_VECTOR_CORE,AI_VECTOR_CORE,1704161511534950.250,26.289,2.103,24,"[[1,1024],[1024,4096]]","[[1,4096]]",0.05,0.3
0,MatMulV2,AI_CORE,AI_CORE,1704161511535028.000,181.836,14.547,24,"[[1,1024],[1024,4096]]","[[1,4096]]",0.21,0.58
0,FusedInferAttentionScore,AI_CORE,AI_CORE,1704161511535209.750,96.859,7.749,24,"[[1,1024],[1024,4096]]","[[1,4096]]",0.21,0.58
0,RmsNorm,AI_VECTOR_CORE,AI_VECTOR_CORE,1704161511535306.500,23.869,1.909,24,"[[1,1024],[1024,4096]]","[[1,4096]]",0.05,0.3
0,MatMulV2,AI_CORE,AI_CORE,1704161511535377.500,175.590,14.047,24,"[[1,1024],[1024,4096]]","[[1,4096]]",0.21,0.58
0,FusedInferAttentionScore,AI_CORE,AI_CORE,1704161511535553.000,97.949,7.836,24,"[[1,1024],[1024,4096]]","[[1,4096]]",0.21,0.58
0,RmsNorm,AI_VECTOR_CORE,AI_VECTOR_CORE,1704161511535651.000,24.054,1.924,24,"[[1,1024],[1024,4096]]","[[1,4096]]",0.05,0.3
0,MatMulV2,AI_CORE,AI_CORE,1704161511535721.500,177.157,14.173,24,"[[1,1024],[1024,4096]]","[[1,4096]]",0.21,0.58
0,FusedInferAttentionScore,AI_CORE,AI_CORE,1704161511535898.750,98.507,7.881,24,"[[1,1024],[1024,4096]]","[[1,4096]]",0.21,0.58
0,RmsNorm,AI_VECTOR_CORE,AI_VECTOR_CORE,1704161511535997.250,22.549,1.804,24,"[[1,1024],[1024,4096]]","[[1,4096]]",0.05,0.3
0,MatMulV2,AI_CORE,AI_CORE,1704161511536068.750,170.181,13.615,24,"[[1,1024],[1024,4096]]","[[1,4096]]",0.21,0.58
0,FusedInferAttentionScore,AI_CORE,AI_CORE,1704161511536239.000,84.606,6.769,24,"[[1,1024],[1024,4096]]","[[1,4096]]",0.21,0.58
0,RmsNorm,AI_VECTOR_CORE,AI_VECTOR_CORE,1704161511536323.500,21.501,1.720,24,"[[1,1024],[1024,4096]]","[[1,4096]]",0.05,0.3
0,MatMulV2,AI_CORE,AI_CORE,1704161511536389.250,172.687,13.815,24,"[[1,1024],[1024,4096]]","[[1,4096]]",0.21,0.58
0,FusedInferAttentionScore,AI_CORE,AI_CORE,1704161511536562.000,81.043,6.483,24,"[[1,1024],[1024,4096]]","[[1,4096]]",0.21,0.58
0,RmsNorm,AI_VECTOR_CORE,AI_VECTOR_CORE,1704161511536643.000,23.413,1.873,24,"[[1,1024],[1024,4096]]","[[1,4096]]",0.05,0.3
0,MatMulV2,AI_CORE,AI_CORE,1704161511536712.000,155.485,12.439,24,"[[1,1024],[1024,4096]]","[[1,4096]]",0.21,0.58
0,FusedInferAttentionScore,AI_CORE,AI_CORE,1704161511536867.500,81.958,6.557,24,"[[1,1024],[1024,4096]]","[[1,4096]]",0.21,0.58
0,RmsNorm,AI_VECTOR_CORE,AI_VECTOR_CORE,1704161511536949.500,25.553,2.044,24,"[[1,1024],[1024,4096]]","[[1,4096]]",0.05,0.3
0,MatMulV2,AI_CORE,AI_CORE,1704161511537025.750,178.422,14.274,24,"[[1,1024],[1024,4096]]","[[1,4096]]",0.21,0.58
0,FusedInferAttentionScore,AI_CORE,AI_CORE,1704161511537204.250,85.749,6.860,24,"[[1,1024],[1024,4096]]","[[1,4096]]",0.21,0.58
0,RmsNorm,AI_VECTOR_CORE,AI_VECTOR_CORE,1704161511537290.000,21.586,1.727,24,"[[1,1024],[1024,4096]]","[[1,4096]]",0.05,0.3
0,MatMulV2,AI_CORE,AI_CORE,1704161511537363.000,179.757,14.381,24,"[[1,1024],[1024,4096]]","[[1,4096]]",0.21,0.58
0,FusedInferAttentionScore,AI_CORE,AI_CORE,1704161511537542.750,91.692,7.335,24,"[[1,1024],[1024,4096]]","[[1,4096]]",0.21,0.58
0,RmsNorm,AI_VECTOR_CORE,AI_VECTOR_CORE,1704161511537634.500,19.369,1.550,24,"[[1,1024],[1024,4096]]","[[1,4096]]",0.05,0.3
0,MatMulV2,AI_CORE,AI_CORE,1704161511537700.000,154.452,12.356,24,"[[1,1024],[1024,4096]]","[[1,4096]]",0.21,0.58
0,FusedInferAttentionScore,AI_CORE,AI_CORE,1704161511537854.500,82.148,6.572,24,"[[1,1024],[1024,4096]]","[[1,4096]]",0.21,0.58
0,RmsNorm,AI_VECTOR_CORE,AI_VECTOR_CORE,1704161511537936.750,24.458,1.957,24,"[[1,1024],[1024,4096]]","[[1,4096]]",0.05,0.3
0,MatMulV2,AI_CORE,AI_CORE,1704161511538013.500,173.647,13.892,24,"[[1,1024],[1024,4096]]","[[1,4096]]",0.21,0.58
0,FusedInferAttentionScore,AI_CORE,AI_CORE,1704161511538187.250,90.798,7.264,24,"[[1,1024],[1024,4096]]","[[1,4096]]",0.21,0.58
0,RmsNorm,AI_VECTOR_CORE,AI_VECTOR_CORE,1704161511538278.000,20.244,1.620,24,"[[1,1024],[1024,4096]]","[[1,4096]]",0.05,0.3
0,MatMulV2,AI_CORE,AI_CORE,1704161511538344.250,182.100,14.568,24,"[[1,1024],[1024,4096]]","[[1,4096]]",0.21,0.58
0,FusedInferAttentionScore,AI_CORE,AI_CORE,1704161511538526.250,83.777,6.702,24,"[[1,1024],[1024,4096]]","[[1,4096]]",0.21,0.58
0,RmsNorm,AI_VECTOR_CORE,AI_VECTOR_CORE,1704161511538610.000,21.871,1.750,24,"[[1,1024],[1024,4096]]","[[1,4096]]",0.05,0.3
0,MatMulV2,AI_CORE,AI_CORE,1704161511538683.250,164.894,13.192,24,"[[1,1024],[1024,4096]]","[[1,4096]]",0.21,0.58
0,FusedInferAttentionScore,AI_CORE,AI_CORE,1704161511538848.250,87.145,6.972,24,"[[1,1024],[1024,4096]]","[[1,4096]]",0.21,0.58
0,RmsNorm,AI_VECTOR_CORE,AI_VECTOR_CORE,1704161511538935.500,19.269,1.542,24,"[[1,1024],[1024,4096]]","[[1,4096]]",0.05,0.3
0,MatMulV2,AI_CORE,AI_CORE,1704161511540260.000,176.669,14.134,24,"[[1,1024],[1024,4096]]","[[1,4096]]",0.21,0.58
0,FusedInferAttentionScore,AI_CORE,AI_CORE,1704161511540436.750,95.885,7.671,24,"[[1,1024],[1024,4096]]","[[1,4096]]",0.21,0.58
0,RmsNorm,AI_VECTOR_CORE,AI_VECTOR_CORE,1704161511540532.750,24.317,1.945,24,"[[1,1024],[1024,4096]]","[[1,4096]]",0.05,0.3
0,MatMulV2,AI_CORE,AI_CORE,1704161511540789.000,167.036,13.363,24,"[[1,1024],[1024,4096]]","[[1,4096]]",0.21,0.58
0,FusedInferAttentionScore,AI_CORE,AI_CORE,1704161511540956.000,82.995,6.640,24,"[[1,1024],[1024,4096]]","[[1,4096]]",0.21,0.58
0,RmsNorm,AI_VECTOR_CORE,AI_VECTOR_CORE,1704161511541039.000,24.357,1.949,24,"[[1,1024],[1024,4096]]","[[1,4096]]",0.05,0.3
0,MatMulV2,AI_CORE,AI_CORE,1704161511541107.000,161.437,12.915,24,"[[1,1024],[1024,4096]]","[[1,4096]]",0.21,0.58
0,FusedInferAttentionScore,AI_CORE,AI_CORE,1704161511541268.500,91.850,7.348,24,"[[1,1024],[1024,4096]]","[[1,4096]]",0.21,0.58
0,RmsNorm,AI_VECTOR_CORE,AI_VECTOR_CORE,1704161511541360.250,23.702,1.896,24,"[[1,1024],[1024,4096]]","[[1,4096]]",0.05,0.3
0,MatMulV2,AI_CORE,AI_CORE,1704161511541430.500,185.252,14.820,24,"[[1,1024],[1024,4096]]","[[1,4096]]",0.21,0.58
0,FusedInferAttentionScore,AI_CORE,AI_CORE,1704161511541615.750,89.451,7.156,24,"[[1,1024],[1024,4096]]","[[1,4096]]",0.21,0.58
0,RmsNorm,AI_VECTOR_CORE,AI_VECTOR_CORE,1704161511541705.250,20.171,1.614,24,"[[1,1024],[1024,4096]]","[[1,4096]]",0.05,0.3
0,MatMulV2,AI_CORE,AI_CORE,1704161511541773.250,171.714,13.737,24,"[[1,1024],[1024,4096]]","[[1,4096]]",0.21,0.58
0,FusedInferAttentionScore,AI_CORE,AI_CORE,1704161511541945.000,90.209,7.217,24,"[[1,1024],[1024,4096]]","[[1,4096]]",0.21,0.58
0,RmsNorm,AI_VECTOR_CORE,AI_VECTOR_CORE,1704161511542035.250,24.680,1.974,24,"[[1,1024],[1024,4096]]","[[1,4096]]",0.05,0.3
0,MatMulV2,AI_CORE,AI_CORE,1704161511542110.000,164.091,13.127,24,"[[1,1024],[1024,4096]]","[[1,4096]]",0.21,0.58
0,FusedInferAttentionScore,AI_CORE,AI_CORE,1704161511542274.000,91.075,7.286,24,"[[1,1024],[1024,4096]]","[[1,4096]]",0.21,0.58
0,RmsNorm,AI_VECTOR_CORE,AI_VECTOR_CORE,1704161511542365.000,20.491,1.639,24,"[[1,1024],[1024,4096]]","[[1,4096]]",0.05,0.3
0,MatMulV2,AI_CORE,AI_CORE,1704161511542434.000,165.405,13.232,24,"[[1,1024],[1024,4096]]","[[1,4096]]",0.21,0.58
0,FusedInferAttentionScore,AI_CORE,AI_CORE,1704161511542599.500,91.983,7.359,24,"[[1,1024],[1024,4096]]","[[1,4096]]",0.21,0.58
0,RmsNorm,AI_VECTOR_CORE,AI_VECTOR_CORE,1704161511542691.500,20.256,1.620,24,"[[1,1024],[1024,4096]]","[[1,4096]]",0.05,0.3
0,MatMulV2,AI_CORE,AI_CORE,1704161511542757.500,180.244,14.420,24,"[[1,1024],[1024,4096]]","[[1,4096]]",0.21,0.58
0,FusedInferAttentionScore,AI_CORE,AI_CORE,1704161511542937.750,97.252,7.780,24,"[[1,1024],[1024,4096]]","[[1,4096]]",0.21,0.58
0,RmsNorm,AI_VECTOR_CORE,AI_VECTOR_CORE,1704161511543035.000,24.050,1.924,24,"[[1,1024],[1024,4096]]","[[1,4096]]",0.05,0.3
0,MatMulV2,AI_CORE,AI_CORE,1704161511543110.500,185.669,14.854,24,"[[1,1024],[1024,4096]]","[[1,4096]]",0.21,0.58
0,FusedInferAttentionScore,AI_CORE,AI_CORE,1704161511543296.250,88.108,7.049,24,"[[1,1024],[1024,4096]]","[[1,4096]]",0.21,0.58
0,RmsNorm,AI_VECTOR_CORE,AI_VECTOR_CORE,1704161511543384.250,18.267,1.461,24,"[[1,1024],[1024,4096]]","[[1,4096]]",0.05,0.3
0,MatMulV2,AI_CORE,AI_CORE,1704161511543452.750,184.781,14.782,24,"[[1,1024],[1024,4096]]","[[1,4096]]",0.21,0.58
0,FusedInferAttentionScore,AI_CORE,AI_CORE,1704161511543637.500,86.981,6.959,24,"[[1,1024],[1024,4096]]","[[1,4096]]",0.21,0.58
0,RmsNorm,AI_VECTOR_CORE,AI_VECTOR_CORE,1704161511543724.500,25.382,2.031,24,"[[1,1024],[1024,4096]]","[[1,4096]]",0.05,0.3
0,MatMulV2,AI_CORE,AI_CORE,1704161511543802.750,164.949,13.196,24,"[[1,1024],[1024,4096]]","[[1,4096]]",0.21,0.58
0,FusedInferAttentionScore,AI_CORE,AI_CORE,1704161511543967.750,96.737,7.739,24,"[[1,1024],[1024,4096]]","[[1,4096]]",0.21,0.58
0,RmsNorm,AI_VECTOR_CORE,AI_VECTOR_CORE,1704161511544064.500,23.251,1.860,24,"[[1,1024],[1024,4096]]","[[1,4096]]",0.05,0.3
0,MatMulV2,AI_CORE,AI_CORE,1704161511544137.000,165.248,13.220,24,"[[1,1024],[1024,4096]]","[[1,4096]]",0.21,0.58
0,FusedInferAttentionScore,AI_CORE,AI_CORE,1704161511544302.250,98.489,7.879,24,"[[1,1024],[1024,4096]]","[[1,4096]]",0.21,0.58
0,RmsNorm,AI_VECTOR_CORE,AI_VECTOR_CORE,1704161511544400.750,21.159,1.693,24,"[[1,1024],[1024,4096]]","[[1,4096]]",0.05,0.3
0,MatMulV2,AI_CORE,AI_CORE,1704161511544471.750,156.134,12.491,24,"[[1,1024],[1024,4096]]","[[1,4096]]",0.21,0.58
0,FusedInferAttentionScore,AI_CORE,AI_CORE,1704161511544628.000,98.165,7.853,24,"[[1,1024],[1024,4096]]","[[1,4096]]",0.21,0.58
0,RmsNorm,AI_VECTOR_CORE,AI_VECTOR_CORE,1704161511544726.250,18.865,1.509,24,"[[1,1024],[1024,4096]]","[[1,4096]]",0.05,0.3
0,MatMulV2,AI_CORE,AI_CORE,1704161511544789.500,156.887,12.551,24,"[[1,1024],[1024,4096]]","[[1,4096]]",0.21,0.58
0,FusedInferAttentionScore,AI_CORE,AI_CORE,1704161511544946.500,90.465,7.237,24,"[[1,1024],[1024,4096]]","[[1,4096]]",0.21,0.58
0,RmsNorm,AI_VECTOR_CORE,AI_VECTOR_CORE,1704161511545037.000,25.886,2.071,24,"[[1,1024],[1024,4096]]","[[1,4096]]",0.05,0.3
0,MatMulV2,AI_CORE,AI_CORE,1704161511545107.750,174.847,13.988,24,"[[1,1024],[1024,4096]]","[[1,4096]]",0.21,0.58
0,FusedInferAttentionScore,AI_CORE,AI_CORE,1704161511545282.500,83.381,6.670,24,"[[1,1024],[1024,4096]]","[[1,4096]]",0.21,0.58
0,RmsNorm,AI_VECTOR_CORE,AI_VECTOR_CORE,1704161511545366.000,21.248,1.700,24,"[[1,1024],[1024,4096]]","[[1,4096]]",0.05,0.3
0,MatMulV2,AI_CORE,AI_CORE,1704161511545431.250,170.989,13.679,24,"[[1,1024],[1024,4096]]","[[1,4096]]",0.21,0.58
0,FusedInferAttentionScore,AI_CORE,AI_CORE,1704161511545602.250,96.927,7.754,24,"[[1,1024],[1024,4096]]","[[1,4096]]",0.21,0.58
0,RmsNorm,AI_VECTOR_CORE,AI_VECTOR_CORE,1704161511545699.250,17.745,1.420,24,"[[1,1024],[1024,4096]]","[[1,4096]]",0.05,0.3
0,MatMulV2,AI_CORE,AI_CORE,1704161511545761.000,162.851,13.028,24,"[[1,1024],[1024,4096]]","[[1,4096]]",0.21,0.58
0,FusedInferAttentionScore,AI_CORE,AI_CORE,1704161511545923.750,90.240,7.219,24,"[[1,1024],[1024,4096]]","[[1,4096]]",0.21,0.58
0,RmsNorm,AI_VECTOR_CORE,AI_VECTOR_CORE,1704161511546014.000,18.544,1.484,24,"[[1,1024],[1024,4096]]","[[1,4096]]",0.05,0.3
0,MatMulV2,AI_CORE,AI_CORE,1704161511546080.250,176.362,14.109,24,"[[1,1024],[1024,4096]]","[[1,4096]]",0.21,0.58
0,FusedInferAttentionScore,AI_CORE,AI_CORE,1704161511546256.500,81.708,6.537,24,"[[1,1024],[1024,4096]]","[[1,4096]]",0.21,0.58
0,RmsNorm,AI_VECTOR_CORE,AI_VECTOR_CORE,1704161511546338.250,25.781,2.062,24,"[[1,1024],[1024,4096]]","[[1,4096]]",0.05,0.3
0,MatMulV2,AI_CORE,AI_CORE,1704161511546410.000,174.586,13.967,24,"[[1,1024],[1024,4096]]","[[1,4096]]",0.21,0.58
0,FusedInferAttentionScore,AI_CORE,AI_CORE,1704161511546584.500,83.270,6.662,24,"[[1,1024],[1024,4096]]","[[1,4096]]",0.21,0.58
0,RmsNorm,AI_VECTOR_CORE,AI_VECTOR_CORE,1704161511546667.750,25.365,2.029,24,"[[1,1024],[1024,4096]]","[[1,4096]]",0.05,0.3
0,MatMulV2,AI_CORE,AI_CORE,1704161511546736.750,167.930,13.434,24,"[[1,1024],[1024,4096]]","[[1,4096]]",0.21,0.58
0,FusedInferAttentionScore,AI_CORE,AI_CORE,1704161511546904.750,86.571,6.926,24,"[[1,1024],[1024,4096]]","[[1,4096]]",0.21,0.58
0,RmsNorm,AI_VECTOR_CORE,AI_VECTOR_CORE,1704161511546991.250,24.052,1.924,24,"[[1,1024],[1024,4096]]","[[1,4096]]",0.05,0.3
0,MatMulV2,AI_CORE,AI_CORE,1704161511547063.500,174.830,13.986,24,"[[1,1024],[1024,4096]]","[[1,4096]]",0.21,0.58
0,FusedInferAttentionScore,AI_CORE,AI_CORE,1704161511547238.250,91.093,7.287,24,"[[1,1024],[1024,4096]]","[[1,4096]]",0.21,0.58
0,RmsNorm,AI_VECTOR_CORE,AI_VECTOR_CORE,1704161511547329.250,23.409,1.873,24,"[[1,1024],[1024,4096]]","[[1,4096]]",0.05,0.3
0,MatMulV2,AI_CORE,AI_CORE,1704161511547401.000,186.458,14.917,24,"[[1,1024],[1024,4096]]","[[1,4096]]",0.21,0.58
0,FusedInferAttentionScore,AI_CORE,AI_CORE,1704161511547587.500,96.948,7.756,24,"[[1,1024],[1024,4096]]","[[1,4096]]",0.21,0.58
0,RmsNorm,AI_VECTOR_CORE,AI_VECTOR_CORE,1704161511547684.500,19.914,1.593,24,"[[1,1024],[1024,4096]]","[[1,4096]]",0.05,0.3
0,MatMulV2,AI_CORE,AI_CORE,1704161511547756.000,161.481,12.918,24,"[[1,1024],[1024,4096]]","[[1,4096]]",0.21,0.58
0,FusedInferAttentionScore,AI_CORE,AI_CORE,1704161511547917.500,97.476,7.798,24,"[[1,1024],[1024,4096]]","[[1,4096]]",0.21,0.58
0,RmsNorm,AI_VECTOR_CORE,AI_VECTOR_CORE,1704161511548015.000,25.828,2.066,24,"[[1,1024],[1024,4096]]","[[1,4096]]",0.05,0.3
0,MatMulV2,AI_CORE,AI_CORE,1704161511548090.250,153.395,12.272,24,"[[1,1024],[1024,4096]]","[[1,4096]]",0.21,0.58
0,FusedInferAttentionScore,AI_CORE,AI_CORE,1704161511548243.750,93.300,7.464,24,"[[1,1024],[1024,4096]]","[[1,4096]]",0.21,0.58
0,RmsNorm,AI_VECTOR_CORE,AI_VECTOR_CORE,1704161511548337.000,19.670,1.574,24,"[[1,1024],[1024,4096]]","[[1,4096]]",0.05,0.3
0,MatMulV2,AI_CORE,AI_CORE,1704161511548408.000,171.471,13.718,24,"[[1,1024],[1024,4096]]","[[1,4096]]",0.21,0.58
0,FusedInferAttentionScore,AI_CORE,AI_CORE,1704161511548579.500,82.008,6.561,24,"[[1,1024],[1024,4096]]","[[1,4096]]",0.21,0.58
0,RmsNorm,AI_VECTOR_CORE,AI_VECTOR_CORE,1704161511548661.500,18.946,1.516,24,"[[1,1024],[1024,4096]]","[[1,4096]]",0.05,0.3
0,MatMulV2,AI_CORE,AI_CORE,1704161511548725.000,166.850,13.348,24,"[[1,1024],[1024,4096]]","[[1,4096]]",0.21,0.58
0,FusedInferAttentionScore,AI_CORE,AI_CORE,1704161511548891.750,90.107,7.209,24,"[[1,1024],[1024,4096]]","[[1,4096]]",0.21,0.58
0,RmsNorm,AI_VECTOR_CORE,AI_VECTOR_CORE,1704161511548981.750,21.155,1.692,24,"[[1,1024],[1024,4096]]","[[1,4096]]",0.05,0.3
0,MatMulV2,AI_CORE,AI_CORE,1704161511549052.000,169.801,13.584,24,"[[1,1024],[1024,4096]]","[[1,4096]]",0.21,0.58
0,FusedInferAttentionScore,AI_CORE,AI_CORE,1704161511549221.750,84.403,6.752,24,"[[1,1024],[1024,4096]]","[[1,4096]]",0.21,0.58
0,RmsNorm,AI_VECTOR_CORE,AI_VECTOR_CORE,1704161511549306.250,18.923,1.514,24,"[[1,1024],[1024,4096]]","[[1,4096]]",0.05,0.3
0,MatMulV2,AI_CORE,AI_CORE,1704161511549372.000,170.692,13.655,24,"[[1,1024],[1024,4096]]","[[1,4096]]",0.21,0.58
0,FusedInferAttentionScore,AI_CORE,AI_CORE,1704161511549542.750,90.482,7.239,24,"[[1,1024],[1024,4096]]","[[1,4096]]",0.21,0.58
0,RmsNorm,AI_VECTOR_CORE,AI_VECTOR_CORE,1704161511549633.250,24.486,1.959,24,"[[1,1024],[1024,4096]]","[[1,4096]]",0.05,0.3
0,MatMulV2,AI_CORE,AI_CORE,1704161511549708.250,161.696,12.936,24,"[[1,1024],[1024,4096]]","[[1,4096]]",0.21,0.58
0,FusedInferAttentionScore,AI_CORE,AI_CORE,1704161511549870.000,94.422,7.554,24,"[[1,1024],[1024,4096]]","[[1,4096]]",0.21,0.58
0,RmsNorm,AI_VECTOR_CORE,AI_VECTOR_CORE,1704161511549964.500,23.376,1.870,24,"[[1,1024],[1024,4096]]","[[1,4096]]",0.05,0.3
0,MatMulV2,AI_CORE,AI_CORE,1704161511550040.750,186.765,14.941,24,"[[1,1024],[1024,4096]]","[[1,4096]]",0.21,0.58
0,FusedInferAttentionScore,AI_CORE,AI_CORE,1704161511550227.500,82.411,6.593,24,"[[1,1024],[1024,4096]]","[[1,4096]]",0.21,0.58
0,RmsNorm,AI_VECTOR_CORE,AI_VECTOR_CORE,1704161511550310.000,25.745,2.060,24,"[[1,1024],[1024,4096]]","[[1,4096]]",0.05,0.3
0,MatMulV2,AI_CORE,AI_CORE,1704161511550379.500,153.897,12.312,24,"[[1,1024],[1024,4096]]","[[1,4096]]",0.21,0.58
0,FusedInferAttentionScore,AI_CORE,AI_CORE,1704161511550533.500,91.424,7.314,24,"[[1,1024],[1024,4096]]","[[1,4096]]",0.21,0.58
0,RmsNorm,AI_VECTOR_CORE,AI_VECTOR_CORE,1704161511550625.000,25.144,2.012,24,"[[1,1024],[1024,4096]]","[[1,4096]]",0.05,0.3
0,MatMulV2,AI_CORE,AI_CORE,1704161511550694.000,158.244,12.659,24,"[[1,1024],[1024,4096]]","[[1,4096]]",0.21,0.58
0,FusedInferAttentionScore,AI_CORE,AI_CORE,1704161511550852.250,94.609,7.569,24,"[[1,1024],[1024,4096]]","[[1,4096]]",0.21,0.58
0,RmsNorm,AI_VECTOR_CORE,AI_VECTOR_CORE,1704161511550946.750,20.031,1.602,24,"[[1,1024],[1024,4096]]","[[1,4096]]",0.05,0.3
0,MatMulV2,AI_CORE,AI_CORE,1704161511552260.000,181.277,14.502,24,"[[1,1024],[1024,4096]]","[[1,4096]]",0.21,0.58
0,FusedInferAttentionScore,AI_CORE,AI_CORE,1704161511552441.250,84.732,6.779,24,"[[1,1024],[1024,4096]]","[[1,4096]]",0.21,0.58
0,RmsNorm,AI_VECTOR_CORE,AI_VECTOR_CORE,1704161511552526.000,21.664,1.733,24,"[[1,1024],[1024,4096]]","[[1,4096]]",0.05,0.3
0,MatMulV2,AI_CORE,AI_CORE,1704161511552771.500,175.165,14.013,24,"[[1,1024],[1024,4096]]","[[1,4096]]",0.21,0.58
0,FusedInferAttentionScore,AI_CORE,AI_CORE,1704161511552946.750,96.051,7.684,24,"[[1,1024],[1024,4096]]","[[1,4096]]",0.21,0.58
0,RmsNorm,AI_VECTOR_CORE,AI_VECTOR_CORE,1704161511553042.750,18.368,1.469,24,"[[1,1024],[1024,4096]]","[[1,4096]]",0.05,0.3
0,MatMulV2,AI_CORE,AI_CORE,1704161511553105.000,178.776,14.302,24,"[[1,1024],[1024,4096]]","[[1,4096]]",0.21,0.58
0,FusedInferAttentionScore,AI_CORE,AI_CORE,1704161511553283.750,88.084,7.047,24,"[[1,1024],[1024,4096]]","[[1,4096]]",0.21,0.58
0,RmsNorm,AI_VECTOR_CORE,AI_VECTOR_CORE,1704161511553371.750,22.852,1.828,24,"[[1,1024],[1024,4096]]","[[1,4096]]",0.05,0.3
0,MatMulV2,AI_CORE,AI_CORE,1704161511553438.000,175.631,14.050,24,"[[1,1024],[1024,4096]]","[[1,4096]]",0.21,0.58
0,FusedInferAttentionScore,AI_CORE,AI_CORE,1704161511553613.750,97.236,7.779,24,"[[1,1024],[1024,4096]]","[[1,4096]]",0.21,0.58
0,RmsNorm,AI_VECTOR_CORE,AI_VECTOR_CORE,1704161511553711.000,17.946,1.436,24,"[[1,1024],[1024,4096]]","[[1,4096]]",0.05,0.3
0,MatMulV2,AI_CORE,AI_CORE,1704161511553778.750,174.068,13.925,24,"[[1,1024],[1024,4096]]","[[1,4096]]",0.21,0.58
0,FusedInferAttentionScore,AI_CORE,AI_CORE,1704161511553952.750,89.766,7.181,24,"[[1,1024],[1024,4096]]","[[1,4096]]",0.21,0.58
0,RmsNorm,AI_VECTOR_CORE,AI_VECTOR_CORE,1704161511554042.500,24.653,1.972,24,"[[1,1024],[1024,4096]]","[[1,4096]]",0.05,0.3
0,MatMulV2,AI_CORE,AI_CORE,1704161511554112.250,162.117,12.969,24,"[[1,1024],[1024,4096]]","[[1,4096]]",0.21,0.58
0,FusedInferAttentionScore,AI_CORE,AI_CORE,1704161511554274.250,84.938,6.795,24,"[[1,1024],[1024,4096]]","[[1,4096]]",0.21,0.58
0,RmsNorm,AI_VECTOR_CORE,AI_VECTOR_CORE,1704161511554359.250,24.354,1.948,24,"[[1,1024],[1024,4096]]","[[1,4096]]",0.05,0.3
0,MatMulV2,AI_CORE,AI_CORE,1704161511554436.250,173.180,13.854,24,"[[1,1024],[1024,4096]]","[[1,4096]]",0.21,0.58
0,FusedInferAttentionScore,AI_CORE,AI_CORE,1704161511554609.500,95.724,7.658,24,"[[1,1024],[1024,4096]]","[[1,4096]]",0.21,0.58
0,RmsNorm,AI_VECTOR_CORE,AI_VECTOR_CORE,1704161511554705.250,19.481,1.558,24,"[[1,1024],[1024,4096]]","[[1,4096]]",0.05,0.3
0,MatMulV2,AI_CORE,AI_CORE,1704161511554775.750,157.036,12.563,24,"[[1,1024],[1024,4096]]","[[1,4096]]",0.21,0.58
0,FusedInferAttentionScore,AI_CORE,AI_CORE,1704161511554932.750,88.726,7.098,24,"[[1,1024],[1024,4096]]","[[1,4096]]",0.21,0.58
0,RmsNorm,AI_VECTOR_CORE,AI_VECTOR_CORE,1704161511555021.500,18.307,1.465,24,"[[1,1024],[1024,4096]]","[[1,4096]]",0.05,0.3
0,MatMulV2,AI_CORE,AI_CORE,1704161511555092.000,175.216,14.017,24,"[[1,1024],[1024,4096]]","[[1,4096]]",0.21,0.58
0,FusedInferAttentionScore,AI_CORE,AI_CORE,1704161511555267.250,97.462,7.797,24,"[[1,1024],[1024,4096]]","[[1,4096]]",0.21,0.58
0,RmsNorm,AI_VECTOR_CORE,AI_VECTOR_CORE,1704161511555364.750,22.074,1.766,24,"[[1,1024],[1024,4096]]","[[1,4096]]",0.05,0.3
0,MatMulV2,AI_CORE,AI_CORE,1704161511555436.500,156.258,12.501,24,"[[1,1024],[1024,4096]]","[[1,4096]]",0.21,0.58
0,FusedInferAttentionScore,AI_CORE,AI_CORE,1704161511555592.750,87.676,7.014,24,"[[1,1024],[1024,4096]]","[[1,4096]]",0.21,0.58
0,RmsNorm,AI_VECTOR_CORE,AI_VECTOR_CORE,1704161511555680.500,24.512,1.961,24,"[[1,1024],[1024,4096]]","[[1,4096]]",0.05,0.3
0,MatMulV2,AI_CORE,AI_CORE,1704161511555752.500,154.896,12.392,24,"[[1,1024],[1024,4096]]","[[1,4096]]",0.21,0.58
0,FusedInferAttentionScore,AI_CORE,AI_CORE,1704161511555907.500,95.839,7.667,24,"[[1,1024],[1024,4096]]","[[1,4096]]",0.21,0.58
0,RmsNorm,AI_VECTOR_CORE,AI_VECTOR_CORE,1704161511556003.250,18.369,1.470,24,"[[1,1024],[1024,4096]]","[[1,4096]]",0.05,0.3
0,MatMulV2,AI_CORE,AI_CORE,1704161511556071.500,163.704,13.096,24,"[[1,1024],[1024,4096]]","[[1,4096]]",0.21,0.58
0,FusedInferAttentionScore,AI_CORE,AI_CORE,1704161511556235.250,86.478,6.918,24,"[[1,1024],[1024,4096]]","[[1,4096]]",0.21,0.58
0,RmsNorm,AI_VECTOR_CORE,AI_VECTOR_CORE,1704161511556321.750,23.412,1.873,24,"[[1,1024],[1024,4096]]","[[1,4096]]",0.05,0.3
0,MatMulV2,AI_CORE,AI_CORE,1704161511556390.750,166.215,13.297,24,"[[1,1024],[1024,4096]]","[[1,4096]]",0.21,0.58
0,FusedInferAttentionScore,AI_CORE,AI_CORE,1704161511556557.000,94.500,7.560,24,"[[1,1024],[1024,4096]]","[[1,4096]]",0.21,0.58
0,RmsNorm,AI_VECTOR_CORE,AI_VECTOR_CORE,1704161511556651.500,20.511,1.641,24,"[[1,1024],[1024,4096]]","[[1,4096]]",0.05,0.3
0,MatMulV2,AI_CORE,AI_CORE,1704161511556715.750,177.074,14.166,24,"[[1,1024],[1024,4096]]","[[1,4096]]",0.21,0.58
0,FusedInferAttentionScore,AI_CORE,AI_CORE,1704161511556892.750,89.177,7.134,24,"[[1,1024],[1024,4096]]","[[1,4096]]",0.21,0.58
0,RmsNorm,AI_VECTOR_CORE,AI_VECTOR_CORE,1704161511556982.000,21.873,1.750,24,"[[1,1024],[1024,4096]]","[[1,4096]]",0.05,0.3
0,MatMulV2,AI_CORE,AI_CORE,1704161511557047.750,159.226,12.738,24,"[[1,1024],[1024,4096]]","[[1,4096]]",0.21,0.58
0,FusedInferAttentionScore,AI_CORE,AI_CORE,1704161511557207.000,98.921,7.914,24,"[[1,1024],[1024,4096]]","[[1,4096]]",0.21,0.58
0,RmsNorm,AI_VECTOR_CORE,AI_VECTOR_CORE,1704161511557306.000,25.626,2.050,24,"[[1,1024],[1024,4096]]","[[1,4096]]",0.05,0.3
0,MatMulV2,AI_CORE,AI_CORE,1704161511557378.000,158.691,12.695,24,"[[1,1024],[1024,4096]]","[[1,4096]]",0.21,0.58
0,FusedInferAttentionScore,AI_CORE,AI_CORE,1704161511557536.750,96.538,7.723,24,"[[1,1024],[1024,4096]]","[[1,4096]]",0.21,0.58
0,RmsNorm,AI_VECTOR_CORE,AI_VECTOR_CORE,1704161511557633.250,18.832,1.507,24,"[[1,1024],[1024,4096]]","[[1,4096]]",0.05,0.3
0,MatMulV2,AI_CORE,AI_CORE,1704161511557696.750,155.952,12.476,24,"[[1,1024],[1024,4096]]","[[1,4096]]",0.21,0.58
0,FusedInferAttentionScore,AI_CORE,AI_CORE,1704161511557852.750,85.088,6.807,24,"[[1,1024],[1024,4096]]","[[1,4096]]",0.21,0.58
0,RmsNorm,AI_VECTOR_CORE,AI_VECTOR_CORE,1704161511557937.750,19.133,1.531,24,"[[1,1024],[1024,4096]]","[[1,4096]]",0.05,0.3
0,MatMulV2,AI_CORE,AI_CORE,1704161511558003.500,161.476,12.918,24,"[[1,1024],[1024,4096]]","[[1,4096]]",0.21,0.58
0,FusedInferAttentionScore,AI_CORE,AI_CORE,1704161511558165.000,91.032,7.283,24,"[[1,1024],[1024,4096]]","[[1,4096]]",0.21,0.58
0,RmsNorm,AI_VECTOR_CORE,AI_VECTOR_CORE,1704161511558256.000,24.286,1.943,24,"[[1,1024],[1024,4096]]","[[1,4096]]",0.05,0.3
0,MatMulV2,AI_CORE,AI_CORE,1704161511558324.500,173.422,13.874,24,"[[1,1024],[1024,4096]]","[[1,4096]]",0.21,0.58
0,FusedInferAttentionScore,AI_CORE,AI_CORE,1704161511558498.000,81.798,6.544,24,"[[1,1024],[1024,4096]]","[[1,4096]]",0.21,0.58
0,RmsNorm,AI_VECTOR_CORE,AI_VECTOR_CORE,1704161511558579.750,22.617,1.809,24,"[[1,1024],[1024,4096]]","[[1,4096]]",0.05,0.3
0,MatMulV2,AI_CORE,AI_CORE,1704161511558646.250,168.042,13.443,24,"[[1,1024],[1024,4096]]","[[1,4096]]",0.21,0.58
0,FusedInferAttentionScore,AI_CORE,AI_CORE,1704161511558814.250,81.449,6.516,24,"[[1,1024],[1024,4096]]","[[1,4096]]",0.21,0.58
0,RmsNorm,AI_VECTOR_CORE,AI_VECTOR_CORE,1704161511558895.750,26.035,2.083,24,"[[1,1024],[1024,4096]]","[[1,4096]]",0.05,0.3
0,MatMulV2,AI_CORE,AI_CORE,1704161511558973.000,165.830,13.266,24,"[[1,1024],[1024,4096]]","[[1,4096]]",0.21,0.58
0,FusedInferAttentionScore,AI_CORE,AI_CORE,1704161511559138.750,96.583,7.727,24,"[[1,1024],[1024,4096]]","[[1,4096]]",0.21,0.58
0,RmsNorm,AI_VECTOR_CORE,AI_VECTOR_CORE,1704161511559235.250,19.042,1.523,24,"[[1,1024],[1024,4096]]","[[1,4096]]",0.05,0.3
0,MatMulV2,AI_CORE,AI_CORE,1704161511559306.750,186.923,14.954,24,"[[1,1024],[1024,4096]]","[[1,4096]]",0.21,0.58
0,FusedInferAttentionScore,AI_CORE,AI_CORE,1704161511559493.750,81.140,6.491,24,"[[1,1024],[1024,4096]]","[[1,4096]]",0.21,0.58
0,RmsNorm,AI_VECTOR_CORE,AI_VECTOR_CORE,1704161511559575.000,18.574,1.486,24,"[[1,1024],[1024,4096]]","[[1,4096]]",0.05,0.3
0,MatMulV2,AI_CORE,AI_CORE,1704161511559639.250,155.819,12.466,24,"[[1,1024],[1024,4096]]","[[1,4096]]",0.21,0.58
0,FusedInferAttentionScore,AI_CORE,AI_CORE,1704161511559795.000,83.263,6.661,24,"[[1,1024],[1024,4096]]","[[1,4096]]",0.21,0.58
0,RmsNorm,AI_VECTOR_CORE,AI_VECTOR_CORE,1704161511559878.250,19.319,1.546,24,"[[1,1024],[1024,4096]]","[[1,4096]]",0.05,0.3
0,MatMulV2,AI_CORE,AI_CORE,1704161511559943.750,163.913,13.113,24,"[[1,1024],[1024,4096]]","[[1,4096]]",0.21,0.58
0,FusedInferAttentionScore,AI_CORE,AI_CORE,1704161511560107.750,91.874,7.350,24,"[[1,1024],[1024,4096]]","[[1,4096]]",0.21,0.58
0,RmsNorm,AI_VECTOR_CORE,AI_VECTOR_CORE,1704161511560199.500,23.735,1.899,24,"[[1,1024],[1024,4096]]","[[1,4096]]",0.05,0.3
0,MatMulV2,AI_CORE,AI_CORE,1704161511560273.500,180.896,14.472,24,"[[1,1024],[1024,4096]]","[[1,4096]]",0.21,0.58
0,FusedInferAttentionScore,AI_CORE,AI_CORE,1704161511560454.500,95.118,7.609,24,"[[1,1024],[1024,4096]]","[[1,4096]]",0.21,0.58
0,RmsNorm,AI_VECTOR_CORE,AI_VECTOR_CORE,1704161511560549.500,23.824,1.906,24,"[[1,1024],[1024,4096]]","[[1,4096]]",0.05,0.3
0,MatMulV2,AI_CORE,AI_CORE,1704161511560621.000,184.548,14.764,24,"[[1,1024],[1024,4096]]","[[1,4096]]",0.21,0.58
0,FusedInferAttentionScore,AI_CORE,AI_CORE,1704161511560805.500,93.332,7.467,24,"[[1,1024],[1024,4096]]","[[1,4096]]",0.21,0.58
0,RmsNorm,AI_VECTOR_CORE,AI_VECTOR_CORE,1704161511560898.750,23.880,1.910,24,"[[1,1024],[1024,4096]]","[[1,4096]]",0.05,0.3
0,MatMulV2,AI_CORE,AI_CORE,1704161511560970.000,156.959,12.557,24,"[[1,1024],[1024,4096]]","[[1,4096]]",0.21,0.58
0,FusedInferAttentionScore,AI_CORE,AI_CORE,1704161511561127.000,83.694,6.696,24,"[[1,1024],[1024,4096]]","[[1,4096]]",0.21,0.58
0,RmsNorm,AI_VECTOR_CORE,AI_VECTOR_CORE,1704161511561210.750,19.665,1.573,24,"[[1,1024],[1024,4096]]","[[1,4096]]",0.05,0.3
0,MatMulV2,AI_CORE,AI_CORE,1704161511561281.500,185.696,14.856,24,"[[1,1024],[1024,4096]]","[[1,4096]]",0.21,0.58
0,FusedInferAttentionScore,AI_CORE,AI_CORE,1704161511561467.250,92.217,7.377,24,"[[1,1024],[1024,4096]]","[[1,4096]]",0.21,0.58
0,RmsNorm,AI_VECTOR_CORE,AI_VECTOR_CORE,1704161511561559.500,18.841,1.507,24,"[[1,1024],[1024,4096]]","[[1,4096]]",0.05,0.3
0,MatMulV2,AI_CORE,AI_CORE,1704161511561625.250,168.965,13.517,24,"[[1,1024],[1024,4096]]","[[1,4096]]",0.21,0.58
0,FusedInferAttentionScore,AI_CORE,AI_CORE,1704161511561794.250,81.226,6.498,24,"[[1,1024],[1024,4096]]","[[1,4096]]",0.21,0.58
0,RmsNorm,AI_VECTOR_CORE,AI_VECTOR_CORE,1704161511561875.500,22.498,1.800,24,"[[1,1024],[1024,4096]]","[[1,4096]]",0.05,0.3
0,MatMulV2,AI_CORE,AI_CORE,1704161511561945.250,162.283,12.983,24,"[[1,1024],[1024,4096]]","[[1,4096]]",0.21,0.58
0,FusedInferAttentionScore,AI_CORE,AI_CORE,1704161511562107.500,86.994,6.960,24,"[[1,1024],[1024,4096]]","[[1,4096]]",0.21,0.58
0,RmsNorm,AI_VECTOR_CORE,AI_VECTOR_CORE,1704161511562194.500,21.816,1.745,24,"[[1,1024],[1024,4096]]","[[1,4096]]",0.05,0.3
0,MatMulV2,AI_CORE,AI_CORE,1704161511562265.000,168.710,13.497,24,"[[1,1024],[1024,4096]]","[[1,4096]]",0.21,0.58
0,FusedInferAttentionScore,AI_CORE,AI_CORE,1704161511562433.750,82.686,6.615,24,"[[1,1024],[1024,4096]]","[[1,4096]]",0.21,0.58
0,RmsNorm,AI_VECTOR_CORE,AI_VECTOR_CORE,1704161511562516.500,22.097,1.768,24,"[[1,1024],[1024,4096]]","[[1,4096]]",0.05,0.3
0,MatMulV2,AI_CORE,AI_CORE,1704161511562589.500,155.143,12.411,24,"[[1,1024],[1024,4096]]","[[1,4096]]",0.21,0.58
0,FusedInferAttentionScore,AI_CORE,AI_CORE,1704161511562744.750,92.254,7.380,24,"[[1,1024],[1024,4096]]","[[1,4096]]",0.21,0.58
0,RmsNorm,AI_VECTOR_CORE,AI_VECTOR_CORE,1704161511562837.000,20.608,1.649,24,"[[1,1024],[1024,4096]]","[[1,4096]]",0.05,0.3
0,MatMulV2,AI_CORE,AI_CORE,1704161511564260.000,175.400,14.032,24,"[[1,1024],[1024,4096]]","[[1,4096]]",0.21,0.58
0,FusedInferAttentionScore,AI_CORE,AI_CORE,1704161511564435.500,92.197,7.376,24,"[[1,1024],[1024,4096]]","[[1,4096]]",0.21,0.58
0,RmsNorm,AI_VECTOR_CORE,AI_VECTOR_CORE,1704161511564527.750,19.288,1.543,24,"[[1,1024],[1024,4096]]","[[1,4096]]",0.05,0.3
0,MatMulV2,AI_CORE,AI_CORE,1704161511564775.000,157.284,12.583,24,"[[1,1024],[1024,4096]]","[[1,4096]]",0.21,0.58
0,FusedInferAttentionScore,AI_CORE,AI_CORE,1704161511564932.250,82.490,6.599,24,"[[1,1024],[1024,4096]]","[[1,4096]]",0.21,0.58
0,RmsNorm,AI_VECTOR_CORE,AI_VECTOR_CORE,1704161511565014.750,24.093,1.927,24,"[[1,1024],[1024,4096]]","[[1,4096]]",0.05,0.3
0,MatMulV2,AI_CORE,AI_CORE,1704161511565086.250,162.692,13.015,24,"[[1,1024],[1024,4096]]","[[1,4096]]",0.21,0.58
0,FusedInferAttentionScore,AI_CORE,AI_CORE,1704161511565249.000,82.265,6.581,24,"[[1,1024],[1024,4096]]","[[1,4096]]",0.21,0.58
0,RmsNorm,AI_VECTOR_CORE,AI_VECTOR_CORE,1704161511565331.250,21.535,1.723,24,"[[1,1024],[1024,4096]]","[[1,4096]]",0.05,0.3
0,MatMulV2,AI_CORE,AI_CORE,1704161511565403.250,161.534,12.923,24,"[[1,1024],[1024,4096]]","[[1,4096]]",0.21,0.58
0,FusedInferAttentionScore,AI_CORE,AI_CORE,1704161511565564.750,83.456,6.676,24,"[[1,1024],[1024,4096]]","[[1,4096]]",0.21,0.58
0,RmsNorm,AI_VECTOR_CORE,AI_VECTOR_CORE,1704161511565648.250,17.949,1.436,24,"[[1,1024],[1024,4096]]","[[1,4096]]",0.05,0.3
0,MatMulV2,AI_CORE,AI_CORE,1704161511565713.500,173.969,13.917,24,"[[1,1024],[1024,4096]]","[[1,4096]]",0.21,0.58
0,FusedInferAttentionScore,AI_CORE,AI_CORE,1704161511565887.500,89.364,7.149,24,"[[1,1024],[1024,4096]]","[[1,4096]]",0.21,0.58
0,RmsNorm,AI_VECTOR_CORE,AI_VECTOR_CORE,1704161511565976.750,25.585,2.047,24,"[[1,1024],[1024,4096]]","[[1,4096]]",0.05,0.3
0,MatMulV2,AI_CORE,AI_CORE,1704161511566047.500,174.452,13.956,24,"[[1,1024],[1024,4096]]","[[1,4096]]",0.21,0.58
0,FusedInferAttentionScore,AI_CORE,AI_CORE,1704161511566222.000,83.764,6.701,24,"[[1,1024],[1024,4096]]","[[1,4096]]",0.21,0.58
0,RmsNorm,AI_VECTOR_CORE,AI_VECTOR_CORE,1704161511566305.750,21.029,1.682,24,"[[1,1024],[1024,4096]]","[[1,4096]]",0.05,0.3
0,MatMulV2,AI_CORE,AI_CORE,1704161511566378.000,172.068,13.765,24,"[[1,1024],[1024,4096]]","[[1,4096]]",0.21,0.58
0,FusedInferAttentionScore,AI_CORE,AI_CORE,1704161511566550.000,88.186,7.055,24,"[[1,1024],[1024,4096]]","[[1,4096]]",0.21,0.58
0,RmsNorm,AI_VECTOR_CORE,AI_VECTOR_CORE,1704161511566638.250,19.737,1.579,24,"[[1,1024],[1024,4096]]","[[1,4096]]",0.05,0.3
0,MatMulV2,AI_CORE,AI_CORE,1704161511566705.000,172.291,13.783,24,"[[1,1024],[1024,4096]]","[[1,4096]]",0.21,0.58
0,FusedInferAttentionScore,AI_CORE,AI_CORE,1704161511566877.250,96.181,7.694,24,"[[1,1024],[1024,4096]]","[[1,4096]]",0.21,0.58
0,RmsNorm,AI_VECTOR_CORE,AI_VECTOR_CORE,1704161511566973.500,24.231,1.938,24,"[[1,1024],[1024,4096]]","[[1,4096]]",0.05,0.3
0,MatMulV2,AI_CORE,AI_CORE,1704161511567045.000,175.833,14.067,24,"[[1,1024],[1024,4096]]","[[1,4096]]",0.21,0.58
0,FusedInferAttentionScore,AI_CORE,AI_CORE,1704161511567220.750,91.824,7.346,24,"[[1,1024],[1024,4096]]","[[1,4096]]",0.21,0.58
0,RmsNorm,AI_VECTOR_CORE,AI_VECTOR_CORE,1704161511567312.500,19.374,1.550,24,"[[1,1024],[1024,4096]]","[[1,4096]]",0.05,0.3
0,MatMulV2,AI_CORE,AI_CORE,1704161511567378.000,174.732,13.979,24,"[[1,1024],[1024,4096]]","[[1,4096]]",0.21,0.58
0,FusedInferAttentionScore,AI_CORE,AI_CORE,1704161511567552.750,94.267,7.541,24,"[[1,1024],[1024,4096]]","[[1,4096]]",0.21,0.58
0,RmsNorm,AI_VECTOR_CORE,AI_VECTOR_CORE,1704161511567647.000,23.096,1.848,24,"[[1,1024],[1024,4096]]","[[1,4096]]",0.05,0.3
0,MatMulV2,AI_CORE,AI_CORE,1704161511567720.750,182.352,14.588,24,"[[1,1024],[1024,4096]]","[[1,4096]]",0.21,0.58
0,FusedInferAttentionScore,AI_CORE,AI_CORE,1704161511567903.000,84.588,6.767,24,"[[1,1024],[1024,4096]]","[[1,4096]]",0.21,0.58
0,RmsNorm,AI_VECTOR_CORE,AI_VECTOR_CORE,1704161511567987.500,18.367,1.469,24,"[[1,1024],[1024,4096]]","[[1,4096]]",0.05,0.3
0,MatMulV2,AI_CORE,AI_CORE,1704161511568055.750,172.427,13.794,24,"[[1,1024],[1024,4096]]","[[1,4096]]",0.21,0.58
0,FusedInferAttentionScore,AI_CORE,AI_CORE,1704161511568228.250,89.754,7.180,24,"[[1,1024],[1024,4096]]","[[1,4096]]",0.21,0.58
0,RmsNorm,AI_VECTOR_CORE,AI_VECTOR_CORE,1704161511568318.000,25.595,2.048,24,"[[1,1024],[1024,4096]]","[[1,4096]]",0.05,0.3
0,MatMulV2,AI_CORE,AI_CORE,1704161511568394.250,184.825,14.786,24,"[[1,1024],[1024,4096]]","[[1,4096]]",0.21,0.58
0,FusedInferAttentionScore,AI_CORE,AI_CORE,1704161511568579.000,90.946,7.276,24,"[[1,1024],[1024,4096]]","[[1,4096]]",0.21,0.58
0,RmsNorm,AI_VECTOR_CORE,AI_VECTOR_CORE,1704161511568670.000,22.445,1.796,24,"[[1,1024],[1024,4096]]","[[1,4096]]",0.05,0.3
0,MatMulV2,AI_CORE,AI_CORE,1704161511568738.250,184.180,14.734,24,"[[1,1024],[1024,4096]]","[[1,4096]]",0.21,0.58
0,FusedInferAttentionScore,AI_CORE,AI_CORE,1704161511568922.500,94.051,7.524,24,"[[1,1024],[1024,4096]]","[[1,4096]]",0.21,0.58
0,RmsNorm,AI_VECTOR_CORE,AI_VECTOR_CORE,1704161511569016.500,18.664,1.493,24,"[[1,1024],[1024,4096]]","[[1,4096]]",0.05,0.3
0,MatMulV2,AI_CORE,AI_CORE,1704161511569080.750,184.047,14.724,24,"[[1,1024],[1024,4096]]","[[1,4096]]",0.21,0.58
0,FusedInferAttentionScore,AI_CORE,AI_CORE,1704161511569264.750,92.590,7.407,24,"[[1,1024],[1024,4096]]","[[1,4096]]",0.21,0.58
0,RmsNorm,AI_VECTOR_CORE,AI_VECTOR_CORE,1704161511569357.250,23.698,1.896,24,"[[1,1024],[1024,4096]]","[[1,4096]]",0.05,0.3
0,MatMulV2,AI_CORE,AI_CORE,1704161511569433.750,171.744,13.740,24,"[[1,1024],[1024,4096]]","[[1,4096]]",0.21,0.58
0,FusedInferAttentionScore,AI_CORE,AI_CORE,1704161511569605.500,89.869,7.190,24,"[[1,1024],[1024,4096]]","[[1,4096]]",0.21,0.58
0,RmsNorm,AI_VECTOR_CORE,AI_VECTOR_CORE,1704161511569695.250,25.490,2.039,24,"[[1,1024],[1024,4096]]","[[1,4096]]",0.05,0.3
0,MatMulV2,AI_CORE,AI_CORE,1704161511569768.250,159.525,12.762,24,"[[1,1024],[1024,4096]]","[[1,4096]]",0.21,0.58
0,FusedInferAttentionScore,AI_CORE,AI_CORE,1704161511569927.750,81.629,6.530,24,"[[1,1024],[1024,4096]]","[[1,4096]]",0.21,0.58
0,RmsNorm,AI_VECTOR_CORE,AI_VECTOR_CORE,1704161511570009.500,21.844,1.747,24,"[[1,1024],[1024,4096]]","[[1,4096]]",0.05,0.3
0,MatMulV2,AI_CORE,AI_CORE,1704161511570080.750,186.250,14.900,24,"[[1,1024],[1024,4096]]","[[1,4096]]",0.21,0.58
0,FusedInferAttentionScore,AI_CORE,AI_CORE,1704161511570267.000,84.981,6.798,24,"[[1,1024],[1024,4096]]","[[1,4096]]",0.21,0.58
0,RmsNorm,AI_VECTOR_CORE,AI_VECTOR_CORE,1704161511570352.000,24.747,1.980,24,"[[1,1024],[1024,4096]]","[[1,4096]]",0.05,0.3
0,MatMulV2,AI_CORE,AI_CORE,1704161511570429.000,170.212,13.617,24,"[[1,1024],[1024,4096]]","[[1,4096]]",0.21,0.58
0,FusedInferAttentionScore,AI_CORE,AI_CORE,1704161511570599.250,87.905,7.032,24,"[[1,1024],[1024,4096]]","[[1,4096]]",0.21,0.58
0,RmsNorm,AI_VECTOR_CORE,AI_VECTOR_CORE,1704161511570687.250,21.835,1.747,24,"[[1,1024],[1024,4096]]","[[1,4096]]",0.05,0.3
0,MatMulV2,AI_CORE,AI_CORE,1704161511570754.000,168.257,13.461,24,"[[1,1024],[1024,4096]]","[[1,4096]]",0.21,0.58
0,FusedInferAttentionScore,AI_CORE,AI_CORE,1704161511570922.250,86.095,6.888,24,"[[1,1024],[1024,4096]]","[[1,4096]]",0.21,0.58
0,RmsNorm,AI_VECTOR_CORE,AI_VECTOR_CORE,1704161511571008.250,22.183,1.775,24,"[[1,1024],[1024,4096]]","[[1,4096]]",0.05,0.3
0,MatMulV2,AI_CORE,AI_CORE,1704161511571075.750,176.877,14.150,24,"[[1,1024],[1024,4096]]","[[1,4096]]",0.21,0.58
0,FusedInferAttentionScore,AI_CORE,AI_CORE,1704161511571252.750,90.433,7.235,24,"[[1,1024],[1024,4096]]","[[1,4096]]",0.21,0.58
0,RmsNorm,AI_VECTOR_CORE,AI_VECTOR_CORE,1704161511571343.250,25.421,2.034,24,"[[1,1024],[1024,4096]]","[[1,4096]]",0.05,0.3
0,MatMulV2,AI_CORE,AI_CORE,1704161511571415.000,183.424,14.674,24,"[[1,1024],[1024,4096]]","[[1,4096]]",0.21,0.58
0,FusedInferAttentionScore,AI_CORE,AI_CORE,1704161511571598.500,82.863,6.629,24,"[[1,1024],[1024,4096]]","[[1,4096]]",0.21,0.58
0,RmsNorm,AI_VECTOR_CORE,AI_VECTOR_CORE,1704161511571681.250,19.353,1.548,24,"[[1,1024],[1024,4096]]","[[1,4096]]",0.05,0.3
0,MatMulV2,AI_CORE,AI_CORE,1704161511571748.750,164.087,13.127,24,"[[1,1024],[1024,4096]]","[[1,4096]]",0.21,0.58
0,FusedInferAttentionScore,AI_CORE,AI_CORE,1704161511571912.750,82.968,6.637,24,"[[1,1024],[1024,4096]]","[[1,4096]]",0.21,0.58
0,RmsNorm,AI_VECTOR_CORE,AI_VECTOR_CORE,1704161511571995.750,25.462,2.037,24,"[[1,1024],[1024,4096]]","[[1,4096]]",0.05,0.3
0,MatMulV2,AI_CORE,AI_CORE,1704161511572065.000,175.817,14.065,24,"[[1,1024],[1024,4096]]","[[1,4096]]",0.21,0.58
0,FusedInferAttentionScore,AI_CORE,AI_CORE,1704161511572240.750,96.005,7.680,24,"[[1,1024],[1024,4096]]","[[1,4096]]",0.21,0.58
0,RmsNorm,AI_VECTOR_CORE,AI_VECTOR_CORE,1704161511572336.750,20.309,1.625,24,"[[1,1024],[1024,4096]]","[[1,4096]]",0.05,0.3
0,MatMulV2,AI_CORE,AI_CORE,1704161511572408.000,153.824,12.306,24,"[[1,1024],[1024,4096]]","[[1,4096]]",0.21,0.58
0,FusedInferAttentionScore,AI_CORE,AI_CORE,1704161511572561.750,95.698,7.656,24,"[[1,1024],[1024,4096]]","[[1,4096]]",0.21,0.58
0,RmsNorm,AI_VECTOR_CORE,AI_VECTOR_CORE,1704161511572657.500,20.585,1.647,24,"[[1,1024],[1024,4096]]","[[1,4096]]",0.05,0.3
0,MatMulV2,AI_CORE,AI_CORE,1704161511572725.000,156.830,12.546,24,"[[1,1024],[1024,4096]]","[[1,4096]]",0.21,0.58
0,FusedInferAttentionScore,AI_CORE,AI_CORE,1704161511572881.750,91.566,7.325,24,"[[1,1024],[1024,4096]]","[[1,4096]]",0.21,0.58
0,RmsNorm,AI_VECTOR_CORE,AI_VECTOR_CORE,1704161511572973.250,23.431,1.875,24,"[[1,1024],[1024,4096]]","[[1,4096]]",0.05,0.3
0,MatMulV2,AI_CORE,AI_CORE,1704161511573045.500,178.720,14.298,24,"[[1,1024],[1024,4096]]","[[1,4096]]",0.21,0.58
0,FusedInferAttentionScore,AI_CORE,AI_CORE,1704161511573224.250,83.059,6.645,24,"[[1,1024],[1024,4096]]","[[1,4096]]",0.21,0.58
0,RmsNorm,AI_VECTOR_CORE,AI_VECTOR_CORE,1704161511573307.250,23.796,1.904,24,"[[1,1024],[1024,4096]]","[[1,4096]]",0.05,0.3
0,MatMulV2,AI_CORE,AI_CORE,1704161511573375.250,183.740,14.699,24,"[[1,1024],[1024,4096]]","[[1,4096]]",0.21,0.58
0,FusedInferAttentionScore,AI_CORE,AI_CORE,1704161511573559.000,85.296,6.824,24,"[[1,1024],[1024,4096]]","[[1,4096]]",0.21,0.58
0,RmsNorm,AI_VECTOR_CORE,AI_VECTOR_CORE,1704161511573644.250,24.820,1.986,24,"[[1,1024],[1024,4096]]","[[1,4096]]",0.05,0.3
0,MatMulV2,AI_CORE,AI_CORE,1704161511573721.000,180.924,14.474,24,"[[1,1024],[1024,4096]]","[[1,4096]]",0.21,0.58
0,FusedInferAttentionScore,AI_CORE,AI_CORE,1704161511573902.000,91.675,7.334,24,"[[1,1024],[1024,4096]]","[[1,4096]]",0.21,0.58
0,RmsNorm,AI_VECTOR_CORE,AI_VECTOR_CORE,1704161511573993.750,21.045,1.684,24,"[[1,1024],[1024,4096]]","[[1,4096]]",0.05,0.3
0,MatMulV2,AI_CORE,AI_CORE,1704161511574061.750,161.877,12.950,24,"[[1,1024],[1024,4096]]","[[1,4096]]",0.21,0.58
0,FusedInferAttentionScore,AI_CORE,AI_CORE,1704161511574223.750,95.149,7.612,24,"[[1,1024],[1024,4096]]","[[1,4096]]",0.21,0.58
0,RmsNorm,AI_VECTOR_CORE,AI_VECTOR_CORE,1704161511574319.000,24.426,1.954,24,"[[1,1024],[1024,4096]]","[[1,4096]]",0.05,0.3
0,MatMulV2,AI_CORE,AI_CORE,1704161511574392.750,176.588,14.127,24,"[[1,1024],[1024,4096]]","[[1,4096]]",0.21,0.58
0,FusedInferAttentionScore,AI_CORE,AI_CORE,1704161511574569.250,96.429,7.714,24,"[[1,1024],[1024,4096]]","[[1,4096]]",0.21,0.58
0,RmsNorm,AI_VECTOR_CORE,AI_VECTOR_CORE,1704161511574665.750,20.532,1.643,24,"[[1,1024],[1024,4096]]","[[1,4096]]",0.05,0.3
0,MatMulV2,AI_CORE,AI_CORE,1704161511574737.500,184.429,14.754,24,"[[1,1024],[1024,4096]]","[[1,4096]]",0.21,0.58
0,FusedInferAttentionScore,AI_CORE,AI_CORE,1704161511574922.000,85.919,6.874,24,"[[1,1024],[1024,4096]]","[[1,4096]]",0.21,0.58
0,RmsNorm,AI_VECTOR_CORE,AI_VECTOR_CORE,1704161511575008.000,26.138,2.091,24,"[[1,1024],[1024,4096]]","[[1,4096]]",0.05,0.3
0,MatMulV2,AI_CORE,AI_CORE,1704161511576260.000,186.956,14.956,24,"[[1,1024],[1024,4096]]","[[1,4096]]",0.21,0.58
0,FusedInferAttentionScore,AI_CORE,AI_CORE,1704161511576447.000,93.600,7.488,24,"[[1,1024],[1024,4096]]","[[1,4096]]",0.21,0.58
0,RmsNorm,AI_VECTOR_CORE,AI_VECTOR_CORE,1704161511576540.500,21.097,1.688,24,"[[1,1024],[1024,4096]]","[[1,4096]]",0.05,0.3
0,MatMulV2,AI_CORE,AI_CORE,1704161511576787.750,164.706,13.177,24,"[[1,1024],[1024,4096]]","[[1,4096]]",0.21,0.58
0,FusedInferAttentionScore,AI_CORE,AI_CORE,1704161511576952.500,92.696,7.416,24,"[[1,1024],[1024,4096]]","[[1,4096]]",0.21,0.58
0,RmsNorm,AI_VECTOR_CORE,AI_VECTOR_CORE,1704161511577045.250,22.925,1.834,24,"[[1,1024],[1024,4096]]","[[1,4096]]",0.05,0.3
0,MatMulV2,AI_CORE,AI_CORE,1704161511577112.000,182.500,14.600,24,"[[1,1024],[1024,4096]]","[[1,4096]]",0.21,0.58
0,FusedInferAttentionScore,AI_CORE,AI_CORE,1704161511577294.500,95.759,7.661,24,"[[1,1024],[1024,4096]]","[[1,4096]]",0.21,0.58
0,RmsNorm,AI_VECTOR_CORE,AI_VECTOR_CORE,1704161511577390.250,24.975,1.998,24,"[[1,1024],[1024,4096]]","[[1,4096]]",0.05,0.3
0,MatMulV2,AI_CORE,AI_CORE,1704161511577463.500,155.690,12.455,24,"[[1,1024],[1024,4096]]","[[1,4096]]",0.21,0.58
0,FusedInferAttentionScore,AI_CORE,AI_CORE,1704161511577619.250,96.572,7.726,24,"[[1,1024],[1024,4096]]","[[1,4096]]",0.21,0.58
0,RmsNorm,AI_VECTOR_CORE,AI_VECTOR_CORE,1704161511577715.750,23.505,1.880,24,"[[1,1024],[1024,4096]]","[[1,4096]]",0.05,0.3
0,MatMulV2,AI_CORE,AI_CORE,1704161511577788.000,185.559,14.845,24,"[[1,1024],[1024,4096]]","[[1,4096]]",0.21,0.58
0,FusedInferAttentionScore,AI_CORE,AI_CORE,1704161511577973.500,82.918,6.633,24,"[[1,1024],[1024,4096]]","[[1,4096]]",0.21,0.58
0,RmsNorm,AI_VECTOR_CORE,AI_VECTOR_CORE,1704161511578056.500,24.946,1.996,24,"[[1,1024],[1024,4096]]","[[1,4096]]",0.05,0.3
0,MatMulV2,AI_CORE,AI_CORE,1704161511578129.750,171.683,13.735,24,"[[1,1024],[1024,4096]]","[[1,4096]]",0.21,0.58
0,FusedInferAttentionScore,AI_CORE,AI_CORE,1704161511578301.500,95.165,7.613,24,"[[1,1024],[1024,4096]]","[[1,4096]]",0.21,0.58
0,RmsNorm,AI_VECTOR_CORE,AI_VECTOR_CORE,1704161511578396.750,23.093,1.847,24,"[[1,1024],[1024,4096]]","[[1,4096]]",0.05,0.3
0,MatMulV2,AI_CORE,AI_CORE,1704161511578468.250,173.786,13.903,24,"[[1,1024],[1024,4096]]","[[1,4096]]",0.21,0.58
0,FusedInferAttentionScore,AI_CORE,AI_CORE,1704161511578642.000,88.143,7.051,24,"[[1,1024],[1024,4096]]","[[1,4096]]",0.21,0.58
0,RmsNorm,AI_VECTOR_CORE,AI_VECTOR_CORE,1704161511578730.250,24.048,1.924,24,"[[1,1024],[1024,4096]]","[[1,4096]]",0.05,0.3
0,MatMulV2,AI_CORE,AI_CORE,1704161511578801.000,165.755,13.260,24,"[[1,1024],[1024,4096]]","[[1,4096]]",0.21,0.58
0,FusedInferAttentionScore,AI_CORE,AI_CORE,1704161511578966.750,82.578,6.606,24,"[[1,1024],[1024,4096]]","[[1,4096]]",0.21,0.58
0,RmsNorm,AI_VECTOR_CORE,AI_VECTOR_CORE,1704161511579049.250,23.916,1.913,24,"[[1,1024],[1024,4096]]","[[1,4096]]",0.05,0.3
0,MatMulV2,AI_CORE,AI_CORE,1704161511579120.250,178.947,14.316,24,"[[1,1024],[1024,4096]]","[[1,4096]]",0.21,0.58
0,FusedInferAttentionScore,AI_CORE,AI_CORE,1704161511579299.250,88.876,7.110,24,"[[1,1024],[1024,4096]]","[[1,4096]]",0.21,0.58
0,RmsNorm,AI_VECTOR_CORE,AI_VECTOR_CORE,1704161511579388.250,22.417,1.793,24,"[[1,1024],[1024,4096]]","[[1,4096]]",0.05,0.3
0,MatMulV2,AI_CORE,AI_CORE,1704161511579461.000,174.475,13.958,24,"[[1,1024],[1024,4096]]","[[1,4096]]",0.21,0.58
0,FusedInferAttentionScore,AI_CORE,AI_CORE,1704161511579635.500,82.530,6.602,24,"[[1,1024],[1024,4096]]","[[1,4096]]",0.21,0.58
0,RmsNorm,AI_VECTOR_CORE,AI_VECTOR_CORE,1704161511579718.000,25.827,2.066,24,"[[1,1024],[1024,4096]]","[[1,4096]]",0.05,0.3
0,MatMulV2,AI_CORE,AI_CORE,1704161511579792.000,182.600,14.608,24,"[[1,1024],[1024,4096]]","[[1,4096]]",0.21,0.58
0,FusedInferAttentionScore,AI_CORE,AI_CORE,1704161511579974.500,98.938,7.915,24,"[[1,1024],[1024,4096]]","[[1,4096]]",0.21,0.58
0,RmsNorm,AI_VECTOR_CORE,AI_VECTOR_CORE,1704161511580073.500,21.221,1.698,24,"[[1,1024],[1024,4096]]","[[1,4096]]",0.05,0.3
0,MatMulV2,AI_CORE,AI_CORE,1704161511580145.750,167.903,13.432,24,"[[1,1024],[1024,4096]]","[[1,4096]]",0.21,0.58
0,FusedInferAttentionScore,AI_CORE,AI_CORE,1704161511580313.750,87.912,7.033,24,"[[1,1024],[1024,4096]]","[[1,4096]]",0.21,0.58
0,RmsNorm,AI_VECTOR_CORE,AI_VECTOR_CORE,1704161511580401.750,20.609,1.649,24,"[[1,1024],[1024,4096]]","[[1,4096]]",0.05,0.3
0,MatMulV2,AI_CORE,AI_CORE,1704161511580473.500,175.393,14.031,24,"[[1,1024],[1024,4096]]","[[1,4096]]",0.21,0.58
0,FusedInferAttentionScore,AI_CORE,AI_CORE,1704161511580649.000,90.656,7.252,24,"[[1,1024],[1024,4096]]","[[1,4096]]",0.21,0.58
0,RmsNorm,AI_VECTOR_CORE,AI_VECTOR_CORE,1704161511580739.750,20.550,1.644,24,"[[1,1024],[1024,4096]]","[[1,4096]]",0.05,0.3
0,MatMulV2,AI_CORE,AI_CORE,1704161511580805.000,165.197,13.216,24,"[[1,1024],[1024,4096]]","[[1,4096]]",0.21,0.58
0,FusedInferAttentionScore,AI_CORE,AI_CORE,1704161511580970.250,82.491,6.599,24,"[[1,1024],[1024,4096]]","[[1,4096]]",0.21,0.58
0,RmsNorm,AI_VECTOR_CORE,AI_VECTOR_CORE,1704161511581052.750,24.241,1.939,24,"[[1,1024],[1024,4096]]","[[1,4096]]",0.05,0.3
0,MatMulV2,AI_CORE,AI_CORE,1704161511581125.000,175.993,14.079,24,"[[1,1024],[1024,4096]]","[[1,4096]]",0.21,0.58
0,FusedInferAttentionScore,AI_CORE,AI_CORE,1704161511581301.000,89.122,7.130,24,"[[1,1024],[1024,4096]]","[[1,4096]]",0.21,0.58
0,RmsNorm,AI_VECTOR_CORE,AI_VECTOR_CORE,1704161511581390.000,20.050,1.604,24,"[[1,1024],[1024,4096]]","[[1,4096]]",0.05,0.3
0,MatMulV2,AI_CORE,AI_CORE,1704161511581460.000,173.855,13.908,24,"[[1,1024],[1024,4096]]","[[1,4096]]",0.21,0.58
0,FusedInferAttentionScore,AI_CORE,AI_CORE,1704161511581633.750,90.714,7.257,24,"[[1,1024],[1024,4096]]","[[1,4096]]",0.21,0.58
0,RmsNorm,AI_VECTOR_CORE,AI_VECTOR_CORE,1704161511581724.500,23.905,1.912,24,"[[1,1024],[1024,4096]]","[[1,4096]]",0.05,0.3
0,MatMulV2,AI_CORE,AI_CORE,1704161511581797.750,175.635,14.051,24,"[[1,1024],[1024,4096]]","[[1,4096]]",0.21,0.58
0,FusedInferAttentionScore,AI_CORE,AI_CORE,1704161511581973.500,96.565,7.725,24,"[[1,1024],[1024,4096]]","[[1,4096]]",0.21,0.58
0,RmsNorm,AI_VECTOR_CORE,AI_VECTOR_CORE,1704161511582070.000,22.306,1.784,24,"[[1,1024],[1024,4096]]","[[1,4096]]",0.05,0.3
0,MatMulV2,AI_CORE,AI_CORE,1704161511582141.250,156.578,12.526,24,"[[1,1024],[1024,4096]]","[[1,4096]]",0.21,0.58
0,FusedInferAttentionScore,AI_CORE,AI_CORE,1704161511582297.750,93.658,7.493,24,"[[1,1024],[1024,4096]]","[[1,4096]]",0.21,0.58
0,RmsNorm,AI_VECTOR_CORE,AI_VECTOR_CORE,1704161511582391.500,24.552,1.964,24,"[[1,1024],[1024,4096]]","[[1,4096]]",0.05,0.3
0,MatMulV2,AI_CORE,AI_CORE,1704161511582468.500,178.295,14.264,24,"[[1,1024],[1024,4096]]","[[1,4096]]",0.21,0.58
0,FusedInferAttentionScore,AI_CORE,AI_CORE,1704161511582646.750,98.863,7.909,24,"[[1,1024],[1024,4096]]","[[1,4096]]",0.21,0.58
0,RmsNorm,AI_VECTOR_CORE,AI_VECTOR_CORE,1704161511582745.500,21.383,1.711,24,"[[1,1024],[1024,4096]]","[[1,4096]]",0.05,0.3
0,MatMulV2,AI_CORE,AI_CORE,1704161511582814.500,161.760,12.941,24,"[[1,1024],[1024,4096]]","[[1,4096]]",0.21,0.58
0,FusedInferAttentionScore,AI_CORE,AI_CORE,1704161511582976.250,81.093,6.487,24,"[[1,1024],[1024,4096]]","[[1,4096]]",0.21,0.58
0,RmsNorm,AI_VECTOR_CORE,AI_VECTOR_CORE,1704161511583057.250,19.007,1.521,24,"[[1,1024],[1024,4096]]","[[1,4096]]",0.05,0.3
0,MatMulV2,AI_CORE,AI_CORE,1704161511583128.000,166.497,13.320,24,"[[1,1024],[1024,4096]]","[[1,4096]]",0.21,0.58
0,FusedInferAttentionScore,AI_CORE,AI_CORE,1704161511583294.500,82.164,6.573,24,"[[1,1024],[1024,4096]]","[[1,4096]]",0.21,0.58
0,RmsNorm,AI_VECTOR_CORE,AI_VECTOR_CORE,1704161511583376.750,20.510,1.641,24,"[[1,1024],[1024,4096]]","[[1,4096]]",0.05,0.3
0,MatMulV2,AI_CORE,AI_CORE,1704161511583443.500,175.597,14.048,24,"[[1,1024],[1024,4096]]","[[1,4096]]",0.21,0.58
0,FusedInferAttentionScore,AI_CORE,AI_CORE,1704161511583619.000,95.674,7.654,24,"[[1,1024],[1024,4096]]","[[1,4096]]",0.21,0.58
0,RmsNorm,AI_VECTOR_CORE,AI_VECTOR_CORE,1704161511583714.750,22.434,1.795,24,"[[1,1024],[1024,4096]]","[[1,4096]]",0.05,0.3
0,MatMulV2,AI_CORE,AI_CORE,1704161511583782.500,162.733,13.019,24,"[[1,1024],[1024,4096]]","[[1,4096]]",0.21,0.58
0,FusedInferAttentionScore,AI_CORE,AI_CORE,1704161511583945.250,95.646,7.652,24,"[[1,1024],[1024,4096]]","[[1,4096]]",0.21,0.58
0,RmsNorm,AI_VECTOR_CORE,AI_VECTOR_CORE,1704161511584041.000,26.113,2.089,24,"[[1,1024],[1024,4096]]","[[1,4096]]",0.05,0.3
0,MatMulV2,AI_CORE,AI_CORE,1704161511584119.500,171.827,13.746,24,"[[1,1024],[1024,4096]]","[[1,4096]]",0.21,0.58
0,FusedInferAttentionScore,AI_CORE,AI_CORE,1704161511584291.250,89.256,7.140,24,"[[1,1024],[1024,4096]]","[[1,4096]]",0.21,0.58
0,RmsNorm,AI_VECTOR_CORE,AI_VECTOR_CORE,1704161511584380.500,21.547,1.724,24,"[[1,1024],[1024,4096]]","[[1,4096]]",0.05,0.3
0,MatMulV2,AI_CORE,AI_CORE,1704161511584447.250,182.518,14.601,24,"[[1,1024],[1024,4096]]","[[1,4096]]",0.21,0.58
0,FusedInferAttentionScore,AI_CORE,AI_CORE,1704161511584629.750,90.390,7.231,24,"[[1,1024],[1024,4096]]","[[1,4096]]",0.21,0.58
0,RmsNorm,AI_VECTOR_CORE,AI_VECTOR_CORE,1704161511584720.250,18.207,1.457,24,"[[1,1024],[1024,4096]]","[[1,4096]]",0.05,0.3
0,MatMulV2,AI_CORE,AI_CORE,1704161511584783.000,155.097,12.408,24,"[[1,1024],[1024,4096]]","[[1,4096]]",0.21,0.58
0,FusedInferAttentionScore,AI_CORE,AI_CORE,1704161511584938.000,95.339,7.627,24,"[[1,1024],[1024,4096]]","[[1,4096]]",0.21,0.58
0,RmsNorm,AI_VECTOR_CORE,AI_VECTOR_CORE,1704161511585033.250,23.367,1.869,24,"[[1,1024],[1024,4096]]","[[1,4096]]",0.05,0.3
0,MatMulV2,AI_CORE,AI_CORE,1704161511585105.750,181.061,14.485,24,"[[1,1024],[1024,4096]]","[[1,4096]]",0.21,0.58
0,FusedInferAttentionScore,AI_CORE,AI_CORE,1704161511585286.750,92.391,7.391,24,"[[1,1024],[1024,4096]]","[[1,4096]]",0.21,0.58
0,RmsNorm,AI_VECTOR_CORE,AI_VECTOR_CORE,1704161511585379.250,20.326,1.626,24,"[[1,1024],[1024,4096]]","[[1,4096]]",0.05,0.3
0,MatMulV2,AI_CORE,AI_CORE,1704161511585450.500,163.944,13.116,24,"[[1,1024],[1024,4096]]","[[1,4096]]",0.21,0.58
0,FusedInferAttentionScore,AI_CORE,AI_CORE,1704161511585614.500,87.630,7.010,24,"[[1,1024],[1024,4096]]","[[1,4096]]",0.21,0.58
0,RmsNorm,AI_VECTOR_CORE,AI_VECTOR_CORE,1704161511585702.250,18.738,1.499,24,"[[1,1024],[1024,4096]]","[[1,4096]]",0.05,0.3
0,MatMulV2,AI_CORE,AI_CORE,1704161511585771.000,163.573,13.086,24,"[[1,1024],[1024,4096]]","[[1,4096]]",0.21,0.58
0,FusedInferAttentionScore,AI_CORE,AI_CORE,1704161511585934.500,97.682,7.815,24,"[[1,1024],[1024,4096]]","[[1,4096]]",0.21,0.58
0,RmsNorm,AI_VECTOR_CORE,AI_VECTOR_CORE,1704161511586032.250,22.612,1.809,24,"[[1,1024],[1024,4096]]","[[1,4096]]",0.05,0.3
0,MatMulV2,AI_CORE,AI_CORE,1704161511586103.750,165.417,13.233,24,"[[1,1024],[1024,4096]]","[[1,4096]]",0.21,0.58
0,FusedInferAttentionScore,AI_CORE,AI_CORE,1704161511586269.250,82.737,6.619,24,"[[1,1024],[1024,4096]]","[[1,4096]]",0.21,0.58
0,RmsNorm,AI_VECTOR_CORE,AI_VECTOR_CORE,1704161511586352.000,18.985,1.519,24,"[[1,1024],[1024,4096]]","[[1,4096]]",0.05,0.3
0,MatMulV2,AI_CORE,AI_CORE,1704161511586419.500,153.184,12.255,24,"[[1,1024],[1024,4096]]","[[1,4096]]",0.21,0.58
0,FusedInferAttentionScore,AI_CORE,AI_CORE,1704161511586572.750,85.587,6.847,24,"[[1,1024],[1024,4096]]","[[1,4096]]",0.21,0.58
0,RmsNorm,AI_VECTOR_CORE,AI_VECTOR_CORE,1704161511586658.250,22.050,1.764,24,"[[1,1024],[1024,4096]]","[[1,4096]]",0.05,0.3
0,MatMulV2,AI_CORE,AI_CORE,1704161511586725.750,181.308,14.505,24,"[[1,1024],[1024,4096]]","[[1,4096]]",0.21,0.58
0,FusedInferAttentionScore,AI_CORE,AI_CORE,1704161511586907.000,90.986,7.279,24,"[[1,1024],[1024,4096]]","[[1,4096]]",0.21,0.58
0,RmsNorm,AI_VECTOR_CORE,AI_VECTOR_CORE,1704161511586998.000,24.924,1.994,24,"[[1,1024],[1024,4096]]","[[1,4096]]",0.05,0.3
0,MatMulV2,AI_CORE,AI_CORE,1704161511588260.000,183.623,14.690,24,"[[1,1024],[1024,4096]]","[[1,4096]]",0.21,0.58
0,FusedInferAttentionScore,AI_CORE,AI_CORE,1704161511588443.500,93.171,7.454,24,"[[1,1024],[1024,4096]]","[[1,4096]]",0.21,0.58
0,RmsNorm,AI_VECTOR_CORE,AI_VECTOR_CORE,1704161511588536.750,25.943,2.075,24,"[[1,1024],[1024,4096]]","[[1,4096]]",0.05,0.3
0,MatMulV2,AI_CORE,AI_CORE,1704161511588789.500,179.202,14.336,24,"[[1,1024],[1024,4096]]","[[1,4096]]",0.21,0.58
0,FusedInferAttentionScore,AI_CORE,AI_CORE,1704161511588968.750,87.150,6.972,24,"[[1,1024],[1024,4096]]","[[1,4096]]",0.21,0.58
0,RmsNorm,AI_VECTOR_CORE,AI_VECTOR_CORE,1704161511589056.000,17.674,1.414,24,"[[1,1024],[1024,4096]]","[[1,4096]]",0.05,0.3
0,MatMulV2,AI_CORE,AI_CORE,1704161511589117.000,183.305,14.664,24,"[[1,1024],[1024,4096]]","[[1,4096]]",0.21,0.58
0,FusedInferAttentionScore,AI_CORE,AI_CORE,1704161511589300.250,87.332,6.987,24,"[[1,1024],[1024,4096]]","[[1,4096]]",0.21,0.58
0,RmsNorm,AI_VECTOR_CORE,AI_VECTOR_CORE,1704161511589387.500,23.138,1.851,24,"[[1,1024],[1024,4096]]","[[1,4096]]",0.05,0.3
0,MatMulV2,AI_CORE,AI_CORE,1704161511589460.000,157.935,12.635,24,"[[1,1024],[1024,4096]]","[[1,4096]]",0.21,0.58
0,FusedInferAttentionScore,AI_CORE,AI_CORE,1704161511589618.000,98.848,7.908,24,"[[1,1024],[1024,4096]]","[[1,4096]]",0.21,0.58
0,RmsNorm,AI_VECTOR_CORE,AI_VECTOR_CORE,1704161511589716.750,19.002,1.520,24,"[[1,1024],[1024,4096]]","[[1,4096]]",0.05,0.3
0,MatMulV2,AI_CORE,AI_CORE,1704161511589787.750,161.830,12.946,24,"[[1,1024],[1024,4096]]","[[1,4096]]",0.21,0.58
0,FusedInferAttentionScore,AI_CORE,AI_CORE,1704161511589949.500,83.405,6.672,24,"[[1,1024],[1024,4096]]","[[1,4096]]",0.21,0.58
0,RmsNorm,AI_VECTOR_CORE,AI_VECTOR_CORE,1704161511590033.000,20.933,1.675,24,"[[1,1024],[1024,4096]]","[[1,4096]]",0.05,0.3
0,MatMulV2,AI_CORE,AI_CORE,1704161511590102.250,174.077,13.926,24,"[[1,1024],[1024,4096]]","[[1,4096]]",0.21,0.58
0,FusedInferAttentionScore,AI_CORE,AI_CORE,1704161511590276.250,92.494,7.399,24,"[[1,1024],[1024,4096]]","[[1,4096]]",0.21,0.58
0,RmsNorm,AI_VECTOR_CORE,AI_VECTOR_CORE,1704161511590368.750,23.561,1.885,24,"[[1,1024],[1024,4096]]","[[1,4096]]",0.05,0.3
0,MatMulV2,AI_CORE,AI_CORE,1704161511590444.500,178.599,14.288,24,"[[1,1024],[1024,4096]]","[[1,4096]]",0.21,0.58
0,FusedInferAttentionScore,AI_CORE,AI_CORE,1704161511590623.000,81.053,6.484,24,"[[1,1024],[1024,4096]]","[[1,4096]]",0.21,0.58
0,RmsNorm,AI_VECTOR_CORE,AI_VECTOR_CORE,1704161511590704.000,25.910,2.073,24,"[[1,1024],[1024,4096]]","[[1,4096]]",0.05,0.3
0,MatMulV2,AI_CORE,AI_CORE,1704161511590774.750,157.300,12.584,24,"[[1,1024],[1024,4096]]","[[1,4096]]",0.21,0.58
0,FusedInferAttentionScore,AI_CORE,AI_CORE,1704161511590932.000,91.482,7.319,24,"[[1,1024],[1024,4096]]","[[1,4096]]",0.21,0.58
0,RmsNorm,AI_VECTOR_CORE,AI_VECTOR_CORE,1704161511591023.500,21.431,1.714,24,"[[1,1024],[1024,4096]]","[[1,4096]]",0.05,0.3
0,MatMulV2,AI_CORE,AI_CORE,1704161511591094.000,158.147,12.652,24,"[[1,1024],[1024,4096]]","[[1,4096]]",0.21,0.58
0,FusedInferAttentionScore,AI_CORE,AI_CORE,1704161511591252.250,98.411,7.873,24,"[[1,1024],[1024,4096]]","[[1,4096]]",0.21,0.58
0,RmsNorm,AI_VECTOR_CORE,AI_VECTOR_CORE,1704161511591350.750,18.771,1.502,24,"[[1,1024],[1024,4096]]","[[1,4096]]",0.05,0.3
0,MatMulV2,AI_CORE,AI_CORE,1704161511591420.500,170.984,13.679,24,"[[1,1024],[1024,4096]]","[[1,4096]]",0.21,0.58
0,FusedInferAttentionScore,AI_CORE,AI_CORE,1704161511591591.500,87.144,6.972,24,"[[1,1024],[1024,4096]]","[[1,4096]]",0.21,0.58
0,RmsNorm,AI_VECTOR_CORE,AI_VECTOR_CORE,1704161511591678.750,20.824,1.666,24,"[[1,1024],[1024,4096]]","[[1,4096]]",0.05,0.3
0,MatMulV2,AI_CORE,AI_CORE,1704161511591743.750,164.330,13.146,24,"[[1,1024],[1024,4096]]","[[1,4096]]",0.21,0.58
0,FusedInferAttentionScore,AI_CORE,AI_CORE,1704161511591908.000,97.166,7.773,24,"[[1,1024],[1024,4096]]","[[1,4096]]",0.21,0.58
0,RmsNorm,AI_VECTOR_CORE,AI_VECTOR_CORE,1704161511592005.250,23.794,1.903,24,"[[1,1024],[1024,4096]]","[[1,4096]]",0.05,0.3
0,MatMulV2,AI_CORE,AI_CORE,1704161511592075.500,168.976,13.518,24,"[[1,1024],[1024,4096]]","[[1,4096]]",0.21,0.58
0,FusedInferAttentionScore,AI_CORE,AI_CORE,1704161511592244.500,92.639,7.411,24,"[[1,1024],[1024,4096]]","[[1,4096]]",0.21,0.58
0,RmsNorm,AI_VECTOR_CORE,AI_VECTOR_CORE,1704161511592337.250,21.010,1.681,24,"[[1,1024],[1024,4096]]","[[1,4096]]",0.05,0.3
0,MatMulV2,AI_CORE,AI_CORE,1704161511592403.250,166.641,13.331,24,"[[1,1024],[1024,4096]]","[[1,4096]]",0.21,0.58
0,FusedInferAttentionScore,AI_CORE,AI_CORE,1704161511592570.000,84.268,6.741,24,"[[1,1024],[1024,4096]]","[[1,4096]]",0.21,0.58
0,RmsNorm,AI_VECTOR_CORE,AI_VECTOR_CORE,1704161511592654.250,24.835,1.987,24,"[[1,1024],[1024,4096]]","[[1,4096]]",0.05,0.3
0,MatMulV2,AI_CORE,AI_CORE,1704161511592726.000,162.468,12.997,24,"[[1,1024],[1024,4096]]","[[1,4096]]",0.21,0.58
0,FusedInferAttentionScore,AI_CORE,AI_CORE,1704161511592888.500,85.474,6.838,24,"[[1,1024],[1024,4096]]","[[1,4096]]",0.21,0.58
0,RmsNorm,AI_VECTOR_CORE,AI_VECTOR_CORE,1704161511592974.000,25.397,2.032,24,"[[1,1024],[1024,4096]]","[[1,4096]]",0.05,0.3
0,MatMulV2,AI_CORE,AI_CORE,1704161511593048.750,182.656,14.612,24,"[[1,1024],[1024,4096]]","[[1,4096]]",0.21,0.58
0,FusedInferAttentionScore,AI_CORE,AI_CORE,1704161511593231.500,84.255,6.740,24,"[[1,1024],[1024,4096]]","[[1,4096]]",0.21,0.58
0,RmsNorm,AI_VECTOR_CORE,AI_VECTOR_CORE,1704161511593315.750,18.288,1.463,24,"[[1,1024],[1024,4096]]","[[1,4096]]",0.05,0.3
0,MatMulV2,AI_CORE,AI_CORE,1704161511593380.500,184.997,14.800,24,"[[1,1024],[1024,4096]]","[[1,4096]]",0.21,0.58
0,FusedInferAttentionScore,AI_CORE,AI_CORE,1704161511593565.500,90.651,7.252,24,"[[1,1024],[1024,4096]]","[[1,4096]]",0.21,0.58
0,RmsNorm,AI_VECTOR_CORE,AI_VECTOR_CORE,1704161511593656.250,24.362,1.949,24,"[[1,1024],[1024,4096]]","[[1,4096]]",0.05,0.3
0,MatMulV2,AI_CORE,AI_CORE,1704161511593730.750,184.597,14.768,24,"[[1,1024],[1024,4096]]","[[1,4096]]",0.21,0.58
0,FusedInferAttentionScore,AI_CORE,AI_CORE,1704161511593915.250,90.219,7.218,24,"[[1,1024],[1024,4096]]","[[1,4096]]",0.21,0.58
0,RmsNorm,AI_VECTOR_CORE,AI_VECTOR_CORE,1704161511594005.500,18.182,1.455,24,"[[1,1024],[1024,4096]]","[[1,4096]]",0.05,0.3
0,MatMulV2,AI_CORE,AI_CORE,1704161511594067.500,157.578,12.606,24,"[[1,1024],[1024,4096]]","[[1,4096]]",0.21,0.58
0,FusedInferAttentionScore,AI_CORE,AI_CORE,1704161511594225.000,98.431,7.874,24,"[[1,1024],[1024,4096]]","[[1,4096]]",0.21,0.58
0,RmsNorm,AI_VECTOR_CORE,AI_VECTOR_CORE,1704161511594323.500,18.230,1.458,24,"[[1,1024],[1024,4096]]","[[1,4096]]",0.05,0.3
0,MatMulV2,AI_CORE,AI_CORE,1704161511594389.250,178.023,14.242,24,"[[1,1024],[1024,4096]]","[[1,4096]]",0.21,0.58
0,FusedInferAttentionScore,AI_CORE,AI_CORE,1704161511594567.250,83.381,6.670,24,"[[1,1024],[1024,4096]]","[[1,4096]]",0.21,0.58
0,RmsNorm,AI_VECTOR_CORE,AI_VECTOR_CORE,1704161511594650.750,22.243,1.779,24,"[[1,1024],[1024,4096]]","[[1,4096]]",0.05,0.3
0,MatMulV2,AI_CORE,AI_CORE,1704161511594721.750,163.957,13.117,24,"[[1,1024],[1024,4096]]","[[1,4096]]",0.21,0.58
0,FusedInferAttentionScore,AI_CORE,AI_CORE,1704161511594885.750,86.734,6.939,24,"[[1,1024],[1024,4096]]","[[1,4096]]",0.21,0.58
0,RmsNorm,AI_VECTOR_CORE,AI_VECTOR_CORE,1704161511594972.500,18.801,1.504,24,"[[1,1024],[1024,4096]]","[[1,4096]]",0.05,0.3
0,MatMulV2,AI_CORE,AI_CORE,1704161511595038.250,180.647,14.452,24,"[[1,1024],[1024,4096]]","[[1,4096]]",0.21,0.58
0,FusedInferAttentionScore,AI_CORE,AI_CORE,1704161511595219.000,85.301,6.824,24,"[[1,1024],[1024,4096]]","[[1,4096]]",0.21,0.58
0,RmsNorm,AI_VECTOR_CORE,AI_VECTOR_CORE,1704161511595304.250,18.095,1.448,24,"[[1,1024],[1024,4096]]","[[1,4096]]",0.05,0.3
0,MatMulV2,AI_CORE,AI_CORE,1704161511595370.000,183.990,14.719,24,"[[1,1024],[1024,4096]]","[[1,4096]]",0.21,0.58
0,FusedInferAttentionScore,AI_CORE,AI_CORE,1704161511595554.000,94.157,7.533,24,"[[1,1024],[1024,4096]]","[[1,4096]]",0.21,0.58
0,RmsNorm,AI_VECTOR_CORE,AI_VECTOR_CORE,1704161511595648.250,20.635,1.651,24,"[[1,1024],[1024,4096]]","[[1,4096]]",0.05,0.3
0,MatMulV2,AI_CORE,AI_CORE,1704161511595718.250,169.281,13.542,24,"[[1,1024],[1024,4096]]","[[1,4096]]",0.21,0.58
0,FusedInferAttentionScore,AI_CORE,AI_CORE,1704161511595887.500,98.709,7.897,24,"[[1,1024],[1024,4096]]","[[1,4096]]",0.21,0.58
0,RmsNorm,AI_VECTOR_CORE,AI_VECTOR_CORE,1704161511595986.250,20.814,1.665,24,"[[1,1024],[1024,4096]]","[[1,4096]]",0.05,0.3
0,MatMulV2,AI_CORE,AI_CORE,1704161511596051.250,169.143,13.531,24,"[[1,1024],[1024,4096]]","[[1,4096]]",0.21,0.58
0,FusedInferAttentionScore,AI_CORE,AI_CORE,1704161511596220.500,91.616,7.329,24,"[[1,1024],[1024,4096]]","[[1,4096]]",0.21,0.58
0,RmsNorm,AI_VECTOR_CORE,AI_VECTOR_CORE,1704161511596312.000,21.278,1.702,24,"[[1,1024],[1024,4096]]","[[1,4096]]",0.05,0.3
0,MatMulV2,AI_CORE,AI_CORE,1704161511596381.000,164.894,13.192,24,"[[1,1024],[1024,4096]]","[[1,4096]]",0.21,0.58
0,FusedInferAttentionScore,AI_CORE,AI_CORE,1704161511596546.000,98.964,7.917,24,"[[1,1024],[1024,4096]]","[[1,4096]]",0.21,0.58
0,RmsNorm,AI_VECTOR_CORE,AI_VECTOR_CORE,1704161511596645.000,18.635,1.491,24,"[[1,1024],[1024,4096]]","[[1,4096]]",0.05,0.3
0,MatMulV2,AI_CORE,AI_CORE,1704161511596712.750,154.130,12.330,24,"[[1,1024],[1024,4096]]","[[1,4096]]",0.21,0.58
0,FusedInferAttentionScore,AI_CORE,AI_CORE,1704161511596867.000,84.618,6.769,24,"[[1,1024],[1024,4096]]","[[1,4096]]",0.21,0.58
0,RmsNorm,AI_VECTOR_CORE,AI_VECTOR_CORE,1704161511596951.500,20.041,1.603,24,"[[1,1024],[1024,4096]]","[[1,4096]]",0.05,0.3
0,MatMulV2,AI_CORE,AI_CORE,1704161511597021.500,183.815,14.705,24,"[[1,1024],[1024,4096]]","[[1,4096]]",0.21,0.58
0,FusedInferAttentionScore,AI_CORE,AI_CORE,1704161511597205.250,94.133,7.531,24,"[[1,1024],[1024,4096]]","[[1,4096]]",0.21,0.58
0,RmsNorm,AI_VECTOR_CORE,AI_VECTOR_CORE,1704161511597299.500,20.405,1.632,24,"[[1,1024],[1024,4096]]","[[1,4096]]",0.05,0.3
0,MatMulV2,AI_CORE,AI_CORE,1704161511597371.250,166.655,13.332,24,"[[1,1024],[1024,4096]]","[[1,4096]]",0.21,0.58
0,FusedInferAttentionScore,AI_CORE,AI_CORE,1704161511597538.000,86.156,6.892,24,"[[1,1024],[1024,4096]]","[[1,4096]]",0.21,0.58
0,RmsNorm,AI_VECTOR_CORE,AI_VECTOR_CORE,1704161511597624.250,21.735,1.739,24,"[[1,1024],[1024,4096]]","[[1,4096]]",0.05,0.3
0,MatMulV2,AI_CORE,AI_CORE,1704161511597689.500,157.037,12.563,24,"[[1,1024],[1024,4096]]","[[1,4096]]",0.21,0.58
0,FusedInferAttentionScore,AI_CORE,AI_CORE,1704161511597846.500,91.701,7.336,24,"[[1,1024],[1024,4096]]","[[1,4096]]",0.21,0.58
0,RmsNorm,AI_VECTOR_CORE,AI_VECTOR_CORE,1704161511597938.250,19.989,1.599,24,"[[1,1024],[1024,4096]]","[[1,4096]]",0.05,0.3
0,MatMulV2,AI_CORE,AI_CORE,1704161511598010.250,173.303,13.864,24,"[[1,1024],[1024,4096]]","[[1,4096]]",0.21,0.58
0,FusedInferAttentionScore,AI_CORE,AI_CORE,1704161511598183.500,86.227,6.898,24,"[[1,1024],[1024,4096]]","[[1,4096]]",0.21,0.58
0,RmsNorm,AI_VECTOR_CORE,AI_VECTOR_CORE,1704161511598269.750,18.943,1.515,24,"[[1,1024],[1024,4096]]","[[1,4096]]",0.05,0.3
0,MatMulV2,AI_CORE,AI_CORE,1704161511598341.000,157.668,12.613,24,"[[1,1024],[1024,4096]]","[[1,4096]]",0.21,0.58
0,FusedInferAttentionScore,AI_CORE,AI_CORE,1704161511598498.750,97.901,7.832,24,"[[1,1024],[1024,4096]]","[[1,4096]]",0.21,0.58
0,RmsNorm,AI_VECTOR_CORE,AI_VECTOR_CORE,1704161511598596.750,18.424,1.474,24,"[[1,1024],[1024,4096]]","[[1,4096]]",0.05,0.3
0,MatMulV2,AI_CORE,AI_CORE,1704161511598667.250,163.533,13.083,24,"[[1,1024],[1024,4096]]","[[1,4096]]",0.21,0.58
0,FusedInferAttentionScore,AI_CORE,AI_CORE,1704161511598830.750,89.976,7.198,24,"[[1,1024],[1024,4096]]","[[1,4096]]",0.21,0.58
0,RmsNorm,AI_VECTOR_CORE,AI_VECTOR_CORE,1704161511598920.750,23.255,1.860,24,"[[1,1024],[1024,4096]]","[[1,4096]]",0.05,0.3
0,MatMulV2,AI_CORE,AI_CORE,1704161511600260.000,164.461,13.157,24,"[[1,1024],[1024,4096]]","[[1,4096]]",0.21,0.58
0,FusedInferAttentionScore,AI_CORE,AI_CORE,1704161511600424.500,95.295,7.624,24,"[[1,1024],[1024,4096]]","[[1,4096]]",0.21,0.58
0,RmsNorm,AI_VECTOR_CORE,AI_VECTOR_CORE,1704161511600519.750,25.424,2.034,24,"[[1,1024],[1024,4096]]","[[1,4096]]",0.05,0.3
0,MatMulV2,AI_CORE,AI_CORE,1704161511600776.000,154.925,12.394,24,"[[1,1024],[1024,4096]]","[[1,4096]]",0.21,0.58
0,FusedInferAttentionScore,AI_CORE,AI_CORE,1704161511600931.000,95.945,7.676,24,"[[1,1024],[1024,4096]]","[[1,4096]]",0.21,0.58
0,RmsNorm,AI_VECTOR_CORE,AI_VECTOR_CORE,1704161511601027.000,24.870,1.990,24,"[[1,1024],[1024,4096]]","[[1,4096]]",0.05,0.3
0,MatMulV2,AI_CORE,AI_CORE,1704161511601101.750,172.402,13.792,24,"[[1,1024],[1024,4096]]","[[1,4096]]",0.21,0.58
0,FusedInferAttentionScore,AI_CORE,AI_CORE,1704161511601274.250,81.598,6.528,24,"[[1,1024],[1024,4096]]","[[1,4096]]",0.21,0.58
0,RmsNorm,AI_VECTOR_CORE,AI_VECTOR_CORE,1704161511601355.750,19.881,1.590,24,"[[1,1024],[1024,4096]]","[[1,4096]]",0.05,0.3
0,MatMulV2,AI_CORE,AI_CORE,1704161511601427.250,171.929,13.754,24,"[[1,1024],[1024,4096]]","[[1,4096]]",0.21,0.58
0,FusedInferAttentionScore,AI_CORE,AI_CORE,1704161511601599.250,96.008,7.681,24,"[[1,1024],[1024,4096]]","[[1,4096]]",0.21,0.58
0,RmsNorm,AI_VECTOR_CORE,AI_VECTOR_CORE,1704161511601695.250,19.252,1.540,24,"[[1,1024],[1024,4096]]","[[1,4096]]",0.05,0.3
0,MatMulV2,AI_CORE,AI_CORE,1704161511601762.500,181.413,14.513,24,"[[1,1024],[1024,4096]]","[[1,4096]]",0.21,0.58
0,FusedInferAttentionScore,AI_CORE,AI_CORE,1704161511601944.000,92.082,7.367,24,"[[1,1024],[1024,4096]]","[[1,4096]]",0.21,0.58
0,RmsNorm,AI_VECTOR_CORE,AI_VECTOR_CORE,1704161511602036.000,19.268,1.541,24,"[[1,1024],[1024,4096]]","[[1,4096]]",0.05,0.3
0,MatMulV2,AI_CORE,AI_CORE,1704161511602106.750,164.790,13.183,24,"[[1,1024],[1024,4096]]","[[1,4096]]",0.21,0.58
0,FusedInferAttentionScore,AI_CORE,AI_CORE,1704161511602271.500,83.053,6.644,24,"[[1,1024],[1024,4096]]","[[1,4096]]",0.21,0.58
0,RmsNorm,AI_VECTOR_CORE,AI_VECTOR_CORE,1704161511602354.500,25.977,2.078,24,"[[1,1024],[1024,4096]]","[[1,4096]]",0.05,0.3
0,MatMulV2,AI_CORE,AI_CORE,1704161511602429.750,153.107,12.249,24,"[[1,1024],[1024,4096]]","[[1,4096]]",0.21,0.58
0,FusedInferAttentionScore,AI_CORE,AI_CORE,1704161511602582.750,94.563,7.565,24,"[[1,1024],[1024,4096]]","[[1,4096]]",0.21,0.58
0,RmsNorm,AI_VECTOR_CORE,AI_VECTOR_CORE,1704161511602677.250,22.015,1.761,24,"[[1,1024],[1024,4096]]","[[1,4096]]",0.05,0.3
0,MatMulV2,AI_CORE,AI_CORE,1704161511602750.250,182.923,14.634,24,"[[1,1024],[1024,4096]]","[[1,4096]]",0.21,0.58
0,FusedInferAttentionScore,AI_CORE,AI_CORE,1704161511602933.250,95.654,7.652,24,"[[1,1024],[1024,4096]]","[[1,4096]]",0.21,0.58
0,RmsNorm,AI_VECTOR_CORE,AI_VECTOR_CORE,1704161511603029.000,23.889,1.911,24,"[[1,1024],[1024,4096]]","[[1,4096]]",0.05,0.3
0,MatMulV2,AI_CORE,AI_CORE,1704161511603105.000,167.940,13.435,24,"[[1,1024],[1024,4096]]","[[1,4096]]",0.21,0.58
0,FusedInferAttentionScore,AI_CORE,AI_CORE,1704161511603273.000,91.225,7.298,24,"[[1,1024],[1024,4096]]","[[1,4096]]",0.21,0.58
0,RmsNorm,AI_VECTOR_CORE,AI_VECTOR_CORE,1704161511603364.250,25.792,2.063,24,"[[1,1024],[1024,4096]]","[[1,4096]]",0.05,0.3
0,MatMulV2,AI_CORE,AI_CORE,1704161511603441.250,178.269,14.262,24,"[[1,1024],[1024,4096]]","[[1,4096]]",0.21,0.58
0,FusedInferAttentionScore,AI_CORE,AI_CORE,1704161511603619.500,94.971,7.598,24,"[[1,1024],[1024,4096]]","[[1,4096]]",0.21,0.58
0,RmsNorm,AI_VECTOR_CORE,AI_VECTOR_CORE,1704161511603714.500,24.249,1.940,24,"[[1,1024],[1024,4096]]","[[1,4096]]",0.05,0.3
0,MatMulV2,AI_CORE,AI_CORE,1704161511603789.750,182.234,14.579,24,"[[1,1024],[1024,4096]]","[[1,4096]]",0.21,0.58
0,FusedInferAttentionScore,AI_CORE,AI_CORE,1704161511603972.000,84.338,6.747,24,"[[1,1024],[1024,4096]]","[[1,4096]]",0.21,0.58
0,RmsNorm,AI_VECTOR_CORE,AI_VECTOR_CORE,1704161511604056.250,20.863,1.669,24,"[[1,1024],[1024,4096]]","[[1,4096]]",0.05,0.3
0,MatMulV2,AI_CORE,AI_CORE,1704161511604123.500,184.128,14.730,24,"[[1,1024],[1024,4096]]","[[1,4096]]",0.21,0.58
0,FusedInferAttentionScore,AI_CORE,AI_CORE,1704161511604307.750,97.535,7.803,24,"[[1,1024],[1024,4096]]","[[1,4096]]",0.21,0.58
0,RmsNorm,AI_VECTOR_CORE,AI_VECTOR_CORE,1704161511604405.250,25.870,2.070,24,"[[1,1024],[1024,4096]]","[[1,4096]]",0.05,0.3
0,MatMulV2,AI_CORE,AI_CORE,1704161511604475.000,169.817,13.585,24,"[[1,1024],[1024,4096]]","[[1,4096]]",0.21,0.58
0,FusedInferAttentionScore,AI_CORE,AI_CORE,1704161511604644.750,97.112,7.769,24,"[[1,1024],[1024,4096]]","[[1,4096]]",0.21,0.58
0,RmsNorm,AI_VECTOR_CORE,AI_VECTOR_CORE,1704161511604741.750,25.778,2.062,24,"[[1,1024],[1024,4096]]","[[1,4096]]",0.05,0.3
0,MatMulV2,AI_CORE,AI_CORE,1704161511604818.000,164.612,13.169,24,"[[1,1024],[1024,4096]]","[[1,4096]]",0.21,0.58
0,FusedInferAttentionScore,AI_CORE,AI_CORE,1704161511604982.500,93.162,7.453,24,"[[1,1024],[1024,4096]]","[[1,4096]]",0.21,0.58
0,RmsNorm,AI_VECTOR_CORE,AI_VECTOR_CORE,1704161511605075.750,21.380,1.710,24,"[[1,1024],[1024,4096]]","[[1,4096]]",0.05,0.3
0,MatMulV2,AI_CORE,AI_CORE,1704161511605141.000,172.296,13.784,24,"[[1,1024],[1024,4096]]","[[1,4096]]",0.21,0.58
0,FusedInferAttentionScore,AI_CORE,AI_CORE,1704161511605313.250,87.662,7.013,24,"[[1,1024],[1024,4096]]","[[1,4096]]",0.21,0.58
0,RmsNorm,AI_VECTOR_CORE,AI_VECTOR_CORE,1704161511605401.000,24.626,1.970,24,"[[1,1024],[1024,4096]]","[[1,4096]]",0.05,0.3
0,MatMulV2,AI_CORE,AI_CORE,1704161511605476.500,180.734,14.459,24,"[[1,1024],[1024,4096]]","[[1,4096]]",0.21,0.58
0,FusedInferAttentionScore,AI_CORE,AI_CORE,1704161511605657.250,89.983,7.199,24,"[[1,1024],[1024,4096]]","[[1,4096]]",0.21,0.58
0,RmsNorm,AI_VECTOR_CORE,AI_VECTOR_CORE,1704161511605747.250,19.451,1.556,24,"[[1,1024],[1024,4096]]","[[1,4096]]",0.05,0.3
0,MatMulV2,AI_CORE,AI_CORE,1704161511605815.000,155.951,12.476,24,"[[1,1024],[1024,4096]]","[[1,4096]]",0.21,0.58
0,FusedInferAttentionScore,AI_CORE,AI_CORE,1704161511605971.000,98.113,7.849,24,"[[1,1024],[1024,4096]]","[[1,4096]]",0.21,0.58
0,RmsNorm,AI_VECTOR_CORE,AI_VECTOR_CORE,1704161511606069.000,25.831,2.066,24,"[[1,1024],[1024,4096]]","[[1,4096]]",0.05,0.3
0,MatMulV2,AI_CORE,AI_CORE,1704161511606140.750,159.108,12.729,24,"[[1,1024],[1024,4096]]","[[1,4096]]",0.21,0.58
0,FusedInferAttentionScore,AI_CORE,AI_CORE,1704161511606299.750,88.609,7.089,24,"[[1,1024],[1024,4096]]","[[1,4096]]",0.21,0.58
0,RmsNorm,AI_VECTOR_CORE,AI_VECTOR_CORE,1704161511606388.250,21.372,1.710,24,"[[1,1024],[1024,4096]]","[[1,4096]]",0.05,0.3
0,MatMulV2,AI_CORE,AI_CORE,1704161511606453.500,185.253,14.820,24,"[[1,1024],[1024,4096]]","[[1,4096]]",0.21,0.58
0,FusedInferAttentionScore,AI_CORE,AI_CORE,1704161511606638.750,98.820,7.906,24,"[[1,1024],[1024,4096]]","[[1,4096]]",0.21,0.58
0,RmsNorm,AI_VECTOR_CORE,AI_VECTOR_CORE,1704161511606737.500,22.503,1.800,24,"[[1,1024],[1024,4096]]","[[1,4096]]",0.05,0.3
0,MatMulV2,AI_CORE,AI_CORE,1704161511606811.000,181.286,14.503,24,"[[1,1024],[1024,4096]]","[[1,4096]]",0.21,0.58
0,FusedInferAttentionScore,AI_CORE,AI_CORE,1704161511606992.250,93.412,7.473,24,"[[1,1024],[1024,4096]]","[[1,4096]]",0.21,0.58
0,RmsNorm,AI_VECTOR_CORE,AI_VECTOR_CORE,1704161511607085.750,22.372,1.790,24,"[[1,1024],[1024,4096]]","[[1,4096]]",0.05,0.3
0,MatMulV2,AI_CORE,AI_CORE,1704161511607151.750,165.010,13.201,24,"[[1,1024],[1024,4096]]","[[1,4096]]",0.21,0.58
0,FusedInferAttentionScore,AI_CORE,AI_CORE,1704161511607316.750,85.714,6.857,24,"[[1,1024],[1024,4096]]","[[1,4096]]",0.21,0.58
0,RmsNorm,AI_VECTOR_CORE,AI_VECTOR_CORE,1704161511607402.500,21.532,1.723,24,"[[1,1024],[1024,4096]]","[[1,4096]]",0.05,0.3
0,MatMulV2,AI_CORE,AI_CORE,1704161511607470.750,171.711,13.737,24,"[[1,1024],[1024,4096]]","[[1,4096]]",0.21,0.58
0,FusedInferAttentionScore,AI_CORE,AI_CORE,1704161511607642.500,88.937,7.115,24,"[[1,1024],[1024,4096]]","[[1,4096]]",0.21,0.58
0,RmsNorm,AI_VECTOR_CORE,AI_VECTOR_CORE,1704161511607731.500,20.093,1.607,24,"[[1,1024],[1024,4096]]","[[1,4096]]",0.05,0.3
0,MatMulV2,AI_CORE,AI_CORE,1704161511607795.500,171.137,13.691,24,"[[1,1024],[1024,4096]]","[[1,4096]]",0.21,0.58
0,FusedInferAttentionScore,AI_CORE,AI_CORE,1704161511607966.750,88.775,7.102,24,"[[1,1024],[1024,4096]]","[[1,4096]]",0.21,0.58
0,RmsNorm,AI_VECTOR_CORE,AI_VECTOR_CORE,1704161511608055.500,18.242,1.459,24,"[[1,1024],[1024,4096]]","[[1,4096]]",0.05,0.3
0,MatMulV2,AI_CORE,AI_CORE,1704161511608118.500,174.305,13.944,24,"[[1,1024],[1024,4096]]","[[1,4096]]",0.21,0.58
0,FusedInferAttentionScore,AI_CORE,AI_CORE,1704161511608292.750,89.438,7.155,24,"[[1,1024],[1024,4096]]","[[1,4096]]",0.21,0.58
0,RmsNorm,AI_VECTOR_CORE,AI_VECTOR_CORE,1704161511608382.250,21.412,1.713,24,"[[1,1024],[1024,4096]]","[[1,4096]]",0.05,0.3
0,MatMulV2,AI_CORE,AI_CORE,1704161511608448.750,180.047,14.404,24,"[[1,1024],[1024,4096]]","[[1,4096]]",0.21,0.58
0,FusedInferAttentionScore,AI_CORE,AI_CORE,1704161511608628.750,91.634,7.331,24,"[[1,1024],[1024,4096]]","[[1,4096]]",0.21,0.58
0,RmsNorm,AI_VECTOR_CORE,AI_VECTOR_CORE,1704161511608720.500,22.185,1.775,24,"[[1,1024],[1024,4096]]","[[1,4096]]",0.05,0.3
0,MatMulV2,AI_CORE,AI_CORE,1704161511608792.000,163.669,13.094,24,"[[1,1024],[1024,4096]]","[[1,4096]]",0.21,0.58
0,FusedInferAttentionScore,AI_CORE,AI_CORE,1704161511608955.750,81.538,6.523,24,"[[1,1024],[1024,4096]]","[[1,4096]]",0.21,0.58
0,RmsNorm,AI_VECTOR_CORE,AI_VECTOR_CORE,1704161511609037.250,21.219,1.698,24,"[[1,1024],[1024,4096]]","[[1,4096]]",0.05,0.3
0,MatMulV2,AI_CORE,AI_CORE,1704161511609104.750,182.675,14.614,24,"[[1,1024],[1024,4096]]","[[1,4096]]",0.21,0.58
0,FusedInferAttentionScore,AI_CORE,AI_CORE,1704161511609287.500,96.287,7.703,24,"[[1,1024],[1024,4096]]","[[1,4096]]",0.21,0.58
0,RmsNorm,AI_VECTOR_CORE,AI_VECTOR_CORE,1704161511609383.750,19.691,1.575,24,"[[1,1024],[1024,4096]]","[[1,4096]]",0.05,0.3
0,MatMulV2,AI_CORE,AI_CORE,1704161511609447.750,172.919,13.834,24,"[[1,1024],[1024,4096]]","[[1,4096]]",0.21,0.58
0,FusedInferAttentionScore,AI_CORE,AI_CORE,1704161511609620.750,94.011,7.521,24,"[[1,1024],[1024,4096]]","[[1,4096]]",0.21,0.58
0,RmsNorm,AI_VECTOR_CORE,AI_VECTOR_CORE,1704161511609714.750,23.536,1.883,24,"[[1,1024],[1024,4096]]","[[1,4096]]",0.05,0.3
0,MatMulV2,AI_CORE,AI_CORE,1704161511609788.500,173.122,13.850,24,"[[1,1024],[1024,4096]]","[[1,4096]]",0.21,0.58
0,FusedInferAttentionScore,AI_CORE,AI_CORE,1704161511609961.500,98.953,7.916,24,"[[1,1024],[1024,4096]]","[[1,4096]]",0.21,0.58
0,RmsNorm,AI_VECTOR_CORE,AI_VECTOR_CORE,1704161511610060.500,22.769,1.821,24,"[[1,1024],[1024,4096]]","[[1,4096]]",0.05,0.3
0,MatMulV2,AI_CORE,AI_CORE,1704161511610127.500,160.143,12.811,24,"[[1,1024],[1024,4096]]","[[1,4096]]",0.21,0.58
0,FusedInferAttentionScore,AI_CORE,AI_CORE,1704161511610287.750,88.697,7.096,24,"[[1,1024],[1024,4096]]","[[1,4096]]",0.21,0.58
0,RmsNorm,AI_VECTOR_CORE,AI_VECTOR_CORE,1704161511610376.500,25.791,2.063,24,"[[1,1024],[1024,4096]]","[[1,4096]]",0.05,0.3
0,MatMulV2,AI_CORE,AI_CORE,1704161511610451.250,181.921,14.554,24,"[[1,1024],[1024,4096]]","[[1,4096]]",0.21,0.58
0,FusedInferAttentionScore,AI_CORE,AI_CORE,1704161511610633.250,85.040,6.803,24,"[[1,1024],[1024,4096]]","[[1,4096]]",0.21,0.58
0,RmsNorm,AI_VECTOR_CORE,AI_VECTOR_CORE,1704161511610718.250,19.549,1.564,24,"[[1,1024],[1024,4096]]","[[1,4096]]",0.05,0.3
0,MatMulV2,AI_CORE,AI_CORE,1704161511610781.500,157.482,12.599,24,"[[1,1024],[1024,4096]]","[[1,4096]]",0.21,0.58
0,FusedInferAttentionScore,AI_CORE,AI_CORE,1704161511610939.000,86.534,6.923,24,"[[1,1024],[1024,4096]]","[[1,4096]]",0.21,0.58
0,RmsNorm,AI_VECTOR_CORE,AI_VECTOR_CORE,1704161511611025.500,19.044,1.524,24,"[[1,1024],[1024,4096]]","[[1,4096]]",0.05,0.3
0,MatMulV2,AI_CORE,AI_CORE,1704161511612260.000,169.641,13.571,24,"[[1,1024],[1024,4096]]","[[1,4096]]",0.21,0.58
0,FusedInferAttentionScore,AI_CORE,AI_CORE,1704161511612429.750,88.251,7.060,24,"[[1,1024],[1024,4096]]","[[1,4096]]",0.21,0.58
0,RmsNorm,AI_VECTOR_CORE,AI_VECTOR_CORE,1704161511612518.000,26.025,2.082,24,"[[1,1024],[1024,4096]]","[[1,4096]]",0.05,0.3
0,MatMulV2,AI_CORE,AI_CORE,1704161511612772.750,178.147,14.252,24,"[[1,1024],[1024,4096]]","[[1,4096]]",0.21,0.58
0,FusedInferAttentionScore,AI_CORE,AI_CORE,1704161511612951.000,81.965,6.557,24,"[[1,1024],[1024,4096]]","[[1,4096]]",0.21,0.58
0,RmsNorm,AI_VECTOR_CORE,AI_VECTOR_CORE,1704161511613033.000,19.384,1.551,24,"[[1,1024],[1024,4096]]","[[1,4096]]",0.05,0.3
0,MatMulV2,AI_CORE,AI_CORE,1704161511613097.500,161.049,12.884,24,"[[1,1024],[1024,4096]]","[[1,4096]]",0.21,0.58
0,FusedInferAttentionScore,AI_CORE,AI_CORE,1704161511613258.500,88.715,7.097,24,"[[1,1024],[1024,4096]]","[[1,4096]]",0.21,0.58
0,RmsNorm,AI_VECTOR_CORE,AI_VECTOR_CORE,1704161511613347.250,23.223,1.858,24,"[[1,1024],[1024,4096]]","[[1,4096]]",0.05,0.3
0,MatMulV2,AI_CORE,AI_CORE,1704161511613419.500,176.103,14.088,24,"[[1,1024],[1024,4096]]","[[1,4096]]",0.21,0.58
0,FusedInferAttentionScore,AI_CORE,AI_CORE,1704161511613595.500,97.857,7.829,24,"[[1,1024],[1024,4096]]","[[1,4096]]",0.21,0.58
0,RmsNorm,AI_VECTOR_CORE,AI_VECTOR_CORE,1704161511613693.250,25.278,2.022,24,"[[1,1024],[1024,4096]]","[[1,4096]]",0.05,0.3
0,MatMulV2,AI_CORE,AI_CORE,1704161511613765.750,183.270,14.662,24,"[[1,1024],[1024,4096]]","[[1,4096]]",0.21,0.58
0,FusedInferAttentionScore,AI_CORE,AI_CORE,1704161511613949.000,96.849,7.748,24,"[[1,1024],[1024,4096]]","[[1,4096]]",0.21,0.58
0,RmsNorm,AI_VECTOR_CORE,AI_VECTOR_CORE,1704161511614045.750,25.286,2.023,24,"[[1,1024],[1024,4096]]","[[1,4096]]",0.05,0.3
0,MatMulV2,AI_CORE,AI_CORE,1704161511614117.500,176.517,14.121,24,"[[1,1024],[1024,4096]]","[[1,4096]]",0.21,0.58
0,FusedInferAttentionScore,AI_CORE,AI_CORE,1704161511614294.000,93.549,7.484,24,"[[1,1024],[1024,4096]]","[[1,4096]]",0.21,0.58
0,RmsNorm,AI_VECTOR_CORE,AI_VECTOR_CORE,1704161511614387.500,18.001,1.440,24,"[[1,1024],[1024,4096]]","[[1,4096]]",0.05,0.3
0,MatMulV2,AI_CORE,AI_CORE,1704161511614457.750,161.056,12.884,24,"[[1,1024],[1024,4096]]","[[1,4096]]",0.21,0.58
0,FusedInferAttentionScore,AI_CORE,AI_CORE,1704161511614618.750,91.770,7.342,24,"[[1,1024],[1024,4096]]","[[1,4096]]",0.21,0.58
0,RmsNorm,AI_VECTOR_CORE,AI_VECTOR_CORE,1704161511614710.500,17.956,1.436,24,"[[1,1024],[1024,4096]]","[[1,4096]]",0.05,0.3
0,MatMulV2,AI_CORE,AI_CORE,1704161511614773.500,184.812,14.785,24,"[[1,1024],[1024,4096]]","[[1,4096]]",0.21,0.58
0,FusedInferAttentionScore,AI_CORE,AI_CORE,1704161511614958.250,88.998,7.120,24,"[[1,1024],[1024,4096]]","[[1,4096]]",0.21,0.58
0,RmsNorm,AI_VECTOR_CORE,AI_VECTOR_CORE,1704161511615047.250,18.297,1.464,24,"[[1,1024],[1024,4096]]","[[1,4096]]",0.05,0.3
0,MatMulV2,AI_CORE,AI_CORE,1704161511615111.000,165.383,13.231,24,"[[1,1024],[1024,4096]]","[[1,4096]]",0.21,0.58
0,FusedInferAttentionScore,AI_CORE,AI_CORE,1704161511615276.500,97.684,7.815,24,"[[1,1024],[1024,4096]]","[[1,4096]]",0.21,0.58
0,RmsNorm,AI_VECTOR_CORE,AI_VECTOR_CORE,1704161511615374.250,24.637,1.971,24,"[[1,1024],[1024,4096]]","[[1,4096]]",0.05,0.3
0,MatMulV2,AI_CORE,AI_CORE,1704161511615447.500,180.286,14.423,24,"[[1,1024],[1024,4096]]","[[1,4096]]",0.21,0.58
0,FusedInferAttentionScore,AI_CORE,AI_CORE,1704161511615627.750,88.020,7.042,24,"[[1,1024],[1024,4096]]","[[1,4096]]",0.21,0.58
0,RmsNorm,AI_VECTOR_CORE,AI_VECTOR_CORE,1704161511615715.750,25.458,2.037,24,"[[1,1024],[1024,4096]]","[[1,4096]]",0.05,0.3
0,MatMulV2,AI_CORE,AI_CORE,1704161511615792.250,162.774,13.022,24,"[[1,1024],[1024,4096]]","[[1,4096]]",0.21,0.58
0,FusedInferAttentionScore,AI_CORE,AI_CORE,1704161511615955.000,96.587,7.727,24,"[[1,1024],[1024,4096]]","[[1,4096]]",0.21,0.58
0,RmsNorm,AI_VECTOR_CORE,AI_VECTOR_CORE,1704161511616051.500,18.004,1.440,24,"[[1,1024],[1024,4096]]","[[1,4096]]",0.05,0.3
0,MatMulV2,AI_CORE,AI_CORE,1704161511616115.000,163.986,13.119,24,"[[1,1024],[1024,4096]]","[[1,4096]]",0.21,0.58
0,FusedInferAttentionScore,AI_CORE,AI_CORE,1704161511616279.000,83.811,6.705,24,"[[1,1024],[1024,4096]]","[[1,4096]]",0.21,0.58
0,RmsNorm,AI_VECTOR_CORE,AI_VECTOR_CORE,1704161511616362.750,26.002,2.080,24,"[[1,1024],[1024,4096]]","[[1,4096]]",0.05,0.3
0,MatMulV2,AI_CORE,AI_CORE,1704161511616434.500,174.739,13.979,24,"[[1,1024],[1024,4096]]","[[1,4096]]",0.21,0.58
0,FusedInferAttentionScore,AI_CORE,AI_CORE,1704161511616609.250,81.599,6.528,24,"[[1,1024],[1024,4096]]","[[1,4096]]",0.21,0.58
0,RmsNorm,AI_VECTOR_CORE,AI_VECTOR_CORE,1704161511616690.750,21.350,1.708,24,"[[1,1024],[1024,4096]]","[[1,4096]]",0.05,0.3
0,MatMulV2,AI_CORE,AI_CORE,1704161511616756.750,174.714,13.977,24,"[[1,1024],[1024,4096]]","[[1,4096]]",0.21,0.58
0,FusedInferAttentionScore,AI_CORE,AI_CORE,1704161511616931.500,97.092,7.767,24,"[[1,1024],[1024,4096]]","[[1,4096]]",0.21,0.58
0,RmsNorm,AI_VECTOR_CORE,AI_VECTOR_CORE,1704161511617028.500,24.901,1.992,24,"[[1,1024],[1024,4096]]","[[1,4096]]",0.05,0.3
0,MatMulV2,AI_CORE,AI_CORE,1704161511617099.000,167.341,13.387,24,"[[1,1024],[1024,4096]]","[[1,4096]]",0.21,0.58
0,FusedInferAttentionScore,AI_CORE,AI_CORE,1704161511617266.250,88.919,7.114,24,"[[1,1024],[1024,4096]]","[[1,4096]]",0.21,0.58
0,RmsNorm,AI_VECTOR_CORE,AI_VECTOR_CORE,1704161511617355.250,21.296,1.704,24,"[[1,1024],[1024,4096]]","[[1,4096]]",0.05,0.3
0,MatMulV2,AI_CORE,AI_CORE,1704161511617423.500,171.152,13.692,24,"[[1,1024],[1024,4096]]","[[1,4096]]",0.21,0.58
0,FusedInferAttentionScore,AI_CORE,AI_CORE,1704161511617594.750,84.876,6.790,24,"[[1,1024],[1024,4096]]","[[1,4096]]",0.21,0.58
0,RmsNorm,AI_VECTOR_CORE,AI_VECTOR_CORE,1704161511617679.750,20.164,1.613,24,"[[1,1024],[1024,4096]]","[[1,4096]]",0.05,0.3
0,MatMulV2,AI_CORE,AI_CORE,1704161511617752.000,180.885,14.471,24,"[[1,1024],[1024,4096]]","[[1,4096]]",0.21,0.58
0,FusedInferAttentionScore,AI_CORE,AI_CORE,1704161511617933.000,82.412,6.593,24,"[[1,1024],[1024,4096]]","[[1,4096]]",0.21,0.58
0,RmsNorm,AI_VECTOR_CORE,AI_VECTOR_CORE,1704161511618015.500,26.245,2.100,24,"[[1,1024],[1024,4096]]","[[1,4096]]",0.05,0.3
0,MatMulV2,AI_CORE,AI_CORE,1704161511618090.500,154.122,12.330,24,"[[1,1024],[1024,4096]]","[[1,4096]]",0.21,0.58
0,FusedInferAttentionScore,AI_CORE,AI_CORE,1704161511618244.500,97.864,7.829,24,"[[1,1024],[1024,4096]]","[[1,4096]]",0.21,0.58
0,RmsNorm,AI_VECTOR_CORE,AI_VECTOR_CORE,1704161511618342.250,26.364,2.109,24,"[[1,1024],[1024,4096]]","[[1,4096]]",0.05,0.3
0,MatMulV2,AI_CORE,AI_CORE,1704161511618420.000,155.740,12.459,24,"[[1,1024],[1024,4096]]","[[1,4096]]",0.21,0.58
0,FusedInferAttentionScore,AI_CORE,AI_CORE,1704161511618575.750,86.810,6.945,24,"[[1,1024],[1024,4096]]","[[1,4096]]",0.21,0.58
0,RmsNorm,AI_VECTOR_CORE,AI_VECTOR_CORE,1704161511618662.500,24.187,1.935,24,"[[1,1024],[1024,4096]]","[[1,4096]]",0.05,0.3
0,MatMulV2,AI_CORE,AI_CORE,1704161511618734.750,154.960,12.397,24,"[[1,1024],[1024,4096]]","[[1,4096]]",0.21,0.58
0,FusedInferAttentionScore,AI_CORE,AI_CORE,1704161511618889.750,92.468,7.397,24,"[[1,1024],[1024,4096]]","[[1,4096]]",0.21,0.58
0,RmsNorm,AI_VECTOR_CORE,AI_VECTOR_CORE,1704161511618982.250,23.918,1.913,24,"[[1,1024],[1024,4096]]","[[1,4096]]",0.05,0.3
0,MatMulV2,AI_CORE,AI_CORE,1704161511619058.500,168.274,13.462,24,"[[1,1024],[1024,4096]]","[[1,4096]]",0.21,0.58
0,FusedInferAttentionScore,AI_CORE,AI_CORE,1704161511619226.750,83.547,6.684,24,"[[1,1024],[1024,4096]]","[[1,4096]]",0.21,0.58
0,RmsNorm,AI_VECTOR_CORE,AI_VECTOR_CORE,1704161511619310.250,24.650,1.972,24,"[[1,1024],[1024,4096]]","[[1,4096]]",0.05,0.3
0,MatMulV2,AI_CORE,AI_CORE,1704161511619379.250,158.023,12.642,24,"[[1,1024],[1024,4096]]","[[1,4096]]",0.21,0.58
0,FusedInferAttentionScore,AI_CORE,AI_CORE,1704161511619537.250,81.447,6.516,24,"[[1,1024],[1024,4096]]","[[1,4096]]",0.21,0.58
0,RmsNorm,AI_VECTOR_CORE,AI_VECTOR_CORE,1704161511619618.750,18.921,1.514,24,"[[1,1024],[1024,4096]]","[[1,4096]]",0.05,0.3
0,MatMulV2,AI_CORE,AI_CORE,1704161511619689.250,158.925,12.714,24,"[[1,1024],[1024,4096]]","[[1,4096]]",0.21,0.58
0,FusedInferAttentionScore,AI_CORE,AI_CORE,1704161511619848.250,83.217,6.657,24,"[[1,1024],[1024,4096]]","[[1,4096]]",0.21,0.58
0,RmsNorm,AI_VECTOR_CORE,AI_VECTOR_CORE,1704161511619931.500,17.610,1.409,24,"[[1,1024],[1024,4096]]","[[1,4096]]",0.05,0.3
0,MatMulV2,AI_CORE,AI_CORE,1704161511620000.500,161.315,12.905,24,"[[1,1024],[1024,4096]]","[[1,4096]]",0.21,0.58
0,FusedInferAttentionScore,AI_CORE,AI_CORE,1704161511620161.750,83.185,6.655,24,"[[1,1024],[1024,4096]]","[[1,4096]]",0.21,0.58
0,RmsNorm,AI_VECTOR_CORE,AI_VECTOR_CORE,1704161511620245.000,19.916,1.593,24,"[[1,1024],[1024,4096]]","[[1,4096]]",0.05,0.3
0,MatMulV2,AI_CORE,AI_CORE,1704161511620315.750,172.391,13.791,24,"[[1,1024],[1024,4096]]","[[1,4096]]",0.21,0.58
0,FusedInferAttentionScore,AI_CORE,AI_CORE,1704161511620488.250,86.655,6.932,24,"[[1,1024],[1024,4096]]","[[1,4096]]",0.21,0.58
0,RmsNorm,AI_VECTOR_CORE,AI_VECTOR_CORE,1704161511620575.000,25.342,2.027,24,"[[1,1024],[1024,4096]]","[[1,4096]]",0.05,0.3
0,MatMulV2,AI_CORE,AI_CORE,1704161511620645.500,171.243,13.699,24,"[[1,1024],[1024,4096]]","[[1,4096]]",0.21,0.58
0,FusedInferAttentionScore,AI_CORE,AI_CORE,1704161511620816.750,85.583,6.847,24,"[[1,1024],[1024,4096]]","[[1,4096]]",0.21,0.58
0,RmsNorm,AI_VECTOR_CORE,AI_VECTOR_CORE,1704161511620902.250,19.635,1.571,24,"[[1,1024],[1024,4096]]","[[1,4096]]",0.05,0.3
0,MatMulV2,AI_CORE,AI_CORE,1704161511620968.500,157.946,12.636,24,"[[1,1024],[1024,4096]]","[[1,4096]]",0.21,0.58
0,FusedInferAttentionScore,AI_CORE,AI_CORE,1704161511621126.500,96.642,7.731,24,"[[1,1024],[1024,4096]]","[[1,4096]]",0.21,0.58
0,RmsNorm,AI_VECTOR_CORE,AI_VECTOR_CORE,1704161511621223.250,18.425,1.474,24,"[[1,1024],[1024,4096]]","[[1,4096]]",0.05,0.3
0,MatMulV2,AI_CORE,AI_CORE,1704161511621290.750,165.497,13.240,24,"[[1,1024],[1024,4096]]","[[1,4096]]",0.21,0.58
0,FusedInferAttentionScore,AI_CORE,AI_CORE,1704161511621456.250,96.574,7.726,24,"[[1,1024],[1024,4096]]","[[1,4096]]",0.21,0.58
0,RmsNorm,AI_VECTOR_CORE,AI_VECTOR_CORE,1704161511621552.750,25.672,2.054,24,"[[1,1024],[1024,4096]]","[[1,4096]]",0.05,0.3
0,MatMulV2,AI_CORE,AI_CORE,1704161511621630.500,179.882,14.391,24,"[[1,1024],[1024,4096]]","[[1,4096]]",0.21,0.58
0,FusedInferAttentionScore,AI_CORE,AI_CORE,1704161511621810.500,90.241,7.219,24,"[[1,1024],[1024,4096]]","[[1,4096]]",0.21,0.58
0,RmsNorm,AI_VECTOR_CORE,AI_VECTOR_CORE,1704161511621900.750,21.499,1.720,24,"[[1,1024],[1024,4096]]","[[1,4096]]",0.05,0.3
0,MatMulV2,AI_CORE,AI_CORE,1704161511621972.500,160.050,12.804,24,"[[1,1024],[1024,4096]]","[[1,4096]]",0.21,0.58
0,FusedInferAttentionScore,AI_CORE,AI_CORE,1704161511622132.500,83.276,6.662,24,"[[1,1024],[1024,4096]]","[[1,4096]]",0.21,0.58
0,RmsNorm,AI_VECTOR_CORE,AI_VECTOR_CORE,1704161511622215.750,25.713,2.057,24,"[[1,1024],[1024,4096]]","[[1,4096]]",0.05,0.3
0,MatMulV2,AI_CORE,AI_CORE,1704161511622289.000,154.074,12.326,24,"[[1,1024],[1024,4096]]","[[1,4096]]",0.21,0.58
0,FusedInferAttentionScore,AI_CORE,AI_CORE,1704161511622443.000,95.750,7.660,24,"[[1,1024],[1024,4096]]","[[1,4096]]",0.21,0.58
0,RmsNorm,AI_VECTOR_CORE,AI_VECTOR_CORE,1704161511622538.750,21.569,1.725,24,"[[1,1024],[1024,4096]]","[[1,4096]]",0.05,0.3
0,MatMulV2,AI_CORE,AI_CORE,1704161511622612.750,176.289,14.103,24,"[[1,1024],[1024,4096]]","[[1,4096]]",0.21,0.58
0,FusedInferAttentionScore,AI_CORE,AI_CORE,1704161511622789.000,87.752,7.020,24,"[[1,1024],[1024,4096]]","[[1,4096]]",0.21,0.58
0,RmsNorm,AI_VECTOR_CORE,AI_VECTOR_CORE,1704161511622876.750,19.316,1.545,24,"[[1,1024],[1024,4096]]","[[1,4096]]",0.05,0.3
0,MatMulV2,AI_CORE,AI_CORE,1704161511624260.000,170.901,13.672,24,"[[1,1024],[1024,4096]]","[[1,4096]]",0.21,0.58
0,FusedInferAttentionScore,AI_CORE,AI_CORE,1704161511624431.000,93.833,7.507,24,"[[1,1024],[1024,4096]]","[[1,4096]]",0.21,0.58
0,RmsNorm,AI_VECTOR_CORE,AI_VECTOR_CORE,1704161511624524.750,26.112,2.089,24,"[[1,1024],[1024,4096]]","[[1,4096]]",0.05,0.3
0,MatMulV2,AI_CORE,AI_CORE,1704161511624783.250,178.649,14.292,24,"[[1,1024],[1024,4096]]","[[1,4096]]",0.21,0.58
0,FusedInferAttentionScore,AI_CORE,AI_CORE,1704161511624962.000,85.946,6.876,24,"[[1,1024],[1024,4096]]","[[1,4096]]",0.21,0.58
0,RmsNorm,AI_VECTOR_CORE,AI_VECTOR_CORE,1704161511625048.000,25.466,2.037,24,"[[1,1024],[1024,4096]]","[[1,4096]]",0.05,0.3
0,MatMulV2,AI_CORE,AI_CORE,1704161511625124.250,183.598,14.688,24,"[[1,1024],[1024,4096]]","[[1,4096]]",0.21,0.58
0,FusedInferAttentionScore,AI_CORE,AI_CORE,1704161511625307.750,86.903,6.952,24,"[[1,1024],[1024,4096]]","[[1,4096]]",0.21,0.58
0,RmsNorm,AI_VECTOR_CORE,AI_VECTOR_CORE,1704161511625394.750,25.552,2.044,24,"[[1,1024],[1024,4096]]","[[1,4096]]",0.05,0.3
0,MatMulV2,AI_CORE,AI_CORE,1704161511625471.750,154.624,12.370,24,"[[1,1024],[1024,4096]]","[[1,4096]]",0.21,0.58
0,FusedInferAttentionScore,AI_CORE,AI_CORE,1704161511625626.250,94.449,7.556,24,"[[1,1024],[1024,4096]]","[[1,4096]]",0.21,0.58
0,RmsNorm,AI_VECTOR_CORE,AI_VECTOR_CORE,1704161511625720.750,19.861,1.589,24,"[[1,1024],[1024,4096]]","[[1,4096]]",0.05,0.3
0,MatMulV2,AI_CORE,AI_CORE,1704161511625790.500,163.075,13.046,24,"[[1,1024],[1024,4096]]","[[1,4096]]",0.21,0.58
0,FusedInferAttentionScore,AI_CORE,AI_CORE,1704161511625953.500,90.150,7.212,24,"[[1,1024],[1024,4096]]","[[1,4096]]",0.21,0.58
0,RmsNorm,AI_VECTOR_CORE,AI_VECTOR_CORE,1704161511626043.750,21.932,1.755,24,"[[1,1024],[1024,4096]]","[[1,4096]]",0.05,0.3
0,MatMulV2,AI_CORE,AI_CORE,1704161511626118.000,183.236,14.659,24,"[[1,1024],[1024,4096]]","[[1,4096]]",0.21,0.58
0,FusedInferAttentionScore,AI_CORE,AI_CORE,1704161511626301.250,87.532,7.003,24,"[[1,1024],[1024,4096]]","[[1,4096]]",0.21,0.58
0,RmsNorm,AI_VECTOR_CORE,AI_VECTOR_CORE,1704161511626388.750,24.471,1.958,24,"[[1,1024],[1024,4096]]","[[1,4096]]",0.05,0.3
0,MatMulV2,AI_CORE,AI_CORE,1704161511626462.250,179.562,14.365,24,"[[1,1024],[1024,4096]]","[[1,4096]]",0.21,0.58
0,FusedInferAttentionScore,AI_CORE,AI_CORE,1704161511626641.750,92.898,7.432,24,"[[1,1024],[1024,4096]]","[[1,4096]]",0.21,0.58
0,RmsNorm,AI_VECTOR_CORE,AI_VECTOR_CORE,1704161511626734.750,23.959,1.917,24,"[[1,1024],[1024,4096]]","[[1,4096]]",0.05,0.3
0,MatMulV2,AI_CORE,AI_CORE,1704161511626808.250,185.842,14.867,24,"[[1,1024],[1024,4096]]","[[1,4096]]",0.21,0.58
0,FusedInferAttentionScore,AI_CORE,AI_CORE,1704161511626994.000,91.614,7.329,24,"[[1,1024],[1024,4096]]","[[1,4096]]",0.21,0.58
0,RmsNorm,AI_VECTOR_CORE,AI_VECTOR_CORE,1704161511627085.500,17.945,1.436,24,"[[1,1024],[1024,4096]]","[[1,4096]]",0.05,0.3
0,MatMulV2,AI_CORE,AI_CORE,1704161511627154.750,157.956,12.637,24,"[[1,1024],[1024,4096]]","[[1,4096]]",0.21,0.58
0,FusedInferAttentionScore,AI_CORE,AI_CORE,1704161511627312.750,87.156,6.972,24,"[[1,1024],[1024,4096]]","[[1,4096]]",0.21,0.58
0,RmsNorm,AI_VECTOR_CORE,AI_VECTOR_CORE,1704161511627400.000,25.205,2.016,24,"[[1,1024],[1024,4096]]","[[1,4096]]",0.05,0.3
0,MatMulV2,AI_CORE,AI_CORE,1704161511627473.750,172.374,13.790,24,"[[1,1024],[1024,4096]]","[[1,4096]]",0.21,0.58
0,FusedInferAttentionScore,AI_CORE,AI_CORE,1704161511627646.000,98.683,7.895,24,"[[1,1024],[1024,4096]]","[[1,4096]]",0.21,0.58
0,RmsNorm,AI_VECTOR_CORE,AI_VECTOR_CORE,1704161511627744.750,22.760,1.821,24,"[[1,1024],[1024,4096]]","[[1,4096]]",0.05,0.3
0,MatMulV2,AI_CORE,AI_CORE,1704161511627816.000,157.054,12.564,24,"[[1,1024],[1024,4096]]","[[1,4096]]",0.21,0.58
0,FusedInferAttentionScore,AI_CORE,AI_CORE,1704161511627973.000,81.429,6.514,24,"[[1,1024],[1024,4096]]","[[1,4096]]",0.21,0.58
0,RmsNorm,AI_VECTOR_CORE,AI_VECTOR_CORE,1704161511628054.500,21.527,1.722,24,"[[1,1024],[1024,4096]]","[[1,4096]]",0.05,0.3
0,MatMulV2,AI_CORE,AI_CORE,1704161511628128.750,185.897,14.872,24,"[[1,1024],[1024,4096]]","[[1,4096]]",0.21,0.58
0,FusedInferAttentionScore,AI_CORE,AI_CORE,1704161511628314.750,98.685,7.895,24,"[[1,1024],[1024,4096]]","[[1,4096]]",0.21,0.58
0,RmsNorm,AI_VECTOR_CORE,AI_VECTOR_CORE,1704161511628413.500,20.614,1.649,24,"[[1,1024],[1024,4096]]","[[1,4096]]",0.05,0.3
0,MatMulV2,AI_CORE,AI_CORE,1704161511628482.500,166.419,13.313,24,"[[1,1024],[1024,4096]]","[[1,4096]]",0.21,0.58
0,FusedInferAttentionScore,AI_CORE,AI_CORE,1704161511628649.000,88.664,7.093,24,"[[1,1024],[1024,4096]]","[[1,4096]]",0.21,0.58
0,RmsNorm,AI_VECTOR_CORE,AI_VECTOR_CORE,1704161511628737.750,22.420,1.794,24,"[[1,1024],[1024,4096]]","[[1,4096]]",0.05,0.3
0,MatMulV2,AI_CORE,AI_CORE,1704161511628803.750,172.782,13.823,24,"[[1,1024],[1024,4096]]","[[1,4096]]",0.21,0.58
0,FusedInferAttentionScore,AI_CORE,AI_CORE,1704161511628976.500,86.020,6.882,24,"[[1,1024],[1024,4096]]","[[1,4096]]",0.21,0.58
0,RmsNorm,AI_VECTOR_CORE,AI_VECTOR_CORE,1704161511629062.500,20.153,1.612,24,"[[1,1024],[1024,4096]]","[[1,4096]]",0.05,0.3
0,MatMulV2,AI_CORE,AI_CORE,1704161511629130.750,168.866,13.509,24,"[[1,1024],[1024,4096]]","[[1,4096]]",0.21,0.58
0,FusedInferAttentionScore,AI_CORE,AI_CORE,1704161511629299.500,88.311,7.065,24,"[[1,1024],[1024,4096]]","[[1,4096]]",0.21,0.58
0,RmsNorm,AI_VECTOR_CORE,AI_VECTOR_CORE,1704161511629387.750,21.130,1.690,24,"[[1,1024],[1024,4096]]","[[1,4096]]",0.05,0.3
0,MatMulV2,AI_CORE,AI_CORE,1704161511629453.250,186.505,14.920,24,"[[1,1024],[1024,4096]]","[[1,4096]]",0.21,0.58
0,FusedInferAttentionScore,AI_CORE,AI_CORE,1704161511629639.750,94.176,7.534,24,"[[1,1024],[1024,4096]]","[[1,4096]]",0.21,0.58
0,RmsNorm,AI_VECTOR_CORE,AI_VECTOR_CORE,1704161511629734.000,21.864,1.749,24,"[[1,1024],[1024,4096]]","[[1,4096]]",0.05,0.3
0,MatMulV2,AI_CORE,AI_CORE,1704161511629807.500,162.578,13.006,24,"[[1,1024],[1024,4096]]","[[1,4096]]",0.21,0.58
0,FusedInferAttentionScore,AI_CORE,AI_CORE,1704161511629970.000,88.520,7.082,24,"[[1,1024],[1024,4096]]","[[1,4096]]",0.21,0.58
0,RmsNorm,AI_VECTOR_CORE,AI_VECTOR_CORE,1704161511630058.500,20.317,1.625,24,"[[1,1024],[1024,4096]]","[[1,4096]]",0.05,0.3
0,MatMulV2,AI_CORE,AI_CORE,1704161511630123.000,177.078,14.166,24,"[[1,1024],[1024,4096]]","[[1,4096]]",0.21,0.58
0,FusedInferAttentionScore,AI_CORE,AI_CORE,1704161511630300.000,96.479,7.718,24,"[[1,1024],[1024,4096]]","[[1,4096]]",0.21,0.58
0,RmsNorm,AI_VECTOR_CORE,AI_VECTOR_CORE,1704161511630396.500,20.909,1.673,24,"[[1,1024],[1024,4096]]","[[1,4096]]",0.05,0.3
0,MatMulV2,AI_CORE,AI_CORE,1704161511630464.250,176.844,14.148,24,"[[1,1024],[1024,4096]]","[[1,4096]]",0.21,0.58
0,FusedInferAttentionScore,AI_CORE,AI_CORE,1704161511630641.000,90.453,7.236,24,"[[1,1024],[1024,4096]]","[[1,4096]]",0.21,0.58
0,RmsNorm,AI_VECTOR_CORE,AI_VECTOR_CORE,1704161511630731.500,25.266,2.021,24,"[[1,1024],[1024,4096]]","[[1,4096]]",0.05,0.3
0,MatMulV2,AI_CORE,AI_CORE,1704161511630801.750,182.094,14.568,24,"[[1,1024],[1024,4096]]","[[1,4096]]",0.21,0.58
0,FusedInferAttentionScore,AI_CORE,AI_CORE,1704161511630983.750,96.976,7.758,24,"[[1,1024],[1024,4096]]","[[1,4096]]",0.21,0.58
0,RmsNorm,AI_VECTOR_CORE,AI_VECTOR_CORE,1704161511631080.750,21.509,1.721,24,"[[1,1024],[1024,4096]]","[[1,4096]]",0.05,0.3
0,MatMulV2,AI_CORE,AI_CORE,1704161511631154.250,179.421,14.354,24,"[[1,1024],[1024,4096]]","[[1,4096]]",0.21,0.58
0,FusedInferAttentionScore,AI_CORE,AI_CORE,1704161511631333.750,98.728,7.898,24,"[[1,1024],[1024,4096]]","[[1,4096]]",0.21,0.58
0,RmsNorm,AI_VECTOR_CORE,AI_VECTOR_CORE,1704161511631432.500,22.246,1.780,24,"[[1,1024],[1024,4096]]","[[1,4096]]",0.05,0.3
0,MatMulV2,AI_CORE,AI_CORE,1704161511631507.250,171.407,13.713,24,"[[1,1024],[1024,4096]]","[[1,4096]]",0.21,0.58
0,FusedInferAttentionScore,AI_CORE,AI_CORE,1704161511631678.750,87.436,6.995,24,"[[1,1024],[1024,4096]]","[[1,4096]]",0.21,0.58
0,RmsNorm,AI_VECTOR_CORE,AI_VECTOR_CORE,1704161511631766.250,18.883,1.511,24,"[[1,1024],[1024,4096]]","[[1,4096]]",0.05,0.3
0,MatMulV2,AI_CORE,AI_CORE,1704161511631830.250,181.520,14.522,24,"[[1,1024],[1024,4096]]","[[1,4096]]",0.21,0.58
0,FusedInferAttentionScore,AI_CORE,AI_CORE,1704161511632011.750,87.984,7.039,24,"[[1,1024],[1024,4096]]","[[1,4096]]",0.21,0.58
0,RmsNorm,AI_VECTOR_CORE,AI_VECTOR_CORE,1704161511632099.750,21.220,1.698,24,"[[1,1024],[1024,4096]]","[[1,4096]]",0.05,0.3
0,MatMulV2,AI_CORE,AI_CORE,1704161511632168.500,157.431,12.594,24,"[[1,1024],[1024,4096]]","[[1,4096]]",0.21,0.58
0,FusedInferAttentionScore,AI_CORE,AI_CORE,1704161511632326.000,86.478,6.918,24,"[[1,1024],[1024,4096]]","[[1,4096]]",0.21,0.58
0,RmsNorm,AI_VECTOR_CORE,AI_VECTOR_CORE,1704161511632412.500,19.130,1.530,24,"[[1,1024],[1024,4096]]","[[1,4096]]",0.05,0.3
0,MatMulV2,AI_CORE,AI_CORE,1704161511632483.250,166.426,13.314,24,"[[1,1024],[1024,4096]]","[[1,4096]]",0.21,0.58
0,FusedInferAttentionScore,AI_CORE,AI_CORE,1704161511632649.750,87.574,7.006,24,"[[1,1024],[1024,4096]]","[[1,4096]]",0.21,0.58
0,RmsNorm,AI_VECTOR_CORE,AI_VECTOR_CORE,1704161511632737.250,22.109,1.769,24,"[[1,1024],[1024,4096]]","[[1,4096]]",0.05,0.3
0,MatMulV2,AI_CORE,AI_CORE,1704161511632805.750,163.065,13.045,24,"[[1,1024],[1024,4096]]","[[1,4096]]",0.21,0.58
0,FusedInferAttentionScore,AI_CORE,AI_CORE,1704161511632968.750,98.830,7.906,24,"[[1,1024],[1024,4096]]","[[1,4096]]",0.21,0.58
0,RmsNorm,AI_VECTOR_CORE,AI_VECTOR_CORE,1704161511633067.500,17.871,1.430,24,"[[1,1024],[1024,4096]]","[[1,4096]]",0.05,0.3
0,MatMulV2,AI_CORE,AI_CORE,1704161511633130.000,181.730,14.538,24,"[[1,1024],[1024,4096]]","[[1,4096]]",0.21,0.58
0,FusedInferAttentionScore,AI_CORE,AI_CORE,1704161511633311.750,96.380,7.710,24,"[[1,1024],[1024,4096]]","[[1,4096]]",0.21,0.58
0,RmsNorm,AI_VECTOR_CORE,AI_VECTOR_CORE,1704161511633408.250,19.002,1.520,24,"[[1,1024],[1024,4096]]","[[1,4096]]",0.05,0.3
0,MatMulV2,AI_CORE,AI_CORE,1704161511633472.000,183.245,14.660,24,"[[1,1024],[1024,4096]]","[[1,4096]]",0.21,0.58
0,FusedInferAttentionScore,AI_CORE,AI_CORE,1704161511633655.250,84.701,6.776,24,"[[1,1024],[1024,4096]]","[[1,4096]]",0.21,0.58
0,RmsNorm,AI_VECTOR_CORE,AI_VECTOR_CORE,1704161511633740.000,25.628,2.050,24,"[[1,1024],[1024,4096]]","[[1,4096]]",0.05,0.3
0,MatMulV2,AI_CORE,AI_CORE,1704161511633811.250,153.194,12.256,24,"[[1,1024],[1024,4096]]","[[1,4096]]",0.21,0.58
0,FusedInferAttentionScore,AI_CORE,AI_CORE,1704161511633964.500,97.755,7.820,24,"[[1,1024],[1024,4096]]","[[1,4096]]",0.21,0.58
0,RmsNorm,AI_VECTOR_CORE,AI_VECTOR_CORE,1704161511634062.250,24.716,1.977,24,"[[1,1024],[1024,4096]]","[[1,4096]]",0.05,0.3
0,MatMulV2,AI_CORE,AI_CORE,1704161511634135.750,174.120,13.930,24,"[[1,1024],[1024,4096]]","[[1,4096]]",0.21,0.58
0,FusedInferAttentionScore,AI_CORE,AI_CORE,1704161511634309.750,83.291,6.663,24,"[[1,1024],[1024,4096]]","[[1,4096]]",0.21,0.58
0,RmsNorm,AI_VECTOR_CORE,AI_VECTOR_CORE,1704161511634393.000,25.565,2.045,24,"[[1,1024],[1024,4096]]","[[1,4096]]",0.05,0.3
0,MatMulV2,AI_CORE,AI_CORE,1704161511634469.500,168.241,13.459,24,"[[1,1024],[1024,4096]]","[[1,4096]]",0.21,0.58
0,FusedInferAttentionScore,AI_CORE,AI_CORE,1704161511634637.750,84.588,6.767,24,"[[1,1024],[1024,4096]]","[[1,4096]]",0.21,0.58
0,RmsNorm,AI_VECTOR_CORE,AI_VECTOR_CORE,1704161511634722.250,18.906,1.512,24,"[[1,1024],[1024,4096]]","[[1,4096]]",0.05,0.3
0,MatMulV2,AI_CORE,AI_CORE,1704161511634791.750,171.852,13.748,24,"[[1,1024],[1024,4096]]","[[1,4096]]",0.21,0.58
0,FusedInferAttentionScore,AI_CORE,AI_CORE,1704161511634963.500,94.416,7.553,24,"[[1,1024],[1024,4096]]","[[1,4096]]",0.21,0.58
0,RmsNorm,AI_VECTOR_CORE,AI_VECTOR_CORE,1704161511635058.000,21.970,1.758,24,"[[1,1024],[1024,4096]]","[[1,4096]]",0.05,0.3
0,MatMulV2,AI_CORE,AI_CORE,1704161511636260.000,158.044,12.644,24,"[[1,1024],[1024,4096]]","[[1,4096]]",0.21,0.58
0,FusedInferAttentionScore,AI_CORE,AI_CORE,1704161511636418.000,86.210,6.897,24,"[[1,1024],[1024,4096]]","[[1,4096]]",0.21,0.58
0,RmsNorm,AI_VECTOR_CORE,AI_VECTOR_CORE,1704161511636504.250,18.519,1.482,24,"[[1,1024],[1024,4096]]","[[1,4096]]",0.05,0.3
0,MatMulV2,AI_CORE,AI_CORE,1704161511636746.000,155.826,12.466,24,"[[1,1024],[1024,4096]]","[[1,4096]]",0.21,0.58
0,FusedInferAttentionScore,AI_CORE,AI_CORE,1704161511636901.750,92.223,7.378,24,"[[1,1024],[1024,4096]]","[[1,4096]]",0.21,0.58
0,RmsNorm,AI_VECTOR_CORE,AI_VECTOR_CORE,1704161511636994.000,23.949,1.916,24,"[[1,1024],[1024,4096]]","[[1,4096]]",0.05,0.3
0,MatMulV2,AI_CORE,AI_CORE,1704161511637063.750,183.568,14.685,24,"[[1,1024],[1024,4096]]","[[1,4096]]",0.21,0.58
0,FusedInferAttentionScore,AI_CORE,AI_CORE,1704161511637247.250,94.975,7.598,24,"[[1,1024],[1024,4096]]","[[1,4096]]",0.21,0.58
0,RmsNorm,AI_VECTOR_CORE,AI_VECTOR_CORE,1704161511637342.250,22.660,1.813,24,"[[1,1024],[1024,4096]]","[[1,4096]]",0.05,0.3
0,MatMulV2,AI_CORE,AI_CORE,1704161511637413.250,186.016,14.881,24,"[[1,1024],[1024,4096]]","[[1,4096]]",0.21,0.58
0,FusedInferAttentionScore,AI_CORE,AI_CORE,1704161511637599.250,93.441,7.475,24,"[[1,1024],[1024,4096]]","[[1,4096]]",0.21,0.58
0,RmsNorm,AI_VECTOR_CORE,AI_VECTOR_CORE,1704161511637692.750,18.793,1.503,24,"[[1,1024],[1024,4096]]","[[1,4096]]",0.05,0.3
0,MatMulV2,AI_CORE,AI_CORE,1704161511637761.250,154.918,12.393,24,"[[1,1024],[1024,4096]]","[[1,4096]]",0.21,0.58
0,FusedInferAttentionScore,AI_CORE,AI_CORE,1704161511637916.250,86.027,6.882,24,"[[1,1024],[1024,4096]]","[[1,4096]]",0.21,0.58
0,RmsNorm,AI_VECTOR_CORE,AI_VECTOR_CORE,1704161511638002.250,21.468,1.717,24,"[[1,1024],[1024,4096]]","[[1,4096]]",0.05,0.3
0,MatMulV2,AI_CORE,AI_CORE,1704161511638073.750,182.071,14.566,24,"[[1,1024],[1024,4096]]","[[1,4096]]",0.21,0.58
0,FusedInferAttentionScore,AI_CORE,AI_CORE,1704161511638255.750,97.636,7.811,24,"[[1,1024],[1024,4096]]","[[1,4096]]",0.21,0.58
0,RmsNorm,AI_VECTOR_CORE,AI_VECTOR_CORE,1704161511638353.500,21.798,1.744,24,"[[1,1024],[1024,4096]]","[[1,4096]]",0.05,0.3
0,MatMulV2,AI_CORE,AI_CORE,1704161511638424.500,184.763,14.781,24,"[[1,1024],[1024,4096]]","[[1,4096]]",0.21,0.58
0,FusedInferAttentionScore,AI_CORE,AI_CORE,1704161511638609.250,84.965,6.797,24,"[[1,1024],[1024,4096]]","[[1,4096]]",0.21,0.58
0,RmsNorm,AI_VECTOR_CORE,AI_VECTOR_CORE,1704161511638694.250,18.841,1.507,24,"[[1,1024],[1024,4096]]","[[1,4096]]",0.05,0.3
0,MatMulV2,AI_CORE,AI_CORE,1704161511638758.750,160.499,12.840,24,"[[1,1024],[1024,4096]]","[[1,4096]]",0.21,0.58
0,FusedInferAttentionScore,AI_CORE,AI_CORE,1704161511638919.250,91.571,7.326,24,"[[1,1024],[1024,4096]]","[[1,4096]]",0.21,0.58
0,RmsNorm,AI_VECTOR_CORE,AI_VECTOR_CORE,1704161511639010.750,18.160,1.453,24,"[[1,1024],[1024,4096]]","[[1,4096]]",0.05,0.3
0,MatMulV2,AI_CORE,AI_CORE,1704161511639074.000,170.427,13.634,24,"[[1,1024],[1024,4096]]","[[1,4096]]",0.21,0.58
0,FusedInferAttentionScore,AI_CORE,AI_CORE,1704161511639244.500,92.741,7.419,24,"[[1,1024],[1024,4096]]","[[1,4096]]",0.21,0.58
0,RmsNorm,AI_VECTOR_CORE,AI_VECTOR_CORE,1704161511639337.250,25.678,2.054,24,"[[1,1024],[1024,4096]]","[[1,4096]]",0.05,0.3
0,MatMulV2,AI_CORE,AI_CORE,1704161511639415.250,177.366,14.189,24,"[[1,1024],[1024,4096]]","[[1,4096]]",0.21,0.58
0,FusedInferAttentionScore,AI_CORE,AI_CORE,1704161511639592.500,90.681,7.254,24,"[[1,1024],[1024,4096]]","[[1,4096]]",0.21,0.58
0,RmsNorm,AI_VECTOR_CORE,AI_VECTOR_CORE,1704161511639683.250,17.725,1.418,24,"[[1,1024],[1024,4096]]","[[1,4096]]",0.05,0.3
0,MatMulV2,AI_CORE,AI_CORE,1704161511639744.250,178.846,14.308,24,"[[1,1024],[1024,4096]]","[[1,4096]]",0.21,0.58
0,FusedInferAttentionScore,AI_CORE,AI_CORE,1704161511639923.000,89.076,7.126,24,"[[1,1024],[1024,4096]]","[[1,4096]]",0.21,0.58
0,RmsNorm,AI_VECTOR_CORE,AI_VECTOR_CORE,1704161511640012.000,19.955,1.596,24,"[[1,1024],[1024,4096]]","[[1,4096]]",0.05,0.3
0,MatMulV2,AI_CORE,AI_CORE,1704161511640080.750,166.062,13.285,24,"[[1,1024],[1024,4096]]","[[1,4096]]",0.21,0.58
0,FusedInferAttentionScore,AI_CORE,AI_CORE,1704161511640246.750,84.542,6.763,24,"[[1,1024],[1024,4096]]","[[1,4096]]",0.21,0.58
0,RmsNorm,AI_VECTOR_CORE,AI_VECTOR_CORE,1704161511640331.250,25.229,2.018,24,"[[1,1024],[1024,4096]]","[[1,4096]]",0.05,0.3
0,MatMulV2,AI_CORE,AI_CORE,1704161511640404.000,162.149,12.972,24,"[[1,1024],[1024,4096]]","[[1,4096]]",0.21,0.58
0,FusedInferAttentionScore,AI_CORE,AI_CORE,1704161511640566.250,90.993,7.279,24,"[[1,1024],[1024,4096]]","[[1,4096]]",0.21,0.58
0,RmsNorm,AI_VECTOR_CORE,AI_VECTOR_CORE,1704161511640657.250,19.545,1.564,24,"[[1,1024],[1024,4096]]","[[1,4096]]",0.05,0.3
0,MatMulV2,AI_CORE,AI_CORE,1704161511640726.250,159.694,12.776,24,"[[1,1024],[1024,4096]]","[[1,4096]]",0.21,0.58
0,FusedInferAttentionScore,AI_CORE,AI_CORE,1704161511640886.000,91.474,7.318,24,"[[1,1024],[1024,4096]]","[[1,4096]]",0.21,0.58
0,RmsNorm,AI_VECTOR_CORE,AI_VECTOR_CORE,1704161511640977.500,17.702,1.416,24,"[[1,1024],[1024,4096]]","[[1,4096]]",0.05,0.3
0,MatMulV2,AI_CORE,AI_CORE,1704161511641040.000,159.868,12.789,24,"[[1,1024],[1024,4096]]","[[1,4096]]",0.21,0.58
0,FusedInferAttentionScore,AI_CORE,AI_CORE,1704161511641199.750,86.475,6.918,24,"[[1,1024],[1024,4096]]","[[1,4096]]",0.21,0.58
0,RmsNorm,AI_VECTOR_CORE,AI_VECTOR_CORE,1704161511641286.250,21.394,1.712,24,"[[1,1024],[1024,4096]]","[[1,4096]]",0.05,0.3
0,MatMulV2,AI_CORE,AI_CORE,1704161511641355.250,184.112,14.729,24,"[[1,1024],[1024,4096]]","[[1,4096]]",0.21,0.58
0,FusedInferAttentionScore,AI_CORE,AI_CORE,1704161511641539.250,88.260,7.061,24,"[[1,1024],[1024,4096]]","[[1,4096]]",0.21,0.58
0,RmsNorm,AI_VECTOR_CORE,AI_VECTOR_CORE,1704161511641627.500,25.813,2.065,24,"[[1,1024],[1024,4096]]","[[1,4096]]",0.05,0.3
0,MatMulV2,AI_CORE,AI_CORE,1704161511641698.500,171.766,13.741,24,"[[1,1024],[1024,4096]]","[[1,4096]]",0.21,0.58
0,FusedInferAttentionScore,AI_CORE,AI_CORE,1704161511641870.250,95.254,7.620,24,"[[1,1024],[1024,4096]]","[[1,4096]]",0.21,0.58
0,RmsNorm,AI_VECTOR_CORE,AI_VECTOR_CORE,1704161511641965.500,18.247,1.460,24,"[[1,1024],[1024,4096]]","[[1,4096]]",0.05,0.3
0,MatMulV2,AI_CORE,AI_CORE,1704161511642034.250,161.547,12.924,24,"[[1,1024],[1024,4096]]","[[1,4096]]",0.21,0.58
0,FusedInferAttentionScore,AI_CORE,AI_CORE,1704161511642195.750,84.996,6.800,24,"[[1,1024],[1024,4096]]","[[1,4096]]",0.21,0.58
0,RmsNorm,AI_VECTOR_CORE,AI_VECTOR_CORE,1704161511642280.750,19.972,1.598,24,"[[1,1024],[1024,4096]]","[[1,4096]]",0.05,0.3
0,MatMulV2,AI_CORE,AI_CORE,1704161511642352.750,177.296,14.184,24,"[[1,1024],[1024,4096]]","[[1,4096]]",0.21,0.58
0,FusedInferAttentionScore,AI_CORE,AI_CORE,1704161511642530.000,86.719,6.938,24,"[[1,1024],[1024,4096]]","[[1,4096]]",0.21,0.58
0,RmsNorm,AI_VECTOR_CORE,AI_VECTOR_CORE,1704161511642616.750,22.515,1.801,24,"[[1,1024],[1024,4096]]","[[1,4096]]",0.05,0.3
0,MatMulV2,AI_CORE,AI_CORE,1704161511642684.500,164.883,13.191,24,"[[1,1024],[1024,4096]]","[[1,4096]]",0.21,0.58
0,FusedInferAttentionScore,AI_CORE,AI_CORE,1704161511642849.500,93.060,7.445,24,"[[1,1024],[1024,4096]]","[[1,4096]]",0.21,0.58
0,RmsNorm,AI_VECTOR_CORE,AI_VECTOR_CORE,1704161511642942.500,23.575,1.886,24,"[[1,1024],[1024,4096]]","[[1,4096]]",0.05,0.3
0,MatMulV2,AI_CORE,AI_CORE,1704161511643009.500,165.686,13.255,24,"[[1,1024],[1024,4096]]","[[1,4096]]",0.21,0.58
0,FusedInferAttentionScore,AI_CORE,AI_CORE,1704161511643175.250,96.951,7.756,24,"[[1,1024],[1024,4096]]","[[1,4096]]",0.21,0.58
0,RmsNorm,AI_VECTOR_CORE,AI_VECTOR_CORE,1704161511643272.250,18.103,1.448,24,"[[1,1024],[1024,4096]]","[[1,4096]]",0.05,0.3
0,MatMulV2,AI_CORE,AI_CORE,1704161511643342.250,172.551,13.804,24,"[[1,1024],[1024,4096]]","[[1,4096]]",0.21,0.58
0,FusedInferAttentionScore,AI_CORE,AI_CORE,1704161511643514.750,94.213,7.537,24,"[[1,1024],[1024,4096]]","[[1,4096]]",0.21,0.58
0,RmsNorm,AI_VECTOR_CORE,AI_VECTOR_CORE,1704161511643609.000,22.205,1.776,24,"[[1,1024],[1024,4096]]","[[1,4096]]",0.05,0.3
0,MatMulV2,AI_CORE,AI_CORE,1704161511643681.750,176.639,14.131,24,"[[1,1024],[1024,4096]]","[[1,4096]]",0.21,0.58
0,FusedInferAttentionScore,AI_CORE,AI_CORE,1704161511643858.500,94.884,7.591,24,"[[1,1024],[1024,4096]]","[[1,4096]]",0.21,0.58
0,RmsNorm,AI_VECTOR_CORE,AI_VECTOR_CORE,1704161511643953.500,24.983,1.999,24,"[[1,1024],[1024,4096]]","[[1,4096]]",0.05,0.3
0,MatMulV2,AI_CORE,AI_CORE,1704161511644023.000,174.051,13.924,24,"[[1,1024],[1024,4096]]","[[1,4096]]",0.21,0.58
0,FusedInferAttentionScore,AI_CORE,AI_CORE,1704161511644197.000,82.821,6.626,24,"[[1,1024],[1024,4096]]","[[1,4096]]",0.21,0.58
0,RmsNorm,AI_VECTOR_CORE,AI_VECTOR_CORE,1704161511644279.750,20.777,1.662,24,"[[1,1024],[1024,4096]]","[[1,4096]]",0.05,0.3
0,MatMulV2,AI_CORE,AI_CORE,1704161511644353.000,181.672,14.534,24,"[[1,1024],[1024,4096]]","[[1,4096]]",0.21,0.58
0,FusedInferAttentionScore,AI_CORE,AI_CORE,1704161511644534.750,83.591,6.687,24,"[[1,1024],[1024,4096]]","[[1,4096]]",0.21,0.58
0,RmsNorm,AI_VECTOR_CORE,AI_VECTOR_CORE,1704161511644618.250,21.316,1.705,24,"[[1,1024],[1024,4096]]","[[1,4096]]",0.05,0.3
0,MatMulV2,AI_CORE,AI_CORE,1704161511644691.750,184.093,14.727,24,"[[1,1024],[1024,4096]]","[[1,4096]]",0.21,0.58
0,FusedInferAttentionScore,AI_CORE,AI_CORE,1704161511644875.750,91.202,7.296,24,"[[1,1024],[1024,4096]]","[[1,4096]]",0.21,0.58
0,RmsNorm,AI_VECTOR_CORE,AI_VECTOR_CORE,1704161511644967.000,19.842,1.587,24,"[[1,1024],[1024,4096]]","[[1,4096]]",0.05,0.3
0,MatMulV2,AI_CORE,AI_CORE,1704161511645033.750,180.069,14.406,24,"[[1,1024],[1024,4096]]","[[1,4096]]",0.21,0.58
0,FusedInferAttentionScore,AI_CORE,AI_CORE,1704161511645213.750,94.690,7.575,24,"[[1,1024],[1024,4096]]","[[1,4096]]",0.21,0.58
0,RmsNorm,AI_VECTOR_CORE,AI_VECTOR_CORE,1704161511645308.500,22.327,1.786,24,"[[1,1024],[1024,4096]]","[[1,4096]]",0.05,0.3
0,MatMulV2,AI_CORE,AI_CORE,1704161511645383.250,165.368,13.229,24,"[[1,1024],[1024,4096]]","[[1,4096]]",0.21,0.58
0,FusedInferAttentionScore,AI_CORE,AI_CORE,1704161511645548.500,90.099,7.208,24,"[[1,1024],[1024,4096]]","[[1,4096]]",0.21,0.58
0,RmsNorm,AI_VECTOR_CORE,AI_VECTOR_CORE,1704161511645638.500,25.430,2.034,24,"[[1,1024],[1024,4096]]","[[1,4096]]",0.05,0.3
0,MatMulV2,AI_CORE,AI_CORE,1704161511645707.500,169.465,13.557,24,"[[1,1024],[1024,4096]]","[[1,4096]]",0.21,0.58
0,FusedInferAttentionScore,AI_CORE,AI_CORE,1704161511645877.000,93.885,7.511,24,"[[1,1024],[1024,4096]]","[[1,4096]]",0.21,0.58
0,RmsNorm,AI_VECTOR_CORE,AI_VECTOR_CORE,1704161511645971.000,25.527,2.042,24,"[[1,1024],[1024,4096]]","[[1,4096]]",0.05,0.3
0,MatMulV2,AI_CORE,AI_CORE,1704161511646043.250,165.944,13.276,24,"[[1,1024],[1024,4096]]","[[1,4096]]",0.21,0.58
0,FusedInferAttentionScore,AI_CORE,AI_CORE,1704161511646209.250,88.277,7.062,24,"[[1,1024],[1024,4096]]","[[1,4096]]",0.21,0.58
0,RmsNorm,AI_VECTOR_CORE,AI_VECTOR_CORE,1704161511646297.500,22.052,1.764,24,"[[1,1024],[1024,4096]]","[[1,4096]]",0.05,0.3
0,MatMulV2,AI_CORE,AI_CORE,1704161511646365.500,161.052,12.884,24,"[[1,1024],[1024,4096]]","[[1,4096]]",0.21,0.58
0,FusedInferAttentionScore,AI_CORE,AI_CORE,1704161511646526.500,85.622,6.850,24,"[[1,1024],[1024,4096]]","[[1,4096]]",0.21,0.58
0,RmsNorm,AI_VECTOR_CORE,AI_VECTOR_CORE,1704161511646612.000,24.687,1.975,24,"[[1,1024],[1024,4096]]","[[1,4096]]",0.05,0.3
0,MatMulV2,AI_CORE,AI_CORE,1704161511646685.000,161.282,12.903,24,"[[1,1024],[1024,4096]]","[[1,4096]]",0.21,0.58
0,FusedInferAttentionScore,AI_CORE,AI_CORE,1704161511646846.250,89.248,7.140,24,"[[1,1024],[1024,4096]]","[[1,4096]]",0.21,0.58
0,RmsNorm,AI_VECTOR_CORE,AI_VECTOR_CORE,1704161511646935.500,23.245,1.860,24,"[[1,1024],[1024,4096]]","[[1,4096]]",0.05,0.3
0,MatMulV2,AI_CORE,AI_CORE,1704161511648260.000,167.988,13.439,24,"[[1,1024],[1024,4096]]","[[1,4096]]",0.21,0.58
0,FusedInferAttentionScore,AI_CORE,AI_CORE,1704161511648428.000,94.202,7.536,24,"[[1,1024],[1024,4096]]","[[1,4096]]",0.21,0.58
0,RmsNorm,AI_VECTOR_CORE,AI_VECTOR_CORE,1704161511648522.250,24.102,1.928,24,"[[1,1024],[1024,4096]]","[[1,4096]]",0.05,0.3
0,MatMulV2,AI_CORE,AI_CORE,1704161511648771.250,160.856,12.868,24,"[[1,1024],[1024,4096]]","[[1,4096]]",0.21,0.58
0,FusedInferAttentionScore,AI_CORE,AI_CORE,1704161511648932.000,96.274,7.702,24,"[[1,1024],[1024,4096]]","[[1,4096]]",0.21,0.58
0,RmsNorm,AI_VECTOR_CORE,AI_VECTOR_CORE,1704161511649028.250,18.650,1.492,24,"[[1,1024],[1024,4096]]","[[1,4096]]",0.05,0.3
0,MatMulV2,AI_CORE,AI_CORE,1704161511649097.000,181.959,14.557,24,"[[1,1024],[1024,4096]]","[[1,4096]]",0.21,0.58
0,FusedInferAttentionScore,AI_CORE,AI_CORE,1704161511649279.000,82.701,6.616,24,"[[1,1024],[1024,4096]]","[[1,4096]]",0.21,0.58
0,RmsNorm,AI_VECTOR_CORE,AI_VECTOR_CORE,1704161511649361.750,25.724,2.058,24,"[[1,1024],[1024,4096]]","[[1,4096]]",0.05,0.3
0,MatMulV2,AI_CORE,AI_CORE,1704161511649439.000,167.020,13.362,24,"[[1,1024],[1024,4096]]","[[1,4096]]",0.21,0.58
0,FusedInferAttentionScore,AI_CORE,AI_CORE,1704161511649606.000,83.458,6.677,24,"[[1,1024],[1024,4096]]","[[1,4096]]",0.21,0.58
0,RmsNorm,AI_VECTOR_CORE,AI_VECTOR_CORE,1704161511649689.500,19.765,1.581,24,"[[1,1024],[1024,4096]]","[[1,4096]]",0.05,0.3
0,MatMulV2,AI_CORE,AI_CORE,1704161511649759.250,167.845,13.428,24,"[[1,1024],[1024,4096]]","[[1,4096]]",0.21,0.58
0,FusedInferAttentionScore,AI_CORE,AI_CORE,1704161511649927.000,94.881,7.590,24,"[[1,1024],[1024,4096]]","[[1,4096]]",0.21,0.58
0,RmsNorm,AI_VECTOR_CORE,AI_VECTOR_CORE,1704161511650022.000,22.987,1.839,24,"[[1,1024],[1024,4096]]","[[1,4096]]",0.05,0.3
0,MatMulV2,AI_CORE,AI_CORE,1704161511650092.250,182.508,14.601,24,"[[1,1024],[1024,4096]]","[[1,4096]]",0.21,0.58
0,FusedInferAttentionScore,AI_CORE,AI_CORE,1704161511650274.750,84.930,6.794,24,"[[1,1024],[1024,4096]]","[[1,4096]]",0.21,0.58
0,RmsNorm,AI_VECTOR_CORE,AI_VECTOR_CORE,1704161511650359.750,23.070,1.846,24,"[[1,1024],[1024,4096]]","[[1,4096]]",0.05,0.3
0,MatMulV2,AI_CORE,AI_CORE,1704161511650430.250,172.185,13.775,24,"[[1,1024],[1024,4096]]","[[1,4096]]",0.21,0.58
0,FusedInferAttentionScore,AI_CORE,AI_CORE,1704161511650602.500,85.944,6.876,24,"[[1,1024],[1024,4096]]","[[1,4096]]",0.21,0.58
0,RmsNorm,AI_VECTOR_CORE,AI_VECTOR_CORE,1704161511650688.500,20.080,1.606,24,"[[1,1024],[1024,4096]]","[[1,4096]]",0.05,0.3
0,MatMulV2,AI_CORE,AI_CORE,1704161511650755.500,169.517,13.561,24,"[[1,1024],[1024,4096]]","[[1,4096]]",0.21,0.58
0,FusedInferAttentionScore,AI_CORE,AI_CORE,1704161511650925.000,98.409,7.873,24,"[[1,1024],[1024,4096]]","[[1,4096]]",0.21,0.58
0,RmsNorm,AI_VECTOR_CORE,AI_VECTOR_CORE,1704161511651023.500,20.691,1.655,24,"[[1,1024],[1024,4096]]","[[1,4096]]",0.05,0.3
0,MatMulV2,AI_CORE,AI_CORE,1704161511651092.500,153.933,12.315,24,"[[1,1024],[1024,4096]]","[[1,4096]]",0.21,0.58
0,FusedInferAttentionScore,AI_CORE,AI_CORE,1704161511651246.500,91.776,7.342,24,"[[1,1024],[1024,4096]]","[[1,4096]]",0.21,0.58
0,RmsNorm,AI_VECTOR_CORE,AI_VECTOR_CORE,1704161511651338.250,20.016,1.601,24,"[[1,1024],[1024,4096]]","[[1,4096]]",0.05,0.3
0,MatMulV2,AI_CORE,AI_CORE,1704161511651404.000,159.815,12.785,24,"[[1,1024],[1024,4096]]","[[1,4096]]",0.21,0.58
0,FusedInferAttentionScore,AI_CORE,AI_CORE,1704161511651563.750,86.862,6.949,24,"[[1,1024],[1024,4096]]","[[1,4096]]",0.21,0.58
0,RmsNorm,AI_VECTOR_CORE,AI_VECTOR_CORE,1704161511651650.500,22.319,1.786,24,"[[1,1024],[1024,4096]]","[[1,4096]]",0.05,0.3
0,MatMulV2,AI_CORE,AI_CORE,1704161511651723.750,173.927,13.914,24,"[[1,1024],[1024,4096]]","[[1,4096]]",0.21,0.58
0,FusedInferAttentionScore,AI_CORE,AI_CORE,1704161511651897.750,92.857,7.429,24,"[[1,1024],[1024,4096]]","[[1,4096]]",0.21,0.58
0,RmsNorm,AI_VECTOR_CORE,AI_VECTOR_CORE,1704161511651990.500,22.103,1.768,24,"[[1,1024],[1024,4096]]","[[1,4096]]",0.05,0.3
0,MatMulV2,AI_CORE,AI_CORE,1704161511652062.500,169.011,13.521,24,"[[1,1024],[1024,4096]]","[[1,4096]]",0.21,0.58
0,FusedInferAttentionScore,AI_CORE,AI_CORE,1704161511652231.500,90.479,7.238,24,"[[1,1024],[1024,4096]]","[[1,4096]]",0.21,0.58
0,RmsNorm,AI_VECTOR_CORE,AI_VECTOR_CORE,1704161511652322.000,18.858,1.509,24,"[[1,1024],[1024,4096]]","[[1,4096]]",0.05,0.3
0,MatMulV2,AI_CORE,AI_CORE,1704161511652389.500,186.958,14.957,24,"[[1,1024],[1024,4096]]","[[1,4096]]",0.21,0.58
0,FusedInferAttentionScore,AI_CORE,AI_CORE,1704161511652576.500,95.298,7.624,24,"[[1,1024],[1024,4096]]","[[1,4096]]",0.21,0.58
0,RmsNorm,AI_VECTOR_CORE,AI_VECTOR_CORE,1704161511652671.750,17.764,1.421,24,"[[1,1024],[1024,4096]]","[[1,4096]]",0.05,0.3
0,MatMulV2,AI_CORE,AI_CORE,1704161511652738.000,155.449,12.436,24,"[[1,1024],[1024,4096]]","[[1,4096]]",0.21,0.58
0,FusedInferAttentionScore,AI_CORE,AI_CORE,1704161511652893.500,87.770,7.022,24,"[[1,1024],[1024,4096]]","[[1,4096]]",0.21,0.58
0,RmsNorm,AI_VECTOR_CORE,AI_VECTOR_CORE,1704161511652981.250,23.622,1.890,24,"[[1,1024],[1024,4096]]","[[1,4096]]",0.05,0.3
0,MatMulV2,AI_CORE,AI_CORE,1704161511653052.000,184.490,14.759,24,"[[1,1024],[1024,4096]]","[[1,4096]]",0.21,0.58
0,FusedInferAttentionScore,AI_CORE,AI_CORE,1704161511653236.500,87.000,6.960,24,"[[1,1024],[1024,4096]]","[[1,4096]]",0.21,0.58
0,RmsNorm,AI_VECTOR_CORE,AI_VECTOR_CORE,1704161511653323.500,19.917,1.593,24,"[[1,1024],[1024,4096]]","[[1,4096]]",0.05,0.3
0,MatMulV2,AI_CORE,AI_CORE,1704161511653387.250,159.728,12.778,24,"[[1,1024],[1024,4096]]","[[1,4096]]",0.21,0.58
0,FusedInferAttentionScore,AI_CORE,AI_CORE,1704161511653547.000,91.785,7.343,24,"[[1,1024],[1024,4096]]","[[1,4096]]",0.21,0.58
0,RmsNorm,AI_VECTOR_CORE,AI_VECTOR_CORE,1704161511653638.750,23.885,1.911,24,"[[1,1024],[1024,4096]]","[[1,4096]]",0.05,0.3
0,MatMulV2,AI_CORE,AI_CORE,1704161511653713.000,177.980,14.238,24,"[[1,1024],[1024,4096]]","[[1,4096]]",0.21,0.58
0,FusedInferAttentionScore,AI_CORE,AI_CORE,1704161511653891.000,84.939,6.795,24,"[[1,1024],[1024,4096]]","[[1,4096]]",0.21,0.58
0,RmsNorm,AI_VECTOR_CORE,AI_VECTOR_CORE,1704161511653976.000,20.291,1.623,24,"[[1,1024],[1024,4096]]","[[1,4096]]",0.05,0.3
0,MatMulV2,AI_CORE,AI_CORE,1704161511654047.750,182.845,14.628,24,"[[1,1024],[1024,4096]]","[[1,4096]]",0.21,0.58
0,FusedInferAttentionScore,AI_CORE,AI_CORE,1704161511654230.500,85.465,6.837,24,"[[1,1024],[1024,4096]]","[[1,4096]]",0.21,0.58
0,RmsNorm,AI_VECTOR_CORE,AI_VECTOR_CORE,1704161511654316.000,18.778,1.502,24,"[[1,1024],[1024,4096]]","[[1,4096]]",0.05,0.3
0,MatMulV2,AI_CORE,AI_CORE,1704161511654383.750,158.844,12.708,24,"[[1,1024],[1024,4096]]","[[1,4096]]",0.21,0.58
0,FusedInferAttentionScore,AI_CORE,AI_CORE,1704161511654542.500,93.576,7.486,24,"[[1,1024],[1024,4096]]","[[1,4096]]",0.21,0.58
0,RmsNorm,AI_VECTOR_CORE,AI_VECTOR_CORE,1704161511654636.000,24.306,1.944,24,"[[1,1024],[1024,4096]]","[[1,4096]]",0.05,0.3
0,MatMulV2,AI_CORE,AI_CORE,1704161511654709.750,176.966,14.157,24,"[[1,1024],[1024,4096]]","[[1,4096]]",0.21,0.58
0,FusedInferAttentionScore,AI_CORE,AI_CORE,1704161511654886.750,84.114,6.729,24,"[[1,1024],[1024,4096]]","[[1,4096]]",0.21,0.58
0,RmsNorm,AI_VECTOR_CORE,AI_VECTOR_CORE,1704161511654970.750,20.339,1.627,24,"[[1,1024],[1024,4096]]","[[1,4096]]",0.05,0.3
0,MatMulV2,AI_CORE,AI_CORE,1704161511655038.250,171.036,13.683,24,"[[1,1024],[1024,4096]]","[[1,4096]]",0.21,0.58
0,FusedInferAttentionScore,AI_CORE,AI_CORE,1704161511655209.250,82.394,6.592,24,"[[1,1024],[1024,4096]]","[[1,4096]]",0.21,0.58
0,RmsNorm,AI_VECTOR_CORE,AI_VECTOR_CORE,1704161511655291.750,22.693,1.815,24,"[[1,1024],[1024,4096]]","[[1,4096]]",0.05,0.3
0,MatMulV2,AI_CORE,AI_CORE,1704161511655358.000,182.820,14.626,24,"[[1,1024],[1024,4096]]","[[1,4096]]",0.21,0.58
0,FusedInferAttentionScore,AI_CORE,AI_CORE,1704161511655540.750,90.996,7.280,24,"[[1,1024],[1024,4096]]","[[1,4096]]",0.21,0.58
0,RmsNorm,AI_VECTOR_CORE,AI_VECTOR_CORE,1704161511655631.750,17.710,1.417,24,"[[1,1024],[1024,4096]]","[[1,4096]]",0.05,0.3
0,MatMulV2,AI_CORE,AI_CORE,1704161511655701.750,156.253,12.500,24,"[[1,1024],[1024,4096]]","[[1,4096]]",0.21,0.58
0,FusedInferAttentionScore,AI_CORE,AI_CORE,1704161511655858.000,90.555,7.244,24,"[[1,1024],[1024,4096]]","[[1,4096]]",0.21,0.58
0,RmsNorm,AI_VECTOR_CORE,AI_VECTOR_CORE,1704161511655948.500,23.067,1.845,24,"[[1,1024],[1024,4096]]","[[1,4096]]",0.05,0.3
0,MatMulV2,AI_CORE,AI_CORE,1704161511656017.500,171.718,13.737,24,"[[1,1024],[1024,4096]]","[[1,4096]]",0.21,0.58
0,FusedInferAttentionScore,AI_CORE,AI_CORE,1704161511656189.250,90.057,7.205,24,"[[1,1024],[1024,4096]]","[[1,4096]]",0.21,0.58
0,RmsNorm,AI_VECTOR_CORE,AI_VECTOR_CORE,1704161511656279.250,18.886,1.511,24,"[[1,1024],[1024,4096]]","[[1,4096]]",0.05,0.3
0,MatMulV2,AI_CORE,AI_CORE,1704161511656341.750,183.769,14.701,24,"[[1,1024],[1024,4096]]","[[1,4096]]",0.21,0.58
0,FusedInferAttentionScore,AI_CORE,AI_CORE,1704161511656525.500,98.689,7.895,24,"[[1,1024],[1024,4096]]","[[1,4096]]",0.21,0.58
0,RmsNorm,AI_VECTOR_CORE,AI_VECTOR_CORE,1704161511656624.250,18.253,1.460,24,"[[1,1024],[1024,4096]]","[[1,4096]]",0.05,0.3
0,MatMulV2,AI_CORE,AI_CORE,1704161511656691.750,170.201,13.616,24,"[[1,1024],[1024,4096]]","[[1,4096]]",0.21,0.58
0,FusedInferAttentionScore,AI_CORE,AI_CORE,1704161511656862.000,93.773,7.502,24,"[[1,1024],[1024,4096]]","[[1,4096]]",0.21,0.58
0,RmsNorm,AI_VECTOR_CORE,AI_VECTOR_CORE,1704161511656955.750,20.415,1.633,24,"[[1,1024],[1024,4096]]","[[1,4096]]",0.05,0.3
0,MatMulV2,AI_CORE,AI_CORE,1704161511657027.500,180.893,14.471,24,"[[1,1024],[1024,4096]]","[[1,4096]]",0.21,0.58
0,FusedInferAttentionScore,AI_CORE,AI_CORE,1704161511657208.500,81.801,6.544,24,"[[1,1024],[1024,4096]]","[[1,4096]]",0.21,0.58
0,RmsNorm,AI_VECTOR_CORE,AI_VECTOR_CORE,1704161511657290.250,23.358,1.869,24,"[[1,1024],[1024,4096]]","[[1,4096]]",0.05,0.3
0,MatMulV2,AI_CORE,AI_CORE,1704161511657364.750,157.303,12.584,24,"[[1,1024],[1024,4096]]","[[1,4096]]",0.21,0.58
0,FusedInferAttentionScore,AI_CORE,AI_CORE,1704161511657522.000,84.124,6.730,24,"[[1,1024],[1024,4096]]","[[1,4096]]",0.21,0.58
0,RmsNorm,AI_VECTOR_CORE,AI_VECTOR_CORE,1704161511657606.000,19.443,1.555,24,"[[1,1024],[1024,4096]]","[[1,4096]]",0.05,0.3
0,MatMulV2,AI_CORE,AI_CORE,1704161511657674.750,184.048,14.724,24,"[[1,1024],[1024,4096]]","[[1,4096]]",0.21,0.58
0,FusedInferAttentionScore,AI_CORE,AI_CORE,1704161511657858.750,81.306,6.504,24,"[[1,1024],[1024,4096]]","[[1,4096]]",0.21,0.58
0,RmsNorm,AI_VECTOR_CORE,AI_VECTOR_CORE,1704161511657940.000,23.193,1.855,24,"[[1,1024],[1024,4096]]","[[1,4096]]",0.05,0.3
0,MatMulV2,AI_CORE,AI_CORE,1704161511658013.250,176.452,14.116,24,"[[1,1024],[1024,4096]]","[[1,4096]]",0.21,0.58
0,FusedInferAttentionScore,AI_CORE,AI_CORE,1704161511658189.750,98.690,7.895,24,"[[1,1024],[1024,4096]]","[[1,4096]]",0.21,0.58
0,RmsNorm,AI_VECTOR_CORE,AI_VECTOR_CORE,1704161511658288.500,24.115,1.929,24,"[[1,1024],[1024,4096]]","[[1,4096]]",0.05,0.3
0,MatMulV2,AI_CORE,AI_CORE,1704161511658357.000,158.483,12.679,24,"[[1,1024],[1024,4096]]","[[1,4096]]",0.21,0.58
0,FusedInferAttentionScore,AI_CORE,AI_CORE,1704161511658515.500,98.193,7.855,24,"[[1,1024],[1024,4096]]","[[1,4096]]",0.21,0.58
0,RmsNorm,AI_VECTOR_CORE,AI_VECTOR_CORE,1704161511658613.750,23.649,1.892,24,"[[1,1024],[1024,4096]]","[[1,4096]]",0.05,0.3
0,MatMulV2,AI_CORE,AI_CORE,1704161511658688.750,185.984,14.879,24,"[[1,1024],[1024,4096]]","[[1,4096]]",0.21,0.58
0,FusedInferAttentionScore,AI_CORE,AI_CORE,1704161511658874.750,83.876,6.710,24,"[[1,1024],[1024,4096]]","[[1,4096]]",0.21,0.58
0,RmsNorm,AI_VECTOR_CORE,AI_VECTOR_CORE,1704161511658958.750,18.324,1.466,24,"[[1,1024],[1024,4096]]","[[1,4096]]",0.05,0.3
0,MatMulV2,AI_CORE,AI_CORE,1704161511660260.000,164.776,13.182,24,"[[1,1024],[1024,4096]]","[[1,4096]]",0.21,0.58
0,FusedInferAttentionScore,AI_CORE,AI_CORE,1704161511660424.750,94.643,7.571,24,"[[1,1024],[1024,4096]]","[[1,4096]]",0.21,0.58
0,RmsNorm,AI_VECTOR_CORE,AI_VECTOR_CORE,1704161511660519.500,24.919,1.994,24,"[[1,1024],[1024,4096]]","[[1,4096]]",0.05,0.3
0,MatMulV2,AI_CORE,AI_CORE,1704161511660771.750,155.664,12.453,24,"[[1,1024],[1024,4096]]","[[1,4096]]",0.21,0.58
0,FusedInferAttentionScore,AI_CORE,AI_CORE,1704161511660927.500,90.125,7.210,24,"[[1,1024],[1024,4096]]","[[1,4096]]",0.21,0.58
0,RmsNorm,AI_VECTOR_CORE,AI_VECTOR_CORE,1704161511661017.500,19.749,1.580,24,"[[1,1024],[1024,4096]]","[[1,4096]]",0.05,0.3
0,MatMulV2,AI_CORE,AI_CORE,1704161511661084.500,175.009,14.001,24,"[[1,1024],[1024,4096]]","[[1,4096]]",0.21,0.58
0,FusedInferAttentionScore,AI_CORE,AI_CORE,1704161511661259.500,93.096,7.448,24,"[[1,1024],[1024,4096]]","[[1,4096]]",0.21,0.58
0,RmsNorm,AI_VECTOR_CORE,AI_VECTOR_CORE,1704161511661352.500,23.418,1.873,24,"[[1,1024],[1024,4096]]","[[1,4096]]",0.05,0.3
0,MatMulV2,AI_CORE,AI_CORE,1704161511661422.750,184.470,14.758,24,"[[1,1024],[1024,4096]]","[[1,4096]]",0.21,0.58
0,FusedInferAttentionScore,AI_CORE,AI_CORE,1704161511661607.250,86.629,6.930,24,"[[1,1024],[1024,4096]]","[[1,4096]]",0.21,0.58
0,RmsNorm,AI_VECTOR_CORE,AI_VECTOR_CORE,1704161511661694.000,24.356,1.948,24,"[[1,1024],[1024,4096]]","[[1,4096]]",0.05,0.3
0,MatMulV2,AI_CORE,AI_CORE,1704161511661764.750,181.014,14.481,24,"[[1,1024],[1024,4096]]","[[1,4096]]",0.21,0.58
0,FusedInferAttentionScore,AI_CORE,AI_CORE,1704161511661945.750,84.564,6.765,24,"[[1,1024],[1024,4096]]","[[1,4096]]",0.21,0.58
0,RmsNorm,AI_VECTOR_CORE,AI_VECTOR_CORE,1704161511662030.250,19.246,1.540,24,"[[1,1024],[1024,4096]]","[[1,4096]]",0.05,0.3
0,MatMulV2,AI_CORE,AI_CORE,1704161511662101.750,153.690,12.295,24,"[[1,1024],[1024,4096]]","[[1,4096]]",0.21,0.58
0,FusedInferAttentionScore,AI_CORE,AI_CORE,1704161511662255.500,96.683,7.735,24,"[[1,1024],[1024,4096]]","[[1,4096]]",0.21,0.58
0,RmsNorm,AI_VECTOR_CORE,AI_VECTOR_CORE,1704161511662352.250,18.013,1.441,24,"[[1,1024],[1024,4096]]","[[1,4096]]",0.05,0.3
0,MatMulV2,AI_CORE,AI_CORE,1704161511662422.500,177.229,14.178,24,"[[1,1024],[1024,4096]]","[[1,4096]]",0.21,0.58
0,FusedInferAttentionScore,AI_CORE,AI_CORE,1704161511662599.750,90.595,7.248,24,"[[1,1024],[1024,4096]]","[[1,4096]]",0.21,0.58
0,RmsNorm,AI_VECTOR_CORE,AI_VECTOR_CORE,1704161511662690.250,23.521,1.882,24,"[[1,1024],[1024,4096]]","[[1,4096]]",0.05,0.3
0,MatMulV2,AI_CORE,AI_CORE,1704161511662758.750,175.505,14.040,24,"[[1,1024],[1024,4096]]","[[1,4096]]",0.21,0.58
0,FusedInferAttentionScore,AI_CORE,AI_CORE,1704161511662934.250,84.498,6.760,24,"[[1,1024],[1024,4096]]","[[1,4096]]",0.21,0.58
0,RmsNorm,AI_VECTOR_CORE,AI_VECTOR_CORE,1704161511663018.750,20.217,1.617,24,"[[1,1024],[1024,4096]]","[[1,4096]]",0.05,0.3
0,MatMulV2,AI_CORE,AI_CORE,1704161511663084.750,154.393,12.351,24,"[[1,1024],[1024,4096]]","[[1,4096]]",0.21,0.58
0,FusedInferAttentionScore,AI_CORE,AI_CORE,1704161511663239.250,95.455,7.636,24,"[[1,1024],[1024,4096]]","[[1,4096]]",0.21,0.58
0,RmsNorm,AI_VECTOR_CORE,AI_VECTOR_CORE,1704161511663334.750,25.761,2.061,24,"[[1,1024],[1024,4096]]","[[1,4096]]",0.05,0.3
0,MatMulV2,AI_CORE,AI_CORE,1704161511663407.500,182.049,14.564,24,"[[1,1024],[1024,4096]]","[[1,4096]]",0.21,0.58
0,FusedInferAttentionScore,AI_CORE,AI_CORE,1704161511663589.500,86.363,6.909,24,"[[1,1024],[1024,4096]]","[[1,4096]]",0.21,0.58
0,RmsNorm,AI_VECTOR_CORE,AI_VECTOR_CORE,1704161511663675.750,24.271,1.942,24,"[[1,1024],[1024,4096]]","[[1,4096]]",0.05,0.3
0,MatMulV2,AI_CORE,AI_CORE,1704161511663746.500,185.143,14.811,24,"[[1,1024],[1024,4096]]","[[1,4096]]",0.21,0.58
0,FusedInferAttentionScore,AI_CORE,AI_CORE,1704161511663931.750,95.250,7.620,24,"[[1,1024],[1024,4096]]","[[1,4096]]",0.21,0.58
0,RmsNorm,AI_VECTOR_CORE,AI_VECTOR_CORE,1704161511664027.000,24.434,1.955,24,"[[1,1024],[1024,4096]]","[[1,4096]]",0.05,0.3
0,MatMulV2,AI_CORE,AI_CORE,1704161511664095.250,182.079,14.566,24,"[[1,1024],[1024,4096]]","[[1,4096]]",0.21,0.58
0,FusedInferAttentionScore,AI_CORE,AI_CORE,1704161511664277.250,87.071,6.966,24,"[[1,1024],[1024,4096]]","[[1,4096]]",0.21,0.58
0,RmsNorm,AI_VECTOR_CORE,AI_VECTOR_CORE,1704161511664364.250,21.504,1.720,24,"[[1,1024],[1024,4096]]","[[1,4096]]",0.05,0.3
0,MatMulV2,AI_CORE,AI_CORE,1704161511664437.000,154.736,12.379,24,"[[1,1024],[1024,4096]]","[[1,4096]]",0.21,0.58
0,FusedInferAttentionScore,AI_CORE,AI_CORE,1704161511664591.750,98.656,7.892,24,"[[1,1024],[1024,4096]]","[[1,4096]]",0.21,0.58
0,RmsNorm,AI_VECTOR_CORE,AI_VECTOR_CORE,1704161511664690.500,22.845,1.828,24,"[[1,1024],[1024,4096]]","[[1,4096]]",0.05,0.3
0,MatMulV2,AI_CORE,AI_CORE,1704161511664766.000,162.753,13.020,24,"[[1,1024],[1024,4096]]","[[1,4096]]",0.21,0.58
0,FusedInferAttentionScore,AI_CORE,AI_CORE,1704161511664928.750,81.962,6.557,24,"[[1,1024],[1024,4096]]","[[1,4096]]",0.21,0.58
0,RmsNorm,AI_VECTOR_CORE,AI_VECTOR_CORE,1704161511665010.750,26.035,2.083,24,"[[1,1024],[1024,4096]]","[[1,4096]]",0.05,0.3
0,MatMulV2,AI_CORE,AI_CORE,1704161511665086.750,156.896,12.552,24,"[[1,1024],[1024,4096]]","[[1,4096]]",0.21,0.58
0,FusedInferAttentionScore,AI_CORE,AI_CORE,1704161511665243.750,97.289,7.783,24,"[[1,1024],[1024,4096]]","[[1,4096]]",0.21,0.58
0,RmsNorm,AI_VECTOR_CORE,AI_VECTOR_CORE,1704161511665341.000,25.582,2.047,24,"[[1,1024],[1024,4096]]","[[1,4096]]",0.05,0.3
0,MatMulV2,AI_CORE,AI_CORE,1704161511665419.000,180.541,14.443,24,"[[1,1024],[1024,4096]]","[[1,4096]]",0.21,0.58
0,FusedInferAttentionScore,AI_CORE,AI_CORE,1704161511665599.500,90.610,7.249,24,"[[1,1024],[1024,4096]]","[[1,4096]]",0.21,0.58
0,RmsNorm,AI_VECTOR_CORE,AI_VECTOR_CORE,1704161511665690.000,20.890,1.671,24,"[[1,1024],[1024,4096]]","[[1,4096]]",0.05,0.3
0,MatMulV2,AI_CORE,AI_CORE,1704161511665759.500,160.789,12.863,24,"[[1,1024],[1024,4096]]","[[1,4096]]",0.21,0.58
0,FusedInferAttentionScore,AI_CORE,AI_CORE,1704161511665920.250,95.688,7.655,24,"[[1,1024],[1024,4096]]","[[1,4096]]",0.21,0.58
0,RmsNorm,AI_VECTOR_CORE,AI_VECTOR_CORE,1704161511666016.000,17.903,1.432,24,"[[1,1024],[1024,4096]]","[[1,4096]]",0.05,0.3
0,MatMulV2,AI_CORE,AI_CORE,1704161511666080.250,165.266,13.221,24,"[[1,1024],[1024,4096]]","[[1,4096]]",0.21,0.58
0,FusedInferAttentionScore,AI_CORE,AI_CORE,1704161511666245.500,86.114,6.889,24,"[[1,1024],[1024,4096]]","[[1,4096]]",0.21,0.58
0,RmsNorm,AI_VECTOR_CORE,AI_VECTOR_CORE,1704161511666331.500,19.072,1.526,24,"[[1,1024],[1024,4096]]","[[1,4096]]",0.05,0.3
0,MatMulV2,AI_CORE,AI_CORE,1704161511666401.500,173.119,13.849,24,"[[1,1024],[1024,4096]]","[[1,4096]]",0.21,0.58
0,FusedInferAttentionScore,AI_CORE,AI_CORE,1704161511666574.500,92.934,7.435,24,"[[1,1024],[1024,4096]]","[[1,4096]]",0.21,0.58
0,RmsNorm,AI_VECTOR_CORE,AI_VECTOR_CORE,1704161511666667.500,24.884,1.991,24,"[[1,1024],[1024,4096]]","[[1,4096]]",0.05,0.3
0,MatMulV2,AI_CORE,AI_CORE,1704161511666738.250,185.256,14.820,24,"[[1,1024],[1024,4096]]","[[1,4096]]",0.21,0.58
0,FusedInferAttentionScore,AI_CORE,AI_CORE,1704161511666923.500,92.028,7.362,24,"[[1,1024],[1024,4096]]","[[1,4096]]",0.21,0.58
0,RmsNorm,AI_VECTOR_CORE,AI_VECTOR_CORE,1704161511667015.500,19.578,1.566,24,"[[1,1024],[1024,4096]]","[[1,4096]]",0.05,0.3
0,MatMulV2,AI_CORE,AI_CORE,1704161511667087.000,181.348,14.508,24,"[[1,1024],[1024,4096]]","[[1,4096]]",0.21,0.58
0,FusedInferAttentionScore,AI_CORE,AI_CORE,1704161511667268.250,87.881,7.030,24,"[[1,1024],[1024,4096]]","[[1,4096]]",0.21,0.58
0,RmsNorm,AI_VECTOR_CORE,AI_VECTOR_CORE,1704161511667356.250,21.508,1.721,24,"[[1,1024],[1024,4096]]","[[1,4096]]",0.05,0.3
0,MatMulV2,AI_CORE,AI_CORE,1704161511667422.500,153.634,12.291,24,"[[1,1024],[1024,4096]]","[[1,4096]]",0.21,0.58
0,FusedInferAttentionScore,AI_CORE,AI_CORE,1704161511667576.250,86.914,6.953,24,"[[1,1024],[1024,4096]]","[[1,4096]]",0.21,0.58
0,RmsNorm,AI_VECTOR_CORE,AI_VECTOR_CORE,1704161511667663.250,25.563,2.045,24,"[[1,1024],[1024,4096]]","[[1,4096]]",0.05,0.3
0,MatMulV2,AI_CORE,AI_CORE,1704161511667741.000,184.051,14.724,24,"[[1,1024],[1024,4096]]","[[1,4096]]",0.21,0.58
0,FusedInferAttentionScore,AI_CORE,AI_CORE,1704161511667925.000,90.027,7.202,24,"[[1,1024],[1024,4096]]","[[1,4096]]",0.21,0.58
0,RmsNorm,AI_VECTOR_CORE,AI_VECTOR_CORE,1704161511668015.000,19.308,1.545,24,"[[1,1024],[1024,4096]]","[[1,4096]]",0.05,0.3
0,MatMulV2,AI_CORE,AI_CORE,1704161511668081.250,165.730,13.258,24,"[[1,1024],[1024,4096]]","[[1,4096]]",0.21,0.58
0,FusedInferAttentionScore,AI_CORE,AI_CORE,1704161511668247.000,94.512,7.561,24,"[[1,1024],[1024,4096]]","[[1,4096]]",0.21,0.58
0,RmsNorm,AI_VECTOR_CORE,AI_VECTOR_CORE,1704161511668341.500,19.060,1.525,24,"[[1,1024],[1024,4096]]","[[1,4096]]",0.05,0.3
0,MatMulV2,AI_CORE,AI_CORE,1704161511668407.750,172.382,13.791,24,"[[1,1024],[1024,4096]]","[[1,4096]]",0.21,0.58
0,FusedInferAttentionScore,AI_CORE,AI_CORE,1704161511668580.250,81.995,6.560,24,"[[1,1024],[1024,4096]]","[[1,4096]]",0.21,0.58
0,RmsNorm,AI_VECTOR_CORE,AI_VECTOR_CORE,1704161511668662.250,21.557,1.725,24,"[[1,1024],[1024,4096]]","[[1,4096]]",0.05,0.3
0,MatMulV2,AI_CORE,AI_CORE,1704161511668729.500,175.609,14.049,24,"[[1,1024],[1024,4096]]","[[1,4096]]",0.21,0.58
0,FusedInferAttentionScore,AI_CORE,AI_CORE,1704161511668905.000,81.547,6.524,24,"[[1,1024],[1024,4096]]","[[1,4096]]",0.21,0.58
0,RmsNorm,AI_VECTOR_CORE,AI_VECTOR_CORE,1704161511668986.500,24.245,1.940,24,"[[1,1024],[1024,4096]]","[[1,4096]]",0.05,0.3
0,MatMulV2,AI_CORE,AI_CORE,1704161511669060.750,164.672,13.174,24,"[[1,1024],[1024,4096]]","[[1,4096]]",0.21,0.58
0,FusedInferAttentionScore,AI_CORE,AI_CORE,1704161511669225.500,95.652,7.652,24,"[[1,1024],[1024,4096]]","[[1,4096]]",0.21,0.58
0,RmsNorm,AI_VECTOR_CORE,AI_VECTOR_CORE,1704161511669321.250,23.016,1.841,24,"[[1,1024],[1024,4096]]","[[1,4096]]",0.05,0.3
0,MatMulV2,AI_CORE,AI_CORE,1704161511669393.500,167.739,13.419,24,"[[1,1024],[1024,4096]]","[[1,4096]]",0.21,0.58
0,FusedInferAttentionScore,AI_CORE,AI_CORE,1704161511669561.250,95.150,7.612,24,"[[1,1024],[1024,4096]]","[[1,4096]]",0.21,0.58
0,RmsNorm,AI_VECTOR_CORE,AI_VECTOR_CORE,1704161511669656.500,21.656,1.732,24,"[[1,1024],[1024,4096]]","[[1,4096]]",0.05,0.3
0,MatMulV2,AI_CORE,AI_CORE,1704161511669724.250,158.157,12.653,24,"[[1,1024],[1024,4096]]","[[1,4096]]",0.21,0.58
0,FusedInferAttentionScore,AI_CORE,AI_CORE,1704161511669882.500,95.845,7.668,24,"[[1,1024],[1024,4096]]","[[1,4096]]",0.21,0.58
0,RmsNorm,AI_VECTOR_CORE,AI_VECTOR_CORE,1704161511669978.250,19.017,1.521,24,"[[1,1024],[1024,4096]]","[[1,4096]]",0.05,0.3
0,MatMulV2,AI_CORE,AI_CORE,1704161511670042.750,177.771,14.222,24,"[[1,1024],[1024,4096]]","[[1,4096]]",0.21,0.58
0,FusedInferAttentionScore,AI_CORE,AI_CORE,1704161511670220.500,81.911,6.553,24,"[[1,1024],[1024,4096]]","[[1,4096]]",0.21,0.58
0,RmsNorm,AI_VECTOR_CORE,AI_VECTOR_CORE,1704161511670302.500,21.362,1.709,24,"[[1,1024],[1024,4096]]","[[1,4096]]",0.05,0.3
0,MatMulV2,AI_CORE,AI_CORE,1704161511670375.250,167.820,13.426,24,"[[1,1024],[1024,4096]]","[[1,4096]]",0.21,0.58
0,FusedInferAttentionScore,AI_CORE,AI_CORE,1704161511670543.000,85.765,6.861,24,"[[1,1024],[1024,4096]]","[[1,4096]]",0.21,0.58
0,RmsNorm,AI_VECTOR_CORE,AI_VECTOR_CORE,1704161511670628.750,23.916,1.913,24,"[[1,1024],[1024,4096]]","[[1,4096]]",0.05,0.3
0,MatMulV2,AI_CORE,AI_CORE,1704161511670696.500,162.451,12.996,24,"[[1,1024],[1024,4096]]","[[1,4096]]",0.21,0.58
0,FusedInferAttentionScore,AI_CORE,AI_CORE,1704161511670859.000,90.555,7.244,24,"[[1,1024],[1024,4096]]","[[1,4096]]",0.21,0.58
0,RmsNorm,AI_VECTOR_CORE,AI_VECTOR_CORE,1704161511670949.500,22.274,1.782,24,"[[1,1024],[1024,4096]]","[[1,4096]]",0.05,0.3
0,MatMulV2,AI_CORE,AI_CORE,1704161511672260.000,156.018,12.481,24,"[[1,1024],[1024,4096]]","[[1,4096]]",0.21,0.58
0,FusedInferAttentionScore,AI_CORE,AI_CORE,1704161511672416.000,95.121,7.610,24,"[[1,1024],[1024,4096]]","[[1,4096]]",0.21,0.58
0,RmsNorm,AI_VECTOR_CORE,AI_VECTOR_CORE,1704161511672511.000,20.660,1.653,24,"[[1,1024],[1024,4096]]","[[1,4096]]",0.05,0.3
0,MatMulV2,AI_CORE,AI_CORE,1704161511672759.750,185.225,14.818,24,"[[1,1024],[1024,4096]]","[[1,4096]]",0.21,0.58
0,FusedInferAttentionScore,AI_CORE,AI_CORE,1704161511672945.000,98.885,7.911,24,"[[1,1024],[1024,4096]]","[[1,4096]]",0.21,0.58
0,RmsNorm,AI_VECTOR_CORE,AI_VECTOR_CORE,1704161511673044.000,26.188,2.095,24,"[[1,1024],[1024,4096]]","[[1,4096]]",0.05,0.3
0,MatMulV2,AI_CORE,AI_CORE,1704161511673114.500,179.267,14.341,24,"[[1,1024],[1024,4096]]","[[1,4096]]",0.21,0.58
0,FusedInferAttentionScore,AI_CORE,AI_CORE,1704161511673293.750,85.426,6.834,24,"[[1,1024],[1024,4096]]","[[1,4096]]",0.21,0.58
0,RmsNorm,AI_VECTOR_CORE,AI_VECTOR_CORE,1704161511673379.250,19.284,1.543,24,"[[1,1024],[1024,4096]]","[[1,4096]]",0.05,0.3
0,MatMulV2,AI_CORE,AI_CORE,1704161511673446.250,167.554,13.404,24,"[[1,1024],[1024,4096]]","[[1,4096]]",0.21,0.58
0,FusedInferAttentionScore,AI_CORE,AI_CORE,1704161511673613.750,92.146,7.372,24,"[[1,1024],[1024,4096]]","[[1,4096]]",0.21,0.58
0,RmsNorm,AI_VECTOR_CORE,AI_VECTOR_CORE,1704161511673706.000,18.897,1.512,24,"[[1,1024],[1024,4096]]","[[1,4096]]",0.05,0.3
0,MatMulV2,AI_CORE,AI_CORE,1704161511673772.750,173.082,13.847,24,"[[1,1024],[1024,4096]]","[[1,4096]]",0.21,0.58
0,FusedInferAttentionScore,AI_CORE,AI_CORE,1704161511673945.750,84.710,6.777,24,"[[1,1024],[1024,4096]]","[[1,4096]]",0.21,0.58
0,RmsNorm,AI_VECTOR_CORE,AI_VECTOR_CORE,1704161511674030.500,19.834,1.587,24,"[[1,1024],[1024,4096]]","[[1,4096]]",0.05,0.3
0,MatMulV2,AI_CORE,AI_CORE,1704161511674095.500,166.044,13.284,24,"[[1,1024],[1024,4096]]","[[1,4096]]",0.21,0.58
0,FusedInferAttentionScore,AI_CORE,AI_CORE,1704161511674261.500,82.699,6.616,24,"[[1,1024],[1024,4096]]","[[1,4096]]",0.21,0.58
0,RmsNorm,AI_VECTOR_CORE,AI_VECTOR_CORE,1704161511674344.250,20.010,1.601,24,"[[1,1024],[1024,4096]]","[[1,4096]]",0.05,0.3
0,MatMulV2,AI_CORE,AI_CORE,1704161511674414.750,185.477,14.838,24,"[[1,1024],[1024,4096]]","[[1,4096]]",0.21,0.58
0,FusedInferAttentionScore,AI_CORE,AI_CORE,1704161511674600.250,82.790,6.623,24,"[[1,1024],[1024,4096]]","[[1,4096]]",0.21,0.58
0,RmsNorm,AI_VECTOR_CORE,AI_VECTOR_CORE,1704161511674683.000,23.619,1.890,24,"[[1,1024],[1024,4096]]","[[1,4096]]",0.05,0.3
0,MatMulV2,AI_CORE,AI_CORE,1704161511674756.750,168.358,13.469,24,"[[1,1024],[1024,4096]]","[[1,4096]]",0.21,0.58
0,FusedInferAttentionScore,AI_CORE,AI_CORE,1704161511674925.000,83.479,6.678,24,"[[1,1024],[1024,4096]]","[[1,4096]]",0.21,0.58
0,RmsNorm,AI_VECTOR_CORE,AI_VECTOR_CORE,1704161511675008.500,25.292,2.023,24,"[[1,1024],[1024,4096]]","[[1,4096]]",0.05,0.3
0,MatMulV2,AI_CORE,AI_CORE,1704161511675081.250,156.063,12.485,24,"[[1,1024],[1024,4096]]","[[1,4096]]",0.21,0.58
0,FusedInferAttentionScore,AI_CORE,AI_CORE,1704161511675237.250,87.888,7.031,24,"[[1,1024],[1024,4096]]","[[1,4096]]",0.21,0.58
0,RmsNorm,AI_VECTOR_CORE,AI_VECTOR_CORE,1704161511675325.250,17.751,1.420,24,"[[1,1024],[1024,4096]]","[[1,4096]]",0.05,0.3
0,MatMulV2,AI_CORE,AI_CORE,1704161511675388.250,162.566,13.005,24,"[[1,1024],[1024,4096]]","[[1,4096]]",0.21,0.58
0,FusedInferAttentionScore,AI_CORE,AI_CORE,1704161511675550.750,91.677,7.334,24,"[[1,1024],[1024,4096]]","[[1,4096]]",0.21,0.58
0,RmsNorm,AI_VECTOR_CORE,AI_VECTOR_CORE,1704161511675642.500,23.637,1.891,24,"[[1,1024],[1024,4096]]","[[1,4096]]",0.05,0.3
0,MatMulV2,AI_CORE,AI_CORE,1704161511675715.750,153.325,12.266,24,"[[1,1024],[1024,4096]]","[[1,4096]]",0.21,0.58
0,FusedInferAttentionScore,AI_CORE,AI_CORE,1704161511675869.000,85.605,6.848,24,"[[1,1024],[1024,4096]]","[[1,4096]]",0.21,0.58
0,RmsNorm,AI_VECTOR_CORE,AI_VECTOR_CORE,1704161511675954.500,22.391,1.791,24,"[[1,1024],[1024,4096]]","[[1,4096]]",0.05,0.3
0,MatMulV2,AI_CORE,AI_CORE,1704161511676029.000,184.227,14.738,24,"[[1,1024],[1024,4096]]","[[1,4096]]",0.21,0.58
0,FusedInferAttentionScore,AI_CORE,AI_CORE,1704161511676213.250,88.766,7.101,24,"[[1,1024],[1024,4096]]","[[1,4096]]",0.21,0.58
0,RmsNorm,AI_VECTOR_CORE,AI_VECTOR_CORE,1704161511676302.000,23.696,1.896,24,"[[1,1024],[1024,4096]]","[[1,4096]]",0.05,0.3
0,MatMulV2,AI_CORE,AI_CORE,1704161511676372.500,180.515,14.441,24,"[[1,1024],[1024,4096]]","[[1,4096]]",0.21,0.58
0,FusedInferAttentionScore,AI_CORE,AI_CORE,1704161511676553.000,89.019,7.121,24,"[[1,1024],[1024,4096]]","[[1,4096]]",0.21,0.58
0,RmsNorm,AI_VECTOR_CORE,AI_VECTOR_CORE,1704161511676642.000,21.947,1.756,24,"[[1,1024],[1024,4096]]","[[1,4096]]",0.05,0.3
0,MatMulV2,AI_CORE,AI_CORE,1704161511676712.250,170.102,13.608,24,"[[1,1024],[1024,4096]]","[[1,4096]]",0.21,0.58
0,FusedInferAttentionScore,AI_CORE,AI_CORE,1704161511676882.250,95.668,7.653,24,"[[1,1024],[1024,4096]]","[[1,4096]]",0.21,0.58
0,RmsNorm,AI_VECTOR_CORE,AI_VECTOR_CORE,1704161511676978.000,26.049,2.084,24,"[[1,1024],[1024,4096]]","[[1,4096]]",0.05,0.3
0,MatMulV2,AI_CORE,AI_CORE,1704161511677050.750,162.170,12.974,24,"[[1,1024],[1024,4096]]","[[1,4096]]",0.21,0.58
0,FusedInferAttentionScore,AI_CORE,AI_CORE,1704161511677213.000,81.903,6.552,24,"[[1,1024],[1024,4096]]","[[1,4096]]",0.21,0.58
0,RmsNorm,AI_VECTOR_CORE,AI_VECTOR_CORE,1704161511677295.000,17.826,1.426,24,"[[1,1024],[1024,4096]]","[[1,4096]]",0.05,0.3
0,MatMulV2,AI_CORE,AI_CORE,1704161511677356.000,162.477,12.998,24,"[[1,1024],[1024,4096]]","[[1,4096]]",0.21,0.58
0,FusedInferAttentionScore,AI_CORE,AI_CORE,1704161511677518.500,85.037,6.803,24,"[[1,1024],[1024,4096]]","[[1,4096]]",0.21,0.58
0,RmsNorm,AI_VECTOR_CORE,AI_VECTOR_CORE,1704161511677603.500,20.128,1.610,24,"[[1,1024],[1024,4096]]","[[1,4096]]",0.05,0.3
0,MatMulV2,AI_CORE,AI_CORE,1704161511677673.500,179.257,14.341,24,"[[1,1024],[1024,4096]]","[[1,4096]]",0.21,0.58
0,FusedInferAttentionScore,AI_CORE,AI_CORE,1704161511677852.750,89.079,7.126,24,"[[1,1024],[1024,4096]]","[[1,4096]]",0.21,0.58
0,RmsNorm,AI_VECTOR_CORE,AI_VECTOR_CORE,1704161511677941.750,17.929,1.434,24,"[[1,1024],[1024,4096]]","[[1,4096]]",0.05,0.3
0,MatMulV2,AI_CORE,AI_CORE,1704161511678004.750,184.130,14.730,24,"[[1,1024],[1024,4096]]","[[1,4096]]",0.21,0.58
0,FusedInferAttentionScore,AI_CORE,AI_CORE,1704161511678189.000,92.665,7.413,24,"[[1,1024],[1024,4096]]","[[1,4096]]",0.21,0.58
0,RmsNorm,AI_VECTOR_CORE,AI_VECTOR_CORE,1704161511678281.750,23.492,1.879,24,"[[1,1024],[1024,4096]]","[[1,4096]]",0.05,0.3
0,MatMulV2,AI_CORE,AI_CORE,1704161511678354.500,170.942,13.675,24,"[[1,1024],[1024,4096]]","[[1,4096]]",0.21,0.58
0,FusedInferAttentionScore,AI_CORE,AI_CORE,1704161511678525.500,85.885,6.871,24,"[[1,1024],[1024,4096]]","[[1,4096]]",0.21,0.58
0,RmsNorm,AI_VECTOR_CORE,AI_VECTOR_CORE,1704161511678611.500,24.501,1.960,24,"[[1,1024],[1024,4096]]","[[1,4096]]",0.05,0.3
0,MatMulV2,AI_CORE,AI_CORE,1704161511678686.250,157.905,12.632,24,"[[1,1024],[1024,4096]]","[[1,4096]]",0.21,0.58
0,FusedInferAttentionScore,AI_CORE,AI_CORE,1704161511678844.250,96.026,7.682,24,"[[1,1024],[1024,4096]]","[[1,4096]]",0.21,0.58
0,RmsNorm,AI_VECTOR_CORE,AI_VECTOR_CORE,1704161511678940.250,22.646,1.812,24,"[[1,1024],[1024,4096]]","[[1,4096]]",0.05,0.3
0,MatMulV2,AI_CORE,AI_CORE,1704161511679009.500,156.987,12.559,24,"[[1,1024],[1024,4096]]","[[1,4096]]",0.21,0.58
0,FusedInferAttentionScore,AI_CORE,AI_CORE,1704161511679166.500,88.779,7.102,24,"[[1,1024],[1024,4096]]","[[1,4096]]",0.21,0.58
0,RmsNorm,AI_VECTOR_CORE,AI_VECTOR_CORE,1704161511679255.250,20.330,1.626,24,"[[1,1024],[1024,4096]]","[[1,4096]]",0.05,0.3
0,MatMulV2,AI_CORE,AI_CORE,1704161511679326.000,176.922,14.154,24,"[[1,1024],[1024,4096]]","[[1,4096]]",0.21,0.58
0,FusedInferAttentionScore,AI_CORE,AI_CORE,1704161511679503.000,91.928,7.354,24,"[[1,1024],[1024,4096]]","[[1,4096]]",0.21,0.58
0,RmsNorm,AI_VECTOR_CORE,AI_VECTOR_CORE,1704161511679595.000,17.820,1.426,24,"[[1,1024],[1024,4096]]","[[1,4096]]",0.05,0.3
0,MatMulV2,AI_CORE,AI_CORE,1704161511679665.250,164.768,13.181,24,"[[1,1024],[1024,4096]]","[[1,4096]]",0.21,0.58
0,FusedInferAttentionScore,AI_CORE,AI_CORE,1704161511679830.000,85.055,6.804,24,"[[1,1024],[1024,4096]]","[[1,4096]]",0.21,0.58
0,RmsNorm,AI_VECTOR_CORE,AI_VECTOR_CORE,1704161511679915.000,23.693,1.895,24,"[[1,1024],[1024,4096]]","[[1,4096]]",0.05,0.3
0,MatMulV2,AI_CORE,AI_CORE,1704161511679982.750,173.410,13.873,24,"[[1,1024],[1024,4096]]","[[1,4096]]",0.21,0.58
0,FusedInferAttentionScore,AI_CORE,AI_CORE,1704161511680156.250,85.301,6.824,24,"[[1,1024],[1024,4096]]","[[1,4096]]",0.21,0.58
0,RmsNorm,AI_VECTOR_CORE,AI_VECTOR_CORE,1704161511680241.500,22.091,1.767,24,"[[1,1024],[1024,4096]]","[[1,4096]]",0.05,0.3
0,MatMulV2,AI_CORE,AI_CORE,1704161511680310.250,166.918,13.353,24,"[[1,1024],[1024,4096]]","[[1,4096]]",0.21,0.58
0,FusedInferAttentionScore,AI_CORE,AI_CORE,1704161511680477.250,89.695,7.176,24,"[[1,1024],[1024,4096]]","[[1,4096]]",0.21,0.58
0,RmsNorm,AI_VECTOR_CORE,AI_VECTOR_CORE,1704161511680567.000,18.457,1.477,24,"[[1,1024],[1024,4096]]","[[1,4096]]",0.05,0.3
0,MatMulV2,AI_CORE,AI_CORE,1704161511680637.000,176.162,14.093,24,"[[1,1024],[1024,4096]]","[[1,4096]]",0.21,0.58
0,FusedInferAttentionScore,AI_CORE,AI_CORE,1704161511680813.250,97.108,7.769,24,"[[1,1024],[1024,4096]]","[[1,4096]]",0.21,0.58
0,RmsNorm,AI_VECTOR_CORE,AI_VECTOR_CORE,1704161511680910.250,23.653,1.892,24,"[[1,1024],[1024,4096]]","[[1,4096]]",0.05,0.3
0,MatMulV2,AI_CORE,AI_CORE,1704161511680980.250,165.598,13.248,24,"[[1,1024],[1024,4096]]","[[1,4096]]",0.21,0.58
0,FusedInferAttentionScore,AI_CORE,AI_CORE,1704161511681145.750,95.339,7.627,24,"[[1,1024],[1024,4096]]","[[1,4096]]",0.21,0.58
0,RmsNorm,AI_VECTOR_CORE,AI_VECTOR_CORE,1704161511681241.000,23.327,1.866,24,"[[1,1024],[1024,4096]]","[[1,4096]]",0.05,0.3
0,MatMulV2,AI_CORE,AI_CORE,1704161511681316.500,170.620,13.650,24,"[[1,1024],[1024,4096]]","[[1,4096]]",0.21,0.58
0,FusedInferAttentionScore,AI_CORE,AI_CORE,1704161511681487.000,83.380,6.670,24,"[[1,1024],[1024,4096]]","[[1,4096]]",0.21,0.58
0,RmsNorm,AI_VECTOR_CORE,AI_VECTOR_CORE,1704161511681570.500,25.644,2.051,24,"[[1,1024],[1024,4096]]","[[1,4096]]",0.05,0.3
0,MatMulV2,AI_CORE,AI_CORE,1704161511681643.500,185.393,14.831,24,"[[1,1024],[1024,4096]]","[[1,4096]]",0.21,0.58
0,FusedInferAttentionScore,AI_CORE,AI_CORE,1704161511681829.000,95.385,7.631,24,"[[1,1024],[1024,4096]]","[[1,4096]]",0.21,0.58
0,RmsNorm,AI_VECTOR_CORE,AI_VECTOR_CORE,1704161511681924.500,18.641,1.491,24,"[[1,1024],[1024,4096]]","[[1,4096]]",0.05,0.3
0,MatMulV2,AI_CORE,AI_CORE,1704161511681993.750,173.577,13.886,24,"[[1,1024],[1024,4096]]","[[1,4096]]",0.21,0.58
0,FusedInferAttentionScore,AI_CORE,AI_CORE,1704161511682167.250,89.375,7.150,24,"[[1,1024],[1024,4096]]","[[1,4096]]",0.21,0.58
0,RmsNorm,AI_VECTOR_CORE,AI_VECTOR_CORE,1704161511682256.750,22.718,1.817,24,"[[1,1024],[1024,4096]]","[[1,4096]]",0.05,0.3
0,MatMulV2,AI_CORE,AI_CORE,1704161511682327.250,174.830,13.986,24,"[[1,1024],[1024,4096]]","[[1,4096]]",0.21,0.58
0,FusedInferAttentionScore,AI_CORE,AI_CORE,1704161511682502.000,90.211,7.217,24,"[[1,1024],[1024,4096]]","[[1,4096]]",0.21,0.58
0,RmsNorm,AI_VECTOR_CORE,AI_VECTOR_CORE,1704161511682592.250,21.126,1.690,24,"[[1,1024],[1024,4096]]","[[1,4096]]",0.05,0.3
0,MatMulV2,AI_CORE,AI_CORE,1704161511682663.250,182.516,14.601,24,"[[1,1024],[1024,4096]]","[[1,4096]]",0.21,0.58
0,FusedInferAttentionScore,AI_CORE,AI_CORE,1704161511682845.750,98.864,7.909,24,"[[1,1024],[1024,4096]]","[[1,4096]]",0.21,0.58
0,RmsNorm,AI_VECTOR_CORE,AI_VECTOR_CORE,1704161511682944.500,19.970,1.598,24,"[[1,1024],[1024,4096]]","[[1,4096]]",0.05,0.3
0,MatMulV2,AI_CORE,AI_CORE,1704161511684260.000,163.159,13.053,24,"[[1,1024],[1024,4096]]","[[1,4096]]",0.21,0.58
0,FusedInferAttentionScore,AI_CORE,AI_CORE,1704161511684423.250,86.665,6.933,24,"[[1,1024],[1024,4096]]","[[1,4096]]",0.21,0.58
0,RmsNorm,AI_VECTOR_CORE,AI_VECTOR_CORE,1704161511684510.000,21.011,1.681,24,"[[1,1024],[1024,4096]]","[[1,4096]]",0.05,0.3
0,MatMulV2,AI_CORE,AI_CORE,1704161511684755.250,175.381,14.030,24,"[[1,1024],[1024,4096]]","[[1,4096]]",0.21,0.58
0,FusedInferAttentionScore,AI_CORE,AI_CORE,1704161511684930.750,87.371,6.990,24,"[[1,1024],[1024,4096]]","[[1,4096]]",0.21,0.58
0,RmsNorm,AI_VECTOR_CORE,AI_VECTOR_CORE,1704161511685018.000,21.485,1.719,24,"[[1,1024],[1024,4096]]","[[1,4096]]",0.05,0.3
0,MatMulV2,AI_CORE,AI_CORE,1704161511685087.000,163.854,13.108,24,"[[1,1024],[1024,4096]]","[[1,4096]]",0.21,0.58
0,FusedInferAttentionScore,AI_CORE,AI_CORE,1704161511685250.750,96.645,7.732,24,"[[1,1024],[1024,4096]]","[[1,4096]]",0.21,0.58
0,RmsNorm,AI_VECTOR_CORE,AI_VECTOR_CORE,1704161511685347.500,23.466,1.877,24,"[[1,1024],[1024,4096]]","[[1,4096]]",0.05,0.3
0,MatMulV2,AI_CORE,AI_CORE,1704161511685419.750,170.814,13.665,24,"[[1,1024],[1024,4096]]","[[1,4096]]",0.21,0.58
0,FusedInferAttentionScore,AI_CORE,AI_CORE,1704161511685590.500,98.244,7.860,24,"[[1,1024],[1024,4096]]","[[1,4096]]",0.21,0.58
0,RmsNorm,AI_VECTOR_CORE,AI_VECTOR_CORE,1704161511685688.750,19.710,1.577,24,"[[1,1024],[1024,4096]]","[[1,4096]]",0.05,0.3
0,MatMulV2,AI_CORE,AI_CORE,1704161511685760.750,185.683,14.855,24,"[[1,1024],[1024,4096]]","[[1,4096]]",0.21,0.58
0,FusedInferAttentionScore,AI_CORE,AI_CORE,1704161511685946.500,97.619,7.810,24,"[[1,1024],[1024,4096]]","[[1,4096]]",0.21,0.58
0,RmsNorm,AI_VECTOR_CORE,AI_VECTOR_CORE,1704161511686044.000,18.988,1.519,24,"[[1,1024],[1024,4096]]","[[1,4096]]",0.05,0.3
0,MatMulV2,AI_CORE,AI_CORE,1704161511686111.750,153.449,12.276,24,"[[1,1024],[1024,4096]]","[[1,4096]]",0.21,0.58
0,FusedInferAttentionScore,AI_CORE,AI_CORE,1704161511686265.250,82.195,6.576,24,"[[1,1024],[1024,4096]]","[[1,4096]]",0.21,0.58
0,RmsNorm,AI_VECTOR_CORE,AI_VECTOR_CORE,1704161511686347.500,20.016,1.601,24,"[[1,1024],[1024,4096]]","[[1,4096]]",0.05,0.3
0,MatMulV2,AI_CORE,AI_CORE,1704161511686411.250,154.921,12.394,24,"[[1,1024],[1024,4096]]","[[1,4096]]",0.21,0.58
0,FusedInferAttentionScore,AI_CORE,AI_CORE,1704161511686566.250,93.693,7.495,24,"[[1,1024],[1024,4096]]","[[1,4096]]",0.21,0.58
0,RmsNorm,AI_VECTOR_CORE,AI_VECTOR_CORE,1704161511686660.000,24.171,1.934,24,"[[1,1024],[1024,4096]]","[[1,4096]]",0.05,0.3
0,MatMulV2,AI_CORE,AI_CORE,1704161511686728.250,172.914,13.833,24,"[[1,1024],[1024,4096]]","[[1,4096]]",0.21,0.58
0,FusedInferAttentionScore,AI_CORE,AI_CORE,1704161511686901.250,87.616,7.009,24,"[[1,1024],[1024,4096]]","[[1,4096]]",0.21,0.58
0,RmsNorm,AI_VECTOR_CORE,AI_VECTOR_CORE,1704161511686988.750,20.026,1.602,24,"[[1,1024],[1024,4096]]","[[1,4096]]",0.05,0.3
0,MatMulV2,AI_CORE,AI_CORE,1704161511687061.000,158.896,12.712,24,"[[1,1024],[1024,4096]]","[[1,4096]]",0.21,0.58
0,FusedInferAttentionScore,AI_CORE,AI_CORE,1704161511687220.000,87.588,7.007,24,"[[1,1024],[1024,4096]]","[[1,4096]]",0.21,0.58
0,RmsNorm,AI_VECTOR_CORE,AI_VECTOR_CORE,1704161511687307.500,24.545,1.964,24,"[[1,1024],[1024,4096]]","[[1,4096]]",0.05,0.3
0,MatMulV2,AI_CORE,AI_CORE,1704161511687378.000,171.108,13.689,24,"[[1,1024],[1024,4096]]","[[1,4096]]",0.21,0.58
0,FusedInferAttentionScore,AI_CORE,AI_CORE,1704161511687549.000,84.679,6.774,24,"[[1,1024],[1024,4096]]","[[1,4096]]",0.21,0.58
0,RmsNorm,AI_VECTOR_CORE,AI_VECTOR_CORE,1704161511687633.750,21.574,1.726,24,"[[1,1024],[1024,4096]]","[[1,4096]]",0.05,0.3
0,MatMulV2,AI_CORE,AI_CORE,1704161511687703.500,159.713,12.777,24,"[[1,1024],[1024,4096]]","[[1,4096]]",0.21,0.58
0,FusedInferAttentionScore,AI_CORE,AI_CORE,1704161511687863.250,90.382,7.231,24,"[[1,1024],[1024,4096]]","[[1,4096]]",0.21,0.58
0,RmsNorm,AI_VECTOR_CORE,AI_VECTOR_CORE,1704161511687953.750,18.865,1.509,24,"[[1,1024],[1024,4096]]","[[1,4096]]",0.05,0.3
0,MatMulV2,AI_CORE,AI_CORE,1704161511688015.750,172.990,13.839,24,"[[1,1024],[1024,4096]]","[[1,4096]]",0.21,0.58
0,FusedInferAttentionScore,AI_CORE,AI_CORE,1704161511688188.750,90.395,7.232,24,"[[1,1024],[1024,4096]]","[[1,4096]]",0.21,0.58
0,RmsNorm,AI_VECTOR_CORE,AI_VECTOR_CORE,1704161511688279.250,24.672,1.974,24,"[[1,1024],[1024,4096]]","[[1,4096]]",0.05,0.3
0,MatMulV2,AI_CORE,AI_CORE,1704161511688353.750,169.103,13.528,24,"[[1,1024],[1024,4096]]","[[1,4096]]",0.21,0.58
0,FusedInferAttentionScore,AI_CORE,AI_CORE,1704161511688522.750,82.870,6.630,24,"[[1,1024],[1024,4096]]","[[1,4096]]",0.21,0.58
0,RmsNorm,AI_VECTOR_CORE,AI_VECTOR_CORE,1704161511688605.500,19.954,1.596,24,"[[1,1024],[1024,4096]]","[[1,4096]]",0.05,0.3
0,MatMulV2,AI_CORE,AI_CORE,1704161511688677.750,156.491,12.519,24,"[[1,1024],[1024,4096]]","[[1,4096]]",0.21,0.58
0,FusedInferAttentionScore,AI_CORE,AI_CORE,1704161511688834.250,83.279,6.662,24,"[[1,1024],[1024,4096]]","[[1,4096]]",0.21,0.58
0,RmsNorm,AI_VECTOR_CORE,AI_VECTOR_CORE,1704161511688917.500,22.028,1.762,24,"[[1,1024],[1024,4096]]","[[1,4096]]",0.05,0.3
0,MatMulV2,AI_CORE,AI_CORE,1704161511688982.750,170.392,13.631,24,"[[1,1024],[1024,4096]]","[[1,4096]]",0.21,0.58
0,FusedInferAttentionScore,AI_CORE,AI_CORE,1704161511689153.250,90.554,7.244,24,"[[1,1024],[1024,4096]]","[[1,4096]]",0.21,0.58
0,RmsNorm,AI_VECTOR_CORE,AI_VECTOR_CORE,1704161511689243.750,20.898,1.672,24,"[[1,1024],[1024,4096]]","[[1,4096]]",0.05,0.3
0,MatMulV2,AI_CORE,AI_CORE,1704161511689314.750,179.546,14.364,24,"[[1,1024],[1024,4096]]","[[1,4096]]",0.21,0.58
0,FusedInferAttentionScore,AI_CORE,AI_CORE,1704161511689494.250,85.660,6.853,24,"[[1,1024],[1024,4096]]","[[1,4096]]",0.21,0.58
0,RmsNorm,AI_VECTOR_CORE,AI_VECTOR_CORE,1704161511689580.000,20.513,1.641,24,"[[1,1024],[1024,4096]]","[[1,4096]]",0.05,0.3
0,MatMulV2,AI_CORE,AI_CORE,1704161511689650.750,161.601,12.928,24,"[[1,1024],[1024,4096]]","[[1,4096]]",0.21,0.58
0,FusedInferAttentionScore,AI_CORE,AI_CORE,1704161511689812.250,84.257,6.741,24,"[[1,1024],[1024,4096]]","[[1,4096]]",0.21,0.58
0,RmsNorm,AI_VECTOR_CORE,AI_VECTOR_CORE,1704161511689896.500,23.382,1.871,24,"[[1,1024],[1024,4096]]","[[1,4096]]",0.05,0.3
0,MatMulV2,AI_CORE,AI_CORE,1704161511689970.750,186.255,14.900,24,"[[1,1024],[1024,4096]]","[[1,4096]]",0.21,0.58
0,FusedInferAttentionScore,AI_CORE,AI_CORE,1704161511690157.000,89.602,7.168,24,"[[1,1024],[1024,4096]]","[[1,4096]]",0.21,0.58
0,RmsNorm,AI_VECTOR_CORE,AI_VECTOR_CORE,1704161511690246.500,19.179,1.534,24,"[[1,1024],[1024,4096]]","[[1,4096]]",0.05,0.3
0,MatMulV2,AI_CORE,AI_CORE,1704161511690309.250,183.667,14.693,24,"[[1,1024],[1024,4096]]","[[1,4096]]",0.21,0.58
0,FusedInferAttentionScore,AI_CORE,AI_CORE,1704161511690493.000,84.359,6.749,24,"[[1,1024],[1024,4096]]","[[1,4096]]",0.21,0.58
0,RmsNorm,AI_VECTOR_CORE,AI_VECTOR_CORE,1704161511690577.250,22.590,1.807,24,"[[1,1024],[1024,4096]]","[[1,4096]]",0.05,0.3
0,MatMulV2,AI_CORE,AI_CORE,1704161511690643.250,172.168,13.773,24,"[[1,1024],[1024,4096]]","[[1,4096]]",0.21,0.58
0,FusedInferAttentionScore,AI_CORE,AI_CORE,1704161511690815.500,96.455,7.716,24,"[[1,1024],[1024,4096]]","[[1,4096]]",0.21,0.58
0,RmsNorm,AI_VECTOR_CORE,AI_VECTOR_CORE,1704161511690912.000,23.025,1.842,24,"[[1,1024],[1024,4096]]","[[1,4096]]",0.05,0.3
0,MatMulV2,AI_CORE,AI_CORE,1704161511690983.250,163.794,13.104,24,"[[1,1024],[1024,4096]]","[[1,4096]]",0.21,0.58
0,FusedInferAttentionScore,AI_CORE,AI_CORE,1704161511691147.000,90.661,7.253,24,"[[1,1024],[1024,4096]]","[[1,4096]]",0.21,0.58
0,RmsNorm,AI_VECTOR_CORE,AI_VECTOR_CORE,1704161511691237.750,19.042,1.523,24,"[[1,1024],[1024,4096]]","[[1,4096]]",0.05,0.3
0,MatMulV2,AI_CORE,AI_CORE,1704161511691303.500,164.695,13.176,24,"[[1,1024],[1024,4096]]","[[1,4096]]",0.21,0.58
0,FusedInferAttentionScore,AI_CORE,AI_CORE,1704161511691468.250,90.032,7.203,24,"[[1,1024],[1024,4096]]","[[1,4096]]",0.21,0.58
0,RmsNorm,AI_VECTOR_CORE,AI_VECTOR_CORE,1704161511691558.250,22.115,1.769,24,"[[1,1024],[1024,4096]]","[[1,4096]]",0.05,0.3
0,MatMulV2,AI_CORE,AI_CORE,1704161511691626.500,185.921,14.874,24,"[[1,1024],[1024,4096]]","[[1,4096]]",0.21,0.58
0,FusedInferAttentionScore,AI_CORE,AI_CORE,1704161511691812.500,89.876,7.190,24,"[[1,1024],[1024,4096]]","[[1,4096]]",0.21,0.58
0,RmsNorm,AI_VECTOR_CORE,AI_VECTOR_CORE,1704161511691902.500,22.187,1.775,24,"[[1,1024],[1024,4096]]","[[1,4096]]",0.05,0.3
0,MatMulV2,AI_CORE,AI_CORE,1704161511691977.500,154.644,12.371,24,"[[1,1024],[1024,4096]]","[[1,4096]]",0.21,0.58
0,FusedInferAttentionScore,AI_CORE,AI_CORE,1704161511692132.250,87.408,6.993,24,"[[1,1024],[1024,4096]]","[[1,4096]]",0.21,0.58
0,RmsNorm,AI_VECTOR_CORE,AI_VECTOR_CORE,1704161511692219.750,24.043,1.923,24,"[[1,1024],[1024,4096]]","[[1,4096]]",0.05,0.3
0,MatMulV2,AI_CORE,AI_CORE,1704161511692296.500,168.324,13.466,24,"[[1,1024],[1024,4096]]","[[1,4096]]",0.21,0.58
0,FusedInferAttentionScore,AI_CORE,AI_CORE,1704161511692464.750,86.738,6.939,24,"[[1,1024],[1024,4096]]","[[1,4096]]",0.21,0.58
0,RmsNorm,AI_VECTOR_CORE,AI_VECTOR_CORE,1704161511692551.500,19.344,1.548,24,"[[1,1024],[1024,4096]]","[[1,4096]]",0.05,0.3
0,MatMulV2,AI_CORE,AI_CORE,1704161511692618.250,182.876,14.630,24,"[[1,1024],[1024,4096]]","[[1,4096]]",0.21,0.58
0,FusedInferAttentionScore,AI_CORE,AI_CORE,1704161511692801.250,87.350,6.988,24,"[[1,1024],[1024,4096]]","[[1,4096]]",0.21,0.58
0,RmsNorm,AI_VECTOR_CORE,AI_VECTOR_CORE,1704161511692888.500,25.354,2.028,24,"[[1,1024],[1024,4096]]","[[1,4096]]",0.05,0.3
0,MatMulV2,AI_CORE,AI_CORE,1704161511692961.500,172.336,13.787,24,"[[1,1024],[1024,4096]]","[[1,4096]]",0.21,0.58
0,FusedInferAttentionScore,AI_CORE,AI_CORE,1704161511693133.750,86.743,6.939,24,"[[1,1024],[1024,4096]]","[[1,4096]]",0.21,0.58
0,RmsNorm,AI_VECTOR_CORE,AI_VECTOR_CORE,1704161511693220.500,24.400,1.952,24,"[[1,1024],[1024,4096]]","[[1,4096]]",0.05,0.3
0,MatMulV2,AI_CORE,AI_CORE,1704161511693295.000,174.095,13.928,24,"[[1,1024],[1024,4096]]","[[1,4096]]",0.21,0.58
0,FusedInferAttentionScore,AI_CORE,AI_CORE,1704161511693469.000,96.363,7.709,24,"[[1,1024],[1024,4096]]","[[1,4096]]",0.21,0.58
0,RmsNorm,AI_VECTOR_CORE,AI_VECTOR_CORE,1704161511693565.250,18.708,1.497,24,"[[1,1024],[1024,4096]]","[[1,4096]]",0.05,0.3
0,MatMulV2,AI_CORE,AI_CORE,1704161511693632.000,186.195,14.896,24,"[[1,1024],[1024,4096]]","[[1,4096]]",0.21,0.58
0,FusedInferAttentionScore,AI_CORE,AI_CORE,1704161511693818.250,84.512,6.761,24,"[[1,1024],[1024,4096]]","[[1,4096]]",0.21,0.58
0,RmsNorm,AI_VECTOR_CORE,AI_VECTOR_CORE,1704161511693902.750,21.443,1.715,24,"[[1,1024],[1024,4096]]","[[1,4096]]",0.05,0.3
0,MatMulV2,AI_CORE,AI_CORE,1704161511693974.500,163.754,13.100,24,"[[1,1024],[1024,4096]]","[[1,4096]]",0.21,0.58
0,FusedInferAttentionScore,AI_CORE,AI_CORE,1704161511694138.250,88.367,7.069,24,"[[1,1024],[1024,4096]]","[[1,4096]]",0.21,0.58
0,RmsNorm,AI_VECTOR_CORE,AI_VECTOR_CORE,1704161511694226.500,18.199,1.456,24,"[[1,1024],[1024,4096]]","[[1,4096]]",0.05,0.3
0,MatMulV2,AI_CORE,AI_CORE,1704161511694288.500,166.018,13.281,24,"[[1,1024],[1024,4096]]","[[1,4096]]",0.21,0.58
0,FusedInferAttentionScore,AI_CORE,AI_CORE,1704161511694454.500,93.778,7.502,24,"[[1,1024],[1024,4096]]","[[1,4096]]",0.21,0.58
0,RmsNorm,AI_VECTOR_CORE,AI_VECTOR_CORE,1704161511694548.250,23.364,1.869,24,"[[1,1024],[1024,4096]]","[[1,4096]]",0.05,0.3
0,MatMulV2,AI_CORE,AI_CORE,1704161511694616.250,170.095,13.608,24,"[[1,1024],[1024,4096]]","[[1,4096]]",0.21,0.58
0,FusedInferAttentionScore,AI_CORE,AI_CORE,1704161511694786.250,95.999,7.680,24,"[[1,1024],[1024,4096]]","[[1,4096]]",0.21,0.58
0,RmsNorm,AI_VECTOR_CORE,AI_VECTOR_CORE,1704161511694882.250,23.621,1.890,24,"[[1,1024],[1024,4096]]","[[1,4096]]",0.05,0.3
0,MatMulV2,AI_CORE,AI_CORE,1704161511696260.000,169.658,13.573,24,"[[1,1024],[1024,4096]]","[[1,4096]]",0.21,0.58
0,FusedInferAttentionScore,AI_CORE,AI_CORE,1704161511696429.750,83.089,6.647,24,"[[1,1024],[1024,4096]]","[[1,4096]]",0.21,0.58
0,RmsNorm,AI_VECTOR_CORE,AI_VECTOR_CORE,1704161511696512.750,23.209,1.857,24,"[[1,1024],[1024,4096]]","[[1,4096]]",0.05,0.3
0,MatMulV2,AI_CORE,AI_CORE,1704161511696766.000,184.790,14.783,24,"[[1,1024],[1024,4096]]","[[1,4096]]",0.21,0.58
0,FusedInferAttentionScore,AI_CORE,AI_CORE,1704161511696950.750,98.558,7.885,24,"[[1,1024],[1024,4096]]","[[1,4096]]",0.21,0.58
0,RmsNorm,AI_VECTOR_CORE,AI_VECTOR_CORE,1704161511697049.250,19.025,1.522,24,"[[1,1024],[1024,4096]]","[[1,4096]]",0.05,0.3
0,MatMulV2,AI_CORE,AI_CORE,1704161511697112.250,179.488,14.359,24,"[[1,1024],[1024,4096]]","[[1,4096]]",0.21,0.58
0,FusedInferAttentionScore,AI_CORE,AI_CORE,1704161511697291.750,91.290,7.303,24,"[[1,1024],[1024,4096]]","[[1,4096]]",0.21,0.58
0,RmsNorm,AI_VECTOR_CORE,AI_VECTOR_CORE,1704161511697383.000,17.812,1.425,24,"[[1,1024],[1024,4096]]","[[1,4096]]",0.05,0.3
0,MatMulV2,AI_CORE,AI_CORE,1704161511697450.500,159.338,12.747,24,"[[1,1024],[1024,4096]]","[[1,4096]]",0.21,0.58
0,FusedInferAttentionScore,AI_CORE,AI_CORE,1704161511697609.750,85.934,6.875,24,"[[1,1024],[1024,4096]]","[[1,4096]]",0.21,0.58
0,RmsNorm,AI_VECTOR_CORE,AI_VECTOR_CORE,1704161511697695.750,20.868,1.669,24,"[[1,1024],[1024,4096]]","[[1,4096]]",0.05,0.3
0,MatMulV2,AI_CORE,AI_CORE,1704161511697769.000,157.530,12.602,24,"[[1,1024],[1024,4096]]","[[1,4096]]",0.21,0.58
0,FusedInferAttentionScore,AI_CORE,AI_CORE,1704161511697926.500,92.313,7.385,24,"[[1,1024],[1024,4096]]","[[1,4096]]",0.21,0.58
0,RmsNorm,AI_VECTOR_CORE,AI_VECTOR_CORE,1704161511698018.750,24.130,1.930,24,"[[1,1024],[1024,4096]]","[[1,4096]]",0.05,0.3
0,MatMulV2,AI_CORE,AI_CORE,1704161511698093.750,165.583,13.247,24,"[[1,1024],[1024,4096]]","[[1,4096]]",0.21,0.58
0,FusedInferAttentionScore,AI_CORE,AI_CORE,1704161511698259.250,82.631,6.610,24,"[[1,1024],[1024,4096]]","[[1,4096]]",0.21,0.58
0,RmsNorm,AI_VECTOR_CORE,AI_VECTOR_CORE,1704161511698342.000,21.568,1.725,24,"[[1,1024],[1024,4096]]","[[1,4096]]",0.05,0.3
0,MatMulV2,AI_CORE,AI_CORE,1704161511698410.250,176.342,14.107,24,"[[1,1024],[1024,4096]]","[[1,4096]]",0.21,0.58
0,FusedInferAttentionScore,AI_CORE,AI_CORE,1704161511698586.500,84.302,6.744,24,"[[1,1024],[1024,4096]]","[[1,4096]]",0.21,0.58
0,RmsNorm,AI_VECTOR_CORE,AI_VECTOR_CORE,1704161511698670.750,26.146,2.092,24,"[[1,1024],[1024,4096]]","[[1,4096]]",0.05,0.3
0,MatMulV2,AI_CORE,AI_CORE,1704161511698746.500,176.134,14.091,24,"[[1,1024],[1024,4096]]","[[1,4096]]",0.21,0.58
0,FusedInferAttentionScore,AI_CORE,AI_CORE,1704161511698922.750,93.910,7.513,24,"[[1,1024],[1024,4096]]","[[1,4096]]",0.21,0.58
0,RmsNorm,AI_VECTOR_CORE,AI_VECTOR_CORE,1704161511699016.750,23.245,1.860,24,"[[1,1024],[1024,4096]]","[[1,4096]]",0.05,0.3
0,MatMulV2,AI_CORE,AI_CORE,1704161511699089.000,169.499,13.560,24,"[[1,1024],[1024,4096]]","[[1,4096]]",0.21,0.58
0,FusedInferAttentionScore,AI_CORE,AI_CORE,1704161511699258.500,98.349,7.868,24,"[[1,1024],[1024,4096]]","[[1,4096]]",0.21,0.58
0,RmsNorm,AI_VECTOR_CORE,AI_VECTOR_CORE,1704161511699356.750,20.038,1.603,24,"[[1,1024],[1024,4096]]","[[1,4096]]",0.05,0.3
0,MatMulV2,AI_CORE,AI_CORE,1704161511699425.250,158.399,12.672,24,"[[1,1024],[1024,4096]]","[[1,4096]]",0.21,0.58
0,FusedInferAttentionScore,AI_CORE,AI_CORE,1704161511699583.750,97.665,7.813,24,"[[1,1024],[1024,4096]]","[[1,4096]]",0.21,0.58
0,RmsNorm,AI_VECTOR_CORE,AI_VECTOR_CORE,1704161511699681.500,22.102,1.768,24,"[[1,1024],[1024,4096]]","[[1,4096]]",0.05,0.3
0,MatMulV2,AI_CORE,AI_CORE,1704161511699752.250,176.310,14.105,24,"[[1,1024],[1024,4096]]","[[1,4096]]",0.21,0.58
0,FusedInferAttentionScore,AI_CORE,AI_CORE,1704161511699928.500,82.643,6.611,24,"[[1,1024],[1024,4096]]","[[1,4096]]",0.21,0.58
0,RmsNorm,AI_VECTOR_CORE,AI_VECTOR_CORE,1704161511700011.250,25.949,2.076,24,"[[1,1024],[1024,4096]]","[[1,4096]]",0.05,0.3
0,MatMulV2,AI_CORE,AI_CORE,1704161511700089.500,180.105,14.408,24,"[[1,1024],[1024,4096]]","[[1,4096]]",0.21,0.58
0,FusedInferAttentionScore,AI_CORE,AI_CORE,1704161511700269.500,86.646,6.932,24,"[[1,1024],[1024,4096]]","[[1,4096]]",0.21,0.58
0,RmsNorm,AI_VECTOR_CORE,AI_VECTOR_CORE,1704161511700356.250,21.578,1.726,24,"[[1,1024],[1024,4096]]","[[1,4096]]",0.05,0.3
0,MatMulV2,AI_CORE,AI_CORE,1704161511700430.250,155.141,12.411,24,"[[1,1024],[1024,4096]]","[[1,4096]]",0.21,0.58
0,FusedInferAttentionScore,AI_CORE,AI_CORE,1704161511700585.500,93.766,7.501,24,"[[1,1024],[1024,4096]]","[[1,4096]]",0.21,0.58
0,RmsNorm,AI_VECTOR_CORE,AI_VECTOR_CORE,1704161511700679.250,18.913,1.513,24,"[[1,1024],[1024,4096]]","[[1,4096]]",0.05,0.3
0,MatMulV2,AI_CORE,AI_CORE,1704161511700744.750,185.438,14.835,24,"[[1,1024],[1024,4096]]","[[1,4096]]",0.21,0.58
0,FusedInferAttentionScore,AI_CORE,AI_CORE,1704161511700930.250,93.801,7.504,24,"[[1,1024],[1024,4096]]","[[1,4096]]",0.21,0.58
0,RmsNorm,AI_VECTOR_CORE,AI_VECTOR_CORE,1704161511701024.000,26.243,2.099,24,"[[1,1024],[1024,4096]]","[[1,4096]]",0.05,0.3
0,MatMulV2,AI_CORE,AI_CORE,1704161511701097.750,181.378,14.510,24,"[[1,1024],[1024,4096]]","[[1,4096]]",0.21,0.58
0,FusedInferAttentionScore,AI_CORE,AI_CORE,1704161511701279.250,93.094,7.447,24,"[[1,1024],[1024,4096]]","[[1,4096]]",0.21,0.58
0,RmsNorm,AI_VECTOR_CORE,AI_VECTOR_CORE,1704161511701372.250,25.325,2.026,24,"[[1,1024],[1024,4096]]","[[1,4096]]",0.05,0.3
0,MatMulV2,AI_CORE,AI_CORE,1704161511701449.000,155.816,12.465,24,"[[1,1024],[1024,4096]]","[[1,4096]]",0.21,0.58
0,FusedInferAttentionScore,AI_CORE,AI_CORE,1704161511701604.750,92.758,7.421,24,"[[1,1024],[1024,4096]]","[[1,4096]]",0.21,0.58
0,RmsNorm,AI_VECTOR_CORE,AI_VECTOR_CORE,1704161511701697.500,25.251,2.020,24,"[[1,1024],[1024,4096]]","[[1,4096]]",0.05,0.3
0,MatMulV2,AI_CORE,AI_CORE,1704161511701766.500,180.009,14.401,24,"[[1,1024],[1024,4096]]","[[1,4096]]",0.21,0.58
0,FusedInferAttentionScore,AI_CORE,AI_CORE,1704161511701946.500,86.338,6.907,24,"[[1,1024],[1024,4096]]","[[1,4096]]",0.21,0.58
0,RmsNorm,AI_VECTOR_CORE,AI_VECTOR_CORE,1704161511702032.750,24.169,1.934,24,"[[1,1024],[1024,4096]]","[[1,4096]]",0.05,0.3
0,MatMulV2,AI_CORE,AI_CORE,1704161511702102.750,179.282,14.343,24,"[[1,1024],[1024,4096]]","[[1,4096]]",0.21,0.58
0,FusedInferAttentionScore,AI_CORE,AI_CORE,1704161511702282.000,97.415,7.793,24,"[[1,1024],[1024,4096]]","[[1,4096]]",0.21,0.58
0,RmsNorm,AI_VECTOR_CORE,AI_VECTOR_CORE,1704161511702379.500,18.134,1.451,24,"[[1,1024],[1024,4096]]","[[1,4096]]",0.05,0.3
0,MatMulV2,AI_CORE,AI_CORE,1704161511702445.500,178.825,14.306,24,"[[1,1024],[1024,4096]]","[[1,4096]]",0.21,0.58
0,FusedInferAttentionScore,AI_CORE,AI_CORE,1704161511702624.250,84.203,6.736,24,"[[1,1024],[1024,4096]]","[[1,4096]]",0.21,0.58
0,RmsNorm,AI_VECTOR_CORE,AI_VECTOR_CORE,1704161511702708.500,22.588,1.807,24,"[[1,1024],[1024,4096]]","[[1,4096]]",0.05,0.3
0,MatMulV2,AI_CORE,AI_CORE,1704161511702780.750,156.526,12.522,24,"[[1,1024],[1024,4096]]","[[1,4096]]",0.21,0.58
0,FusedInferAttentionScore,AI_CORE,AI_CORE,1704161511702937.250,82.664,6.613,24,"[[1,1024],[1024,4096]]","[[1,4096]]",0.21,0.58
0,RmsNorm,AI_VECTOR_CORE,AI_VECTOR_CORE,1704161511703020.000,21.352,1.708,24,"[[1,1024],[1024,4096]]","[[1,4096]]",0.05,0.3
0,MatMulV2,AI_CORE,AI_CORE,1704161511703089.250,164.260,13.141,24,"[[1,1024],[1024,4096]]","[[1,4096]]",0.21,0.58
0,FusedInferAttentionScore,AI_CORE,AI_CORE,1704161511703253.500,82.170,6.574,24,"[[1,1024],[1024,4096]]","[[1,4096]]",0.21,0.58
0,RmsNorm,AI_VECTOR_CORE,AI_VECTOR_CORE,1704161511703335.750,24.210,1.937,24,"[[1,1024],[1024,4096]]","[[1,4096]]",0.05,0.3
0,MatMulV2,AI_CORE,AI_CORE,1704161511703410.250,163.526,13.082,24,"[[1,1024],[1024,4096]]","[[1,4096]]",0.21,0.58
0,FusedInferAttentionScore,AI_CORE,AI_CORE,1704161511703573.750,86.243,6.899,24,"[[1,1024],[1024,4096]]","[[1,4096]]",0.21,0.58
0,RmsNorm,AI_VECTOR_CORE,AI_VECTOR_CORE,1704161511703660.000,20.391,1.631,24,"[[1,1024],[1024,4096]]","[[1,4096]]",0.05,0.3
0,MatMulV2,AI_CORE,AI_CORE,1704161511703728.500,185.844,14.867,24,"[[1,1024],[1024,4096]]","[[1,4096]]",0.21,0.58
0,FusedInferAttentionScore,AI_CORE,AI_CORE,1704161511703914.250,95.411,7.633,24,"[[1,1024],[1024,4096]]","[[1,4096]]",0.21,0.58
0,RmsNorm,AI_VECTOR_CORE,AI_VECTOR_CORE,1704161511704009.750,22.217,1.777,24,"[[1,1024],[1024,4096]]","[[1,4096]]",0.05,0.3
0,MatMulV2,AI_CORE,AI_CORE,1704161511704078.500,178.819,14.306,24,"[[1,1024],[1024,4096]]","[[1,4096]]",0.21,0.58
0,FusedInferAttentionScore,AI_CORE,AI_CORE,1704161511704257.250,95.704,7.656,24,"[[1,1024],[1024,4096]]","[[1,4096]]",0.21,0.58
0,RmsNorm,AI_VECTOR_CORE,AI_VECTOR_CORE,1704161511704353.000,25.813,2.065,24,"[[1,1024],[1024,4096]]","[[1,4096]]",0.05,0.3
0,MatMulV2,AI_CORE,AI_CORE,1704161511704422.250,165.282,13.223,24,"[[1,1024],[1024,4096]]","[[1,4096]]",0.21,0.58
0,FusedInferAttentionScore,AI_CORE,AI_CORE,1704161511704587.500,86.821,6.946,24,"[[1,1024],[1024,4096]]","[[1,4096]]",0.21,0.58
0,RmsNorm,AI_VECTOR_CORE,AI_VECTOR_CORE,1704161511704674.250,25.973,2.078,24,"[[1,1024],[1024,4096]]","[[1,4096]]",0.05,0.3
0,MatMulV2,AI_CORE,AI_CORE,1704161511704744.000,161.397,12.912,24,"[[1,1024],[1024,4096]]","[[1,4096]]",0.21,0.58
0,FusedInferAttentionScore,AI_CORE,AI_CORE,1704161511704905.500,98.511,7.881,24,"[[1,1024],[1024,4096]]","[[1,4096]]",0.21,0.58
0,RmsNorm,AI_VECTOR_CORE,AI_VECTOR_CORE,1704161511705004.000,22.054,1.764,24,"[[1,1024],[1024,4096]]","[[1,4096]]",0.05,0.3
0,MatMulV2,AI_CORE,AI_CORE,1704161511705071.750,158.168,12.653,24,"[[1,1024],[1024,4096]]","[[1,4096]]",0.21,0.58
0,FusedInferAttentionScore,AI_CORE,AI_CORE,1704161511705230.000,94.178,7.534,24,"[[1,1024],[1024,4096]]","[[1,4096]]",0.21,0.58
0,RmsNorm,AI_VECTOR_CORE,AI_VECTOR_CORE,1704161511705324.250,24.398,1.952,24,"[[1,1024],[1024,4096]]","[[1,4096]]",0.05,0.3
0,MatMulV2,AI_CORE,AI_CORE,1704161511705400.750,173.225,13.858,24,"[[1,1024],[1024,4096]]","[[1,4096]]",0.21,0.58
0,FusedInferAttentionScore,AI_CORE,AI_CORE,1704161511705574.000,97.266,7.781,24,"[[1,1024],[1024,4096]]","[[1,4096]]",0.21,0.58
0,RmsNorm,AI_VECTOR_CORE,AI_VECTOR_CORE,1704161511705671.250,20.170,1.614,24,"[[1,1024],[1024,4096]]","[[1,4096]]",0.05,0.3
0,MatMulV2,AI_CORE,AI_CORE,1704161511705734.750,184.313,14.745,24,"[[1,1024],[1024,4096]]","[[1,4096]]",0.21,0.58
0,FusedInferAttentionScore,AI_CORE,AI_CORE,1704161511705919.000,88.431,7.074,24,"[[1,1024],[1024,4096]]","[[1,4096]]",0.21,0.58
0,RmsNorm,AI_VECTOR_CORE,AI_VECTOR_CORE,1704161511706007.500,18.086,1.447,24,"[[1,1024],[1024,4096]]","[[1,4096]]",0.05,0.3
0,MatMulV2,AI_CORE,AI_CORE,1704161511706078.000,172.384,13.791,24,"[[1,1024],[1024,4096]]","[[1,4096]]",0.21,0.58
0,FusedInferAttentionScore,AI_CORE,AI_CORE,1704161511706250.500,90.053,7.204,24,"[[1,1024],[1024,4096]]","[[1,4096]]",0.21,0.58
0,RmsNorm,AI_VECTOR_CORE,AI_VECTOR_CORE,1704161511706340.500,20.938,1.675,24,"[[1,1024],[1024,4096]]","[[1,4096]]",0.05,0.3
0,MatMulV2,AI_CORE,AI_CORE,1704161511706414.250,170.700,13.656,24,"[[1,1024],[1024,4096]]","[[1,4096]]",0.21,0.58
0,FusedInferAttentionScore,AI_CORE,AI_CORE,1704161511706585.000,85.105,6.808,24,"[[1,1024],[1024,4096]]","[[1,4096]]",0.21,0.58
0,RmsNorm,AI_VECTOR_CORE,AI_VECTOR_CORE,1704161511706670.000,23.383,1.871,24,"[[1,1024],[1024,4096]]","[[1,4096]]",0.05,0.3
0,MatMulV2,AI_CORE,AI_CORE,1704161511706738.750,156.845,12.548,24,"[[1,1024],[1024,4096]]","[[1,4096]]",0.21,0.58
0,FusedInferAttentionScore,AI_CORE,AI_CORE,1704161511706895.500,87.913,7.033,24,"[[1,1024],[1024,4096]]","[[1,4096]]",0.21,0.58
0,RmsNorm,AI_VECTOR_CORE,AI_VECTOR_CORE,1704161511706983.500,20.304,1.624,24,"[[1,1024],[1024,4096]]","[[1,4096]]",0.05,0.3
