Device_id,Name,Input Shapes,Call Stack,Host Self Duration(us),Host Total Duration(us),Device Self Duration(us),Device Total Duration(us),mac_ratio,mte2_ratio
0,MatMulV2,"[[1,1024],[1024,4096]]",vllm/worker/model_runner.py:1234,6.5,9.8,178.306,182.306,0.21,0.58
0,FusedInferAttentionScore,"[[1,1024],[1024,4096]]",vllm/worker/model_runner.py:1234,6.5,9.8,92.82,96.82,0.21,0.58
0,RmsNorm,"[[1,1024],[1024,4096]]",vllm/worker/model_runner.py:1234,6.5,9.8,19.235,23.235,0.21,0.58
0,AllReduce,"[[1,1024],[1024,4096]]",vllm/worker/model_runner.py:1234,6.5,9.8,46.673,50.673,0.21,0.58
0,aclrtMemcpyAsync_D2H,"[[1,1024],[1024,4096]]",vllm/worker/model_runner.py:1234,6.5,9.8,180,184,0.21,0.58
0,MatMulV2,"[[1,1024],[1024,4096]]",vllm/worker/model_runner.py:1234,6.5,9.8,167.175,171.175,0.21,0.58
0,FusedInferAttentionScore,"[[1,1024],[1024,4096]]",vllm/worker/model_runner.py:1234,6.5,9.8,89.402,93.402,0.21,0.58
0,RmsNorm,"[[1,1024],[1024,4096]]",vllm/worker/model_runner.py:1234,6.5,9.8,20.273,24.273,0.21,0.58
0,AllReduce,"[[1,1024],[1024,4096]]",vllm/worker/model_runner.py:1234,6.5,9.8,51.19,55.19,0.21,0.58
0,MatMulV2,"[[1,1024],[1024,4096]]",vllm/worker/model_runner.py:1234,6.5,9.8,157.378,161.378,0.21,0.58
0,FusedInferAttentionScore,"[[1,1024],[1024,4096]]",vllm/worker/model_runner.py:1234,6.5,9.8,94.202,98.202,0.21,0.58
0,RmsNorm,"[[1,1024],[1024,4096]]",vllm/worker/model_runner.py:1234,6.5,9.8,25.212,29.212,0.21,0.58
0,AllReduce,"[[1,1024],[1024,4096]]",vllm/worker/model_runner.py:1234,6.5,9.8,46.656,50.656,0.21,0.58
0,MatMulV2,"[[1,1024],[1024,4096]]",vllm/worker/model_runner.py:1234,6.5,9.8,166.427,170.427,0.21,0.58
0,FusedInferAttentionScore,"[[1,1024],[1024,4096]]",vllm/worker/model_runner.py:1234,6.5,9.8,91.752,95.752,0.21,0.58
0,RmsNorm,"[[1,1024],[1024,4096]]",vllm/worker/model_runner.py:1234,6.5,9.8,20.216,24.216,0.21,0.58
0,AllReduce,"[[1,1024],[1024,4096]]",vllm/worker/model_runner.py:1234,6.5,9.8,51.525,55.525,0.21,0.58
0,MatMulV2,"[[1,1024],[1024,4096]]",vllm/worker/model_runner.py:1234,6.5,9.8,160.721,164.721,0.21,0.58
0,FusedInferAttentionScore,"[[1,1024],[1024,4096]]",vllm/worker/model_runner.py:1234,6.5,9.8,90.803,94.803,0.21,0.58
0,RmsNorm,"[[1,1024],[1024,4096]]",vllm/worker/model_runner.py:1234,6.5,9.8,18.259,22.259,0.21,0.58
0,AllReduce,"[[1,1024],[1024,4096]]",vllm/worker/model_runner.py:1234,6.5,9.8,43.841,47.841,0.21,0.58
0,MatMulV2,"[[1,1024],[1024,4096]]",vllm/worker/model_runner.py:1234,6.5,9.8,164.03,168.03,0.21,0.58
0,FusedInferAttentionScore,"[[1,1024],[1024,4096]]",vllm/worker/model_runner.py:1234,6.5,9.8,87.4,91.4,0.21,0.58
0,RmsNorm,"[[1,1024],[1024,4096]]",vllm/worker/model_runner.py:1234,6.5,9.8,18.833,22.833,0.21,0.58
0,AllReduce,"[[1,1024],[1024,4096]]",vllm/worker/model_runner.py:1234,6.5,9.8,44.76,48.76,0.21,0.58
0,MatMulV2,"[[1,1024],[1024,4096]]",vllm/worker/model_runner.py:1234,6.5,9.8,153.915,157.915,0.21,0.58
0,FusedInferAttentionScore,"[[1,1024],[1024,4096]]",vllm/worker/model_runner.py:1234,6.5,9.8,89.42,93.42,0.21,0.58
0,RmsNorm,"[[1,1024],[1024,4096]]",vllm/worker/model_runner.py:1234,6.5,9.8,19.545,23.545,0.21,0.58
0,AllReduce,"[[1,1024],[1024,4096]]",vllm/worker/model_runner.py:1234,6.5,9.8,49.844,53.844,0.21,0.58
0,MatMulV2,"[[1,1024],[1024,4096]]",vllm/worker/model_runner.py:1234,6.5,9.8,173.73,177.73,0.21,0.58
0,FusedInferAttentionScore,"[[1,1024],[1024,4096]]",vllm/worker/model_runner.py:1234,6.5,9.8,85.863,89.863,0.21,0.58
0,RmsNorm,"[[1,1024],[1024,4096]]",vllm/worker/model_runner.py:1234,6.5,9.8,24.17,28.17,0.21,0.58
0,AllReduce,"[[1,1024],[1024,4096]]",vllm/worker/model_runner.py:1234,6.5,9.8,49.447,53.447,0.21,0.58
0,MatMulV2,"[[1,1024],[1024,4096]]",vllm/worker/model_runner.py:1234,6.5,9.8,178.372,182.372,0.21,0.58
0,FusedInferAttentionScore,"[[1,1024],[1024,4096]]",vllm/worker/model_runner.py:1234,6.5,9.8,82.678,86.678,0.21,0.58
0,RmsNorm,"[[1,1024],[1024,4096]]",vllm/worker/model_runner.py:1234,6.5,9.8,20.371,24.371,0.21,0.58
0,AllReduce,"[[1,1024],[1024,4096]]",vllm/worker/model_runner.py:1234,6.5,9.8,45.981,49.981,0.21,0.58
0,MatMulV2,"[[1,1024],[1024,4096]]",vllm/worker/model_runner.py:1234,6.5,9.8,160.427,164.427,0.21,0.58
0,FusedInferAttentionScore,"[[1,1024],[1024,4096]]",vllm/worker/model_runner.py:1234,6.5,9.8,97.404,101.404,0.21,0.58
0,RmsNorm,"[[1,1024],[1024,4096]]",vllm/worker/model_runner.py:1234,6.5,9.8,25.653,29.653,0.21,0.58
0,AllReduce,"[[1,1024],[1024,4096]]",vllm/worker/model_runner.py:1234,6.5,9.8,45.372,49.372,0.21,0.58
0,MatMulV2,"[[1,1024],[1024,4096]]",vllm/worker/model_runner.py:1234,6.5,9.8,159.88,163.88,0.21,0.58
0,FusedInferAttentionScore,"[[1,1024],[1024,4096]]",vllm/worker/model_runner.py:1234,6.5,9.8,81.404,85.404,0.21,0.58
0,RmsNorm,"[[1,1024],[1024,4096]]",vllm/worker/model_runner.py:1234,6.5,9.8,20.753,24.753,0.21,0.58
0,AllReduce,"[[1,1024],[1024,4096]]",vllm/worker/model_runner.py:1234,6.5,9.8,50.488,54.488,0.21,0.58
0,MatMulV2,"[[1,1024],[1024,4096]]",vllm/worker/model_runner.py:1234,6.5,9.8,177.033,181.033,0.21,0.58
0,FusedInferAttentionScore,"[[1,1024],[1024,4096]]",vllm/worker/model_runner.py:1234,6.5,9.8,84.977,88.977,0.21,0.58
0,RmsNorm,"[[1,1024],[1024,4096]]",vllm/worker/model_runner.py:1234,6.5,9.8,23.049,27.049,0.21,0.58
0,AllReduce,"[[1,1024],[1024,4096]]",vllm/worker/model_runner.py:1234,6.5,9.8,48.274,52.274,0.21,0.58
0,MatMulV2,"[[1,1024],[1024,4096]]",vllm/worker/model_runner.py:1234,6.5,9.8,186.789,190.789,0.21,0.58
0,FusedInferAttentionScore,"[[1,1024],[1024,4096]]",vllm/worker/model_runner.py:1234,6.5,9.8,85.131,89.131,0.21,0.58
0,RmsNorm,"[[1,1024],[1024,4096]]",vllm/worker/model_runner.py:1234,6.5,9.8,17.963,21.963,0.21,0.58
0,AllReduce,"[[1,1024],[1024,4096]]",vllm/worker/model_runner.py:1234,6.5,9.8,51.939,55.939,0.21,0.58
0,MatMulV2,"[[1,1024],[1024,4096]]",vllm/worker/model_runner.py:1234,6.5,9.8,154.967,158.967,0.21,0.58
0,FusedInferAttentionScore,"[[1,1024],[1024,4096]]",vllm/worker/model_runner.py:1234,6.5,9.8,88.291,92.291,0.21,0.58
0,RmsNorm,"[[1,1024],[1024,4096]]",vllm/worker/model_runner.py:1234,6.5,9.8,22.977,26.977,0.21,0.58
0,AllReduce,"[[1,1024],[1024,4096]]",vllm/worker/model_runner.py:1234,6.5,9.8,50.765,54.765,0.21,0.58
0,MatMulV2,"[[1,1024],[1024,4096]]",vllm/worker/model_runner.py:1234,6.5,9.8,169.801,173.801,0.21,0.58
0,FusedInferAttentionScore,"[[1,1024],[1024,4096]]",vllm/worker/model_runner.py:1234,6.5,9.8,98.73,102.73,0.21,0.58
0,RmsNorm,"[[1,1024],[1024,4096]]",vllm/worker/model_runner.py:1234,6.5,9.8,24.208,28.208,0.21,0.58
0,AllReduce,"[[1,1024],[1024,4096]]",vllm/worker/model_runner.py:1234,6.5,9.8,48.864,52.864,0.21,0.58
0,MatMulV2,"[[1,1024],[1024,4096]]",vllm/worker/model_runner.py:1234,6.5,9.8,164.264,168.264,0.21,0.58
0,FusedInferAttentionScore,"[[1,1024],[1024,4096]]",vllm/worker/model_runner.py:1234,6.5,9.8,88.003,92.003,0.21,0.58
0,RmsNorm,"[[1,1024],[1024,4096]]",vllm/worker/model_runner.py:1234,6.5,9.8,20.569,24.569,0.21,0.58
0,AllReduce,"[[1,1024],[1024,4096]]",vllm/worker/model_runner.py:1234,6.5,9.8,50.25,54.25,0.21,0.58
0,MatMulV2,"[[1,1024],[1024,4096]]",vllm/worker/model_runner.py:1234,6.5,9.8,175.404,179.404,0.21,0.58
0,FusedInferAttentionScore,"[[1,1024],[1024,4096]]",vllm/worker/model_runner.py:1234,6.5,9.8,87.161,91.161,0.21,0.58
0,RmsNorm,"[[1,1024],[1024,4096]]",vllm/worker/model_runner.py:1234,6.5,9.8,25.472,29.472,0.21,0.58
0,AllReduce,"[[1,1024],[1024,4096]]",vllm/worker/model_runner.py:1234,6.5,9.8,51.569,55.569,0.21,0.58
0,MatMulV2,"[[1,1024],[1024,4096]]",vllm/worker/model_runner.py:1234,6.5,9.8,157.313,161.313,0.21,0.58
0,FusedInferAttentionScore,"[[1,1024],[1024,4096]]",vllm/worker/model_runner.py:1234,6.5,9.8,96.033,100.033,0.21,0.58
0,RmsNorm,"[[1,1024],[1024,4096]]",vllm/worker/model_runner.py:1234,6.5,9.8,19.082,23.082,0.21,0.58
0,AllReduce,"[[1,1024],[1024,4096]]",vllm/worker/model_runner.py:1234,6.5,9.8,48.64,52.64,0.21,0.58
0,MatMulV2,"[[1,1024],[1024,4096]]",vllm/worker/model_runner.py:1234,6.5,9.8,174.918,178.918,0.21,0.58
0,FusedInferAttentionScore,"[[1,1024],[1024,4096]]",vllm/worker/model_runner.py:1234,6.5,9.8,84.351,88.351,0.21,0.58
0,RmsNorm,"[[1,1024],[1024,4096]]",vllm/worker/model_runner.py:1234,6.5,9.8,22.298,26.298,0.21,0.58
0,AllReduce,"[[1,1024],[1024,4096]]",vllm/worker/model_runner.py:1234,6.5,9.8,46.154,50.154,0.21,0.58
0,MatMulV2,"[[1,1024],[1024,4096]]",vllm/worker/model_runner.py:1234,6.5,9.8,182.222,186.222,0.21,0.58
0,FusedInferAttentionScore,"[[1,1024],[1024,4096]]",vllm/worker/model_runner.py:1234,6.5,9.8,94.006,98.006,0.21,0.58
0,RmsNorm,"[[1,1024],[1024,4096]]",vllm/worker/model_runner.py:1234,6.5,9.8,25.855,29.855,0.21,0.58
0,AllReduce,"[[1,1024],[1024,4096]]",vllm/worker/model_runner.py:1234,6.5,9.8,52.68,56.68,0.21,0.58
0,MatMulV2,"[[1,1024],[1024,4096]]",vllm/worker/model_runner.py:1234,6.5,9.8,161.174,165.174,0.21,0.58
0,FusedInferAttentionScore,"[[1,1024],[1024,4096]]",vllm/worker/model_runner.py:1234,6.5,9.8,96.204,100.204,0.21,0.58
0,RmsNorm,"[[1,1024],[1024,4096]]",vllm/worker/model_runner.py:1234,6.5,9.8,20.527,24.527,0.21,0.58
0,AllReduce,"[[1,1024],[1024,4096]]",vllm/worker/model_runner.py:1234,6.5,9.8,45.534,49.534,0.21,0.58
0,MatMulV2,"[[1,1024],[1024,4096]]",vllm/worker/model_runner.py:1234,6.5,9.8,181.807,185.807,0.21,0.58
0,FusedInferAttentionScore,"[[1,1024],[1024,4096]]",vllm/worker/model_runner.py:1234,6.5,9.8,89.821,93.821,0.21,0.58
0,RmsNorm,"[[1,1024],[1024,4096]]",vllm/worker/model_runner.py:1234,6.5,9.8,24.625,28.625,0.21,0.58
0,AllReduce,"[[1,1024],[1024,4096]]",vllm/worker/model_runner.py:1234,6.5,9.8,46.057,50.057,0.21,0.58
0,MatMulV2,"[[1,1024],[1024,4096]]",vllm/worker/model_runner.py:1234,6.5,9.8,156.812,160.812,0.21,0.58
0,FusedInferAttentionScore,"[[1,1024],[1024,4096]]",vllm/worker/model_runner.py:1234,6.5,9.8,85.722,89.722,0.21,0.58
0,RmsNorm,"[[1,1024],[1024,4096]]",vllm/worker/model_runner.py:1234,6.5,9.8,24.78,28.78,0.21,0.58
0,AllReduce,"[[1,1024],[1024,4096]]",vllm/worker/model_runner.py:1234,6.5,9.8,45.052,49.052,0.21,0.58
0,MatMulV2,"[[1,1024],[1024,4096]]",vllm/worker/model_runner.py:1234,6.5,9.8,160.2,164.2,0.21,0.58
0,FusedInferAttentionScore,"[[1,1024],[1024,4096]]",vllm/worker/model_runner.py:1234,6.5,9.8,94.337,98.337,0.21,0.58
0,RmsNorm,"[[1,1024],[1024,4096]]",vllm/worker/model_runner.py:1234,6.5,9.8,20.985,24.985,0.21,0.58
0,AllReduce,"[[1,1024],[1024,4096]]",vllm/worker/model_runner.py:1234,6.5,9.8,48.528,52.528,0.21,0.58
0,MatMulV2,"[[1,1024],[1024,4096]]",vllm/worker/model_runner.py:1234,6.5,9.8,182.207,186.207,0.21,0.58
0,FusedInferAttentionScore,"[[1,1024],[1024,4096]]",vllm/worker/model_runner.py:1234,6.5,9.8,94.264,98.264,0.21,0.58
0,RmsNorm,"[[1,1024],[1024,4096]]",vllm/worker/model_runner.py:1234,6.5,9.8,25.899,29.899,0.21,0.58
0,AllReduce,"[[1,1024],[1024,4096]]",vllm/worker/model_runner.py:1234,6.5,9.8,45.906,49.906,0.21,0.58
0,MatMulV2,"[[1,1024],[1024,4096]]",vllm/worker/model_runner.py:1234,6.5,9.8,173.096,177.096,0.21,0.58
0,FusedInferAttentionScore,"[[1,1024],[1024,4096]]",vllm/worker/model_runner.py:1234,6.5,9.8,90.194,94.194,0.21,0.58
0,RmsNorm,"[[1,1024],[1024,4096]]",vllm/worker/model_runner.py:1234,6.5,9.8,20.194,24.194,0.21,0.58
0,AllReduce,"[[1,1024],[1024,4096]]",vllm/worker/model_runner.py:1234,6.5,9.8,50.834,54.834,0.21,0.58
0,MatMulV2,"[[1,1024],[1024,4096]]",vllm/worker/model_runner.py:1234,6.5,9.8,183.023,187.023,0.21,0.58
0,FusedInferAttentionScore,"[[1,1024],[1024,4096]]",vllm/worker/model_runner.py:1234,6.5,9.8,84.924,88.924,0.21,0.58
0,RmsNorm,"[[1,1024],[1024,4096]]",vllm/worker/model_runner.py:1234,6.5,9.8,26.328,30.328,0.21,0.58
0,AllReduce,"[[1,1024],[1024,4096]]",vllm/worker/model_runner.py:1234,6.5,9.8,50.361,54.361,0.21,0.58
0,MatMulV2,"[[1,1024],[1024,4096]]",vllm/worker/model_runner.py:1234,6.5,9.8,175.609,179.609,0.21,0.58
0,FusedInferAttentionScore,"[[1,1024],[1024,4096]]",vllm/worker/model_runner.py:1234,6.5,9.8,82.753,86.753,0.21,0.58
0,RmsNorm,"[[1,1024],[1024,4096]]",vllm/worker/model_runner.py:1234,6.5,9.8,25.342,29.342,0.21,0.58
0,AllReduce,"[[1,1024],[1024,4096]]",vllm/worker/model_runner.py:1234,6.5,9.8,46.219,50.219,0.21,0.58
0,MatMulV2,"[[1,1024],[1024,4096]]",vllm/worker/model_runner.py:1234,6.5,9.8,155.385,159.385,0.21,0.58
0,FusedInferAttentionScore,"[[1,1024],[1024,4096]]",vllm/worker/model_runner.py:1234,6.5,9.8,84.033,88.033,0.21,0.58
0,RmsNorm,"[[1,1024],[1024,4096]]",vllm/worker/model_runner.py:1234,6.5,9.8,24.253,28.253,0.21,0.58
0,AllReduce,"[[1,1024],[1024,4096]]",vllm/worker/model_runner.py:1234,6.5,9.8,47.969,51.969,0.21,0.58
0,MatMulV2,"[[1,1024],[1024,4096]]",vllm/worker/model_runner.py:1234,6.5,9.8,169.762,173.762,0.21,0.58
0,FusedInferAttentionScore,"[[1,1024],[1024,4096]]",vllm/worker/model_runner.py:1234,6.5,9.8,89.161,93.161,0.21,0.58
0,RmsNorm,"[[1,1024],[1024,4096]]",vllm/worker/model_runner.py:1234,6.5,9.8,20.656,24.656,0.21,0.58
0,AllReduce,"[[1,1024],[1024,4096]]",vllm/worker/model_runner.py:1234,6.5,9.8,43.35,47.35,0.21,0.58
0,MatMulV2,"[[1,1024],[1024,4096]]",vllm/worker/model_runner.py:1234,6.5,9.8,162.682,166.682,0.21,0.58
0,FusedInferAttentionScore,"[[1,1024],[1024,4096]]",vllm/worker/model_runner.py:1234,6.5,9.8,98.791,102.791,0.21,0.58
0,RmsNorm,"[[1,1024],[1024,4096]]",vllm/worker/model_runner.py:1234,6.5,9.8,18.086,22.086,0.21,0.58
0,AllReduce,"[[1,1024],[1024,4096]]",vllm/worker/model_runner.py:1234,6.5,9.8,50.392,54.392,0.21,0.58
0,MatMulV2,"[[1,1024],[1024,4096]]",vllm/worker/model_runner.py:1234,6.5,9.8,175.604,179.604,0.21,0.58
0,FusedInferAttentionScore,"[[1,1024],[1024,4096]]",vllm/worker/model_runner.py:1234,6.5,9.8,83.545,87.545,0.21,0.58
0,RmsNorm,"[[1,1024],[1024,4096]]",vllm/worker/model_runner.py:1234,6.5,9.8,19.165,23.165,0.21,0.58
0,AllReduce,"[[1,1024],[1024,4096]]",vllm/worker/model_runner.py:1234,6.5,9.8,51.035,55.035,0.21,0.58
0,MatMulV2,"[[1,1024],[1024,4096]]",vllm/worker/model_runner.py:1234,6.5,9.8,177.968,181.968,0.21,0.58
0,FusedInferAttentionScore,"[[1,1024],[1024,4096]]",vllm/worker/model_runner.py:1234,6.5,9.8,98.569,102.569,0.21,0.58
0,RmsNorm,"[[1,1024],[1024,4096]]",vllm/worker/model_runner.py:1234,6.5,9.8,21.057,25.057,0.21,0.58
0,AllReduce,"[[1,1024],[1024,4096]]",vllm/worker/model_runner.py:1234,6.5,9.8,47.26,51.26,0.21,0.58
0,aclrtMemcpyAsync_D2H,"[[1,1024],[1024,4096]]",vllm/worker/model_runner.py:1234,6.5,9.8,180,184,0.21,0.58
0,MatMulV2,"[[1,1024],[1024,4096]]",vllm/worker/model_runner.py:1234,6.5,9.8,160.752,164.752,0.21,0.58
0,FusedInferAttentionScore,"[[1,1024],[1024,4096]]",vllm/worker/model_runner.py:1234,6.5,9.8,94.085,98.085,0.21,0.58
0,RmsNorm,"[[1,1024],[1024,4096]]",vllm/worker/model_runner.py:1234,6.5,9.8,19.593,23.593,0.21,0.58
0,AllReduce,"[[1,1024],[1024,4096]]",vllm/worker/model_runner.py:1234,6.5,9.8,49.042,53.042,0.21,0.58
0,MatMulV2,"[[1,1024],[1024,4096]]",vllm/worker/model_runner.py:1234,6.5,9.8,183.58,187.58,0.21,0.58
0,FusedInferAttentionScore,"[[1,1024],[1024,4096]]",vllm/worker/model_runner.py:1234,6.5,9.8,85.389,89.389,0.21,0.58
0,RmsNorm,"[[1,1024],[1024,4096]]",vllm/worker/model_runner.py:1234,6.5,9.8,19.903,23.903,0.21,0.58
0,AllReduce,"[[1,1024],[1024,4096]]",vllm/worker/model_runner.py:1234,6.5,9.8,51.872,55.872,0.21,0.58
0,MatMulV2,"[[1,1024],[1024,4096]]",vllm/worker/model_runner.py:1234,6.5,9.8,168.258,172.258,0.21,0.58
0,FusedInferAttentionScore,"[[1,1024],[1024,4096]]",vllm/worker/model_runner.py:1234,6.5,9.8,92.104,96.104,0.21,0.58
0,RmsNorm,"[[1,1024],[1024,4096]]",vllm/worker/model_runner.py:1234,6.5,9.8,20.505,24.505,0.21,0.58
0,AllReduce,"[[1,1024],[1024,4096]]",vllm/worker/model_runner.py:1234,6.5,9.8,45.498,49.498,0.21,0.58
0,MatMulV2,"[[1,1024],[1024,4096]]",vllm/worker/model_runner.py:1234,6.5,9.8,184.171,188.171,0.21,0.58
0,FusedInferAttentionScore,"[[1,1024],[1024,4096]]",vllm/worker/model_runner.py:1234,6.5,9.8,88.918,92.918,0.21,0.58
0,RmsNorm,"[[1,1024],[1024,4096]]",vllm/worker/model_runner.py:1234,6.5,9.8,24.629,28.629,0.21,0.58
0,AllReduce,"[[1,1024],[1024,4096]]",vllm/worker/model_runner.py:1234,6.5,9.8,46.931,50.931,0.21,0.58
0,MatMulV2,"[[1,1024],[1024,4096]]",vllm/worker/model_runner.py:1234,6.5,9.8,173.802,177.802,0.21,0.58
0,FusedInferAttentionScore,"[[1,1024],[1024,4096]]",vllm/worker/model_runner.py:1234,6.5,9.8,86.951,90.951,0.21,0.58
0,RmsNorm,"[[1,1024],[1024,4096]]",vllm/worker/model_runner.py:1234,6.5,9.8,21.402,25.402,0.21,0.58
0,AllReduce,"[[1,1024],[1024,4096]]",vllm/worker/model_runner.py:1234,6.5,9.8,46.815,50.815,0.21,0.58
0,MatMulV2,"[[1,1024],[1024,4096]]",vllm/worker/model_runner.py:1234,6.5,9.8,164.25,168.25,0.21,0.58
0,FusedInferAttentionScore,"[[1,1024],[1024,4096]]",vllm/worker/model_runner.py:1234,6.5,9.8,94.91,98.91,0.21,0.58
0,RmsNorm,"[[1,1024],[1024,4096]]",vllm/worker/model_runner.py:1234,6.5,9.8,25.778,29.778,0.21,0.58
0,AllReduce,"[[1,1024],[1024,4096]]",vllm/worker/model_runner.py:1234,6.5,9.8,45.058,49.058,0.21,0.58
0,MatMulV2,"[[1,1024],[1024,4096]]",vllm/worker/model_runner.py:1234,6.5,9.8,185.389,189.389,0.21,0.58
0,FusedInferAttentionScore,"[[1,1024],[1024,4096]]",vllm/worker/model_runner.py:1234,6.5,9.8,86.309,90.309,0.21,0.58
0,RmsNorm,"[[1,1024],[1024,4096]]",vllm/worker/model_runner.py:1234,6.5,9.8,20.616,24.616,0.21,0.58
0,AllReduce,"[[1,1024],[1024,4096]]",vllm/worker/model_runner.py:1234,6.5,9.8,47.471,51.471,0.21,0.58
0,MatMulV2,"[[1,1024],[1024,4096]]",vllm/worker/model_runner.py:1234,6.5,9.8,177.846,181.846,0.21,0.58
0,FusedInferAttentionScore,"[[1,1024],[1024,4096]]",vllm/worker/model_runner.py:1234,6.5,9.8,85.528,89.528,0.21,0.58
0,RmsNorm,"[[1,1024],[1024,4096]]",vllm/worker/model_runner.py:1234,6.5,9.8,24.884,28.884,0.21,0.58
0,AllReduce,"[[1,1024],[1024,4096]]",vllm/worker/model_runner.py:1234,6.5,9.8,51.169,55.169,0.21,0.58
0,MatMulV2,"[[1,1024],[1024,4096]]",vllm/worker/model_runner.py:1234,6.5,9.8,182.43,186.43,0.21,0.58
0,FusedInferAttentionScore,"[[1,1024],[1024,4096]]",vllm/worker/model_runner.py:1234,6.5,9.8,94.007,98.007,0.21,0.58
0,RmsNorm,"[[1,1024],[1024,4096]]",vllm/worker/model_runner.py:1234,6.5,9.8,21.388,25.388,0.21,0.58
0,AllReduce,"[[1,1024],[1024,4096]]",vllm/worker/model_runner.py:1234,6.5,9.8,48.875,52.875,0.21,0.58
0,MatMulV2,"[[1,1024],[1024,4096]]",vllm/worker/model_runner.py:1234,6.5,9.8,159.187,163.187,0.21,0.58
0,FusedInferAttentionScore,"[[1,1024],[1024,4096]]",vllm/worker/model_runner.py:1234,6.5,9.8,86.342,90.342,0.21,0.58
0,RmsNorm,"[[1,1024],[1024,4096]]",vllm/worker/model_runner.py:1234,6.5,9.8,25.2,29.2,0.21,0.58
0,AllReduce,"[[1,1024],[1024,4096]]",vllm/worker/model_runner.py:1234,6.5,9.8,46.293,50.293,0.21,0.58
0,MatMulV2,"[[1,1024],[1024,4096]]",vllm/worker/model_runner.py:1234,6.5,9.8,186.729,190.729,0.21,0.58
0,FusedInferAttentionScore,"[[1,1024],[1024,4096]]",vllm/worker/model_runner.py:1234,6.5,9.8,94.579,98.579,0.21,0.58
0,RmsNorm,"[[1,1024],[1024,4096]]",vllm/worker/model_runner.py:1234,6.5,9.8,21.781,25.781,0.21,0.58
0,AllReduce,"[[1,1024],[1024,4096]]",vllm/worker/model_runner.py:1234,6.5,9.8,50.681,54.681,0.21,0.58
0,MatMulV2,"[[1,1024],[1024,4096]]",vllm/worker/model_runner.py:1234,6.5,9.8,168.996,172.996,0.21,0.58
0,FusedInferAttentionScore,"[[1,1024],[1024,4096]]",vllm/worker/model_runner.py:1234,6.5,9.8,97.464,101.464,0.21,0.58
0,RmsNorm,"[[1,1024],[1024,4096]]",vllm/worker/model_runner.py:1234,6.5,9.8,25.186,29.186,0.21,0.58
0,AllReduce,"[[1,1024],[1024,4096]]",vllm/worker/model_runner.py:1234,6.5,9.8,48.791,52.791,0.21,0.58
0,MatMulV2,"[[1,1024],[1024,4096]]",vllm/worker/model_runner.py:1234,6.5,9.8,157.1,161.1,0.21,0.58
0,FusedInferAttentionScore,"[[1,1024],[1024,4096]]",vllm/worker/model_runner.py:1234,6.5,9.8,83.962,87.962,0.21,0.58
0,RmsNorm,"[[1,1024],[1024,4096]]",vllm/worker/model_runner.py:1234,6.5,9.8,24.937,28.937,0.21,0.58
0,AllReduce,"[[1,1024],[1024,4096]]",vllm/worker/model_runner.py:1234,6.5,9.8,52.312,56.312,0.21,0.58
0,MatMulV2,"[[1,1024],[1024,4096]]",vllm/worker/model_runner.py:1234,6.5,9.8,158.421,162.421,0.21,0.58
0,FusedInferAttentionScore,"[[1,1024],[1024,4096]]",vllm/worker/model_runner.py:1234,6.5,9.8,88.796,92.796,0.21,0.58
0,RmsNorm,"[[1,1024],[1024,4096]]",vllm/worker/model_runner.py:1234,6.5,9.8,23.547,27.547,0.21,0.58
0,AllReduce,"[[1,1024],[1024,4096]]",vllm/worker/model_runner.py:1234,6.5,9.8,51.376,55.376,0.21,0.58
0,MatMulV2,"[[1,1024],[1024,4096]]",vllm/worker/model_runner.py:1234,6.5,9.8,183.599,187.599,0.21,0.58
0,FusedInferAttentionScore,"[[1,1024],[1024,4096]]",vllm/worker/model_runner.py:1234,6.5,9.8,92.31,96.31,0.21,0.58
0,RmsNorm,"[[1,1024],[1024,4096]]",vllm/worker/model_runner.py:1234,6.5,9.8,25.693,29.693,0.21,0.58
0,AllReduce,"[[1,1024],[1024,4096]]",vllm/worker/model_runner.py:1234,6.5,9.8,45.473,49.473,0.21,0.58
0,MatMulV2,"[[1,1024],[1024,4096]]",vllm/worker/model_runner.py:1234,6.5,9.8,168.583,172.583,0.21,0.58
0,FusedInferAttentionScore,"[[1,1024],[1024,4096]]",vllm/worker/model_runner.py:1234,6.5,9.8,95.416,99.416,0.21,0.58
0,RmsNorm,"[[1,1024],[1024,4096]]",vllm/worker/model_runner.py:1234,6.5,9.8,18.216,22.216,0.21,0.58
0,AllReduce,"[[1,1024],[1024,4096]]",vllm/worker/model_runner.py:1234,6.5,9.8,45.126,49.126,0.21,0.58
0,MatMulV2,"[[1,1024],[1024,4096]]",vllm/worker/model_runner.py:1234,6.5,9.8,165.394,169.394,0.21,0.58
0,FusedInferAttentionScore,"[[1,1024],[1024,4096]]",vllm/worker/model_runner.py:1234,6.5,9.8,90.934,94.934,0.21,0.58
0,RmsNorm,"[[1,1024],[1024,4096]]",vllm/worker/model_runner.py:1234,6.5,9.8,26.339,30.339,0.21,0.58
0,AllReduce,"[[1,1024],[1024,4096]]",vllm/worker/model_runner.py:1234,6.5,9.8,45.674,49.674,0.21,0.58
0,MatMulV2,"[[1,1024],[1024,4096]]",vllm/worker/model_runner.py:1234,6.5,9.8,183.755,187.755,0.21,0.58
0,FusedInferAttentionScore,"[[1,1024],[1024,4096]]",vllm/worker/model_runner.py:1234,6.5,9.8,89.074,93.074,0.21,0.58
0,RmsNorm,"[[1,1024],[1024,4096]]",vllm/worker/model_runner.py:1234,6.5,9.8,25.691,29.691,0.21,0.58
0,AllReduce,"[[1,1024],[1024,4096]]",vllm/worker/model_runner.py:1234,6.5,9.8,44.113,48.113,0.21,0.58
0,MatMulV2,"[[1,1024],[1024,4096]]",vllm/worker/model_runner.py:1234,6.5,9.8,162.25,166.25,0.21,0.58
0,FusedInferAttentionScore,"[[1,1024],[1024,4096]]",vllm/worker/model_runner.py:1234,6.5,9.8,89.37,93.37,0.21,0.58
0,RmsNorm,"[[1,1024],[1024,4096]]",vllm/worker/model_runner.py:1234,6.5,9.8,19.927,23.927,0.21,0.58
0,AllReduce,"[[1,1024],[1024,4096]]",vllm/worker/model_runner.py:1234,6.5,9.8,47.549,51.549,0.21,0.58
0,MatMulV2,"[[1,1024],[1024,4096]]",vllm/worker/model_runner.py:1234,6.5,9.8,182.16,186.16,0.21,0.58
0,FusedInferAttentionScore,"[[1,1024],[1024,4096]]",vllm/worker/model_runner.py:1234,6.5,9.8,93.827,97.827,0.21,0.58
0,RmsNorm,"[[1,1024],[1024,4096]]",vllm/worker/model_runner.py:1234,6.5,9.8,23.922,27.922,0.21,0.58
0,AllReduce,"[[1,1024],[1024,4096]]",vllm/worker/model_runner.py:1234,6.5,9.8,43.41,47.41,0.21,0.58
0,MatMulV2,"[[1,1024],[1024,4096]]",vllm/worker/model_runner.py:1234,6.5,9.8,161.641,165.641,0.21,0.58
0,FusedInferAttentionScore,"[[1,1024],[1024,4096]]",vllm/worker/model_runner.py:1234,6.5,9.8,98.573,102.573,0.21,0.58
0,RmsNorm,"[[1,1024],[1024,4096]]",vllm/worker/model_runner.py:1234,6.5,9.8,20.338,24.338,0.21,0.58
0,AllReduce,"[[1,1024],[1024,4096]]",vllm/worker/model_runner.py:1234,6.5,9.8,47.97,51.97,0.21,0.58
0,MatMulV2,"[[1,1024],[1024,4096]]",vllm/worker/model_runner.py:1234,6.5,9.8,180.396,184.396,0.21,0.58
0,FusedInferAttentionScore,"[[1,1024],[1024,4096]]",vllm/worker/model_runner.py:1234,6.5,9.8,95.791,99.791,0.21,0.58
0,RmsNorm,"[[1,1024],[1024,4096]]",vllm/worker/model_runner.py:1234,6.5,9.8,21.146,25.146,0.21,0.58
0,AllReduce,"[[1,1024],[1024,4096]]",vllm/worker/model_runner.py:1234,6.5,9.8,44.921,48.921,0.21,0.58
0,MatMulV2,"[[1,1024],[1024,4096]]",vllm/worker/model_runner.py:1234,6.5,9.8,179.492,183.492,0.21,0.58
0,FusedInferAttentionScore,"[[1,1024],[1024,4096]]",vllm/worker/model_runner.py:1234,6.5,9.8,86.225,90.225,0.21,0.58
0,RmsNorm,"[[1,1024],[1024,4096]]",vllm/worker/model_runner.py:1234,6.5,9.8,24.687,28.687,0.21,0.58
0,AllReduce,"[[1,1024],[1024,4096]]",vllm/worker/model_runner.py:1234,6.5,9.8,50.571,54.571,0.21,0.58
0,MatMulV2,"[[1,1024],[1024,4096]]",vllm/worker/model_runner.py:1234,6.5,9.8,169.49,173.49,0.21,0.58
0,FusedInferAttentionScore,"[[1,1024],[1024,4096]]",vllm/worker/model_runner.py:1234,6.5,9.8,89.018,93.018,0.21,0.58
0,RmsNorm,"[[1,1024],[1024,4096]]",vllm/worker/model_runner.py:1234,6.5,9.8,21.872,25.872,0.21,0.58
0,AllReduce,"[[1,1024],[1024,4096]]",vllm/worker/model_runner.py:1234,6.5,9.8,45.39,49.39,0.21,0.58
0,MatMulV2,"[[1,1024],[1024,4096]]",vllm/worker/model_runner.py:1234,6.5,9.8,184.537,188.537,0.21,0.58
0,FusedInferAttentionScore,"[[1,1024],[1024,4096]]",vllm/worker/model_runner.py:1234,6.5,9.8,86.187,90.187,0.21,0.58
0,RmsNorm,"[[1,1024],[1024,4096]]",vllm/worker/model_runner.py:1234,6.5,9.8,22.487,26.487,0.21,0.58
0,AllReduce,"[[1,1024],[1024,4096]]",vllm/worker/model_runner.py:1234,6.5,9.8,51.666,55.666,0.21,0.58
0,MatMulV2,"[[1,1024],[1024,4096]]",vllm/worker/model_runner.py:1234,6.5,9.8,180.573,184.573,0.21,0.58
0,FusedInferAttentionScore,"[[1,1024],[1024,4096]]",vllm/worker/model_runner.py:1234,6.5,9.8,95.503,99.503,0.21,0.58
0,RmsNorm,"[[1,1024],[1024,4096]]",vllm/worker/model_runner.py:1234,6.5,9.8,22.019,26.019,0.21,0.58
0,AllReduce,"[[1,1024],[1024,4096]]",vllm/worker/model_runner.py:1234,6.5,9.8,44.226,48.226,0.21,0.58
0,MatMulV2,"[[1,1024],[1024,4096]]",vllm/worker/model_runner.py:1234,6.5,9.8,186.315,190.315,0.21,0.58
0,FusedInferAttentionScore,"[[1,1024],[1024,4096]]",vllm/worker/model_runner.py:1234,6.5,9.8,84.058,88.058,0.21,0.58
0,RmsNorm,"[[1,1024],[1024,4096]]",vllm/worker/model_runner.py:1234,6.5,9.8,25.159,29.159,0.21,0.58
0,AllReduce,"[[1,1024],[1024,4096]]",vllm/worker/model_runner.py:1234,6.5,9.8,45.963,49.963,0.21,0.58
0,MatMulV2,"[[1,1024],[1024,4096]]",vllm/worker/model_runner.py:1234,6.5,9.8,174.177,178.177,0.21,0.58
0,FusedInferAttentionScore,"[[1,1024],[1024,4096]]",vllm/worker/model_runner.py:1234,6.5,9.8,87.31,91.31,0.21,0.58
0,RmsNorm,"[[1,1024],[1024,4096]]",vllm/worker/model_runner.py:1234,6.5,9.8,24.4,28.4,0.21,0.58
0,AllReduce,"[[1,1024],[1024,4096]]",vllm/worker/model_runner.py:1234,6.5,9.8,51.92,55.92,0.21,0.58
0,MatMulV2,"[[1,1024],[1024,4096]]",vllm/worker/model_runner.py:1234,6.5,9.8,180.774,184.774,0.21,0.58
0,FusedInferAttentionScore,"[[1,1024],[1024,4096]]",vllm/worker/model_runner.py:1234,6.5,9.8,92.869,96.869,0.21,0.58
0,RmsNorm,"[[1,1024],[1024,4096]]",vllm/worker/model_runner.py:1234,6.5,9.8,19.092,23.092,0.21,0.58
0,AllReduce,"[[1,1024],[1024,4096]]",vllm/worker/model_runner.py:1234,6.5,9.8,52.089,56.089,0.21,0.58
0,MatMulV2,"[[1,1024],[1024,4096]]",vllm/worker/model_runner.py:1234,6.5,9.8,161.167,165.167,0.21,0.58
0,FusedInferAttentionScore,"[[1,1024],[1024,4096]]",vllm/worker/model_runner.py:1234,6.5,9.8,98.829,102.829,0.21,0.58
0,RmsNorm,"[[1,1024],[1024,4096]]",vllm/worker/model_runner.py:1234,6.5,9.8,21.759,25.759,0.21,0.58
0,AllReduce,"[[1,1024],[1024,4096]]",vllm/worker/model_runner.py:1234,6.5,9.8,51.064,55.064,0.21,0.58
0,MatMulV2,"[[1,1024],[1024,4096]]",vllm/worker/model_runner.py:1234,6.5,9.8,157.517,161.517,0.21,0.58
0,FusedInferAttentionScore,"[[1,1024],[1024,4096]]",vllm/worker/model_runner.py:1234,6.5,9.8,94.9,98.9,0.21,0.58
0,RmsNorm,"[[1,1024],[1024,4096]]",vllm/worker/model_runner.py:1234,6.5,9.8,18.257,22.257,0.21,0.58
0,AllReduce,"[[1,1024],[1024,4096]]",vllm/worker/model_runner.py:1234,6.5,9.8,52.305,56.305,0.21,0.58
0,MatMulV2,"[[1,1024],[1024,4096]]",vllm/worker/model_runner.py:1234,6.5,9.8,180.548,184.548,0.21,0.58
0,FusedInferAttentionScore,"[[1,1024],[1024,4096]]",vllm/worker/model_runner.py:1234,6.5,9.8,92.168,96.168,0.21,0.58
0,RmsNorm,"[[1,1024],[1024,4096]]",vllm/worker/model_runner.py:1234,6.5,9.8,26.002,30.002,0.21,0.58
0,AllReduce,"[[1,1024],[1024,4096]]",vllm/worker/model_runner.py:1234,6.5,9.8,45.362,49.362,0.21,0.58
0,aclrtMemcpyAsync_D2H,"[[1,1024],[1024,4096]]",vllm/worker/model_runner.py:1234,6.5,9.8,180,184,0.21,0.58
0,MatMulV2,"[[1,1024],[1024,4096]]",vllm/worker/model_runner.py:1234,6.5,9.8,157.162,161.162,0.21,0.58
0,FusedInferAttentionScore,"[[1,1024],[1024,4096]]",vllm/worker/model_runner.py:1234,6.5,9.8,91.461,95.461,0.21,0.58
0,RmsNorm,"[[1,1024],[1024,4096]]",vllm/worker/model_runner.py:1234,6.5,9.8,24.153,28.153,0.21,0.58
0,AllReduce,"[[1,1024],[1024,4096]]",vllm/worker/model_runner.py:1234,6.5,9.8,44.828,48.828,0.21,0.58
0,MatMulV2,"[[1,1024],[1024,4096]]",vllm/worker/model_runner.py:1234,6.5,9.8,153.947,157.947,0.21,0.58
0,FusedInferAttentionScore,"[[1,1024],[1024,4096]]",vllm/worker/model_runner.py:1234,6.5,9.8,96.424,100.424,0.21,0.58
0,RmsNorm,"[[1,1024],[1024,4096]]",vllm/worker/model_runner.py:1234,6.5,9.8,20.042,24.042,0.21,0.58
0,AllReduce,"[[1,1024],[1024,4096]]",vllm/worker/model_runner.py:1234,6.5,9.8,50.893,54.893,0.21,0.58
0,MatMulV2,"[[1,1024],[1024,4096]]",vllm/worker/model_runner.py:1234,6.5,9.8,160.206,164.206,0.21,0.58
0,FusedInferAttentionScore,"[[1,1024],[1024,4096]]",vllm/worker/model_runner.py:1234,6.5,9.8,96.752,100.752,0.21,0.58
0,RmsNorm,"[[1,1024],[1024,4096]]",vllm/worker/model_runner.py:1234,6.5,9.8,21.165,25.165,0.21,0.58
0,AllReduce,"[[1,1024],[1024,4096]]",vllm/worker/model_runner.py:1234,6.5,9.8,46.56,50.56,0.21,0.58
0,MatMulV2,"[[1,1024],[1024,4096]]",vllm/worker/model_runner.py:1234,6.5,9.8,179.254,183.254,0.21,0.58
0,FusedInferAttentionScore,"[[1,1024],[1024,4096]]",vllm/worker/model_runner.py:1234,6.5,9.8,83.916,87.916,0.21,0.58
0,RmsNorm,"[[1,1024],[1024,4096]]",vllm/worker/model_runner.py:1234,6.5,9.8,25.412,29.412,0.21,0.58
0,AllReduce,"[[1,1024],[1024,4096]]",vllm/worker/model_runner.py:1234,6.5,9.8,52.397,56.397,0.21,0.58
0,MatMulV2,"[[1,1024],[1024,4096]]",vllm/worker/model_runner.py:1234,6.5,9.8,185.826,189.826,0.21,0.58
0,FusedInferAttentionScore,"[[1,1024],[1024,4096]]",vllm/worker/model_runner.py:1234,6.5,9.8,83.686,87.686,0.21,0.58
0,RmsNorm,"[[1,1024],[1024,4096]]",vllm/worker/model_runner.py:1234,6.5,9.8,18.455,22.455,0.21,0.58
0,AllReduce,"[[1,1024],[1024,4096]]",vllm/worker/model_runner.py:1234,6.5,9.8,49.529,53.529,0.21,0.58
0,MatMulV2,"[[1,1024],[1024,4096]]",vllm/worker/model_runner.py:1234,6.5,9.8,183.65,187.65,0.21,0.58
0,FusedInferAttentionScore,"[[1,1024],[1024,4096]]",vllm/worker/model_runner.py:1234,6.5,9.8,95.075,99.075,0.21,0.58
0,RmsNorm,"[[1,1024],[1024,4096]]",vllm/worker/model_runner.py:1234,6.5,9.8,23.252,27.252,0.21,0.58
0,AllReduce,"[[1,1024],[1024,4096]]",vllm/worker/model_runner.py:1234,6.5,9.8,51.406,55.406,0.21,0.58
0,MatMulV2,"[[1,1024],[1024,4096]]",vllm/worker/model_runner.py:1234,6.5,9.8,159.728,163.728,0.21,0.58
0,FusedInferAttentionScore,"[[1,1024],[1024,4096]]",vllm/worker/model_runner.py:1234,6.5,9.8,83.378,87.378,0.21,0.58
0,RmsNorm,"[[1,1024],[1024,4096]]",vllm/worker/model_runner.py:1234,6.5,9.8,22.508,26.508,0.21,0.58
0,AllReduce,"[[1,1024],[1024,4096]]",vllm/worker/model_runner.py:1234,6.5,9.8,49.098,53.098,0.21,0.58
0,MatMulV2,"[[1,1024],[1024,4096]]",vllm/worker/model_runner.py:1234,6.5,9.8,182.356,186.356,0.21,0.58
0,FusedInferAttentionScore,"[[1,1024],[1024,4096]]",vllm/worker/model_runner.py:1234,6.5,9.8,89.447,93.447,0.21,0.58
0,RmsNorm,"[[1,1024],[1024,4096]]",vllm/worker/model_runner.py:1234,6.5,9.8,25.935,29.935,0.21,0.58
0,AllReduce,"[[1,1024],[1024,4096]]",vllm/worker/model_runner.py:1234,6.5,9.8,46.852,50.852,0.21,0.58
0,MatMulV2,"[[1,1024],[1024,4096]]",vllm/worker/model_runner.py:1234,6.5,9.8,184.407,188.407,0.21,0.58
0,FusedInferAttentionScore,"[[1,1024],[1024,4096]]",vllm/worker/model_runner.py:1234,6.5,9.8,89.877,93.877,0.21,0.58
0,RmsNorm,"[[1,1024],[1024,4096]]",vllm/worker/model_runner.py:1234,6.5,9.8,19.549,23.549,0.21,0.58
0,AllReduce,"[[1,1024],[1024,4096]]",vllm/worker/model_runner.py:1234,6.5,9.8,51.881,55.881,0.21,0.58
0,MatMulV2,"[[1,1024],[1024,4096]]",vllm/worker/model_runner.py:1234,6.5,9.8,171.917,175.917,0.21,0.58
0,FusedInferAttentionScore,"[[1,1024],[1024,4096]]",vllm/worker/model_runner.py:1234,6.5,9.8,93.237,97.237,0.21,0.58
0,RmsNorm,"[[1,1024],[1024,4096]]",vllm/worker/model_runner.py:1234,6.5,9.8,20.43,24.43,0.21,0.58
0,AllReduce,"[[1,1024],[1024,4096]]",vllm/worker/model_runner.py:1234,6.5,9.8,47.914,51.914,0.21,0.58
0,MatMulV2,"[[1,1024],[1024,4096]]",vllm/worker/model_runner.py:1234,6.5,9.8,178.499,182.499,0.21,0.58
0,FusedInferAttentionScore,"[[1,1024],[1024,4096]]",vllm/worker/model_runner.py:1234,6.5,9.8,98.027,102.027,0.21,0.58
0,RmsNorm,"[[1,1024],[1024,4096]]",vllm/worker/model_runner.py:1234,6.5,9.8,22.595,26.595,0.21,0.58
0,AllReduce,"[[1,1024],[1024,4096]]",vllm/worker/model_runner.py:1234,6.5,9.8,51.68,55.68,0.21,0.58
0,MatMulV2,"[[1,1024],[1024,4096]]",vllm/worker/model_runner.py:1234,6.5,9.8,178.617,182.617,0.21,0.58
0,FusedInferAttentionScore,"[[1,1024],[1024,4096]]",vllm/worker/model_runner.py:1234,6.5,9.8,82.489,86.489,0.21,0.58
0,RmsNorm,"[[1,1024],[1024,4096]]",vllm/worker/model_runner.py:1234,6.5,9.8,17.82,21.82,0.21,0.58
0,AllReduce,"[[1,1024],[1024,4096]]",vllm/worker/model_runner.py:1234,6.5,9.8,46.656,50.656,0.21,0.58
0,MatMulV2,"[[1,1024],[1024,4096]]",vllm/worker/model_runner.py:1234,6.5,9.8,181.255,185.255,0.21,0.58
0,FusedInferAttentionScore,"[[1,1024],[1024,4096]]",vllm/worker/model_runner.py:1234,6.5,9.8,92.957,96.957,0.21,0.58
0,RmsNorm,"[[1,1024],[1024,4096]]",vllm/worker/model_runner.py:1234,6.5,9.8,22.239,26.239,0.21,0.58
0,AllReduce,"[[1,1024],[1024,4096]]",vllm/worker/model_runner.py:1234,6.5,9.8,51.637,55.637,0.21,0.58
0,MatMulV2,"[[1,1024],[1024,4096]]",vllm/worker/model_runner.py:1234,6.5,9.8,156.008,160.008,0.21,0.58
0,FusedInferAttentionScore,"[[1,1024],[1024,4096]]",vllm/worker/model_runner.py:1234,6.5,9.8,87.883,91.883,0.21,0.58
0,RmsNorm,"[[1,1024],[1024,4096]]",vllm/worker/model_runner.py:1234,6.5,9.8,24.171,28.171,0.21,0.58
0,AllReduce,"[[1,1024],[1024,4096]]",vllm/worker/model_runner.py:1234,6.5,9.8,46.48,50.48,0.21,0.58
0,MatMulV2,"[[1,1024],[1024,4096]]",vllm/worker/model_runner.py:1234,6.5,9.8,166.131,170.131,0.21,0.58
0,FusedInferAttentionScore,"[[1,1024],[1024,4096]]",vllm/worker/model_runner.py:1234,6.5,9.8,81.197,85.197,0.21,0.58
0,RmsNorm,"[[1,1024],[1024,4096]]",vllm/worker/model_runner.py:1234,6.5,9.8,25.998,29.998,0.21,0.58
0,AllReduce,"[[1,1024],[1024,4096]]",vllm/worker/model_runner.py:1234,6.5,9.8,46.171,50.171,0.21,0.58
0,MatMulV2,"[[1,1024],[1024,4096]]",vllm/worker/model_runner.py:1234,6.5,9.8,173.572,177.572,0.21,0.58
0,FusedInferAttentionScore,"[[1,1024],[1024,4096]]",vllm/worker/model_runner.py:1234,6.5,9.8,89.167,93.167,0.21,0.58
0,RmsNorm,"[[1,1024],[1024,4096]]",vllm/worker/model_runner.py:1234,6.5,9.8,20.748,24.748,0.21,0.58
0,AllReduce,"[[1,1024],[1024,4096]]",vllm/worker/model_runner.py:1234,6.5,9.8,50.36,54.36,0.21,0.58
0,MatMulV2,"[[1,1024],[1024,4096]]",vllm/worker/model_runner.py:1234,6.5,9.8,179.521,183.521,0.21,0.58
0,FusedInferAttentionScore,"[[1,1024],[1024,4096]]",vllm/worker/model_runner.py:1234,6.5,9.8,91.409,95.409,0.21,0.58
0,RmsNorm,"[[1,1024],[1024,4096]]",vllm/worker/model_runner.py:1234,6.5,9.8,19.002,23.002,0.21,0.58
0,AllReduce,"[[1,1024],[1024,4096]]",vllm/worker/model_runner.py:1234,6.5,9.8,49.124,53.124,0.21,0.58
0,MatMulV2,"[[1,1024],[1024,4096]]",vllm/worker/model_runner.py:1234,6.5,9.8,182.51,186.51,0.21,0.58
0,FusedInferAttentionScore,"[[1,1024],[1024,4096]]",vllm/worker/model_runner.py:1234,6.5,9.8,95.2,99.2,0.21,0.58
0,RmsNorm,"[[1,1024],[1024,4096]]",vllm/worker/model_runner.py:1234,6.5,9.8,23.981,27.981,0.21,0.58
0,AllReduce,"[[1,1024],[1024,4096]]",vllm/worker/model_runner.py:1234,6.5,9.8,47.293,51.293,0.21,0.58
0,MatMulV2,"[[1,1024],[1024,4096]]",vllm/worker/model_runner.py:1234,6.5,9.8,158.595,162.595,0.21,0.58
0,FusedInferAttentionScore,"[[1,1024],[1024,4096]]",vllm/worker/model_runner.py:1234,6.5,9.8,90.757,94.757,0.21,0.58
0,RmsNorm,"[[1,1024],[1024,4096]]",vllm/worker/model_runner.py:1234,6.5,9.8,22.036,26.036,0.21,0.58
0,AllReduce,"[[1,1024],[1024,4096]]",vllm/worker/model_runner.py:1234,6.5,9.8,43.306,47.306,0.21,0.58
0,MatMulV2,"[[1,1024],[1024,4096]]",vllm/worker/model_runner.py:1234,6.5,9.8,174.646,178.646,0.21,0.58
0,FusedInferAttentionScore,"[[1,1024],[1024,4096]]",vllm/worker/model_runner.py:1234,6.5,9.8,85.634,89.634,0.21,0.58
0,RmsNorm,"[[1,1024],[1024,4096]]",vllm/worker/model_runner.py:1234,6.5,9.8,22.785,26.785,0.21,0.58
0,AllReduce,"[[1,1024],[1024,4096]]",vllm/worker/model_runner.py:1234,6.5,9.8,44.937,48.937,0.21,0.58
0,MatMulV2,"[[1,1024],[1024,4096]]",vllm/worker/model_runner.py:1234,6.5,9.8,176.28,180.28,0.21,0.58
0,FusedInferAttentionScore,"[[1,1024],[1024,4096]]",vllm/worker/model_runner.py:1234,6.5,9.8,86.893,90.893,0.21,0.58
0,RmsNorm,"[[1,1024],[1024,4096]]",vllm/worker/model_runner.py:1234,6.5,9.8,18.135,22.135,0.21,0.58
0,AllReduce,"[[1,1024],[1024,4096]]",vllm/worker/model_runner.py:1234,6.5,9.8,43.438,47.438,0.21,0.58
0,MatMulV2,"[[1,1024],[1024,4096]]",vllm/worker/model_runner.py:1234,6.5,9.8,156.468,160.468,0.21,0.58
0,FusedInferAttentionScore,"[[1,1024],[1024,4096]]",vllm/worker/model_runner.py:1234,6.5,9.8,84.211,88.211,0.21,0.58
0,RmsNorm,"[[1,1024],[1024,4096]]",vllm/worker/model_runner.py:1234,6.5,9.8,22.024,26.024,0.21,0.58
0,AllReduce,"[[1,1024],[1024,4096]]",vllm/worker/model_runner.py:1234,6.5,9.8,52.46,56.46,0.21,0.58
0,MatMulV2,"[[1,1024],[1024,4096]]",vllm/worker/model_runner.py:1234,6.5,9.8,161.35,165.35,0.21,0.58
0,FusedInferAttentionScore,"[[1,1024],[1024,4096]]",vllm/worker/model_runner.py:1234,6.5,9.8,91.57,95.57,0.21,0.58
0,RmsNorm,"[[1,1024],[1024,4096]]",vllm/worker/model_runner.py:1234,6.5,9.8,20.522,24.522,0.21,0.58
0,AllReduce,"[[1,1024],[1024,4096]]",vllm/worker/model_runner.py:1234,6.5,9.8,51.694,55.694,0.21,0.58
0,MatMulV2,"[[1,1024],[1024,4096]]",vllm/worker/model_runner.py:1234,6.5,9.8,176.282,180.282,0.21,0.58
0,FusedInferAttentionScore,"[[1,1024],[1024,4096]]",vllm/worker/model_runner.py:1234,6.5,9.8,93.693,97.693,0.21,0.58
0,RmsNorm,"[[1,1024],[1024,4096]]",vllm/worker/model_runner.py:1234,6.5,9.8,24.93,28.93,0.21,0.58
0,AllReduce,"[[1,1024],[1024,4096]]",vllm/worker/model_runner.py:1234,6.5,9.8,51.981,55.981,0.21,0.58
0,MatMulV2,"[[1,1024],[1024,4096]]",vllm/worker/model_runner.py:1234,6.5,9.8,181.655,185.655,0.21,0.58
0,FusedInferAttentionScore,"[[1,1024],[1024,4096]]",vllm/worker/model_runner.py:1234,6.5,9.8,89.88,93.88,0.21,0.58
0,RmsNorm,"[[1,1024],[1024,4096]]",vllm/worker/model_runner.py:1234,6.5,9.8,17.906,21.906,0.21,0.58
0,AllReduce,"[[1,1024],[1024,4096]]",vllm/worker/model_runner.py:1234,6.5,9.8,49.848,53.848,0.21,0.58
0,MatMulV2,"[[1,1024],[1024,4096]]",vllm/worker/model_runner.py:1234,6.5,9.8,166.505,170.505,0.21,0.58
0,FusedInferAttentionScore,"[[1,1024],[1024,4096]]",vllm/worker/model_runner.py:1234,6.5,9.8,90.405,94.405,0.21,0.58
0,RmsNorm,"[[1,1024],[1024,4096]]",vllm/worker/model_runner.py:1234,6.5,9.8,24.871,28.871,0.21,0.58
0,AllReduce,"[[1,1024],[1024,4096]]",vllm/worker/model_runner.py:1234,6.5,9.8,45.014,49.014,0.21,0.58
0,MatMulV2,"[[1,1024],[1024,4096]]",vllm/worker/model_runner.py:1234,6.5,9.8,168.464,172.464,0.21,0.58
0,FusedInferAttentionScore,"[[1,1024],[1024,4096]]",vllm/worker/model_runner.py:1234,6.5,9.8,87.118,91.118,0.21,0.58
0,RmsNorm,"[[1,1024],[1024,4096]]",vllm/worker/model_runner.py:1234,6.5,9.8,25.917,29.917,0.21,0.58
0,AllReduce,"[[1,1024],[1024,4096]]",vllm/worker/model_runner.py:1234,6.5,9.8,47.215,51.215,0.21,0.58
0,MatMulV2,"[[1,1024],[1024,4096]]",vllm/worker/model_runner.py:1234,6.5,9.8,179.066,183.066,0.21,0.58
0,FusedInferAttentionScore,"[[1,1024],[1024,4096]]",vllm/worker/model_runner.py:1234,6.5,9.8,96.421,100.421,0.21,0.58
0,RmsNorm,"[[1,1024],[1024,4096]]",vllm/worker/model_runner.py:1234,6.5,9.8,24.066,28.066,0.21,0.58
0,AllReduce,"[[1,1024],[1024,4096]]",vllm/worker/model_runner.py:1234,6.5,9.8,49.11,53.11,0.21,0.58
0,MatMulV2,"[[1,1024],[1024,4096]]",vllm/worker/model_runner.py:1234,6.5,9.8,169.943,173.943,0.21,0.58
0,FusedInferAttentionScore,"[[1,1024],[1024,4096]]",vllm/worker/model_runner.py:1234,6.5,9.8,89.27,93.27,0.21,0.58
0,RmsNorm,"[[1,1024],[1024,4096]]",vllm/worker/model_runner.py:1234,6.5,9.8,24.705,28.705,0.21,0.58
0,AllReduce,"[[1,1024],[1024,4096]]",vllm/worker/model_runner.py:1234,6.5,9.8,49.996,53.996,0.21,0.58
0,MatMulV2,"[[1,1024],[1024,4096]]",vllm/worker/model_runner.py:1234,6.5,9.8,163.95,167.95,0.21,0.58
0,FusedInferAttentionScore,"[[1,1024],[1024,4096]]",vllm/worker/model_runner.py:1234,6.5,9.8,95.356,99.356,0.21,0.58
0,RmsNorm,"[[1,1024],[1024,4096]]",vllm/worker/model_runner.py:1234,6.5,9.8,17.653,21.653,0.21,0.58
0,AllReduce,"[[1,1024],[1024,4096]]",vllm/worker/model_runner.py:1234,6.5,9.8,44.706,48.706,0.21,0.58
0,MatMulV2,"[[1,1024],[1024,4096]]",vllm/worker/model_runner.py:1234,6.5,9.8,181.745,185.745,0.21,0.58
0,FusedInferAttentionScore,"[[1,1024],[1024,4096]]",vllm/worker/model_runner.py:1234,6.5,9.8,89.127,93.127,0.21,0.58
0,RmsNorm,"[[1,1024],[1024,4096]]",vllm/worker/model_runner.py:1234,6.5,9.8,20.277,24.277,0.21,0.58
0,AllReduce,"[[1,1024],[1024,4096]]",vllm/worker/model_runner.py:1234,6.5,9.8,48.021,52.021,0.21,0.58
0,MatMulV2,"[[1,1024],[1024,4096]]",vllm/worker/model_runner.py:1234,6.5,9.8,177.851,181.851,0.21,0.58
0,FusedInferAttentionScore,"[[1,1024],[1024,4096]]",vllm/worker/model_runner.py:1234,6.5,9.8,87.494,91.494,0.21,0.58
0,RmsNorm,"[[1,1024],[1024,4096]]",vllm/worker/model_runner.py:1234,6.5,9.8,18.044,22.044,0.21,0.58
0,AllReduce,"[[1,1024],[1024,4096]]",vllm/worker/model_runner.py:1234,6.5,9.8,43.584,47.584,0.21,0.58
0,aclrtMemcpyAsync_D2H,"[[1,1024],[1024,4096]]",vllm/worker/model_runner.py:1234,6.5,9.8,180,184,0.21,0.58
0,MatMulV2,"[[1,1024],[1024,4096]]",vllm/worker/model_runner.py:1234,6.5,9.8,179.831,183.831,0.21,0.58
0,FusedInferAttentionScore,"[[1,1024],[1024,4096]]",vllm/worker/model_runner.py:1234,6.5,9.8,98.061,102.061,0.21,0.58
0,RmsNorm,"[[1,1024],[1024,4096]]",vllm/worker/model_runner.py:1234,6.5,9.8,24.006,28.006,0.21,0.58
0,AllReduce,"[[1,1024],[1024,4096]]",vllm/worker/model_runner.py:1234,6.5,9.8,44.845,48.845,0.21,0.58
0,MatMulV2,"[[1,1024],[1024,4096]]",vllm/worker/model_runner.py:1234,6.5,9.8,155.14,159.14,0.21,0.58
0,FusedInferAttentionScore,"[[1,1024],[1024,4096]]",vllm/worker/model_runner.py:1234,6.5,9.8,97.981,101.981,0.21,0.58
0,RmsNorm,"[[1,1024],[1024,4096]]",vllm/worker/model_runner.py:1234,6.5,9.8,19.341,23.341,0.21,0.58
0,AllReduce,"[[1,1024],[1024,4096]]",vllm/worker/model_runner.py:1234,6.5,9.8,49.302,53.302,0.21,0.58
0,MatMulV2,"[[1,1024],[1024,4096]]",vllm/worker/model_runner.py:1234,6.5,9.8,155.952,159.952,0.21,0.58
0,FusedInferAttentionScore,"[[1,1024],[1024,4096]]",vllm/worker/model_runner.py:1234,6.5,9.8,85.166,89.166,0.21,0.58
0,RmsNorm,"[[1,1024],[1024,4096]]",vllm/worker/model_runner.py:1234,6.5,9.8,19.081,23.081,0.21,0.58
0,AllReduce,"[[1,1024],[1024,4096]]",vllm/worker/model_runner.py:1234,6.5,9.8,45.777,49.777,0.21,0.58
0,MatMulV2,"[[1,1024],[1024,4096]]",vllm/worker/model_runner.py:1234,6.5,9.8,168.869,172.869,0.21,0.58
0,FusedInferAttentionScore,"[[1,1024],[1024,4096]]",vllm/worker/model_runner.py:1234,6.5,9.8,92.906,96.906,0.21,0.58
0,RmsNorm,"[[1,1024],[1024,4096]]",vllm/worker/model_runner.py:1234,6.5,9.8,20.957,24.957,0.21,0.58
0,AllReduce,"[[1,1024],[1024,4096]]",vllm/worker/model_runner.py:1234,6.5,9.8,49.137,53.137,0.21,0.58
0,MatMulV2,"[[1,1024],[1024,4096]]",vllm/worker/model_runner.py:1234,6.5,9.8,173.677,177.677,0.21,0.58
0,FusedInferAttentionScore,"[[1,1024],[1024,4096]]",vllm/worker/model_runner.py:1234,6.5,9.8,87.43,91.43,0.21,0.58
0,RmsNorm,"[[1,1024],[1024,4096]]",vllm/worker/model_runner.py:1234,6.5,9.8,22.861,26.861,0.21,0.58
0,AllReduce,"[[1,1024],[1024,4096]]",vllm/worker/model_runner.py:1234,6.5,9.8,46.452,50.452,0.21,0.58
0,MatMulV2,"[[1,1024],[1024,4096]]",vllm/worker/model_runner.py:1234,6.5,9.8,170.789,174.789,0.21,0.58
0,FusedInferAttentionScore,"[[1,1024],[1024,4096]]",vllm/worker/model_runner.py:1234,6.5,9.8,90.978,94.978,0.21,0.58
0,RmsNorm,"[[1,1024],[1024,4096]]",vllm/worker/model_runner.py:1234,6.5,9.8,25.951,29.951,0.21,0.58
0,AllReduce,"[[1,1024],[1024,4096]]",vllm/worker/model_runner.py:1234,6.5,9.8,51.503,55.503,0.21,0.58
0,MatMulV2,"[[1,1024],[1024,4096]]",vllm/worker/model_runner.py:1234,6.5,9.8,182.161,186.161,0.21,0.58
0,FusedInferAttentionScore,"[[1,1024],[1024,4096]]",vllm/worker/model_runner.py:1234,6.5,9.8,95.282,99.282,0.21,0.58
0,RmsNorm,"[[1,1024],[1024,4096]]",vllm/worker/model_runner.py:1234,6.5,9.8,21.331,25.331,0.21,0.58
0,AllReduce,"[[1,1024],[1024,4096]]",vllm/worker/model_runner.py:1234,6.5,9.8,46.376,50.376,0.21,0.58
0,MatMulV2,"[[1,1024],[1024,4096]]",vllm/worker/model_runner.py:1234,6.5,9.8,170.958,174.958,0.21,0.58
0,FusedInferAttentionScore,"[[1,1024],[1024,4096]]",vllm/worker/model_runner.py:1234,6.5,9.8,90.882,94.882,0.21,0.58
0,RmsNorm,"[[1,1024],[1024,4096]]",vllm/worker/model_runner.py:1234,6.5,9.8,22.043,26.043,0.21,0.58
0,AllReduce,"[[1,1024],[1024,4096]]",vllm/worker/model_runner.py:1234,6.5,9.8,52.117,56.117,0.21,0.58
0,MatMulV2,"[[1,1024],[1024,4096]]",vllm/worker/model_runner.py:1234,6.5,9.8,173.757,177.757,0.21,0.58
0,FusedInferAttentionScore,"[[1,1024],[1024,4096]]",vllm/worker/model_runner.py:1234,6.5,9.8,92.153,96.153,0.21,0.58
0,RmsNorm,"[[1,1024],[1024,4096]]",vllm/worker/model_runner.py:1234,6.5,9.8,19.517,23.517,0.21,0.58
0,AllReduce,"[[1,1024],[1024,4096]]",vllm/worker/model_runner.py:1234,6.5,9.8,44.773,48.773,0.21,0.58
0,MatMulV2,"[[1,1024],[1024,4096]]",vllm/worker/model_runner.py:1234,6.5,9.8,165.559,169.559,0.21,0.58
0,FusedInferAttentionScore,"[[1,1024],[1024,4096]]",vllm/worker/model_runner.py:1234,6.5,9.8,96.486,100.486,0.21,0.58
0,RmsNorm,"[[1,1024],[1024,4096]]",vllm/worker/model_runner.py:1234,6.5,9.8,18.609,22.609,0.21,0.58
0,AllReduce,"[[1,1024],[1024,4096]]",vllm/worker/model_runner.py:1234,6.5,9.8,49.987,53.987,0.21,0.58
0,MatMulV2,"[[1,1024],[1024,4096]]",vllm/worker/model_runner.py:1234,6.5,9.8,172.399,176.399,0.21,0.58
0,FusedInferAttentionScore,"[[1,1024],[1024,4096]]",vllm/worker/model_runner.py:1234,6.5,9.8,82.494,86.494,0.21,0.58
0,RmsNorm,"[[1,1024],[1024,4096]]",vllm/worker/model_runner.py:1234,6.5,9.8,25.964,29.964,0.21,0.58
0,AllReduce,"[[1,1024],[1024,4096]]",vllm/worker/model_runner.py:1234,6.5,9.8,50.885,54.885,0.21,0.58
0,MatMulV2,"[[1,1024],[1024,4096]]",vllm/worker/model_runner.py:1234,6.5,9.8,168.837,172.837,0.21,0.58
0,FusedInferAttentionScore,"[[1,1024],[1024,4096]]",vllm/worker/model_runner.py:1234,6.5,9.8,84.673,88.673,0.21,0.58
0,RmsNorm,"[[1,1024],[1024,4096]]",vllm/worker/model_runner.py:1234,6.5,9.8,18.245,22.245,0.21,0.58
0,AllReduce,"[[1,1024],[1024,4096]]",vllm/worker/model_runner.py:1234,6.5,9.8,47.211,51.211,0.21,0.58
0,MatMulV2,"[[1,1024],[1024,4096]]",vllm/worker/model_runner.py:1234,6.5,9.8,156.1,160.1,0.21,0.58
0,FusedInferAttentionScore,"[[1,1024],[1024,4096]]",vllm/worker/model_runner.py:1234,6.5,9.8,98.418,102.418,0.21,0.58
0,RmsNorm,"[[1,1024],[1024,4096]]",vllm/worker/model_runner.py:1234,6.5,9.8,24.567,28.567,0.21,0.58
0,AllReduce,"[[1,1024],[1024,4096]]",vllm/worker/model_runner.py:1234,6.5,9.8,49.261,53.261,0.21,0.58
0,MatMulV2,"[[1,1024],[1024,4096]]",vllm/worker/model_runner.py:1234,6.5,9.8,179.17,183.17,0.21,0.58
0,FusedInferAttentionScore,"[[1,1024],[1024,4096]]",vllm/worker/model_runner.py:1234,6.5,9.8,95.795,99.795,0.21,0.58
0,RmsNorm,"[[1,1024],[1024,4096]]",vllm/worker/model_runner.py:1234,6.5,9.8,19.666,23.666,0.21,0.58
0,AllReduce,"[[1,1024],[1024,4096]]",vllm/worker/model_runner.py:1234,6.5,9.8,51.764,55.764,0.21,0.58
0,MatMulV2,"[[1,1024],[1024,4096]]",vllm/worker/model_runner.py:1234,6.5,9.8,185.586,189.586,0.21,0.58
0,FusedInferAttentionScore,"[[1,1024],[1024,4096]]",vllm/worker/model_runner.py:1234,6.5,9.8,94.976,98.976,0.21,0.58
0,RmsNorm,"[[1,1024],[1024,4096]]",vllm/worker/model_runner.py:1234,6.5,9.8,21.75,25.75,0.21,0.58
0,AllReduce,"[[1,1024],[1024,4096]]",vllm/worker/model_runner.py:1234,6.5,9.8,44.855,48.855,0.21,0.58
0,MatMulV2,"[[1,1024],[1024,4096]]",vllm/worker/model_runner.py:1234,6.5,9.8,181.257,185.257,0.21,0.58
0,FusedInferAttentionScore,"[[1,1024],[1024,4096]]",vllm/worker/model_runner.py:1234,6.5,9.8,86.758,90.758,0.21,0.58
0,RmsNorm,"[[1,1024],[1024,4096]]",vllm/worker/model_runner.py:1234,6.5,9.8,25.562,29.562,0.21,0.58
0,AllReduce,"[[1,1024],[1024,4096]]",vllm/worker/model_runner.py:1234,6.5,9.8,44.9,48.9,0.21,0.58
0,MatMulV2,"[[1,1024],[1024,4096]]",vllm/worker/model_runner.py:1234,6.5,9.8,161.048,165.048,0.21,0.58
0,FusedInferAttentionScore,"[[1,1024],[1024,4096]]",vllm/worker/model_runner.py:1234,6.5,9.8,94.046,98.046,0.21,0.58
0,RmsNorm,"[[1,1024],[1024,4096]]",vllm/worker/model_runner.py:1234,6.5,9.8,19.395,23.395,0.21,0.58
0,AllReduce,"[[1,1024],[1024,4096]]",vllm/worker/model_runner.py:1234,6.5,9.8,43.916,47.916,0.21,0.58
0,MatMulV2,"[[1,1024],[1024,4096]]",vllm/worker/model_runner.py:1234,6.5,9.8,184.437,188.437,0.21,0.58
0,FusedInferAttentionScore,"[[1,1024],[1024,4096]]",vllm/worker/model_runner.py:1234,6.5,9.8,86.731,90.731,0.21,0.58
0,RmsNorm,"[[1,1024],[1024,4096]]",vllm/worker/model_runner.py:1234,6.5,9.8,20.201,24.201,0.21,0.58
0,AllReduce,"[[1,1024],[1024,4096]]",vllm/worker/model_runner.py:1234,6.5,9.8,47.539,51.539,0.21,0.58
0,MatMulV2,"[[1,1024],[1024,4096]]",vllm/worker/model_runner.py:1234,6.5,9.8,159.019,163.019,0.21,0.58
0,FusedInferAttentionScore,"[[1,1024],[1024,4096]]",vllm/worker/model_runner.py:1234,6.5,9.8,90.854,94.854,0.21,0.58
0,RmsNorm,"[[1,1024],[1024,4096]]",vllm/worker/model_runner.py:1234,6.5,9.8,19.123,23.123,0.21,0.58
0,AllReduce,"[[1,1024],[1024,4096]]",vllm/worker/model_runner.py:1234,6.5,9.8,47.485,51.485,0.21,0.58
0,MatMulV2,"[[1,1024],[1024,4096]]",vllm/worker/model_runner.py:1234,6.5,9.8,161.129,165.129,0.21,0.58
0,FusedInferAttentionScore,"[[1,1024],[1024,4096]]",vllm/worker/model_runner.py:1234,6.5,9.8,97.471,101.471,0.21,0.58
0,RmsNorm,"[[1,1024],[1024,4096]]",vllm/worker/model_runner.py:1234,6.5,9.8,22.39,26.39,0.21,0.58
0,AllReduce,"[[1,1024],[1024,4096]]",vllm/worker/model_runner.py:1234,6.5,9.8,45.663,49.663,0.21,0.58
0,MatMulV2,"[[1,1024],[1024,4096]]",vllm/worker/model_runner.py:1234,6.5,9.8,159.383,163.383,0.21,0.58
0,FusedInferAttentionScore,"[[1,1024],[1024,4096]]",vllm/worker/model_runner.py:1234,6.5,9.8,83.119,87.119,0.21,0.58
0,RmsNorm,"[[1,1024],[1024,4096]]",vllm/worker/model_runner.py:1234,6.5,9.8,22.722,26.722,0.21,0.58
0,AllReduce,"[[1,1024],[1024,4096]]",vllm/worker/model_runner.py:1234,6.5,9.8,47.885,51.885,0.21,0.58
0,MatMulV2,"[[1,1024],[1024,4096]]",vllm/worker/model_runner.py:1234,6.5,9.8,157.398,161.398,0.21,0.58
0,FusedInferAttentionScore,"[[1,1024],[1024,4096]]",vllm/worker/model_runner.py:1234,6.5,9.8,98.289,102.289,0.21,0.58
0,RmsNorm,"[[1,1024],[1024,4096]]",vllm/worker/model_runner.py:1234,6.5,9.8,20.17,24.17,0.21,0.58
0,AllReduce,"[[1,1024],[1024,4096]]",vllm/worker/model_runner.py:1234,6.5,9.8,43.513,47.513,0.21,0.58
0,MatMulV2,"[[1,1024],[1024,4096]]",vllm/worker/model_runner.py:1234,6.5,9.8,182.496,186.496,0.21,0.58
0,FusedInferAttentionScore,"[[1,1024],[1024,4096]]",vllm/worker/model_runner.py:1234,6.5,9.8,96.823,100.823,0.21,0.58
0,RmsNorm,"[[1,1024],[1024,4096]]",vllm/worker/model_runner.py:1234,6.5,9.8,19.931,23.931,0.21,0.58
0,AllReduce,"[[1,1024],[1024,4096]]",vllm/worker/model_runner.py:1234,6.5,9.8,47.419,51.419,0.21,0.58
0,MatMulV2,"[[1,1024],[1024,4096]]",vllm/worker/model_runner.py:1234,6.5,9.8,167.647,171.647,0.21,0.58
0,FusedInferAttentionScore,"[[1,1024],[1024,4096]]",vllm/worker/model_runner.py:1234,6.5,9.8,83.624,87.624,0.21,0.58
0,RmsNorm,"[[1,1024],[1024,4096]]",vllm/worker/model_runner.py:1234,6.5,9.8,24.881,28.881,0.21,0.58
0,AllReduce,"[[1,1024],[1024,4096]]",vllm/worker/model_runner.py:1234,6.5,9.8,52.577,56.577,0.21,0.58
0,MatMulV2,"[[1,1024],[1024,4096]]",vllm/worker/model_runner.py:1234,6.5,9.8,156.45,160.45,0.21,0.58
0,FusedInferAttentionScore,"[[1,1024],[1024,4096]]",vllm/worker/model_runner.py:1234,6.5,9.8,82.603,86.603,0.21,0.58
0,RmsNorm,"[[1,1024],[1024,4096]]",vllm/worker/model_runner.py:1234,6.5,9.8,25.162,29.162,0.21,0.58
0,AllReduce,"[[1,1024],[1024,4096]]",vllm/worker/model_runner.py:1234,6.5,9.8,51.261,55.261,0.21,0.58
0,MatMulV2,"[[1,1024],[1024,4096]]",vllm/worker/model_runner.py:1234,6.5,9.8,181.433,185.433,0.21,0.58
0,FusedInferAttentionScore,"[[1,1024],[1024,4096]]",vllm/worker/model_runner.py:1234,6.5,9.8,97.255,101.255,0.21,0.58
0,RmsNorm,"[[1,1024],[1024,4096]]",vllm/worker/model_runner.py:1234,6.5,9.8,24.557,28.557,0.21,0.58
0,AllReduce,"[[1,1024],[1024,4096]]",vllm/worker/model_runner.py:1234,6.5,9.8,45.187,49.187,0.21,0.58
0,MatMulV2,"[[1,1024],[1024,4096]]",vllm/worker/model_runner.py:1234,6.5,9.8,160.443,164.443,0.21,0.58
0,FusedInferAttentionScore,"[[1,1024],[1024,4096]]",vllm/worker/model_runner.py:1234,6.5,9.8,96.776,100.776,0.21,0.58
0,RmsNorm,"[[1,1024],[1024,4096]]",vllm/worker/model_runner.py:1234,6.5,9.8,22.388,26.388,0.21,0.58
0,AllReduce,"[[1,1024],[1024,4096]]",vllm/worker/model_runner.py:1234,6.5,9.8,44.15,48.15,0.21,0.58
0,MatMulV2,"[[1,1024],[1024,4096]]",vllm/worker/model_runner.py:1234,6.5,9.8,164.411,168.411,0.21,0.58
0,FusedInferAttentionScore,"[[1,1024],[1024,4096]]",vllm/worker/model_runner.py:1234,6.5,9.8,83.131,87.131,0.21,0.58
0,RmsNorm,"[[1,1024],[1024,4096]]",vllm/worker/model_runner.py:1234,6.5,9.8,21.488,25.488,0.21,0.58
0,AllReduce,"[[1,1024],[1024,4096]]",vllm/worker/model_runner.py:1234,6.5,9.8,45.513,49.513,0.21,0.58
0,MatMulV2,"[[1,1024],[1024,4096]]",vllm/worker/model_runner.py:1234,6.5,9.8,160.286,164.286,0.21,0.58
0,FusedInferAttentionScore,"[[1,1024],[1024,4096]]",vllm/worker/model_runner.py:1234,6.5,9.8,82.976,86.976,0.21,0.58
0,RmsNorm,"[[1,1024],[1024,4096]]",vllm/worker/model_runner.py:1234,6.5,9.8,20.567,24.567,0.21,0.58
0,AllReduce,"[[1,1024],[1024,4096]]",vllm/worker/model_runner.py:1234,6.5,9.8,46.885,50.885,0.21,0.58
0,MatMulV2,"[[1,1024],[1024,4096]]",vllm/worker/model_runner.py:1234,6.5,9.8,177.396,181.396,0.21,0.58
0,FusedInferAttentionScore,"[[1,1024],[1024,4096]]",vllm/worker/model_runner.py:1234,6.5,9.8,92.83,96.83,0.21,0.58
0,RmsNorm,"[[1,1024],[1024,4096]]",vllm/worker/model_runner.py:1234,6.5,9.8,21.922,25.922,0.21,0.58
0,AllReduce,"[[1,1024],[1024,4096]]",vllm/worker/model_runner.py:1234,6.5,9.8,50.756,54.756,0.21,0.58
0,MatMulV2,"[[1,1024],[1024,4096]]",vllm/worker/model_runner.py:1234,6.5,9.8,154.036,158.036,0.21,0.58
0,FusedInferAttentionScore,"[[1,1024],[1024,4096]]",vllm/worker/model_runner.py:1234,6.5,9.8,82.429,86.429,0.21,0.58
0,RmsNorm,"[[1,1024],[1024,4096]]",vllm/worker/model_runner.py:1234,6.5,9.8,26.024,30.024,0.21,0.58
0,AllReduce,"[[1,1024],[1024,4096]]",vllm/worker/model_runner.py:1234,6.5,9.8,51.017,55.017,0.21,0.58
0,MatMulV2,"[[1,1024],[1024,4096]]",vllm/worker/model_runner.py:1234,6.5,9.8,172.111,176.111,0.21,0.58
0,FusedInferAttentionScore,"[[1,1024],[1024,4096]]",vllm/worker/model_runner.py:1234,6.5,9.8,89.958,93.958,0.21,0.58
0,RmsNorm,"[[1,1024],[1024,4096]]",vllm/worker/model_runner.py:1234,6.5,9.8,23.89,27.89,0.21,0.58
0,AllReduce,"[[1,1024],[1024,4096]]",vllm/worker/model_runner.py:1234,6.5,9.8,44.693,48.693,0.21,0.58
0,aclrtMemcpyAsync_D2H,"[[1,1024],[1024,4096]]",vllm/worker/model_runner.py:1234,6.5,9.8,180,184,0.21,0.58
0,MatMulV2,"[[1,1024],[1024,4096]]",vllm/worker/model_runner.py:1234,6.5,9.8,158.659,162.659,0.21,0.58
0,FusedInferAttentionScore,"[[1,1024],[1024,4096]]",vllm/worker/model_runner.py:1234,6.5,9.8,87.036,91.036,0.21,0.58
0,RmsNorm,"[[1,1024],[1024,4096]]",vllm/worker/model_runner.py:1234,6.5,9.8,20.417,24.417,0.21,0.58
0,AllReduce,"[[1,1024],[1024,4096]]",vllm/worker/model_runner.py:1234,6.5,9.8,50.27,54.27,0.21,0.58
0,MatMulV2,"[[1,1024],[1024,4096]]",vllm/worker/model_runner.py:1234,6.5,9.8,174.867,178.867,0.21,0.58
0,FusedInferAttentionScore,"[[1,1024],[1024,4096]]",vllm/worker/model_runner.py:1234,6.5,9.8,86.647,90.647,0.21,0.58
0,RmsNorm,"[[1,1024],[1024,4096]]",vllm/worker/model_runner.py:1234,6.5,9.8,23.598,27.598,0.21,0.58
0,AllReduce,"[[1,1024],[1024,4096]]",vllm/worker/model_runner.py:1234,6.5,9.8,52.353,56.353,0.21,0.58
0,MatMulV2,"[[1,1024],[1024,4096]]",vllm/worker/model_runner.py:1234,6.5,9.8,176.316,180.316,0.21,0.58
0,FusedInferAttentionScore,"[[1,1024],[1024,4096]]",vllm/worker/model_runner.py:1234,6.5,9.8,98.204,102.204,0.21,0.58
0,RmsNorm,"[[1,1024],[1024,4096]]",vllm/worker/model_runner.py:1234,6.5,9.8,26.274,30.274,0.21,0.58
0,AllReduce,"[[1,1024],[1024,4096]]",vllm/worker/model_runner.py:1234,6.5,9.8,51.143,55.143,0.21,0.58
0,MatMulV2,"[[1,1024],[1024,4096]]",vllm/worker/model_runner.py:1234,6.5,9.8,173.856,177.856,0.21,0.58
0,FusedInferAttentionScore,"[[1,1024],[1024,4096]]",vllm/worker/model_runner.py:1234,6.5,9.8,81.404,85.404,0.21,0.58
0,RmsNorm,"[[1,1024],[1024,4096]]",vllm/worker/model_runner.py:1234,6.5,9.8,25.585,29.585,0.21,0.58
0,AllReduce,"[[1,1024],[1024,4096]]",vllm/worker/model_runner.py:1234,6.5,9.8,51.661,55.661,0.21,0.58
0,MatMulV2,"[[1,1024],[1024,4096]]",vllm/worker/model_runner.py:1234,6.5,9.8,162.156,166.156,0.21,0.58
0,FusedInferAttentionScore,"[[1,1024],[1024,4096]]",vllm/worker/model_runner.py:1234,6.5,9.8,83.967,87.967,0.21,0.58
0,RmsNorm,"[[1,1024],[1024,4096]]",vllm/worker/model_runner.py:1234,6.5,9.8,23.627,27.627,0.21,0.58
0,AllReduce,"[[1,1024],[1024,4096]]",vllm/worker/model_runner.py:1234,6.5,9.8,51.197,55.197,0.21,0.58
0,MatMulV2,"[[1,1024],[1024,4096]]",vllm/worker/model_runner.py:1234,6.5,9.8,166.1,170.1,0.21,0.58
0,FusedInferAttentionScore,"[[1,1024],[1024,4096]]",vllm/worker/model_runner.py:1234,6.5,9.8,83.382,87.382,0.21,0.58
0,RmsNorm,"[[1,1024],[1024,4096]]",vllm/worker/model_runner.py:1234,6.5,9.8,25.68,29.68,0.21,0.58
0,AllReduce,"[[1,1024],[1024,4096]]",vllm/worker/model_runner.py:1234,6.5,9.8,45.092,49.092,0.21,0.58
0,MatMulV2,"[[1,1024],[1024,4096]]",vllm/worker/model_runner.py:1234,6.5,9.8,161.182,165.182,0.21,0.58
0,FusedInferAttentionScore,"[[1,1024],[1024,4096]]",vllm/worker/model_runner.py:1234,6.5,9.8,86.435,90.435,0.21,0.58
0,RmsNorm,"[[1,1024],[1024,4096]]",vllm/worker/model_runner.py:1234,6.5,9.8,17.992,21.992,0.21,0.58
0,AllReduce,"[[1,1024],[1024,4096]]",vllm/worker/model_runner.py:1234,6.5,9.8,44.96,48.96,0.21,0.58
0,MatMulV2,"[[1,1024],[1024,4096]]",vllm/worker/model_runner.py:1234,6.5,9.8,176.538,180.538,0.21,0.58
0,FusedInferAttentionScore,"[[1,1024],[1024,4096]]",vllm/worker/model_runner.py:1234,6.5,9.8,90.806,94.806,0.21,0.58
0,RmsNorm,"[[1,1024],[1024,4096]]",vllm/worker/model_runner.py:1234,6.5,9.8,23.708,27.708,0.21,0.58
0,AllReduce,"[[1,1024],[1024,4096]]",vllm/worker/model_runner.py:1234,6.5,9.8,48.332,52.332,0.21,0.58
0,MatMulV2,"[[1,1024],[1024,4096]]",vllm/worker/model_runner.py:1234,6.5,9.8,183.796,187.796,0.21,0.58
0,FusedInferAttentionScore,"[[1,1024],[1024,4096]]",vllm/worker/model_runner.py:1234,6.5,9.8,93.501,97.501,0.21,0.58
0,RmsNorm,"[[1,1024],[1024,4096]]",vllm/worker/model_runner.py:1234,6.5,9.8,20.923,24.923,0.21,0.58
0,AllReduce,"[[1,1024],[1024,4096]]",vllm/worker/model_runner.py:1234,6.5,9.8,45.054,49.054,0.21,0.58
0,MatMulV2,"[[1,1024],[1024,4096]]",vllm/worker/model_runner.py:1234,6.5,9.8,165.388,169.388,0.21,0.58
0,FusedInferAttentionScore,"[[1,1024],[1024,4096]]",vllm/worker/model_runner.py:1234,6.5,9.8,83.422,87.422,0.21,0.58
0,RmsNorm,"[[1,1024],[1024,4096]]",vllm/worker/model_runner.py:1234,6.5,9.8,19.458,23.458,0.21,0.58
0,AllReduce,"[[1,1024],[1024,4096]]",vllm/worker/model_runner.py:1234,6.5,9.8,52.195,56.195,0.21,0.58
0,MatMulV2,"[[1,1024],[1024,4096]]",vllm/worker/model_runner.py:1234,6.5,9.8,186.471,190.471,0.21,0.58
0,FusedInferAttentionScore,"[[1,1024],[1024,4096]]",vllm/worker/model_runner.py:1234,6.5,9.8,85.84,89.84,0.21,0.58
0,RmsNorm,"[[1,1024],[1024,4096]]",vllm/worker/model_runner.py:1234,6.5,9.8,23.142,27.142,0.21,0.58
0,AllReduce,"[[1,1024],[1024,4096]]",vllm/worker/model_runner.py:1234,6.5,9.8,46.814,50.814,0.21,0.58
0,MatMulV2,"[[1,1024],[1024,4096]]",vllm/worker/model_runner.py:1234,6.5,9.8,167.139,171.139,0.21,0.58
0,FusedInferAttentionScore,"[[1,1024],[1024,4096]]",vllm/worker/model_runner.py:1234,6.5,9.8,97.058,101.058,0.21,0.58
0,RmsNorm,"[[1,1024],[1024,4096]]",vllm/worker/model_runner.py:1234,6.5,9.8,20.185,24.185,0.21,0.58
0,AllReduce,"[[1,1024],[1024,4096]]",vllm/worker/model_runner.py:1234,6.5,9.8,52.341,56.341,0.21,0.58
0,MatMulV2,"[[1,1024],[1024,4096]]",vllm/worker/model_runner.py:1234,6.5,9.8,182.051,186.051,0.21,0.58
0,FusedInferAttentionScore,"[[1,1024],[1024,4096]]",vllm/worker/model_runner.py:1234,6.5,9.8,94.045,98.045,0.21,0.58
0,RmsNorm,"[[1,1024],[1024,4096]]",vllm/worker/model_runner.py:1234,6.5,9.8,23.23,27.23,0.21,0.58
0,AllReduce,"[[1,1024],[1024,4096]]",vllm/worker/model_runner.py:1234,6.5,9.8,51.109,55.109,0.21,0.58
0,MatMulV2,"[[1,1024],[1024,4096]]",vllm/worker/model_runner.py:1234,6.5,9.8,185.161,189.161,0.21,0.58
0,FusedInferAttentionScore,"[[1,1024],[1024,4096]]",vllm/worker/model_runner.py:1234,6.5,9.8,92.32,96.32,0.21,0.58
0,RmsNorm,"[[1,1024],[1024,4096]]",vllm/worker/model_runner.py:1234,6.5,9.8,24.478,28.478,0.21,0.58
0,AllReduce,"[[1,1024],[1024,4096]]",vllm/worker/model_runner.py:1234,6.5,9.8,50.8,54.8,0.21,0.58
0,MatMulV2,"[[1,1024],[1024,4096]]",vllm/worker/model_runner.py:1234,6.5,9.8,173.681,177.681,0.21,0.58
0,FusedInferAttentionScore,"[[1,1024],[1024,4096]]",vllm/worker/model_runner.py:1234,6.5,9.8,85.874,89.874,0.21,0.58
0,RmsNorm,"[[1,1024],[1024,4096]]",vllm/worker/model_runner.py:1234,6.5,9.8,23.863,27.863,0.21,0.58
0,AllReduce,"[[1,1024],[1024,4096]]",vllm/worker/model_runner.py:1234,6.5,9.8,49.354,53.354,0.21,0.58
0,MatMulV2,"[[1,1024],[1024,4096]]",vllm/worker/model_runner.py:1234,6.5,9.8,181.948,185.948,0.21,0.58
0,FusedInferAttentionScore,"[[1,1024],[1024,4096]]",vllm/worker/model_runner.py:1234,6.5,9.8,85.403,89.403,0.21,0.58
0,RmsNorm,"[[1,1024],[1024,4096]]",vllm/worker/model_runner.py:1234,6.5,9.8,17.67,21.67,0.21,0.58
0,AllReduce,"[[1,1024],[1024,4096]]",vllm/worker/model_runner.py:1234,6.5,9.8,48.483,52.483,0.21,0.58
0,MatMulV2,"[[1,1024],[1024,4096]]",vllm/worker/model_runner.py:1234,6.5,9.8,184.353,188.353,0.21,0.58
0,FusedInferAttentionScore,"[[1,1024],[1024,4096]]",vllm/worker/model_runner.py:1234,6.5,9.8,97.634,101.634,0.21,0.58
0,RmsNorm,"[[1,1024],[1024,4096]]",vllm/worker/model_runner.py:1234,6.5,9.8,21.993,25.993,0.21,0.58
0,AllReduce,"[[1,1024],[1024,4096]]",vllm/worker/model_runner.py:1234,6.5,9.8,47.539,51.539,0.21,0.58
0,MatMulV2,"[[1,1024],[1024,4096]]",vllm/worker/model_runner.py:1234,6.5,9.8,164.974,168.974,0.21,0.58
0,FusedInferAttentionScore,"[[1,1024],[1024,4096]]",vllm/worker/model_runner.py:1234,6.5,9.8,91.037,95.037,0.21,0.58
0,RmsNorm,"[[1,1024],[1024,4096]]",vllm/worker/model_runner.py:1234,6.5,9.8,22.795,26.795,0.21,0.58
0,AllReduce,"[[1,1024],[1024,4096]]",vllm/worker/model_runner.py:1234,6.5,9.8,47.906,51.906,0.21,0.58
0,MatMulV2,"[[1,1024],[1024,4096]]",vllm/worker/model_runner.py:1234,6.5,9.8,178.085,182.085,0.21,0.58
0,FusedInferAttentionScore,"[[1,1024],[1024,4096]]",vllm/worker/model_runner.py:1234,6.5,9.8,87.683,91.683,0.21,0.58
0,RmsNorm,"[[1,1024],[1024,4096]]",vllm/worker/model_runner.py:1234,6.5,9.8,19.389,23.389,0.21,0.58
0,AllReduce,"[[1,1024],[1024,4096]]",vllm/worker/model_runner.py:1234,6.5,9.8,52.437,56.437,0.21,0.58
0,MatMulV2,"[[1,1024],[1024,4096]]",vllm/worker/model_runner.py:1234,6.5,9.8,164.187,168.187,0.21,0.58
0,FusedInferAttentionScore,"[[1,1024],[1024,4096]]",vllm/worker/model_runner.py:1234,6.5,9.8,93.551,97.551,0.21,0.58
0,RmsNorm,"[[1,1024],[1024,4096]]",vllm/worker/model_runner.py:1234,6.5,9.8,22.302,26.302,0.21,0.58
0,AllReduce,"[[1,1024],[1024,4096]]",vllm/worker/model_runner.py:1234,6.5,9.8,46.909,50.909,0.21,0.58
0,MatMulV2,"[[1,1024],[1024,4096]]",vllm/worker/model_runner.py:1234,6.5,9.8,178.721,182.721,0.21,0.58
0,FusedInferAttentionScore,"[[1,1024],[1024,4096]]",vllm/worker/model_runner.py:1234,6.5,9.8,88.056,92.056,0.21,0.58
0,RmsNorm,"[[1,1024],[1024,4096]]",vllm/worker/model_runner.py:1234,6.5,9.8,18.322,22.322,0.21,0.58
0,AllReduce,"[[1,1024],[1024,4096]]",vllm/worker/model_runner.py:1234,6.5,9.8,48.832,52.832,0.21,0.58
0,MatMulV2,"[[1,1024],[1024,4096]]",vllm/worker/model_runner.py:1234,6.5,9.8,169.121,173.121,0.21,0.58
0,FusedInferAttentionScore,"[[1,1024],[1024,4096]]",vllm/worker/model_runner.py:1234,6.5,9.8,82.067,86.067,0.21,0.58
0,RmsNorm,"[[1,1024],[1024,4096]]",vllm/worker/model_runner.py:1234,6.5,9.8,23.315,27.315,0.21,0.58
0,AllReduce,"[[1,1024],[1024,4096]]",vllm/worker/model_runner.py:1234,6.5,9.8,52.171,56.171,0.21,0.58
0,MatMulV2,"[[1,1024],[1024,4096]]",vllm/worker/model_runner.py:1234,6.5,9.8,178.357,182.357,0.21,0.58
0,FusedInferAttentionScore,"[[1,1024],[1024,4096]]",vllm/worker/model_runner.py:1234,6.5,9.8,96.225,100.225,0.21,0.58
0,RmsNorm,"[[1,1024],[1024,4096]]",vllm/worker/model_runner.py:1234,6.5,9.8,19.998,23.998,0.21,0.58
0,AllReduce,"[[1,1024],[1024,4096]]",vllm/worker/model_runner.py:1234,6.5,9.8,44.529,48.529,0.21,0.58
0,MatMulV2,"[[1,1024],[1024,4096]]",vllm/worker/model_runner.py:1234,6.5,9.8,161.633,165.633,0.21,0.58
0,FusedInferAttentionScore,"[[1,1024],[1024,4096]]",vllm/worker/model_runner.py:1234,6.5,9.8,95.812,99.812,0.21,0.58
0,RmsNorm,"[[1,1024],[1024,4096]]",vllm/worker/model_runner.py:1234,6.5,9.8,20.047,24.047,0.21,0.58
0,AllReduce,"[[1,1024],[1024,4096]]",vllm/worker/model_runner.py:1234,6.5,9.8,45.333,49.333,0.21,0.58
0,MatMulV2,"[[1,1024],[1024,4096]]",vllm/worker/model_runner.py:1234,6.5,9.8,175.39,179.39,0.21,0.58
0,FusedInferAttentionScore,"[[1,1024],[1024,4096]]",vllm/worker/model_runner.py:1234,6.5,9.8,84.973,88.973,0.21,0.58
0,RmsNorm,"[[1,1024],[1024,4096]]",vllm/worker/model_runner.py:1234,6.5,9.8,25.747,29.747,0.21,0.58
0,AllReduce,"[[1,1024],[1024,4096]]",vllm/worker/model_runner.py:1234,6.5,9.8,48.783,52.783,0.21,0.58
0,MatMulV2,"[[1,1024],[1024,4096]]",vllm/worker/model_runner.py:1234,6.5,9.8,176.269,180.269,0.21,0.58
0,FusedInferAttentionScore,"[[1,1024],[1024,4096]]",vllm/worker/model_runner.py:1234,6.5,9.8,81.562,85.562,0.21,0.58
0,RmsNorm,"[[1,1024],[1024,4096]]",vllm/worker/model_runner.py:1234,6.5,9.8,20.553,24.553,0.21,0.58
0,AllReduce,"[[1,1024],[1024,4096]]",vllm/worker/model_runner.py:1234,6.5,9.8,45.713,49.713,0.21,0.58
0,MatMulV2,"[[1,1024],[1024,4096]]",vllm/worker/model_runner.py:1234,6.5,9.8,172.196,176.196,0.21,0.58
0,FusedInferAttentionScore,"[[1,1024],[1024,4096]]",vllm/worker/model_runner.py:1234,6.5,9.8,94.4,98.4,0.21,0.58
0,RmsNorm,"[[1,1024],[1024,4096]]",vllm/worker/model_runner.py:1234,6.5,9.8,23.358,27.358,0.21,0.58
0,AllReduce,"[[1,1024],[1024,4096]]",vllm/worker/model_runner.py:1234,6.5,9.8,51.307,55.307,0.21,0.58
0,MatMulV2,"[[1,1024],[1024,4096]]",vllm/worker/model_runner.py:1234,6.5,9.8,184.247,188.247,0.21,0.58
0,FusedInferAttentionScore,"[[1,1024],[1024,4096]]",vllm/worker/model_runner.py:1234,6.5,9.8,85.212,89.212,0.21,0.58
0,RmsNorm,"[[1,1024],[1024,4096]]",vllm/worker/model_runner.py:1234,6.5,9.8,23.452,27.452,0.21,0.58
0,AllReduce,"[[1,1024],[1024,4096]]",vllm/worker/model_runner.py:1234,6.5,9.8,48.827,52.827,0.21,0.58
0,MatMulV2,"[[1,1024],[1024,4096]]",vllm/worker/model_runner.py:1234,6.5,9.8,166.43,170.43,0.21,0.58
0,FusedInferAttentionScore,"[[1,1024],[1024,4096]]",vllm/worker/model_runner.py:1234,6.5,9.8,82.051,86.051,0.21,0.58
0,RmsNorm,"[[1,1024],[1024,4096]]",vllm/worker/model_runner.py:1234,6.5,9.8,20.165,24.165,0.21,0.58
0,AllReduce,"[[1,1024],[1024,4096]]",vllm/worker/model_runner.py:1234,6.5,9.8,49.898,53.898,0.21,0.58
0,MatMulV2,"[[1,1024],[1024,4096]]",vllm/worker/model_runner.py:1234,6.5,9.8,175.076,179.076,0.21,0.58
0,FusedInferAttentionScore,"[[1,1024],[1024,4096]]",vllm/worker/model_runner.py:1234,6.5,9.8,93.459,97.459,0.21,0.58
0,RmsNorm,"[[1,1024],[1024,4096]]",vllm/worker/model_runner.py:1234,6.5,9.8,23.777,27.777,0.21,0.58
0,AllReduce,"[[1,1024],[1024,4096]]",vllm/worker/model_runner.py:1234,6.5,9.8,51.908,55.908,0.21,0.58
0,MatMulV2,"[[1,1024],[1024,4096]]",vllm/worker/model_runner.py:1234,6.5,9.8,169.952,173.952,0.21,0.58
0,FusedInferAttentionScore,"[[1,1024],[1024,4096]]",vllm/worker/model_runner.py:1234,6.5,9.8,89.17,93.17,0.21,0.58
0,RmsNorm,"[[1,1024],[1024,4096]]",vllm/worker/model_runner.py:1234,6.5,9.8,26.082,30.082,0.21,0.58
0,AllReduce,"[[1,1024],[1024,4096]]",vllm/worker/model_runner.py:1234,6.5,9.8,49.855,53.855,0.21,0.58
0,MatMulV2,"[[1,1024],[1024,4096]]",vllm/worker/model_runner.py:1234,6.5,9.8,185.379,189.379,0.21,0.58
0,FusedInferAttentionScore,"[[1,1024],[1024,4096]]",vllm/worker/model_runner.py:1234,6.5,9.8,82.747,86.747,0.21,0.58
0,RmsNorm,"[[1,1024],[1024,4096]]",vllm/worker/model_runner.py:1234,6.5,9.8,18.704,22.704,0.21,0.58
0,AllReduce,"[[1,1024],[1024,4096]]",vllm/worker/model_runner.py:1234,6.5,9.8,48.298,52.298,0.21,0.58
0,aclrtMemcpyAsync_D2H,"[[1,1024],[1024,4096]]",vllm/worker/model_runner.py:1234,6.5,9.8,180,184,0.21,0.58
0,MatMulV2,"[[1,1024],[1024,4096]]",vllm/worker/model_runner.py:1234,6.5,9.8,182.105,186.105,0.21,0.58
0,FusedInferAttentionScore,"[[1,1024],[1024,4096]]",vllm/worker/model_runner.py:1234,6.5,9.8,97.626,101.626,0.21,0.58
0,RmsNorm,"[[1,1024],[1024,4096]]",vllm/worker/model_runner.py:1234,6.5,9.8,18.983,22.983,0.21,0.58
0,AllReduce,"[[1,1024],[1024,4096]]",vllm/worker/model_runner.py:1234,6.5,9.8,52.589,56.589,0.21,0.58
0,MatMulV2,"[[1,1024],[1024,4096]]",vllm/worker/model_runner.py:1234,6.5,9.8,174.091,178.091,0.21,0.58
0,FusedInferAttentionScore,"[[1,1024],[1024,4096]]",vllm/worker/model_runner.py:1234,6.5,9.8,96.278,100.278,0.21,0.58
0,RmsNorm,"[[1,1024],[1024,4096]]",vllm/worker/model_runner.py:1234,6.5,9.8,18.846,22.846,0.21,0.58
0,AllReduce,"[[1,1024],[1024,4096]]",vllm/worker/model_runner.py:1234,6.5,9.8,46.755,50.755,0.21,0.58
0,MatMulV2,"[[1,1024],[1024,4096]]",vllm/worker/model_runner.py:1234,6.5,9.8,172.883,176.883,0.21,0.58
0,FusedInferAttentionScore,"[[1,1024],[1024,4096]]",vllm/worker/model_runner.py:1234,6.5,9.8,84.546,88.546,0.21,0.58
0,RmsNorm,"[[1,1024],[1024,4096]]",vllm/worker/model_runner.py:1234,6.5,9.8,25.901,29.901,0.21,0.58
0,AllReduce,"[[1,1024],[1024,4096]]",vllm/worker/model_runner.py:1234,6.5,9.8,51.541,55.541,0.21,0.58
0,MatMulV2,"[[1,1024],[1024,4096]]",vllm/worker/model_runner.py:1234,6.5,9.8,157.263,161.263,0.21,0.58
0,FusedInferAttentionScore,"[[1,1024],[1024,4096]]",vllm/worker/model_runner.py:1234,6.5,9.8,91.659,95.659,0.21,0.58
0,RmsNorm,"[[1,1024],[1024,4096]]",vllm/worker/model_runner.py:1234,6.5,9.8,18.067,22.067,0.21,0.58
0,AllReduce,"[[1,1024],[1024,4096]]",vllm/worker/model_runner.py:1234,6.5,9.8,47.03,51.03,0.21,0.58
0,MatMulV2,"[[1,1024],[1024,4096]]",vllm/worker/model_runner.py:1234,6.5,9.8,175.162,179.162,0.21,0.58
0,FusedInferAttentionScore,"[[1,1024],[1024,4096]]",vllm/worker/model_runner.py:1234,6.5,9.8,88.045,92.045,0.21,0.58
0,RmsNorm,"[[1,1024],[1024,4096]]",vllm/worker/model_runner.py:1234,6.5,9.8,20.521,24.521,0.21,0.58
0,AllReduce,"[[1,1024],[1024,4096]]",vllm/worker/model_runner.py:1234,6.5,9.8,48.386,52.386,0.21,0.58
0,MatMulV2,"[[1,1024],[1024,4096]]",vllm/worker/model_runner.py:1234,6.5,9.8,153.812,157.812,0.21,0.58
0,FusedInferAttentionScore,"[[1,1024],[1024,4096]]",vllm/worker/model_runner.py:1234,6.5,9.8,82.196,86.196,0.21,0.58
0,RmsNorm,"[[1,1024],[1024,4096]]",vllm/worker/model_runner.py:1234,6.5,9.8,22.503,26.503,0.21,0.58
0,AllReduce,"[[1,1024],[1024,4096]]",vllm/worker/model_runner.py:1234,6.5,9.8,46.458,50.458,0.21,0.58
0,MatMulV2,"[[1,1024],[1024,4096]]",vllm/worker/model_runner.py:1234,6.5,9.8,168.801,172.801,0.21,0.58
0,FusedInferAttentionScore,"[[1,1024],[1024,4096]]",vllm/worker/model_runner.py:1234,6.5,9.8,90.833,94.833,0.21,0.58
0,RmsNorm,"[[1,1024],[1024,4096]]",vllm/worker/model_runner.py:1234,6.5,9.8,26.153,30.153,0.21,0.58
0,AllReduce,"[[1,1024],[1024,4096]]",vllm/worker/model_runner.py:1234,6.5,9.8,49.8,53.8,0.21,0.58
0,MatMulV2,"[[1,1024],[1024,4096]]",vllm/worker/model_runner.py:1234,6.5,9.8,163.189,167.189,0.21,0.58
0,FusedInferAttentionScore,"[[1,1024],[1024,4096]]",vllm/worker/model_runner.py:1234,6.5,9.8,95.176,99.176,0.21,0.58
0,RmsNorm,"[[1,1024],[1024,4096]]",vllm/worker/model_runner.py:1234,6.5,9.8,20.196,24.196,0.21,0.58
0,AllReduce,"[[1,1024],[1024,4096]]",vllm/worker/model_runner.py:1234,6.5,9.8,44.64,48.64,0.21,0.58
0,MatMulV2,"[[1,1024],[1024,4096]]",vllm/worker/model_runner.py:1234,6.5,9.8,156.327,160.327,0.21,0.58
0,FusedInferAttentionScore,"[[1,1024],[1024,4096]]",vllm/worker/model_runner.py:1234,6.5,9.8,82.59,86.59,0.21,0.58
0,RmsNorm,"[[1,1024],[1024,4096]]",vllm/worker/model_runner.py:1234,6.5,9.8,25.43,29.43,0.21,0.58
0,AllReduce,"[[1,1024],[1024,4096]]",vllm/worker/model_runner.py:1234,6.5,9.8,46.967,50.967,0.21,0.58
0,MatMulV2,"[[1,1024],[1024,4096]]",vllm/worker/model_runner.py:1234,6.5,9.8,154.558,158.558,0.21,0.58
0,FusedInferAttentionScore,"[[1,1024],[1024,4096]]",vllm/worker/model_runner.py:1234,6.5,9.8,97.378,101.378,0.21,0.58
0,RmsNorm,"[[1,1024],[1024,4096]]",vllm/worker/model_runner.py:1234,6.5,9.8,18.029,22.029,0.21,0.58
0,AllReduce,"[[1,1024],[1024,4096]]",vllm/worker/model_runner.py:1234,6.5,9.8,48.868,52.868,0.21,0.58
0,MatMulV2,"[[1,1024],[1024,4096]]",vllm/worker/model_runner.py:1234,6.5,9.8,174.429,178.429,0.21,0.58
0,FusedInferAttentionScore,"[[1,1024],[1024,4096]]",vllm/worker/model_runner.py:1234,6.5,9.8,85.034,89.034,0.21,0.58
0,RmsNorm,"[[1,1024],[1024,4096]]",vllm/worker/model_runner.py:1234,6.5,9.8,22.829,26.829,0.21,0.58
0,AllReduce,"[[1,1024],[1024,4096]]",vllm/worker/model_runner.py:1234,6.5,9.8,47.69,51.69,0.21,0.58
0,MatMulV2,"[[1,1024],[1024,4096]]",vllm/worker/model_runner.py:1234,6.5,9.8,185.598,189.598,0.21,0.58
0,FusedInferAttentionScore,"[[1,1024],[1024,4096]]",vllm/worker/model_runner.py:1234,6.5,9.8,92.696,96.696,0.21,0.58
0,RmsNorm,"[[1,1024],[1024,4096]]",vllm/worker/model_runner.py:1234,6.5,9.8,19.809,23.809,0.21,0.58
0,AllReduce,"[[1,1024],[1024,4096]]",vllm/worker/model_runner.py:1234,6.5,9.8,51.34,55.34,0.21,0.58
0,MatMulV2,"[[1,1024],[1024,4096]]",vllm/worker/model_runner.py:1234,6.5,9.8,163.068,167.068,0.21,0.58
0,FusedInferAttentionScore,"[[1,1024],[1024,4096]]",vllm/worker/model_runner.py:1234,6.5,9.8,97.113,101.113,0.21,0.58
0,RmsNorm,"[[1,1024],[1024,4096]]",vllm/worker/model_runner.py:1234,6.5,9.8,21.924,25.924,0.21,0.58
0,AllReduce,"[[1,1024],[1024,4096]]",vllm/worker/model_runner.py:1234,6.5,9.8,51.515,55.515,0.21,0.58
0,MatMulV2,"[[1,1024],[1024,4096]]",vllm/worker/model_runner.py:1234,6.5,9.8,174.925,178.925,0.21,0.58
0,FusedInferAttentionScore,"[[1,1024],[1024,4096]]",vllm/worker/model_runner.py:1234,6.5,9.8,85.894,89.894,0.21,0.58
0,RmsNorm,"[[1,1024],[1024,4096]]",vllm/worker/model_runner.py:1234,6.5,9.8,24.707,28.707,0.21,0.58
0,AllReduce,"[[1,1024],[1024,4096]]",vllm/worker/model_runner.py:1234,6.5,9.8,45.377,49.377,0.21,0.58
0,MatMulV2,"[[1,1024],[1024,4096]]",vllm/worker/model_runner.py:1234,6.5,9.8,168.217,172.217,0.21,0.58
0,FusedInferAttentionScore,"[[1,1024],[1024,4096]]",vllm/worker/model_runner.py:1234,6.5,9.8,86.317,90.317,0.21,0.58
0,RmsNorm,"[[1,1024],[1024,4096]]",vllm/worker/model_runner.py:1234,6.5,9.8,23.003,27.003,0.21,0.58
0,AllReduce,"[[1,1024],[1024,4096]]",vllm/worker/model_runner.py:1234,6.5,9.8,44.647,48.647,0.21,0.58
0,MatMulV2,"[[1,1024],[1024,4096]]",vllm/worker/model_runner.py:1234,6.5,9.8,178.146,182.146,0.21,0.58
0,FusedInferAttentionScore,"[[1,1024],[1024,4096]]",vllm/worker/model_runner.py:1234,6.5,9.8,92.489,96.489,0.21,0.58
0,RmsNorm,"[[1,1024],[1024,4096]]",vllm/worker/model_runner.py:1234,6.5,9.8,19.641,23.641,0.21,0.58
0,AllReduce,"[[1,1024],[1024,4096]]",vllm/worker/model_runner.py:1234,6.5,9.8,51.85,55.85,0.21,0.58
0,MatMulV2,"[[1,1024],[1024,4096]]",vllm/worker/model_runner.py:1234,6.5,9.8,164.222,168.222,0.21,0.58
0,FusedInferAttentionScore,"[[1,1024],[1024,4096]]",vllm/worker/model_runner.py:1234,6.5,9.8,98.126,102.126,0.21,0.58
0,RmsNorm,"[[1,1024],[1024,4096]]",vllm/worker/model_runner.py:1234,6.5,9.8,23.423,27.423,0.21,0.58
0,AllReduce,"[[1,1024],[1024,4096]]",vllm/worker/model_runner.py:1234,6.5,9.8,43.472,47.472,0.21,0.58
0,MatMulV2,"[[1,1024],[1024,4096]]",vllm/worker/model_runner.py:1234,6.5,9.8,181.534,185.534,0.21,0.58
0,FusedInferAttentionScore,"[[1,1024],[1024,4096]]",vllm/worker/model_runner.py:1234,6.5,9.8,86.751,90.751,0.21,0.58
0,RmsNorm,"[[1,1024],[1024,4096]]",vllm/worker/model_runner.py:1234,6.5,9.8,18.414,22.414,0.21,0.58
0,AllReduce,"[[1,1024],[1024,4096]]",vllm/worker/model_runner.py:1234,6.5,9.8,50.186,54.186,0.21,0.58
0,MatMulV2,"[[1,1024],[1024,4096]]",vllm/worker/model_runner.py:1234,6.5,9.8,175.795,179.795,0.21,0.58
0,FusedInferAttentionScore,"[[1,1024],[1024,4096]]",vllm/worker/model_runner.py:1234,6.5,9.8,87.571,91.571,0.21,0.58
0,RmsNorm,"[[1,1024],[1024,4096]]",vllm/worker/model_runner.py:1234,6.5,9.8,20.728,24.728,0.21,0.58
0,AllReduce,"[[1,1024],[1024,4096]]",vllm/worker/model_runner.py:1234,6.5,9.8,52.271,56.271,0.21,0.58
0,MatMulV2,"[[1,1024],[1024,4096]]",vllm/worker/model_runner.py:1234,6.5,9.8,161.326,165.326,0.21,0.58
0,FusedInferAttentionScore,"[[1,1024],[1024,4096]]",vllm/worker/model_runner.py:1234,6.5,9.8,85.832,89.832,0.21,0.58
0,RmsNorm,"[[1,1024],[1024,4096]]",vllm/worker/model_runner.py:1234,6.5,9.8,24.397,28.397,0.21,0.58
0,AllReduce,"[[1,1024],[1024,4096]]",vllm/worker/model_runner.py:1234,6.5,9.8,44.401,48.401,0.21,0.58
0,MatMulV2,"[[1,1024],[1024,4096]]",vllm/worker/model_runner.py:1234,6.5,9.8,155.621,159.621,0.21,0.58
0,FusedInferAttentionScore,"[[1,1024],[1024,4096]]",vllm/worker/model_runner.py:1234,6.5,9.8,84.926,88.926,0.21,0.58
0,RmsNorm,"[[1,1024],[1024,4096]]",vllm/worker/model_runner.py:1234,6.5,9.8,18.502,22.502,0.21,0.58
0,AllReduce,"[[1,1024],[1024,4096]]",vllm/worker/model_runner.py:1234,6.5,9.8,50.341,54.341,0.21,0.58
0,MatMulV2,"[[1,1024],[1024,4096]]",vllm/worker/model_runner.py:1234,6.5,9.8,170.655,174.655,0.21,0.58
0,FusedInferAttentionScore,"[[1,1024],[1024,4096]]",vllm/worker/model_runner.py:1234,6.5,9.8,82.022,86.022,0.21,0.58
0,RmsNorm,"[[1,1024],[1024,4096]]",vllm/worker/model_runner.py:1234,6.5,9.8,22.368,26.368,0.21,0.58
0,AllReduce,"[[1,1024],[1024,4096]]",vllm/worker/model_runner.py:1234,6.5,9.8,43.305,47.305,0.21,0.58
0,MatMulV2,"[[1,1024],[1024,4096]]",vllm/worker/model_runner.py:1234,6.5,9.8,161.601,165.601,0.21,0.58
0,FusedInferAttentionScore,"[[1,1024],[1024,4096]]",vllm/worker/model_runner.py:1234,6.5,9.8,83.527,87.527,0.21,0.58
0,RmsNorm,"[[1,1024],[1024,4096]]",vllm/worker/model_runner.py:1234,6.5,9.8,26.188,30.188,0.21,0.58
0,AllReduce,"[[1,1024],[1024,4096]]",vllm/worker/model_runner.py:1234,6.5,9.8,46.916,50.916,0.21,0.58
0,MatMulV2,"[[1,1024],[1024,4096]]",vllm/worker/model_runner.py:1234,6.5,9.8,182.095,186.095,0.21,0.58
0,FusedInferAttentionScore,"[[1,1024],[1024,4096]]",vllm/worker/model_runner.py:1234,6.5,9.8,93.127,97.127,0.21,0.58
0,RmsNorm,"[[1,1024],[1024,4096]]",vllm/worker/model_runner.py:1234,6.5,9.8,25.897,29.897,0.21,0.58
0,AllReduce,"[[1,1024],[1024,4096]]",vllm/worker/model_runner.py:1234,6.5,9.8,50.933,54.933,0.21,0.58
0,MatMulV2,"[[1,1024],[1024,4096]]",vllm/worker/model_runner.py:1234,6.5,9.8,153.715,157.715,0.21,0.58
0,FusedInferAttentionScore,"[[1,1024],[1024,4096]]",vllm/worker/model_runner.py:1234,6.5,9.8,81.713,85.713,0.21,0.58
0,RmsNorm,"[[1,1024],[1024,4096]]",vllm/worker/model_runner.py:1234,6.5,9.8,17.643,21.643,0.21,0.58
0,AllReduce,"[[1,1024],[1024,4096]]",vllm/worker/model_runner.py:1234,6.5,9.8,50.283,54.283,0.21,0.58
0,MatMulV2,"[[1,1024],[1024,4096]]",vllm/worker/model_runner.py:1234,6.5,9.8,161.837,165.837,0.21,0.58
0,FusedInferAttentionScore,"[[1,1024],[1024,4096]]",vllm/worker/model_runner.py:1234,6.5,9.8,96.97,100.97,0.21,0.58
0,RmsNorm,"[[1,1024],[1024,4096]]",vllm/worker/model_runner.py:1234,6.5,9.8,21.881,25.881,0.21,0.58
0,AllReduce,"[[1,1024],[1024,4096]]",vllm/worker/model_runner.py:1234,6.5,9.8,47.954,51.954,0.21,0.58
0,MatMulV2,"[[1,1024],[1024,4096]]",vllm/worker/model_runner.py:1234,6.5,9.8,158.506,162.506,0.21,0.58
0,FusedInferAttentionScore,"[[1,1024],[1024,4096]]",vllm/worker/model_runner.py:1234,6.5,9.8,98.891,102.891,0.21,0.58
0,RmsNorm,"[[1,1024],[1024,4096]]",vllm/worker/model_runner.py:1234,6.5,9.8,24.449,28.449,0.21,0.58
0,AllReduce,"[[1,1024],[1024,4096]]",vllm/worker/model_runner.py:1234,6.5,9.8,47.099,51.099,0.21,0.58
0,MatMulV2,"[[1,1024],[1024,4096]]",vllm/worker/model_runner.py:1234,6.5,9.8,171.495,175.495,0.21,0.58
0,FusedInferAttentionScore,"[[1,1024],[1024,4096]]",vllm/worker/model_runner.py:1234,6.5,9.8,84.026,88.026,0.21,0.58
0,RmsNorm,"[[1,1024],[1024,4096]]",vllm/worker/model_runner.py:1234,6.5,9.8,23.431,27.431,0.21,0.58
0,AllReduce,"[[1,1024],[1024,4096]]",vllm/worker/model_runner.py:1234,6.5,9.8,50.496,54.496,0.21,0.58
0,MatMulV2,"[[1,1024],[1024,4096]]",vllm/worker/model_runner.py:1234,6.5,9.8,155.199,159.199,0.21,0.58
0,FusedInferAttentionScore,"[[1,1024],[1024,4096]]",vllm/worker/model_runner.py:1234,6.5,9.8,93.726,97.726,0.21,0.58
0,RmsNorm,"[[1,1024],[1024,4096]]",vllm/worker/model_runner.py:1234,6.5,9.8,20.78,24.78,0.21,0.58
0,AllReduce,"[[1,1024],[1024,4096]]",vllm/worker/model_runner.py:1234,6.5,9.8,49.517,53.517,0.21,0.58
0,MatMulV2,"[[1,1024],[1024,4096]]",vllm/worker/model_runner.py:1234,6.5,9.8,157.525,161.525,0.21,0.58
0,FusedInferAttentionScore,"[[1,1024],[1024,4096]]",vllm/worker/model_runner.py:1234,6.5,9.8,84.171,88.171,0.21,0.58
0,RmsNorm,"[[1,1024],[1024,4096]]",vllm/worker/model_runner.py:1234,6.5,9.8,19.907,23.907,0.21,0.58
0,AllReduce,"[[1,1024],[1024,4096]]",vllm/worker/model_runner.py:1234,6.5,9.8,44.761,48.761,0.21,0.58
0,MatMulV2,"[[1,1024],[1024,4096]]",vllm/worker/model_runner.py:1234,6.5,9.8,159.435,163.435,0.21,0.58
0,FusedInferAttentionScore,"[[1,1024],[1024,4096]]",vllm/worker/model_runner.py:1234,6.5,9.8,90.462,94.462,0.21,0.58
0,RmsNorm,"[[1,1024],[1024,4096]]",vllm/worker/model_runner.py:1234,6.5,9.8,22.206,26.206,0.21,0.58
0,AllReduce,"[[1,1024],[1024,4096]]",vllm/worker/model_runner.py:1234,6.5,9.8,46.895,50.895,0.21,0.58
0,MatMulV2,"[[1,1024],[1024,4096]]",vllm/worker/model_runner.py:1234,6.5,9.8,180.769,184.769,0.21,0.58
0,FusedInferAttentionScore,"[[1,1024],[1024,4096]]",vllm/worker/model_runner.py:1234,6.5,9.8,95.64,99.64,0.21,0.58
0,RmsNorm,"[[1,1024],[1024,4096]]",vllm/worker/model_runner.py:1234,6.5,9.8,23.55,27.55,0.21,0.58
0,AllReduce,"[[1,1024],[1024,4096]]",vllm/worker/model_runner.py:1234,6.5,9.8,48.747,52.747,0.21,0.58
0,aclrtMemcpyAsync_D2H,"[[1,1024],[1024,4096]]",vllm/worker/model_runner.py:1234,6.5,9.8,180,184,0.21,0.58
0,MatMulV2,"[[1,1024],[1024,4096]]",vllm/worker/model_runner.py:1234,6.5,9.8,159.262,163.262,0.21,0.58
0,FusedInferAttentionScore,"[[1,1024],[1024,4096]]",vllm/worker/model_runner.py:1234,6.5,9.8,92.486,96.486,0.21,0.58
0,RmsNorm,"[[1,1024],[1024,4096]]",vllm/worker/model_runner.py:1234,6.5,9.8,22.033,26.033,0.21,0.58
0,AllReduce,"[[1,1024],[1024,4096]]",vllm/worker/model_runner.py:1234,6.5,9.8,51.033,55.033,0.21,0.58
0,MatMulV2,"[[1,1024],[1024,4096]]",vllm/worker/model_runner.py:1234,6.5,9.8,164.219,168.219,0.21,0.58
0,FusedInferAttentionScore,"[[1,1024],[1024,4096]]",vllm/worker/model_runner.py:1234,6.5,9.8,95.22,99.22,0.21,0.58
0,RmsNorm,"[[1,1024],[1024,4096]]",vllm/worker/model_runner.py:1234,6.5,9.8,18.136,22.136,0.21,0.58
0,AllReduce,"[[1,1024],[1024,4096]]",vllm/worker/model_runner.py:1234,6.5,9.8,50.389,54.389,0.21,0.58
0,MatMulV2,"[[1,1024],[1024,4096]]",vllm/worker/model_runner.py:1234,6.5,9.8,163.465,167.465,0.21,0.58
0,FusedInferAttentionScore,"[[1,1024],[1024,4096]]",vllm/worker/model_runner.py:1234,6.5,9.8,95.543,99.543,0.21,0.58
0,RmsNorm,"[[1,1024],[1024,4096]]",vllm/worker/model_runner.py:1234,6.5,9.8,18.557,22.557,0.21,0.58
0,AllReduce,"[[1,1024],[1024,4096]]",vllm/worker/model_runner.py:1234,6.5,9.8,49.341,53.341,0.21,0.58
0,MatMulV2,"[[1,1024],[1024,4096]]",vllm/worker/model_runner.py:1234,6.5,9.8,174.517,178.517,0.21,0.58
0,FusedInferAttentionScore,"[[1,1024],[1024,4096]]",vllm/worker/model_runner.py:1234,6.5,9.8,93.855,97.855,0.21,0.58
0,RmsNorm,"[[1,1024],[1024,4096]]",vllm/worker/model_runner.py:1234,6.5,9.8,26.059,30.059,0.21,0.58
0,AllReduce,"[[1,1024],[1024,4096]]",vllm/worker/model_runner.py:1234,6.5,9.8,47.698,51.698,0.21,0.58
0,MatMulV2,"[[1,1024],[1024,4096]]",vllm/worker/model_runner.py:1234,6.5,9.8,153.965,157.965,0.21,0.58
0,FusedInferAttentionScore,"[[1,1024],[1024,4096]]",vllm/worker/model_runner.py:1234,6.5,9.8,93.346,97.346,0.21,0.58
0,RmsNorm,"[[1,1024],[1024,4096]]",vllm/worker/model_runner.py:1234,6.5,9.8,24.766,28.766,0.21,0.58
0,AllReduce,"[[1,1024],[1024,4096]]",vllm/worker/model_runner.py:1234,6.5,9.8,52.111,56.111,0.21,0.58
0,MatMulV2,"[[1,1024],[1024,4096]]",vllm/worker/model_runner.py:1234,6.5,9.8,176.811,180.811,0.21,0.58
0,FusedInferAttentionScore,"[[1,1024],[1024,4096]]",vllm/worker/model_runner.py:1234,6.5,9.8,82.723,86.723,0.21,0.58
0,RmsNorm,"[[1,1024],[1024,4096]]",vllm/worker/model_runner.py:1234,6.5,9.8,20.777,24.777,0.21,0.58
0,AllReduce,"[[1,1024],[1024,4096]]",vllm/worker/model_runner.py:1234,6.5,9.8,49.323,53.323,0.21,0.58
0,MatMulV2,"[[1,1024],[1024,4096]]",vllm/worker/model_runner.py:1234,6.5,9.8,185.931,189.931,0.21,0.58
0,FusedInferAttentionScore,"[[1,1024],[1024,4096]]",vllm/worker/model_runner.py:1234,6.5,9.8,93.334,97.334,0.21,0.58
0,RmsNorm,"[[1,1024],[1024,4096]]",vllm/worker/model_runner.py:1234,6.5,9.8,23.278,27.278,0.21,0.58
0,AllReduce,"[[1,1024],[1024,4096]]",vllm/worker/model_runner.py:1234,6.5,9.8,52.49,56.49,0.21,0.58
0,MatMulV2,"[[1,1024],[1024,4096]]",vllm/worker/model_runner.py:1234,6.5,9.8,164.304,168.304,0.21,0.58
0,FusedInferAttentionScore,"[[1,1024],[1024,4096]]",vllm/worker/model_runner.py:1234,6.5,9.8,96.994,100.994,0.21,0.58
0,RmsNorm,"[[1,1024],[1024,4096]]",vllm/worker/model_runner.py:1234,6.5,9.8,20.759,24.759,0.21,0.58
0,AllReduce,"[[1,1024],[1024,4096]]",vllm/worker/model_runner.py:1234,6.5,9.8,44.31,48.31,0.21,0.58
0,MatMulV2,"[[1,1024],[1024,4096]]",vllm/worker/model_runner.py:1234,6.5,9.8,163.185,167.185,0.21,0.58
0,FusedInferAttentionScore,"[[1,1024],[1024,4096]]",vllm/worker/model_runner.py:1234,6.5,9.8,91.269,95.269,0.21,0.58
0,RmsNorm,"[[1,1024],[1024,4096]]",vllm/worker/model_runner.py:1234,6.5,9.8,17.902,21.902,0.21,0.58
0,AllReduce,"[[1,1024],[1024,4096]]",vllm/worker/model_runner.py:1234,6.5,9.8,46.307,50.307,0.21,0.58
0,MatMulV2,"[[1,1024],[1024,4096]]",vllm/worker/model_runner.py:1234,6.5,9.8,171.858,175.858,0.21,0.58
0,FusedInferAttentionScore,"[[1,1024],[1024,4096]]",vllm/worker/model_runner.py:1234,6.5,9.8,93.52,97.52,0.21,0.58
0,RmsNorm,"[[1,1024],[1024,4096]]",vllm/worker/model_runner.py:1234,6.5,9.8,24.942,28.942,0.21,0.58
0,AllReduce,"[[1,1024],[1024,4096]]",vllm/worker/model_runner.py:1234,6.5,9.8,46.825,50.825,0.21,0.58
0,MatMulV2,"[[1,1024],[1024,4096]]",vllm/worker/model_runner.py:1234,6.5,9.8,163.131,167.131,0.21,0.58
0,FusedInferAttentionScore,"[[1,1024],[1024,4096]]",vllm/worker/model_runner.py:1234,6.5,9.8,93.483,97.483,0.21,0.58
0,RmsNorm,"[[1,1024],[1024,4096]]",vllm/worker/model_runner.py:1234,6.5,9.8,25.479,29.479,0.21,0.58
0,AllReduce,"[[1,1024],[1024,4096]]",vllm/worker/model_runner.py:1234,6.5,9.8,50.689,54.689,0.21,0.58
0,MatMulV2,"[[1,1024],[1024,4096]]",vllm/worker/model_runner.py:1234,6.5,9.8,181.24,185.24,0.21,0.58
0,FusedInferAttentionScore,"[[1,1024],[1024,4096]]",vllm/worker/model_runner.py:1234,6.5,9.8,90.651,94.651,0.21,0.58
0,RmsNorm,"[[1,1024],[1024,4096]]",vllm/worker/model_runner.py:1234,6.5,9.8,21.342,25.342,0.21,0.58
0,AllReduce,"[[1,1024],[1024,4096]]",vllm/worker/model_runner.py:1234,6.5,9.8,45.465,49.465,0.21,0.58
0,MatMulV2,"[[1,1024],[1024,4096]]",vllm/worker/model_runner.py:1234,6.5,9.8,177.301,181.301,0.21,0.58
0,FusedInferAttentionScore,"[[1,1024],[1024,4096]]",vllm/worker/model_runner.py:1234,6.5,9.8,95.265,99.265,0.21,0.58
0,RmsNorm,"[[1,1024],[1024,4096]]",vllm/worker/model_runner.py:1234,6.5,9.8,17.668,21.668,0.21,0.58
0,AllReduce,"[[1,1024],[1024,4096]]",vllm/worker/model_runner.py:1234,6.5,9.8,46.486,50.486,0.21,0.58
0,MatMulV2,"[[1,1024],[1024,4096]]",vllm/worker/model_runner.py:1234,6.5,9.8,155.981,159.981,0.21,0.58
0,FusedInferAttentionScore,"[[1,1024],[1024,4096]]",vllm/worker/model_runner.py:1234,6.5,9.8,84.176,88.176,0.21,0.58
0,RmsNorm,"[[1,1024],[1024,4096]]",vllm/worker/model_runner.py:1234,6.5,9.8,24.817,28.817,0.21,0.58
0,AllReduce,"[[1,1024],[1024,4096]]",vllm/worker/model_runner.py:1234,6.5,9.8,49.183,53.183,0.21,0.58
0,MatMulV2,"[[1,1024],[1024,4096]]",vllm/worker/model_runner.py:1234,6.5,9.8,185.535,189.535,0.21,0.58
0,FusedInferAttentionScore,"[[1,1024],[1024,4096]]",vllm/worker/model_runner.py:1234,6.5,9.8,87.361,91.361,0.21,0.58
0,RmsNorm,"[[1,1024],[1024,4096]]",vllm/worker/model_runner.py:1234,6.5,9.8,23.879,27.879,0.21,0.58
0,AllReduce,"[[1,1024],[1024,4096]]",vllm/worker/model_runner.py:1234,6.5,9.8,46.083,50.083,0.21,0.58
0,MatMulV2,"[[1,1024],[1024,4096]]",vllm/worker/model_runner.py:1234,6.5,9.8,171.867,175.867,0.21,0.58
0,FusedInferAttentionScore,"[[1,1024],[1024,4096]]",vllm/worker/model_runner.py:1234,6.5,9.8,81.389,85.389,0.21,0.58
0,RmsNorm,"[[1,1024],[1024,4096]]",vllm/worker/model_runner.py:1234,6.5,9.8,20.778,24.778,0.21,0.58
0,AllReduce,"[[1,1024],[1024,4096]]",vllm/worker/model_runner.py:1234,6.5,9.8,47.404,51.404,0.21,0.58
0,MatMulV2,"[[1,1024],[1024,4096]]",vllm/worker/model_runner.py:1234,6.5,9.8,155.778,159.778,0.21,0.58
0,FusedInferAttentionScore,"[[1,1024],[1024,4096]]",vllm/worker/model_runner.py:1234,6.5,9.8,90.6,94.6,0.21,0.58
0,RmsNorm,"[[1,1024],[1024,4096]]",vllm/worker/model_runner.py:1234,6.5,9.8,25.761,29.761,0.21,0.58
0,AllReduce,"[[1,1024],[1024,4096]]",vllm/worker/model_runner.py:1234,6.5,9.8,46.622,50.622,0.21,0.58
0,MatMulV2,"[[1,1024],[1024,4096]]",vllm/worker/model_runner.py:1234,6.5,9.8,167.048,171.048,0.21,0.58
0,FusedInferAttentionScore,"[[1,1024],[1024,4096]]",vllm/worker/model_runner.py:1234,6.5,9.8,91.284,95.284,0.21,0.58
0,RmsNorm,"[[1,1024],[1024,4096]]",vllm/worker/model_runner.py:1234,6.5,9.8,26.047,30.047,0.21,0.58
0,AllReduce,"[[1,1024],[1024,4096]]",vllm/worker/model_runner.py:1234,6.5,9.8,47.542,51.542,0.21,0.58
0,MatMulV2,"[[1,1024],[1024,4096]]",vllm/worker/model_runner.py:1234,6.5,9.8,173.51,177.51,0.21,0.58
0,FusedInferAttentionScore,"[[1,1024],[1024,4096]]",vllm/worker/model_runner.py:1234,6.5,9.8,92.653,96.653,0.21,0.58
0,RmsNorm,"[[1,1024],[1024,4096]]",vllm/worker/model_runner.py:1234,6.5,9.8,21.638,25.638,0.21,0.58
0,AllReduce,"[[1,1024],[1024,4096]]",vllm/worker/model_runner.py:1234,6.5,9.8,51.024,55.024,0.21,0.58
0,MatMulV2,"[[1,1024],[1024,4096]]",vllm/worker/model_runner.py:1234,6.5,9.8,161.782,165.782,0.21,0.58
0,FusedInferAttentionScore,"[[1,1024],[1024,4096]]",vllm/worker/model_runner.py:1234,6.5,9.8,88.867,92.867,0.21,0.58
0,RmsNorm,"[[1,1024],[1024,4096]]",vllm/worker/model_runner.py:1234,6.5,9.8,20.47,24.47,0.21,0.58
0,AllReduce,"[[1,1024],[1024,4096]]",vllm/worker/model_runner.py:1234,6.5,9.8,45.925,49.925,0.21,0.58
0,MatMulV2,"[[1,1024],[1024,4096]]",vllm/worker/model_runner.py:1234,6.5,9.8,156.795,160.795,0.21,0.58
0,FusedInferAttentionScore,"[[1,1024],[1024,4096]]",vllm/worker/model_runner.py:1234,6.5,9.8,84.912,88.912,0.21,0.58
0,RmsNorm,"[[1,1024],[1024,4096]]",vllm/worker/model_runner.py:1234,6.5,9.8,23.294,27.294,0.21,0.58
0,AllReduce,"[[1,1024],[1024,4096]]",vllm/worker/model_runner.py:1234,6.5,9.8,51.2,55.2,0.21,0.58
0,MatMulV2,"[[1,1024],[1024,4096]]",vllm/worker/model_runner.py:1234,6.5,9.8,165.794,169.794,0.21,0.58
0,FusedInferAttentionScore,"[[1,1024],[1024,4096]]",vllm/worker/model_runner.py:1234,6.5,9.8,97.6,101.6,0.21,0.58
0,RmsNorm,"[[1,1024],[1024,4096]]",vllm/worker/model_runner.py:1234,6.5,9.8,22.078,26.078,0.21,0.58
0,AllReduce,"[[1,1024],[1024,4096]]",vllm/worker/model_runner.py:1234,6.5,9.8,47.307,51.307,0.21,0.58
0,MatMulV2,"[[1,1024],[1024,4096]]",vllm/worker/model_runner.py:1234,6.5,9.8,176.953,180.953,0.21,0.58
0,FusedInferAttentionScore,"[[1,1024],[1024,4096]]",vllm/worker/model_runner.py:1234,6.5,9.8,91.487,95.487,0.21,0.58
0,RmsNorm,"[[1,1024],[1024,4096]]",vllm/worker/model_runner.py:1234,6.5,9.8,20.31,24.31,0.21,0.58
0,AllReduce,"[[1,1024],[1024,4096]]",vllm/worker/model_runner.py:1234,6.5,9.8,50.277,54.277,0.21,0.58
0,MatMulV2,"[[1,1024],[1024,4096]]",vllm/worker/model_runner.py:1234,6.5,9.8,181.265,185.265,0.21,0.58
0,FusedInferAttentionScore,"[[1,1024],[1024,4096]]",vllm/worker/model_runner.py:1234,6.5,9.8,83.966,87.966,0.21,0.58
0,RmsNorm,"[[1,1024],[1024,4096]]",vllm/worker/model_runner.py:1234,6.5,9.8,24.198,28.198,0.21,0.58
0,AllReduce,"[[1,1024],[1024,4096]]",vllm/worker/model_runner.py:1234,6.5,9.8,46.59,50.59,0.21,0.58
0,MatMulV2,"[[1,1024],[1024,4096]]",vllm/worker/model_runner.py:1234,6.5,9.8,160.867,164.867,0.21,0.58
0,FusedInferAttentionScore,"[[1,1024],[1024,4096]]",vllm/worker/model_runner.py:1234,6.5,9.8,82.343,86.343,0.21,0.58
0,RmsNorm,"[[1,1024],[1024,4096]]",vllm/worker/model_runner.py:1234,6.5,9.8,26.349,30.349,0.21,0.58
0,AllReduce,"[[1,1024],[1024,4096]]",vllm/worker/model_runner.py:1234,6.5,9.8,47.013,51.013,0.21,0.58
0,MatMulV2,"[[1,1024],[1024,4096]]",vllm/worker/model_runner.py:1234,6.5,9.8,165.449,169.449,0.21,0.58
0,FusedInferAttentionScore,"[[1,1024],[1024,4096]]",vllm/worker/model_runner.py:1234,6.5,9.8,96.16,100.16,0.21,0.58
0,RmsNorm,"[[1,1024],[1024,4096]]",vllm/worker/model_runner.py:1234,6.5,9.8,23.313,27.313,0.21,0.58
0,AllReduce,"[[1,1024],[1024,4096]]",vllm/worker/model_runner.py:1234,6.5,9.8,49.542,53.542,0.21,0.58
0,MatMulV2,"[[1,1024],[1024,4096]]",vllm/worker/model_runner.py:1234,6.5,9.8,164.907,168.907,0.21,0.58
0,FusedInferAttentionScore,"[[1,1024],[1024,4096]]",vllm/worker/model_runner.py:1234,6.5,9.8,94.55,98.55,0.21,0.58
0,RmsNorm,"[[1,1024],[1024,4096]]",vllm/worker/model_runner.py:1234,6.5,9.8,22.592,26.592,0.21,0.58
0,AllReduce,"[[1,1024],[1024,4096]]",vllm/worker/model_runner.py:1234,6.5,9.8,49.615,53.615,0.21,0.58
0,MatMulV2,"[[1,1024],[1024,4096]]",vllm/worker/model_runner.py:1234,6.5,9.8,156.904,160.904,0.21,0.58
0,FusedInferAttentionScore,"[[1,1024],[1024,4096]]",vllm/worker/model_runner.py:1234,6.5,9.8,88.91,92.91,0.21,0.58
0,RmsNorm,"[[1,1024],[1024,4096]]",vllm/worker/model_runner.py:1234,6.5,9.8,23.275,27.275,0.21,0.58
0,AllReduce,"[[1,1024],[1024,4096]]",vllm/worker/model_runner.py:1234,6.5,9.8,46.117,50.117,0.21,0.58
0,MatMulV2,"[[1,1024],[1024,4096]]",vllm/worker/model_runner.py:1234,6.5,9.8,166.476,170.476,0.21,0.58
0,FusedInferAttentionScore,"[[1,1024],[1024,4096]]",vllm/worker/model_runner.py:1234,6.5,9.8,93.663,97.663,0.21,0.58
0,RmsNorm,"[[1,1024],[1024,4096]]",vllm/worker/model_runner.py:1234,6.5,9.8,18.325,22.325,0.21,0.58
0,AllReduce,"[[1,1024],[1024,4096]]",vllm/worker/model_runner.py:1234,6.5,9.8,51.762,55.762,0.21,0.58
0,MatMulV2,"[[1,1024],[1024,4096]]",vllm/worker/model_runner.py:1234,6.5,9.8,157.362,161.362,0.21,0.58
0,FusedInferAttentionScore,"[[1,1024],[1024,4096]]",vllm/worker/model_runner.py:1234,6.5,9.8,82.41,86.41,0.21,0.58
0,RmsNorm,"[[1,1024],[1024,4096]]",vllm/worker/model_runner.py:1234,6.5,9.8,24.663,28.663,0.21,0.58
0,AllReduce,"[[1,1024],[1024,4096]]",vllm/worker/model_runner.py:1234,6.5,9.8,51.571,55.571,0.21,0.58
0,MatMulV2,"[[1,1024],[1024,4096]]",vllm/worker/model_runner.py:1234,6.5,9.8,155.192,159.192,0.21,0.58
0,FusedInferAttentionScore,"[[1,1024],[1024,4096]]",vllm/worker/model_runner.py:1234,6.5,9.8,97.224,101.224,0.21,0.58
0,RmsNorm,"[[1,1024],[1024,4096]]",vllm/worker/model_runner.py:1234,6.5,9.8,26.274,30.274,0.21,0.58
0,AllReduce,"[[1,1024],[1024,4096]]",vllm/worker/model_runner.py:1234,6.5,9.8,47.619,51.619,0.21,0.58
0,MatMulV2,"[[1,1024],[1024,4096]]",vllm/worker/model_runner.py:1234,6.5,9.8,164.016,168.016,0.21,0.58
0,FusedInferAttentionScore,"[[1,1024],[1024,4096]]",vllm/worker/model_runner.py:1234,6.5,9.8,90.507,94.507,0.21,0.58
0,RmsNorm,"[[1,1024],[1024,4096]]",vllm/worker/model_runner.py:1234,6.5,9.8,18.876,22.876,0.21,0.58
0,AllReduce,"[[1,1024],[1024,4096]]",vllm/worker/model_runner.py:1234,6.5,9.8,48.784,52.784,0.21,0.58
0,aclrtMemcpyAsync_D2H,"[[1,1024],[1024,4096]]",vllm/worker/model_runner.py:1234,6.5,9.8,180,184,0.21,0.58
0,MatMulV2,"[[1,1024],[1024,4096]]",vllm/worker/model_runner.py:1234,6.5,9.8,156.427,160.427,0.21,0.58
0,FusedInferAttentionScore,"[[1,1024],[1024,4096]]",vllm/worker/model_runner.py:1234,6.5,9.8,91.766,95.766,0.21,0.58
0,RmsNorm,"[[1,1024],[1024,4096]]",vllm/worker/model_runner.py:1234,6.5,9.8,17.977,21.977,0.21,0.58
0,AllReduce,"[[1,1024],[1024,4096]]",vllm/worker/model_runner.py:1234,6.5,9.8,49.121,53.121,0.21,0.58
0,MatMulV2,"[[1,1024],[1024,4096]]",vllm/worker/model_runner.py:1234,6.5,9.8,163.049,167.049,0.21,0.58
0,FusedInferAttentionScore,"[[1,1024],[1024,4096]]",vllm/worker/model_runner.py:1234,6.5,9.8,98.783,102.783,0.21,0.58
0,RmsNorm,"[[1,1024],[1024,4096]]",vllm/worker/model_runner.py:1234,6.5,9.8,19.101,23.101,0.21,0.58
0,AllReduce,"[[1,1024],[1024,4096]]",vllm/worker/model_runner.py:1234,6.5,9.8,50.22,54.22,0.21,0.58
0,MatMulV2,"[[1,1024],[1024,4096]]",vllm/worker/model_runner.py:1234,6.5,9.8,180.136,184.136,0.21,0.58
0,FusedInferAttentionScore,"[[1,1024],[1024,4096]]",vllm/worker/model_runner.py:1234,6.5,9.8,81.997,85.997,0.21,0.58
0,RmsNorm,"[[1,1024],[1024,4096]]",vllm/worker/model_runner.py:1234,6.5,9.8,24.298,28.298,0.21,0.58
0,AllReduce,"[[1,1024],[1024,4096]]",vllm/worker/model_runner.py:1234,6.5,9.8,48.724,52.724,0.21,0.58
0,MatMulV2,"[[1,1024],[1024,4096]]",vllm/worker/model_runner.py:1234,6.5,9.8,185.307,189.307,0.21,0.58
0,FusedInferAttentionScore,"[[1,1024],[1024,4096]]",vllm/worker/model_runner.py:1234,6.5,9.8,86.614,90.614,0.21,0.58
0,RmsNorm,"[[1,1024],[1024,4096]]",vllm/worker/model_runner.py:1234,6.5,9.8,23.532,27.532,0.21,0.58
0,AllReduce,"[[1,1024],[1024,4096]]",vllm/worker/model_runner.py:1234,6.5,9.8,44.591,48.591,0.21,0.58
0,MatMulV2,"[[1,1024],[1024,4096]]",vllm/worker/model_runner.py:1234,6.5,9.8,159.616,163.616,0.21,0.58
0,FusedInferAttentionScore,"[[1,1024],[1024,4096]]",vllm/worker/model_runner.py:1234,6.5,9.8,91.457,95.457,0.21,0.58
0,RmsNorm,"[[1,1024],[1024,4096]]",vllm/worker/model_runner.py:1234,6.5,9.8,24.664,28.664,0.21,0.58
0,AllReduce,"[[1,1024],[1024,4096]]",vllm/worker/model_runner.py:1234,6.5,9.8,48.451,52.451,0.21,0.58
0,MatMulV2,"[[1,1024],[1024,4096]]",vllm/worker/model_runner.py:1234,6.5,9.8,157.608,161.608,0.21,0.58
0,FusedInferAttentionScore,"[[1,1024],[1024,4096]]",vllm/worker/model_runner.py:1234,6.5,9.8,81.035,85.035,0.21,0.58
0,RmsNorm,"[[1,1024],[1024,4096]]",vllm/worker/model_runner.py:1234,6.5,9.8,26.08,30.08,0.21,0.58
0,AllReduce,"[[1,1024],[1024,4096]]",vllm/worker/model_runner.py:1234,6.5,9.8,48.252,52.252,0.21,0.58
0,MatMulV2,"[[1,1024],[1024,4096]]",vllm/worker/model_runner.py:1234,6.5,9.8,185.755,189.755,0.21,0.58
0,FusedInferAttentionScore,"[[1,1024],[1024,4096]]",vllm/worker/model_runner.py:1234,6.5,9.8,85.836,89.836,0.21,0.58
0,RmsNorm,"[[1,1024],[1024,4096]]",vllm/worker/model_runner.py:1234,6.5,9.8,20.634,24.634,0.21,0.58
0,AllReduce,"[[1,1024],[1024,4096]]",vllm/worker/model_runner.py:1234,6.5,9.8,50.535,54.535,0.21,0.58
0,MatMulV2,"[[1,1024],[1024,4096]]",vllm/worker/model_runner.py:1234,6.5,9.8,168.181,172.181,0.21,0.58
0,FusedInferAttentionScore,"[[1,1024],[1024,4096]]",vllm/worker/model_runner.py:1234,6.5,9.8,94.401,98.401,0.21,0.58
0,RmsNorm,"[[1,1024],[1024,4096]]",vllm/worker/model_runner.py:1234,6.5,9.8,25.008,29.008,0.21,0.58
0,AllReduce,"[[1,1024],[1024,4096]]",vllm/worker/model_runner.py:1234,6.5,9.8,45.302,49.302,0.21,0.58
0,MatMulV2,"[[1,1024],[1024,4096]]",vllm/worker/model_runner.py:1234,6.5,9.8,185.094,189.094,0.21,0.58
0,FusedInferAttentionScore,"[[1,1024],[1024,4096]]",vllm/worker/model_runner.py:1234,6.5,9.8,87.182,91.182,0.21,0.58
0,RmsNorm,"[[1,1024],[1024,4096]]",vllm/worker/model_runner.py:1234,6.5,9.8,25.17,29.17,0.21,0.58
0,AllReduce,"[[1,1024],[1024,4096]]",vllm/worker/model_runner.py:1234,6.5,9.8,43.411,47.411,0.21,0.58
0,MatMulV2,"[[1,1024],[1024,4096]]",vllm/worker/model_runner.py:1234,6.5,9.8,157.808,161.808,0.21,0.58
0,FusedInferAttentionScore,"[[1,1024],[1024,4096]]",vllm/worker/model_runner.py:1234,6.5,9.8,86.741,90.741,0.21,0.58
0,RmsNorm,"[[1,1024],[1024,4096]]",vllm/worker/model_runner.py:1234,6.5,9.8,21.221,25.221,0.21,0.58
0,AllReduce,"[[1,1024],[1024,4096]]",vllm/worker/model_runner.py:1234,6.5,9.8,49.858,53.858,0.21,0.58
0,MatMulV2,"[[1,1024],[1024,4096]]",vllm/worker/model_runner.py:1234,6.5,9.8,168.788,172.788,0.21,0.58
0,FusedInferAttentionScore,"[[1,1024],[1024,4096]]",vllm/worker/model_runner.py:1234,6.5,9.8,87.308,91.308,0.21,0.58
0,RmsNorm,"[[1,1024],[1024,4096]]",vllm/worker/model_runner.py:1234,6.5,9.8,22.71,26.71,0.21,0.58
0,AllReduce,"[[1,1024],[1024,4096]]",vllm/worker/model_runner.py:1234,6.5,9.8,49.891,53.891,0.21,0.58
0,MatMulV2,"[[1,1024],[1024,4096]]",vllm/worker/model_runner.py:1234,6.5,9.8,165.599,169.599,0.21,0.58
0,FusedInferAttentionScore,"[[1,1024],[1024,4096]]",vllm/worker/model_runner.py:1234,6.5,9.8,91.227,95.227,0.21,0.58
0,RmsNorm,"[[1,1024],[1024,4096]]",vllm/worker/model_runner.py:1234,6.5,9.8,23.719,27.719,0.21,0.58
0,AllReduce,"[[1,1024],[1024,4096]]",vllm/worker/model_runner.py:1234,6.5,9.8,48.917,52.917,0.21,0.58
0,MatMulV2,"[[1,1024],[1024,4096]]",vllm/worker/model_runner.py:1234,6.5,9.8,186.187,190.187,0.21,0.58
0,FusedInferAttentionScore,"[[1,1024],[1024,4096]]",vllm/worker/model_runner.py:1234,6.5,9.8,88.331,92.331,0.21,0.58
0,RmsNorm,"[[1,1024],[1024,4096]]",vllm/worker/model_runner.py:1234,6.5,9.8,24.39,28.39,0.21,0.58
0,AllReduce,"[[1,1024],[1024,4096]]",vllm/worker/model_runner.py:1234,6.5,9.8,46.328,50.328,0.21,0.58
0,MatMulV2,"[[1,1024],[1024,4096]]",vllm/worker/model_runner.py:1234,6.5,9.8,177.381,181.381,0.21,0.58
0,FusedInferAttentionScore,"[[1,1024],[1024,4096]]",vllm/worker/model_runner.py:1234,6.5,9.8,88.771,92.771,0.21,0.58
0,RmsNorm,"[[1,1024],[1024,4096]]",vllm/worker/model_runner.py:1234,6.5,9.8,18.194,22.194,0.21,0.58
0,AllReduce,"[[1,1024],[1024,4096]]",vllm/worker/model_runner.py:1234,6.5,9.8,46.63,50.63,0.21,0.58
0,MatMulV2,"[[1,1024],[1024,4096]]",vllm/worker/model_runner.py:1234,6.5,9.8,153.039,157.039,0.21,0.58
0,FusedInferAttentionScore,"[[1,1024],[1024,4096]]",vllm/worker/model_runner.py:1234,6.5,9.8,90.329,94.329,0.21,0.58
0,RmsNorm,"[[1,1024],[1024,4096]]",vllm/worker/model_runner.py:1234,6.5,9.8,24.82,28.82,0.21,0.58
0,AllReduce,"[[1,1024],[1024,4096]]",vllm/worker/model_runner.py:1234,6.5,9.8,50.388,54.388,0.21,0.58
0,MatMulV2,"[[1,1024],[1024,4096]]",vllm/worker/model_runner.py:1234,6.5,9.8,154.721,158.721,0.21,0.58
0,FusedInferAttentionScore,"[[1,1024],[1024,4096]]",vllm/worker/model_runner.py:1234,6.5,9.8,81.75,85.75,0.21,0.58
0,RmsNorm,"[[1,1024],[1024,4096]]",vllm/worker/model_runner.py:1234,6.5,9.8,21.978,25.978,0.21,0.58
0,AllReduce,"[[1,1024],[1024,4096]]",vllm/worker/model_runner.py:1234,6.5,9.8,46.769,50.769,0.21,0.58
0,MatMulV2,"[[1,1024],[1024,4096]]",vllm/worker/model_runner.py:1234,6.5,9.8,166.326,170.326,0.21,0.58
0,FusedInferAttentionScore,"[[1,1024],[1024,4096]]",vllm/worker/model_runner.py:1234,6.5,9.8,98.127,102.127,0.21,0.58
0,RmsNorm,"[[1,1024],[1024,4096]]",vllm/worker/model_runner.py:1234,6.5,9.8,18.804,22.804,0.21,0.58
0,AllReduce,"[[1,1024],[1024,4096]]",vllm/worker/model_runner.py:1234,6.5,9.8,51.014,55.014,0.21,0.58
0,MatMulV2,"[[1,1024],[1024,4096]]",vllm/worker/model_runner.py:1234,6.5,9.8,176.569,180.569,0.21,0.58
0,FusedInferAttentionScore,"[[1,1024],[1024,4096]]",vllm/worker/model_runner.py:1234,6.5,9.8,96.854,100.854,0.21,0.58
0,RmsNorm,"[[1,1024],[1024,4096]]",vllm/worker/model_runner.py:1234,6.5,9.8,22.943,26.943,0.21,0.58
0,AllReduce,"[[1,1024],[1024,4096]]",vllm/worker/model_runner.py:1234,6.5,9.8,50.195,54.195,0.21,0.58
0,MatMulV2,"[[1,1024],[1024,4096]]",vllm/worker/model_runner.py:1234,6.5,9.8,183.722,187.722,0.21,0.58
0,FusedInferAttentionScore,"[[1,1024],[1024,4096]]",vllm/worker/model_runner.py:1234,6.5,9.8,93.207,97.207,0.21,0.58
0,RmsNorm,"[[1,1024],[1024,4096]]",vllm/worker/model_runner.py:1234,6.5,9.8,25.218,29.218,0.21,0.58
0,AllReduce,"[[1,1024],[1024,4096]]",vllm/worker/model_runner.py:1234,6.5,9.8,49.403,53.403,0.21,0.58
0,MatMulV2,"[[1,1024],[1024,4096]]",vllm/worker/model_runner.py:1234,6.5,9.8,183.527,187.527,0.21,0.58
0,FusedInferAttentionScore,"[[1,1024],[1024,4096]]",vllm/worker/model_runner.py:1234,6.5,9.8,81.054,85.054,0.21,0.58
0,RmsNorm,"[[1,1024],[1024,4096]]",vllm/worker/model_runner.py:1234,6.5,9.8,22.348,26.348,0.21,0.58
0,AllReduce,"[[1,1024],[1024,4096]]",vllm/worker/model_runner.py:1234,6.5,9.8,48.127,52.127,0.21,0.58
0,MatMulV2,"[[1,1024],[1024,4096]]",vllm/worker/model_runner.py:1234,6.5,9.8,155.671,159.671,0.21,0.58
0,FusedInferAttentionScore,"[[1,1024],[1024,4096]]",vllm/worker/model_runner.py:1234,6.5,9.8,96.745,100.745,0.21,0.58
0,RmsNorm,"[[1,1024],[1024,4096]]",vllm/worker/model_runner.py:1234,6.5,9.8,21.229,25.229,0.21,0.58
0,AllReduce,"[[1,1024],[1024,4096]]",vllm/worker/model_runner.py:1234,6.5,9.8,47.765,51.765,0.21,0.58
0,MatMulV2,"[[1,1024],[1024,4096]]",vllm/worker/model_runner.py:1234,6.5,9.8,174.747,178.747,0.21,0.58
0,FusedInferAttentionScore,"[[1,1024],[1024,4096]]",vllm/worker/model_runner.py:1234,6.5,9.8,86.706,90.706,0.21,0.58
0,RmsNorm,"[[1,1024],[1024,4096]]",vllm/worker/model_runner.py:1234,6.5,9.8,23.238,27.238,0.21,0.58
0,AllReduce,"[[1,1024],[1024,4096]]",vllm/worker/model_runner.py:1234,6.5,9.8,49.613,53.613,0.21,0.58
0,MatMulV2,"[[1,1024],[1024,4096]]",vllm/worker/model_runner.py:1234,6.5,9.8,168.097,172.097,0.21,0.58
0,FusedInferAttentionScore,"[[1,1024],[1024,4096]]",vllm/worker/model_runner.py:1234,6.5,9.8,89.768,93.768,0.21,0.58
0,RmsNorm,"[[1,1024],[1024,4096]]",vllm/worker/model_runner.py:1234,6.5,9.8,24.471,28.471,0.21,0.58
0,AllReduce,"[[1,1024],[1024,4096]]",vllm/worker/model_runner.py:1234,6.5,9.8,43.5,47.5,0.21,0.58
0,MatMulV2,"[[1,1024],[1024,4096]]",vllm/worker/model_runner.py:1234,6.5,9.8,177.446,181.446,0.21,0.58
0,FusedInferAttentionScore,"[[1,1024],[1024,4096]]",vllm/worker/model_runner.py:1234,6.5,9.8,97.768,101.768,0.21,0.58
0,RmsNorm,"[[1,1024],[1024,4096]]",vllm/worker/model_runner.py:1234,6.5,9.8,25.991,29.991,0.21,0.58
0,AllReduce,"[[1,1024],[1024,4096]]",vllm/worker/model_runner.py:1234,6.5,9.8,47.195,51.195,0.21,0.58
0,MatMulV2,"[[1,1024],[1024,4096]]",vllm/worker/model_runner.py:1234,6.5,9.8,153.735,157.735,0.21,0.58
0,FusedInferAttentionScore,"[[1,1024],[1024,4096]]",vllm/worker/model_runner.py:1234,6.5,9.8,96.443,100.443,0.21,0.58
0,RmsNorm,"[[1,1024],[1024,4096]]",vllm/worker/model_runner.py:1234,6.5,9.8,23.969,27.969,0.21,0.58
0,AllReduce,"[[1,1024],[1024,4096]]",vllm/worker/model_runner.py:1234,6.5,9.8,47.96,51.96,0.21,0.58
0,MatMulV2,"[[1,1024],[1024,4096]]",vllm/worker/model_runner.py:1234,6.5,9.8,159.053,163.053,0.21,0.58
0,FusedInferAttentionScore,"[[1,1024],[1024,4096]]",vllm/worker/model_runner.py:1234,6.5,9.8,91.154,95.154,0.21,0.58
0,RmsNorm,"[[1,1024],[1024,4096]]",vllm/worker/model_runner.py:1234,6.5,9.8,22.22,26.22,0.21,0.58
0,AllReduce,"[[1,1024],[1024,4096]]",vllm/worker/model_runner.py:1234,6.5,9.8,45.58,49.58,0.21,0.58
0,MatMulV2,"[[1,1024],[1024,4096]]",vllm/worker/model_runner.py:1234,6.5,9.8,158.087,162.087,0.21,0.58
0,FusedInferAttentionScore,"[[1,1024],[1024,4096]]",vllm/worker/model_runner.py:1234,6.5,9.8,88.481,92.481,0.21,0.58
0,RmsNorm,"[[1,1024],[1024,4096]]",vllm/worker/model_runner.py:1234,6.5,9.8,23.809,27.809,0.21,0.58
0,AllReduce,"[[1,1024],[1024,4096]]",vllm/worker/model_runner.py:1234,6.5,9.8,43.425,47.425,0.21,0.58
0,MatMulV2,"[[1,1024],[1024,4096]]",vllm/worker/model_runner.py:1234,6.5,9.8,153.978,157.978,0.21,0.58
0,FusedInferAttentionScore,"[[1,1024],[1024,4096]]",vllm/worker/model_runner.py:1234,6.5,9.8,81.199,85.199,0.21,0.58
0,RmsNorm,"[[1,1024],[1024,4096]]",vllm/worker/model_runner.py:1234,6.5,9.8,22.218,26.218,0.21,0.58
0,AllReduce,"[[1,1024],[1024,4096]]",vllm/worker/model_runner.py:1234,6.5,9.8,47.709,51.709,0.21,0.58
0,MatMulV2,"[[1,1024],[1024,4096]]",vllm/worker/model_runner.py:1234,6.5,9.8,174.008,178.008,0.21,0.58
0,FusedInferAttentionScore,"[[1,1024],[1024,4096]]",vllm/worker/model_runner.py:1234,6.5,9.8,88.681,92.681,0.21,0.58
0,RmsNorm,"[[1,1024],[1024,4096]]",vllm/worker/model_runner.py:1234,6.5,9.8,23.565,27.565,0.21,0.58
0,AllReduce,"[[1,1024],[1024,4096]]",vllm/worker/model_runner.py:1234,6.5,9.8,51.065,55.065,0.21,0.58
0,MatMulV2,"[[1,1024],[1024,4096]]",vllm/worker/model_runner.py:1234,6.5,9.8,163.008,167.008,0.21,0.58
0,FusedInferAttentionScore,"[[1,1024],[1024,4096]]",vllm/worker/model_runner.py:1234,6.5,9.8,93.263,97.263,0.21,0.58
0,RmsNorm,"[[1,1024],[1024,4096]]",vllm/worker/model_runner.py:1234,6.5,9.8,19.157,23.157,0.21,0.58
0,AllReduce,"[[1,1024],[1024,4096]]",vllm/worker/model_runner.py:1234,6.5,9.8,46.224,50.224,0.21,0.58
0,MatMulV2,"[[1,1024],[1024,4096]]",vllm/worker/model_runner.py:1234,6.5,9.8,156.907,160.907,0.21,0.58
0,FusedInferAttentionScore,"[[1,1024],[1024,4096]]",vllm/worker/model_runner.py:1234,6.5,9.8,95.583,99.583,0.21,0.58
0,RmsNorm,"[[1,1024],[1024,4096]]",vllm/worker/model_runner.py:1234,6.5,9.8,23.47,27.47,0.21,0.58
0,AllReduce,"[[1,1024],[1024,4096]]",vllm/worker/model_runner.py:1234,6.5,9.8,50.712,54.712,0.21,0.58
0,MatMulV2,"[[1,1024],[1024,4096]]",vllm/worker/model_runner.py:1234,6.5,9.8,166.948,170.948,0.21,0.58
0,FusedInferAttentionScore,"[[1,1024],[1024,4096]]",vllm/worker/model_runner.py:1234,6.5,9.8,96.16,100.16,0.21,0.58
0,RmsNorm,"[[1,1024],[1024,4096]]",vllm/worker/model_runner.py:1234,6.5,9.8,24.074,28.074,0.21,0.58
0,AllReduce,"[[1,1024],[1024,4096]]",vllm/worker/model_runner.py:1234,6.5,9.8,43.444,47.444,0.21,0.58
0,aclrtMemcpyAsync_D2H,"[[1,1024],[1024,4096]]",vllm/worker/model_runner.py:1234,6.5,9.8,180,184,0.21,0.58
0,MatMulV2,"[[1,1024],[1024,4096]]",vllm/worker/model_runner.py:1234,6.5,9.8,165.474,169.474,0.21,0.58
0,FusedInferAttentionScore,"[[1,1024],[1024,4096]]",vllm/worker/model_runner.py:1234,6.5,9.8,90.921,94.921,0.21,0.58
0,RmsNorm,"[[1,1024],[1024,4096]]",vllm/worker/model_runner.py:1234,6.5,9.8,20.28,24.28,0.21,0.58
0,AllReduce,"[[1,1024],[1024,4096]]",vllm/worker/model_runner.py:1234,6.5,9.8,47.4,51.4,0.21,0.58
0,MatMulV2,"[[1,1024],[1024,4096]]",vllm/worker/model_runner.py:1234,6.5,9.8,183.387,187.387,0.21,0.58
0,FusedInferAttentionScore,"[[1,1024],[1024,4096]]",vllm/worker/model_runner.py:1234,6.5,9.8,93.269,97.269,0.21,0.58
0,RmsNorm,"[[1,1024],[1024,4096]]",vllm/worker/model_runner.py:1234,6.5,9.8,18.06,22.06,0.21,0.58
0,AllReduce,"[[1,1024],[1024,4096]]",vllm/worker/model_runner.py:1234,6.5,9.8,51.107,55.107,0.21,0.58
0,MatMulV2,"[[1,1024],[1024,4096]]",vllm/worker/model_runner.py:1234,6.5,9.8,182.492,186.492,0.21,0.58
0,FusedInferAttentionScore,"[[1,1024],[1024,4096]]",vllm/worker/model_runner.py:1234,6.5,9.8,90.857,94.857,0.21,0.58
0,RmsNorm,"[[1,1024],[1024,4096]]",vllm/worker/model_runner.py:1234,6.5,9.8,24.686,28.686,0.21,0.58
0,AllReduce,"[[1,1024],[1024,4096]]",vllm/worker/model_runner.py:1234,6.5,9.8,44.807,48.807,0.21,0.58
0,MatMulV2,"[[1,1024],[1024,4096]]",vllm/worker/model_runner.py:1234,6.5,9.8,170.747,174.747,0.21,0.58
0,FusedInferAttentionScore,"[[1,1024],[1024,4096]]",vllm/worker/model_runner.py:1234,6.5,9.8,82.093,86.093,0.21,0.58
0,RmsNorm,"[[1,1024],[1024,4096]]",vllm/worker/model_runner.py:1234,6.5,9.8,22.2,26.2,0.21,0.58
0,AllReduce,"[[1,1024],[1024,4096]]",vllm/worker/model_runner.py:1234,6.5,9.8,52.102,56.102,0.21,0.58
0,MatMulV2,"[[1,1024],[1024,4096]]",vllm/worker/model_runner.py:1234,6.5,9.8,186.631,190.631,0.21,0.58
0,FusedInferAttentionScore,"[[1,1024],[1024,4096]]",vllm/worker/model_runner.py:1234,6.5,9.8,85.015,89.015,0.21,0.58
0,RmsNorm,"[[1,1024],[1024,4096]]",vllm/worker/model_runner.py:1234,6.5,9.8,24.661,28.661,0.21,0.58
0,AllReduce,"[[1,1024],[1024,4096]]",vllm/worker/model_runner.py:1234,6.5,9.8,51.16,55.16,0.21,0.58
0,MatMulV2,"[[1,1024],[1024,4096]]",vllm/worker/model_runner.py:1234,6.5,9.8,168.142,172.142,0.21,0.58
0,FusedInferAttentionScore,"[[1,1024],[1024,4096]]",vllm/worker/model_runner.py:1234,6.5,9.8,81.084,85.084,0.21,0.58
0,RmsNorm,"[[1,1024],[1024,4096]]",vllm/worker/model_runner.py:1234,6.5,9.8,25.303,29.303,0.21,0.58
0,AllReduce,"[[1,1024],[1024,4096]]",vllm/worker/model_runner.py:1234,6.5,9.8,48.185,52.185,0.21,0.58
0,MatMulV2,"[[1,1024],[1024,4096]]",vllm/worker/model_runner.py:1234,6.5,9.8,185.054,189.054,0.21,0.58
0,FusedInferAttentionScore,"[[1,1024],[1024,4096]]",vllm/worker/model_runner.py:1234,6.5,9.8,92.154,96.154,0.21,0.58
0,RmsNorm,"[[1,1024],[1024,4096]]",vllm/worker/model_runner.py:1234,6.5,9.8,20.182,24.182,0.21,0.58
0,AllReduce,"[[1,1024],[1024,4096]]",vllm/worker/model_runner.py:1234,6.5,9.8,50.093,54.093,0.21,0.58
0,MatMulV2,"[[1,1024],[1024,4096]]",vllm/worker/model_runner.py:1234,6.5,9.8,161.623,165.623,0.21,0.58
0,FusedInferAttentionScore,"[[1,1024],[1024,4096]]",vllm/worker/model_runner.py:1234,6.5,9.8,89.422,93.422,0.21,0.58
0,RmsNorm,"[[1,1024],[1024,4096]]",vllm/worker/model_runner.py:1234,6.5,9.8,24.308,28.308,0.21,0.58
0,AllReduce,"[[1,1024],[1024,4096]]",vllm/worker/model_runner.py:1234,6.5,9.8,50.547,54.547,0.21,0.58
0,MatMulV2,"[[1,1024],[1024,4096]]",vllm/worker/model_runner.py:1234,6.5,9.8,163.367,167.367,0.21,0.58
0,FusedInferAttentionScore,"[[1,1024],[1024,4096]]",vllm/worker/model_runner.py:1234,6.5,9.8,85.623,89.623,0.21,0.58
0,RmsNorm,"[[1,1024],[1024,4096]]",vllm/worker/model_runner.py:1234,6.5,9.8,24.835,28.835,0.21,0.58
0,AllReduce,"[[1,1024],[1024,4096]]",vllm/worker/model_runner.py:1234,6.5,9.8,49.906,53.906,0.21,0.58
0,MatMulV2,"[[1,1024],[1024,4096]]",vllm/worker/model_runner.py:1234,6.5,9.8,154.101,158.101,0.21,0.58
0,FusedInferAttentionScore,"[[1,1024],[1024,4096]]",vllm/worker/model_runner.py:1234,6.5,9.8,82.266,86.266,0.21,0.58
0,RmsNorm,"[[1,1024],[1024,4096]]",vllm/worker/model_runner.py:1234,6.5,9.8,20.522,24.522,0.21,0.58
0,AllReduce,"[[1,1024],[1024,4096]]",vllm/worker/model_runner.py:1234,6.5,9.8,45.627,49.627,0.21,0.58
0,MatMulV2,"[[1,1024],[1024,4096]]",vllm/worker/model_runner.py:1234,6.5,9.8,177.862,181.862,0.21,0.58
0,FusedInferAttentionScore,"[[1,1024],[1024,4096]]",vllm/worker/model_runner.py:1234,6.5,9.8,88.175,92.175,0.21,0.58
0,RmsNorm,"[[1,1024],[1024,4096]]",vllm/worker/model_runner.py:1234,6.5,9.8,26.022,30.022,0.21,0.58
0,AllReduce,"[[1,1024],[1024,4096]]",vllm/worker/model_runner.py:1234,6.5,9.8,47.283,51.283,0.21,0.58
0,MatMulV2,"[[1,1024],[1024,4096]]",vllm/worker/model_runner.py:1234,6.5,9.8,160.899,164.899,0.21,0.58
0,FusedInferAttentionScore,"[[1,1024],[1024,4096]]",vllm/worker/model_runner.py:1234,6.5,9.8,88.135,92.135,0.21,0.58
0,RmsNorm,"[[1,1024],[1024,4096]]",vllm/worker/model_runner.py:1234,6.5,9.8,18.609,22.609,0.21,0.58
0,AllReduce,"[[1,1024],[1024,4096]]",vllm/worker/model_runner.py:1234,6.5,9.8,47.934,51.934,0.21,0.58
0,MatMulV2,"[[1,1024],[1024,4096]]",vllm/worker/model_runner.py:1234,6.5,9.8,169.374,173.374,0.21,0.58
0,FusedInferAttentionScore,"[[1,1024],[1024,4096]]",vllm/worker/model_runner.py:1234,6.5,9.8,96.909,100.909,0.21,0.58
0,RmsNorm,"[[1,1024],[1024,4096]]",vllm/worker/model_runner.py:1234,6.5,9.8,18.323,22.323,0.21,0.58
0,AllReduce,"[[1,1024],[1024,4096]]",vllm/worker/model_runner.py:1234,6.5,9.8,49.212,53.212,0.21,0.58
0,MatMulV2,"[[1,1024],[1024,4096]]",vllm/worker/model_runner.py:1234,6.5,9.8,164.928,168.928,0.21,0.58
0,FusedInferAttentionScore,"[[1,1024],[1024,4096]]",vllm/worker/model_runner.py:1234,6.5,9.8,96.412,100.412,0.21,0.58
0,RmsNorm,"[[1,1024],[1024,4096]]",vllm/worker/model_runner.py:1234,6.5,9.8,19.52,23.52,0.21,0.58
0,AllReduce,"[[1,1024],[1024,4096]]",vllm/worker/model_runner.py:1234,6.5,9.8,47.864,51.864,0.21,0.58
0,MatMulV2,"[[1,1024],[1024,4096]]",vllm/worker/model_runner.py:1234,6.5,9.8,178.777,182.777,0.21,0.58
0,FusedInferAttentionScore,"[[1,1024],[1024,4096]]",vllm/worker/model_runner.py:1234,6.5,9.8,90.335,94.335,0.21,0.58
0,RmsNorm,"[[1,1024],[1024,4096]]",vllm/worker/model_runner.py:1234,6.5,9.8,22.01,26.01,0.21,0.58
0,AllReduce,"[[1,1024],[1024,4096]]",vllm/worker/model_runner.py:1234,6.5,9.8,47.504,51.504,0.21,0.58
0,MatMulV2,"[[1,1024],[1024,4096]]",vllm/worker/model_runner.py:1234,6.5,9.8,167.487,171.487,0.21,0.58
0,FusedInferAttentionScore,"[[1,1024],[1024,4096]]",vllm/worker/model_runner.py:1234,6.5,9.8,82.973,86.973,0.21,0.58
0,RmsNorm,"[[1,1024],[1024,4096]]",vllm/worker/model_runner.py:1234,6.5,9.8,24.984,28.984,0.21,0.58
0,AllReduce,"[[1,1024],[1024,4096]]",vllm/worker/model_runner.py:1234,6.5,9.8,46.523,50.523,0.21,0.58
0,MatMulV2,"[[1,1024],[1024,4096]]",vllm/worker/model_runner.py:1234,6.5,9.8,182.089,186.089,0.21,0.58
0,FusedInferAttentionScore,"[[1,1024],[1024,4096]]",vllm/worker/model_runner.py:1234,6.5,9.8,81.569,85.569,0.21,0.58
0,RmsNorm,"[[1,1024],[1024,4096]]",vllm/worker/model_runner.py:1234,6.5,9.8,25.102,29.102,0.21,0.58
0,AllReduce,"[[1,1024],[1024,4096]]",vllm/worker/model_runner.py:1234,6.5,9.8,51.511,55.511,0.21,0.58
0,MatMulV2,"[[1,1024],[1024,4096]]",vllm/worker/model_runner.py:1234,6.5,9.8,164.688,168.688,0.21,0.58
0,FusedInferAttentionScore,"[[1,1024],[1024,4096]]",vllm/worker/model_runner.py:1234,6.5,9.8,81.937,85.937,0.21,0.58
0,RmsNorm,"[[1,1024],[1024,4096]]",vllm/worker/model_runner.py:1234,6.5,9.8,18.341,22.341,0.21,0.58
0,AllReduce,"[[1,1024],[1024,4096]]",vllm/worker/model_runner.py:1234,6.5,9.8,52.739,56.739,0.21,0.58
0,MatMulV2,"[[1,1024],[1024,4096]]",vllm/worker/model_runner.py:1234,6.5,9.8,157.218,161.218,0.21,0.58
0,FusedInferAttentionScore,"[[1,1024],[1024,4096]]",vllm/worker/model_runner.py:1234,6.5,9.8,91.645,95.645,0.21,0.58
0,RmsNorm,"[[1,1024],[1024,4096]]",vllm/worker/model_runner.py:1234,6.5,9.8,24.982,28.982,0.21,0.58
0,AllReduce,"[[1,1024],[1024,4096]]",vllm/worker/model_runner.py:1234,6.5,9.8,44.645,48.645,0.21,0.58
0,MatMulV2,"[[1,1024],[1024,4096]]",vllm/worker/model_runner.py:1234,6.5,9.8,185.51,189.51,0.21,0.58
0,FusedInferAttentionScore,"[[1,1024],[1024,4096]]",vllm/worker/model_runner.py:1234,6.5,9.8,87.551,91.551,0.21,0.58
0,RmsNorm,"[[1,1024],[1024,4096]]",vllm/worker/model_runner.py:1234,6.5,9.8,18.53,22.53,0.21,0.58
0,AllReduce,"[[1,1024],[1024,4096]]",vllm/worker/model_runner.py:1234,6.5,9.8,51.886,55.886,0.21,0.58
0,MatMulV2,"[[1,1024],[1024,4096]]",vllm/worker/model_runner.py:1234,6.5,9.8,178.319,182.319,0.21,0.58
0,FusedInferAttentionScore,"[[1,1024],[1024,4096]]",vllm/worker/model_runner.py:1234,6.5,9.8,96.959,100.959,0.21,0.58
0,RmsNorm,"[[1,1024],[1024,4096]]",vllm/worker/model_runner.py:1234,6.5,9.8,19.954,23.954,0.21,0.58
0,AllReduce,"[[1,1024],[1024,4096]]",vllm/worker/model_runner.py:1234,6.5,9.8,47.096,51.096,0.21,0.58
0,MatMulV2,"[[1,1024],[1024,4096]]",vllm/worker/model_runner.py:1234,6.5,9.8,153.471,157.471,0.21,0.58
0,FusedInferAttentionScore,"[[1,1024],[1024,4096]]",vllm/worker/model_runner.py:1234,6.5,9.8,92.191,96.191,0.21,0.58
0,RmsNorm,"[[1,1024],[1024,4096]]",vllm/worker/model_runner.py:1234,6.5,9.8,22.424,26.424,0.21,0.58
0,AllReduce,"[[1,1024],[1024,4096]]",vllm/worker/model_runner.py:1234,6.5,9.8,52.101,56.101,0.21,0.58
0,MatMulV2,"[[1,1024],[1024,4096]]",vllm/worker/model_runner.py:1234,6.5,9.8,163.785,167.785,0.21,0.58
0,FusedInferAttentionScore,"[[1,1024],[1024,4096]]",vllm/worker/model_runner.py:1234,6.5,9.8,94.836,98.836,0.21,0.58
0,RmsNorm,"[[1,1024],[1024,4096]]",vllm/worker/model_runner.py:1234,6.5,9.8,21.155,25.155,0.21,0.58
0,AllReduce,"[[1,1024],[1024,4096]]",vllm/worker/model_runner.py:1234,6.5,9.8,44.752,48.752,0.21,0.58
0,MatMulV2,"[[1,1024],[1024,4096]]",vllm/worker/model_runner.py:1234,6.5,9.8,183.93,187.93,0.21,0.58
0,FusedInferAttentionScore,"[[1,1024],[1024,4096]]",vllm/worker/model_runner.py:1234,6.5,9.8,98.489,102.489,0.21,0.58
0,RmsNorm,"[[1,1024],[1024,4096]]",vllm/worker/model_runner.py:1234,6.5,9.8,20.315,24.315,0.21,0.58
0,AllReduce,"[[1,1024],[1024,4096]]",vllm/worker/model_runner.py:1234,6.5,9.8,44.703,48.703,0.21,0.58
0,MatMulV2,"[[1,1024],[1024,4096]]",vllm/worker/model_runner.py:1234,6.5,9.8,161.863,165.863,0.21,0.58
0,FusedInferAttentionScore,"[[1,1024],[1024,4096]]",vllm/worker/model_runner.py:1234,6.5,9.8,89.219,93.219,0.21,0.58
0,RmsNorm,"[[1,1024],[1024,4096]]",vllm/worker/model_runner.py:1234,6.5,9.8,23.217,27.217,0.21,0.58
0,AllReduce,"[[1,1024],[1024,4096]]",vllm/worker/model_runner.py:1234,6.5,9.8,43.517,47.517,0.21,0.58
0,MatMulV2,"[[1,1024],[1024,4096]]",vllm/worker/model_runner.py:1234,6.5,9.8,161.016,165.016,0.21,0.58
0,FusedInferAttentionScore,"[[1,1024],[1024,4096]]",vllm/worker/model_runner.py:1234,6.5,9.8,87.591,91.591,0.21,0.58
0,RmsNorm,"[[1,1024],[1024,4096]]",vllm/worker/model_runner.py:1234,6.5,9.8,22.951,26.951,0.21,0.58
0,AllReduce,"[[1,1024],[1024,4096]]",vllm/worker/model_runner.py:1234,6.5,9.8,51.612,55.612,0.21,0.58
0,MatMulV2,"[[1,1024],[1024,4096]]",vllm/worker/model_runner.py:1234,6.5,9.8,153.885,157.885,0.21,0.58
0,FusedInferAttentionScore,"[[1,1024],[1024,4096]]",vllm/worker/model_runner.py:1234,6.5,9.8,86.487,90.487,0.21,0.58
0,RmsNorm,"[[1,1024],[1024,4096]]",vllm/worker/model_runner.py:1234,6.5,9.8,21.676,25.676,0.21,0.58
0,AllReduce,"[[1,1024],[1024,4096]]",vllm/worker/model_runner.py:1234,6.5,9.8,47.431,51.431,0.21,0.58
0,MatMulV2,"[[1,1024],[1024,4096]]",vllm/worker/model_runner.py:1234,6.5,9.8,158.173,162.173,0.21,0.58
0,FusedInferAttentionScore,"[[1,1024],[1024,4096]]",vllm/worker/model_runner.py:1234,6.5,9.8,87.532,91.532,0.21,0.58
0,RmsNorm,"[[1,1024],[1024,4096]]",vllm/worker/model_runner.py:1234,6.5,9.8,20.922,24.922,0.21,0.58
0,AllReduce,"[[1,1024],[1024,4096]]",vllm/worker/model_runner.py:1234,6.5,9.8,48.565,52.565,0.21,0.58
0,MatMulV2,"[[1,1024],[1024,4096]]",vllm/worker/model_runner.py:1234,6.5,9.8,157.14,161.14,0.21,0.58
0,FusedInferAttentionScore,"[[1,1024],[1024,4096]]",vllm/worker/model_runner.py:1234,6.5,9.8,83.395,87.395,0.21,0.58
0,RmsNorm,"[[1,1024],[1024,4096]]",vllm/worker/model_runner.py:1234,6.5,9.8,24.334,28.334,0.21,0.58
0,AllReduce,"[[1,1024],[1024,4096]]",vllm/worker/model_runner.py:1234,6.5,9.8,46.987,50.987,0.21,0.58
0,MatMulV2,"[[1,1024],[1024,4096]]",vllm/worker/model_runner.py:1234,6.5,9.8,172.339,176.339,0.21,0.58
0,FusedInferAttentionScore,"[[1,1024],[1024,4096]]",vllm/worker/model_runner.py:1234,6.5,9.8,89.743,93.743,0.21,0.58
0,RmsNorm,"[[1,1024],[1024,4096]]",vllm/worker/model_runner.py:1234,6.5,9.8,25.996,29.996,0.21,0.58
0,AllReduce,"[[1,1024],[1024,4096]]",vllm/worker/model_runner.py:1234,6.5,9.8,52.141,56.141,0.21,0.58
0,MatMulV2,"[[1,1024],[1024,4096]]",vllm/worker/model_runner.py:1234,6.5,9.8,185.356,189.356,0.21,0.58
0,FusedInferAttentionScore,"[[1,1024],[1024,4096]]",vllm/worker/model_runner.py:1234,6.5,9.8,83.143,87.143,0.21,0.58
0,RmsNorm,"[[1,1024],[1024,4096]]",vllm/worker/model_runner.py:1234,6.5,9.8,21.371,25.371,0.21,0.58
0,AllReduce,"[[1,1024],[1024,4096]]",vllm/worker/model_runner.py:1234,6.5,9.8,46.449,50.449,0.21,0.58
0,MatMulV2,"[[1,1024],[1024,4096]]",vllm/worker/model_runner.py:1234,6.5,9.8,180.604,184.604,0.21,0.58
0,FusedInferAttentionScore,"[[1,1024],[1024,4096]]",vllm/worker/model_runner.py:1234,6.5,9.8,82.54,86.54,0.21,0.58
0,RmsNorm,"[[1,1024],[1024,4096]]",vllm/worker/model_runner.py:1234,6.5,9.8,26.225,30.225,0.21,0.58
0,AllReduce,"[[1,1024],[1024,4096]]",vllm/worker/model_runner.py:1234,6.5,9.8,44.433,48.433,0.21,0.58
0,aclrtMemcpyAsync_D2H,"[[1,1024],[1024,4096]]",vllm/worker/model_runner.py:1234,6.5,9.8,180,184,0.21,0.58
0,MatMulV2,"[[1,1024],[1024,4096]]",vllm/worker/model_runner.py:1234,6.5,9.8,157.877,161.877,0.21,0.58
0,FusedInferAttentionScore,"[[1,1024],[1024,4096]]",vllm/worker/model_runner.py:1234,6.5,9.8,95.965,99.965,0.21,0.58
0,RmsNorm,"[[1,1024],[1024,4096]]",vllm/worker/model_runner.py:1234,6.5,9.8,23.434,27.434,0.21,0.58
0,AllReduce,"[[1,1024],[1024,4096]]",vllm/worker/model_runner.py:1234,6.5,9.8,47.373,51.373,0.21,0.58
0,MatMulV2,"[[1,1024],[1024,4096]]",vllm/worker/model_runner.py:1234,6.5,9.8,162.985,166.985,0.21,0.58
0,FusedInferAttentionScore,"[[1,1024],[1024,4096]]",vllm/worker/model_runner.py:1234,6.5,9.8,98.31,102.31,0.21,0.58
0,RmsNorm,"[[1,1024],[1024,4096]]",vllm/worker/model_runner.py:1234,6.5,9.8,18.876,22.876,0.21,0.58
0,AllReduce,"[[1,1024],[1024,4096]]",vllm/worker/model_runner.py:1234,6.5,9.8,49.21,53.21,0.21,0.58
0,MatMulV2,"[[1,1024],[1024,4096]]",vllm/worker/model_runner.py:1234,6.5,9.8,168.195,172.195,0.21,0.58
0,FusedInferAttentionScore,"[[1,1024],[1024,4096]]",vllm/worker/model_runner.py:1234,6.5,9.8,88.603,92.603,0.21,0.58
0,RmsNorm,"[[1,1024],[1024,4096]]",vllm/worker/model_runner.py:1234,6.5,9.8,25.864,29.864,0.21,0.58
0,AllReduce,"[[1,1024],[1024,4096]]",vllm/worker/model_runner.py:1234,6.5,9.8,52.52,56.52,0.21,0.58
0,MatMulV2,"[[1,1024],[1024,4096]]",vllm/worker/model_runner.py:1234,6.5,9.8,170.016,174.016,0.21,0.58
0,FusedInferAttentionScore,"[[1,1024],[1024,4096]]",vllm/worker/model_runner.py:1234,6.5,9.8,91.089,95.089,0.21,0.58
0,RmsNorm,"[[1,1024],[1024,4096]]",vllm/worker/model_runner.py:1234,6.5,9.8,21.737,25.737,0.21,0.58
0,AllReduce,"[[1,1024],[1024,4096]]",vllm/worker/model_runner.py:1234,6.5,9.8,50.054,54.054,0.21,0.58
0,MatMulV2,"[[1,1024],[1024,4096]]",vllm/worker/model_runner.py:1234,6.5,9.8,171.758,175.758,0.21,0.58
0,FusedInferAttentionScore,"[[1,1024],[1024,4096]]",vllm/worker/model_runner.py:1234,6.5,9.8,95.343,99.343,0.21,0.58
0,RmsNorm,"[[1,1024],[1024,4096]]",vllm/worker/model_runner.py:1234,6.5,9.8,20.2,24.2,0.21,0.58
0,AllReduce,"[[1,1024],[1024,4096]]",vllm/worker/model_runner.py:1234,6.5,9.8,43.476,47.476,0.21,0.58
0,MatMulV2,"[[1,1024],[1024,4096]]",vllm/worker/model_runner.py:1234,6.5,9.8,169.303,173.303,0.21,0.58
0,FusedInferAttentionScore,"[[1,1024],[1024,4096]]",vllm/worker/model_runner.py:1234,6.5,9.8,81.556,85.556,0.21,0.58
0,RmsNorm,"[[1,1024],[1024,4096]]",vllm/worker/model_runner.py:1234,6.5,9.8,20.532,24.532,0.21,0.58
0,AllReduce,"[[1,1024],[1024,4096]]",vllm/worker/model_runner.py:1234,6.5,9.8,48.782,52.782,0.21,0.58
0,MatMulV2,"[[1,1024],[1024,4096]]",vllm/worker/model_runner.py:1234,6.5,9.8,153.383,157.383,0.21,0.58
0,FusedInferAttentionScore,"[[1,1024],[1024,4096]]",vllm/worker/model_runner.py:1234,6.5,9.8,96.39,100.39,0.21,0.58
0,RmsNorm,"[[1,1024],[1024,4096]]",vllm/worker/model_runner.py:1234,6.5,9.8,18.615,22.615,0.21,0.58
0,AllReduce,"[[1,1024],[1024,4096]]",vllm/worker/model_runner.py:1234,6.5,9.8,51.98,55.98,0.21,0.58
0,MatMulV2,"[[1,1024],[1024,4096]]",vllm/worker/model_runner.py:1234,6.5,9.8,184.138,188.138,0.21,0.58
0,FusedInferAttentionScore,"[[1,1024],[1024,4096]]",vllm/worker/model_runner.py:1234,6.5,9.8,97.311,101.311,0.21,0.58
0,RmsNorm,"[[1,1024],[1024,4096]]",vllm/worker/model_runner.py:1234,6.5,9.8,20.509,24.509,0.21,0.58
0,AllReduce,"[[1,1024],[1024,4096]]",vllm/worker/model_runner.py:1234,6.5,9.8,44.157,48.157,0.21,0.58
0,MatMulV2,"[[1,1024],[1024,4096]]",vllm/worker/model_runner.py:1234,6.5,9.8,160.243,164.243,0.21,0.58
0,FusedInferAttentionScore,"[[1,1024],[1024,4096]]",vllm/worker/model_runner.py:1234,6.5,9.8,97.805,101.805,0.21,0.58
0,RmsNorm,"[[1,1024],[1024,4096]]",vllm/worker/model_runner.py:1234,6.5,9.8,19.124,23.124,0.21,0.58
0,AllReduce,"[[1,1024],[1024,4096]]",vllm/worker/model_runner.py:1234,6.5,9.8,46.694,50.694,0.21,0.58
0,MatMulV2,"[[1,1024],[1024,4096]]",vllm/worker/model_runner.py:1234,6.5,9.8,171.375,175.375,0.21,0.58
0,FusedInferAttentionScore,"[[1,1024],[1024,4096]]",vllm/worker/model_runner.py:1234,6.5,9.8,88.394,92.394,0.21,0.58
0,RmsNorm,"[[1,1024],[1024,4096]]",vllm/worker/model_runner.py:1234,6.5,9.8,19.915,23.915,0.21,0.58
0,AllReduce,"[[1,1024],[1024,4096]]",vllm/worker/model_runner.py:1234,6.5,9.8,49.384,53.384,0.21,0.58
0,MatMulV2,"[[1,1024],[1024,4096]]",vllm/worker/model_runner.py:1234,6.5,9.8,155.311,159.311,0.21,0.58
0,FusedInferAttentionScore,"[[1,1024],[1024,4096]]",vllm/worker/model_runner.py:1234,6.5,9.8,94.835,98.835,0.21,0.58
0,RmsNorm,"[[1,1024],[1024,4096]]",vllm/worker/model_runner.py:1234,6.5,9.8,18.941,22.941,0.21,0.58
0,AllReduce,"[[1,1024],[1024,4096]]",vllm/worker/model_runner.py:1234,6.5,9.8,45.788,49.788,0.21,0.58
0,MatMulV2,"[[1,1024],[1024,4096]]",vllm/worker/model_runner.py:1234,6.5,9.8,173.434,177.434,0.21,0.58
0,FusedInferAttentionScore,"[[1,1024],[1024,4096]]",vllm/worker/model_runner.py:1234,6.5,9.8,91.435,95.435,0.21,0.58
0,RmsNorm,"[[1,1024],[1024,4096]]",vllm/worker/model_runner.py:1234,6.5,9.8,23.629,27.629,0.21,0.58
0,AllReduce,"[[1,1024],[1024,4096]]",vllm/worker/model_runner.py:1234,6.5,9.8,45.4,49.4,0.21,0.58
0,MatMulV2,"[[1,1024],[1024,4096]]",vllm/worker/model_runner.py:1234,6.5,9.8,178.924,182.924,0.21,0.58
0,FusedInferAttentionScore,"[[1,1024],[1024,4096]]",vllm/worker/model_runner.py:1234,6.5,9.8,85.869,89.869,0.21,0.58
0,RmsNorm,"[[1,1024],[1024,4096]]",vllm/worker/model_runner.py:1234,6.5,9.8,23.979,27.979,0.21,0.58
0,AllReduce,"[[1,1024],[1024,4096]]",vllm/worker/model_runner.py:1234,6.5,9.8,50.142,54.142,0.21,0.58
0,MatMulV2,"[[1,1024],[1024,4096]]",vllm/worker/model_runner.py:1234,6.5,9.8,166.429,170.429,0.21,0.58
0,FusedInferAttentionScore,"[[1,1024],[1024,4096]]",vllm/worker/model_runner.py:1234,6.5,9.8,84.417,88.417,0.21,0.58
0,RmsNorm,"[[1,1024],[1024,4096]]",vllm/worker/model_runner.py:1234,6.5,9.8,17.74,21.74,0.21,0.58
0,AllReduce,"[[1,1024],[1024,4096]]",vllm/worker/model_runner.py:1234,6.5,9.8,52.373,56.373,0.21,0.58
0,MatMulV2,"[[1,1024],[1024,4096]]",vllm/worker/model_runner.py:1234,6.5,9.8,172.477,176.477,0.21,0.58
0,FusedInferAttentionScore,"[[1,1024],[1024,4096]]",vllm/worker/model_runner.py:1234,6.5,9.8,83.022,87.022,0.21,0.58
0,RmsNorm,"[[1,1024],[1024,4096]]",vllm/worker/model_runner.py:1234,6.5,9.8,19.309,23.309,0.21,0.58
0,AllReduce,"[[1,1024],[1024,4096]]",vllm/worker/model_runner.py:1234,6.5,9.8,46.733,50.733,0.21,0.58
0,MatMulV2,"[[1,1024],[1024,4096]]",vllm/worker/model_runner.py:1234,6.5,9.8,182.428,186.428,0.21,0.58
0,FusedInferAttentionScore,"[[1,1024],[1024,4096]]",vllm/worker/model_runner.py:1234,6.5,9.8,90.076,94.076,0.21,0.58
0,RmsNorm,"[[1,1024],[1024,4096]]",vllm/worker/model_runner.py:1234,6.5,9.8,19.476,23.476,0.21,0.58
0,AllReduce,"[[1,1024],[1024,4096]]",vllm/worker/model_runner.py:1234,6.5,9.8,50.59,54.59,0.21,0.58
0,MatMulV2,"[[1,1024],[1024,4096]]",vllm/worker/model_runner.py:1234,6.5,9.8,178.238,182.238,0.21,0.58
0,FusedInferAttentionScore,"[[1,1024],[1024,4096]]",vllm/worker/model_runner.py:1234,6.5,9.8,83.342,87.342,0.21,0.58
0,RmsNorm,"[[1,1024],[1024,4096]]",vllm/worker/model_runner.py:1234,6.5,9.8,23.763,27.763,0.21,0.58
0,AllReduce,"[[1,1024],[1024,4096]]",vllm/worker/model_runner.py:1234,6.5,9.8,43.832,47.832,0.21,0.58
0,MatMulV2,"[[1,1024],[1024,4096]]",vllm/worker/model_runner.py:1234,6.5,9.8,161.821,165.821,0.21,0.58
0,FusedInferAttentionScore,"[[1,1024],[1024,4096]]",vllm/worker/model_runner.py:1234,6.5,9.8,95.917,99.917,0.21,0.58
0,RmsNorm,"[[1,1024],[1024,4096]]",vllm/worker/model_runner.py:1234,6.5,9.8,17.687,21.687,0.21,0.58
0,AllReduce,"[[1,1024],[1024,4096]]",vllm/worker/model_runner.py:1234,6.5,9.8,48.355,52.355,0.21,0.58
0,MatMulV2,"[[1,1024],[1024,4096]]",vllm/worker/model_runner.py:1234,6.5,9.8,167.287,171.287,0.21,0.58
0,FusedInferAttentionScore,"[[1,1024],[1024,4096]]",vllm/worker/model_runner.py:1234,6.5,9.8,90.64,94.64,0.21,0.58
0,RmsNorm,"[[1,1024],[1024,4096]]",vllm/worker/model_runner.py:1234,6.5,9.8,26.289,30.289,0.21,0.58
0,AllReduce,"[[1,1024],[1024,4096]]",vllm/worker/model_runner.py:1234,6.5,9.8,51.598,55.598,0.21,0.58
0,MatMulV2,"[[1,1024],[1024,4096]]",vllm/worker/model_runner.py:1234,6.5,9.8,181.836,185.836,0.21,0.58
0,FusedInferAttentionScore,"[[1,1024],[1024,4096]]",vllm/worker/model_runner.py:1234,6.5,9.8,96.859,100.859,0.21,0.58
0,RmsNorm,"[[1,1024],[1024,4096]]",vllm/worker/model_runner.py:1234,6.5,9.8,23.869,27.869,0.21,0.58
0,AllReduce,"[[1,1024],[1024,4096]]",vllm/worker/model_runner.py:1234,6.5,9.8,47.279,51.279,0.21,0.58
0,MatMulV2,"[[1,1024],[1024,4096]]",vllm/worker/model_runner.py:1234,6.5,9.8,175.59,179.59,0.21,0.58
0,FusedInferAttentionScore,"[[1,1024],[1024,4096]]",vllm/worker/model_runner.py:1234,6.5,9.8,97.949,101.949,0.21,0.58
0,RmsNorm,"[[1,1024],[1024,4096]]",vllm/worker/model_runner.py:1234,6.5,9.8,24.054,28.054,0.21,0.58
0,AllReduce,"[[1,1024],[1024,4096]]",vllm/worker/model_runner.py:1234,6.5,9.8,46.472,50.472,0.21,0.58
0,MatMulV2,"[[1,1024],[1024,4096]]",vllm/worker/model_runner.py:1234,6.5,9.8,177.157,181.157,0.21,0.58
0,FusedInferAttentionScore,"[[1,1024],[1024,4096]]",vllm/worker/model_runner.py:1234,6.5,9.8,98.507,102.507,0.21,0.58
0,RmsNorm,"[[1,1024],[1024,4096]]",vllm/worker/model_runner.py:1234,6.5,9.8,22.549,26.549,0.21,0.58
0,AllReduce,"[[1,1024],[1024,4096]]",vllm/worker/model_runner.py:1234,6.5,9.8,48.98,52.98,0.21,0.58
0,MatMulV2,"[[1,1024],[1024,4096]]",vllm/worker/model_runner.py:1234,6.5,9.8,170.181,174.181,0.21,0.58
0,FusedInferAttentionScore,"[[1,1024],[1024,4096]]",vllm/worker/model_runner.py:1234,6.5,9.8,84.606,88.606,0.21,0.58
0,RmsNorm,"[[1,1024],[1024,4096]]",vllm/worker/model_runner.py:1234,6.5,9.8,21.501,25.501,0.21,0.58
0,AllReduce,"[[1,1024],[1024,4096]]",vllm/worker/model_runner.py:1234,6.5,9.8,44.167,48.167,0.21,0.58
0,MatMulV2,"[[1,1024],[1024,4096]]",vllm/worker/model_runner.py:1234,6.5,9.8,172.687,176.687,0.21,0.58
0,FusedInferAttentionScore,"[[1,1024],[1024,4096]]",vllm/worker/model_runner.py:1234,6.5,9.8,81.043,85.043,0.21,0.58
0,RmsNorm,"[[1,1024],[1024,4096]]",vllm/worker/model_runner.py:1234,6.5,9.8,23.413,27.413,0.21,0.58
0,AllReduce,"[[1,1024],[1024,4096]]",vllm/worker/model_runner.py:1234,6.5,9.8,45.569,49.569,0.21,0.58
0,MatMulV2,"[[1,1024],[1024,4096]]",vllm/worker/model_runner.py:1234,6.5,9.8,155.485,159.485,0.21,0.58
0,FusedInferAttentionScore,"[[1,1024],[1024,4096]]",vllm/worker/model_runner.py:1234,6.5,9.8,81.958,85.958,0.21,0.58
0,RmsNorm,"[[1,1024],[1024,4096]]",vllm/worker/model_runner.py:1234,6.5,9.8,25.553,29.553,0.21,0.58
0,AllReduce,"[[1,1024],[1024,4096]]",vllm/worker/model_runner.py:1234,6.5,9.8,50.867,54.867,0.21,0.58
0,MatMulV2,"[[1,1024],[1024,4096]]",vllm/worker/model_runner.py:1234,6.5,9.8,178.422,182.422,0.21,0.58
0,FusedInferAttentionScore,"[[1,1024],[1024,4096]]",vllm/worker/model_runner.py:1234,6.5,9.8,85.749,89.749,0.21,0.58
0,RmsNorm,"[[1,1024],[1024,4096]]",vllm/worker/model_runner.py:1234,6.5,9.8,21.586,25.586,0.21,0.58
0,AllReduce,"[[1,1024],[1024,4096]]",vllm/worker/model_runner.py:1234,6.5,9.8,51.548,55.548,0.21,0.58
0,MatMulV2,"[[1,1024],[1024,4096]]",vllm/worker/model_runner.py:1234,6.5,9.8,179.757,183.757,0.21,0.58
0,FusedInferAttentionScore,"[[1,1024],[1024,4096]]",vllm/worker/model_runner.py:1234,6.5,9.8,91.692,95.692,0.21,0.58
0,RmsNorm,"[[1,1024],[1024,4096]]",vllm/worker/model_runner.py:1234,6.5,9.8,19.369,23.369,0.21,0.58
0,AllReduce,"[[1,1024],[1024,4096]]",vllm/worker/model_runner.py:1234,6.5,9.8,46.217,50.217,0.21,0.58
0,MatMulV2,"[[1,1024],[1024,4096]]",vllm/worker/model_runner.py:1234,6.5,9.8,154.452,158.452,0.21,0.58
0,FusedInferAttentionScore,"[[1,1024],[1024,4096]]",vllm/worker/model_runner.py:1234,6.5,9.8,82.148,86.148,0.21,0.58
0,RmsNorm,"[[1,1024],[1024,4096]]",vllm/worker/model_runner.py:1234,6.5,9.8,24.458,28.458,0.21,0.58
0,AllReduce,"[[1,1024],[1024,4096]]",vllm/worker/model_runner.py:1234,6.5,9.8,52.305,56.305,0.21,0.58
0,MatMulV2,"[[1,1024],[1024,4096]]",vllm/worker/model_runner.py:1234,6.5,9.8,173.647,177.647,0.21,0.58
0,FusedInferAttentionScore,"[[1,1024],[1024,4096]]",vllm/worker/model_runner.py:1234,6.5,9.8,90.798,94.798,0.21,0.58
0,RmsNorm,"[[1,1024],[1024,4096]]",vllm/worker/model_runner.py:1234,6.5,9.8,20.244,24.244,0.21,0.58
0,AllReduce,"[[1,1024],[1024,4096]]",vllm/worker/model_runner.py:1234,6.5,9.8,46.12,50.12,0.21,0.58
0,MatMulV2,"[[1,1024],[1024,4096]]",vllm/worker/model_runner.py:1234,6.5,9.8,182.1,186.1,0.21,0.58
0,FusedInferAttentionScore,"[[1,1024],[1024,4096]]",vllm/worker/model_runner.py:1234,6.5,9.8,83.777,87.777,0.21,0.58
0,RmsNorm,"[[1,1024],[1024,4096]]",vllm/worker/model_runner.py:1234,6.5,9.8,21.871,25.871,0.21,0.58
0,AllReduce,"[[1,1024],[1024,4096]]",vllm/worker/model_runner.py:1234,6.5,9.8,51.604,55.604,0.21,0.58
0,MatMulV2,"[[1,1024],[1024,4096]]",vllm/worker/model_runner.py:1234,6.5,9.8,164.894,168.894,0.21,0.58
0,FusedInferAttentionScore,"[[1,1024],[1024,4096]]",vllm/worker/model_runner.py:1234,6.5,9.8,87.145,91.145,0.21,0.58
0,RmsNorm,"[[1,1024],[1024,4096]]",vllm/worker/model_runner.py:1234,6.5,9.8,19.269,23.269,0.21,0.58
0,AllReduce,"[[1,1024],[1024,4096]]",vllm/worker/model_runner.py:1234,6.5,9.8,43.726,47.726,0.21,0.58
0,MatMulV2,"[[1,1024],[1024,4096]]",vllm/worker/model_runner.py:1234,6.5,9.8,176.669,180.669,0.21,0.58
0,FusedInferAttentionScore,"[[1,1024],[1024,4096]]",vllm/worker/model_runner.py:1234,6.5,9.8,95.885,99.885,0.21,0.58
0,RmsNorm,"[[1,1024],[1024,4096]]",vllm/worker/model_runner.py:1234,6.5,9.8,24.317,28.317,0.21,0.58
0,AllReduce,"[[1,1024],[1024,4096]]",vllm/worker/model_runner.py:1234,6.5,9.8,52.021,56.021,0.21,0.58
0,aclrtMemcpyAsync_D2H,"[[1,1024],[1024,4096]]",vllm/worker/model_runner.py:1234,6.5,9.8,180,184,0.21,0.58
0,MatMulV2,"[[1,1024],[1024,4096]]",vllm/worker/model_runner.py:1234,6.5,9.8,167.036,171.036,0.21,0.58
0,FusedInferAttentionScore,"[[1,1024],[1024,4096]]",vllm/worker/model_runner.py:1234,6.5,9.8,82.995,86.995,0.21,0.58
0,RmsNorm,"[[1,1024],[1024,4096]]",vllm/worker/model_runner.py:1234,6.5,9.8,24.357,28.357,0.21,0.58
0,AllReduce,"[[1,1024],[1024,4096]]",vllm/worker/model_runner.py:1234,6.5,9.8,43.795,47.795,0.21,0.58
0,MatMulV2,"[[1,1024],[1024,4096]]",vllm/worker/model_runner.py:1234,6.5,9.8,161.437,165.437,0.21,0.58
0,FusedInferAttentionScore,"[[1,1024],[1024,4096]]",vllm/worker/model_runner.py:1234,6.5,9.8,91.85,95.85,0.21,0.58
0,RmsNorm,"[[1,1024],[1024,4096]]",vllm/worker/model_runner.py:1234,6.5,9.8,23.702,27.702,0.21,0.58
0,AllReduce,"[[1,1024],[1024,4096]]",vllm/worker/model_runner.py:1234,6.5,9.8,46.561,50.561,0.21,0.58
0,MatMulV2,"[[1,1024],[1024,4096]]",vllm/worker/model_runner.py:1234,6.5,9.8,185.252,189.252,0.21,0.58
0,FusedInferAttentionScore,"[[1,1024],[1024,4096]]",vllm/worker/model_runner.py:1234,6.5,9.8,89.451,93.451,0.21,0.58
0,RmsNorm,"[[1,1024],[1024,4096]]",vllm/worker/model_runner.py:1234,6.5,9.8,20.171,24.171,0.21,0.58
0,AllReduce,"[[1,1024],[1024,4096]]",vllm/worker/model_runner.py:1234,6.5,9.8,47.82,51.82,0.21,0.58
0,MatMulV2,"[[1,1024],[1024,4096]]",vllm/worker/model_runner.py:1234,6.5,9.8,171.714,175.714,0.21,0.58
0,FusedInferAttentionScore,"[[1,1024],[1024,4096]]",vllm/worker/model_runner.py:1234,6.5,9.8,90.209,94.209,0.21,0.58
0,RmsNorm,"[[1,1024],[1024,4096]]",vllm/worker/model_runner.py:1234,6.5,9.8,24.68,28.68,0.21,0.58
0,AllReduce,"[[1,1024],[1024,4096]]",vllm/worker/model_runner.py:1234,6.5,9.8,50.075,54.075,0.21,0.58
0,MatMulV2,"[[1,1024],[1024,4096]]",vllm/worker/model_runner.py:1234,6.5,9.8,164.091,168.091,0.21,0.58
0,FusedInferAttentionScore,"[[1,1024],[1024,4096]]",vllm/worker/model_runner.py:1234,6.5,9.8,91.075,95.075,0.21,0.58
0,RmsNorm,"[[1,1024],[1024,4096]]",vllm/worker/model_runner.py:1234,6.5,9.8,20.491,24.491,0.21,0.58
0,AllReduce,"[[1,1024],[1024,4096]]",vllm/worker/model_runner.py:1234,6.5,9.8,48.392,52.392,0.21,0.58
0,MatMulV2,"[[1,1024],[1024,4096]]",vllm/worker/model_runner.py:1234,6.5,9.8,165.405,169.405,0.21,0.58
0,FusedInferAttentionScore,"[[1,1024],[1024,4096]]",vllm/worker/model_runner.py:1234,6.5,9.8,91.983,95.983,0.21,0.58
0,RmsNorm,"[[1,1024],[1024,4096]]",vllm/worker/model_runner.py:1234,6.5,9.8,20.256,24.256,0.21,0.58
0,AllReduce,"[[1,1024],[1024,4096]]",vllm/worker/model_runner.py:1234,6.5,9.8,45.728,49.728,0.21,0.58
0,MatMulV2,"[[1,1024],[1024,4096]]",vllm/worker/model_runner.py:1234,6.5,9.8,180.244,184.244,0.21,0.58
0,FusedInferAttentionScore,"[[1,1024],[1024,4096]]",vllm/worker/model_runner.py:1234,6.5,9.8,97.252,101.252,0.21,0.58
0,RmsNorm,"[[1,1024],[1024,4096]]",vllm/worker/model_runner.py:1234,6.5,9.8,24.05,28.05,0.21,0.58
0,AllReduce,"[[1,1024],[1024,4096]]",vllm/worker/model_runner.py:1234,6.5,9.8,51.589,55.589,0.21,0.58
0,MatMulV2,"[[1,1024],[1024,4096]]",vllm/worker/model_runner.py:1234,6.5,9.8,185.669,189.669,0.21,0.58
0,FusedInferAttentionScore,"[[1,1024],[1024,4096]]",vllm/worker/model_runner.py:1234,6.5,9.8,88.108,92.108,0.21,0.58
0,RmsNorm,"[[1,1024],[1024,4096]]",vllm/worker/model_runner.py:1234,6.5,9.8,18.267,22.267,0.21,0.58
0,AllReduce,"[[1,1024],[1024,4096]]",vllm/worker/model_runner.py:1234,6.5,9.8,50.348,54.348,0.21,0.58
0,MatMulV2,"[[1,1024],[1024,4096]]",vllm/worker/model_runner.py:1234,6.5,9.8,184.781,188.781,0.21,0.58
0,FusedInferAttentionScore,"[[1,1024],[1024,4096]]",vllm/worker/model_runner.py:1234,6.5,9.8,86.981,90.981,0.21,0.58
0,RmsNorm,"[[1,1024],[1024,4096]]",vllm/worker/model_runner.py:1234,6.5,9.8,25.382,29.382,0.21,0.58
0,AllReduce,"[[1,1024],[1024,4096]]",vllm/worker/model_runner.py:1234,6.5,9.8,52.8,56.8,0.21,0.58
0,MatMulV2,"[[1,1024],[1024,4096]]",vllm/worker/model_runner.py:1234,6.5,9.8,164.949,168.949,0.21,0.58
0,FusedInferAttentionScore,"[[1,1024],[1024,4096]]",vllm/worker/model_runner.py:1234,6.5,9.8,96.737,100.737,0.21,0.58
0,RmsNorm,"[[1,1024],[1024,4096]]",vllm/worker/model_runner.py:1234,6.5,9.8,23.251,27.251,0.21,0.58
0,AllReduce,"[[1,1024],[1024,4096]]",vllm/worker/model_runner.py:1234,6.5,9.8,49.271,53.271,0.21,0.58
0,MatMulV2,"[[1,1024],[1024,4096]]",vllm/worker/model_runner.py:1234,6.5,9.8,165.248,169.248,0.21,0.58
0,FusedInferAttentionScore,"[[1,1024],[1024,4096]]",vllm/worker/model_runner.py:1234,6.5,9.8,98.489,102.489,0.21,0.58
0,RmsNorm,"[[1,1024],[1024,4096]]",vllm/worker/model_runner.py:1234,6.5,9.8,21.159,25.159,0.21,0.58
0,AllReduce,"[[1,1024],[1024,4096]]",vllm/worker/model_runner.py:1234,6.5,9.8,49.868,53.868,0.21,0.58
0,MatMulV2,"[[1,1024],[1024,4096]]",vllm/worker/model_runner.py:1234,6.5,9.8,156.134,160.134,0.21,0.58
0,FusedInferAttentionScore,"[[1,1024],[1024,4096]]",vllm/worker/model_runner.py:1234,6.5,9.8,98.165,102.165,0.21,0.58
0,RmsNorm,"[[1,1024],[1024,4096]]",vllm/worker/model_runner.py:1234,6.5,9.8,18.865,22.865,0.21,0.58
0,AllReduce,"[[1,1024],[1024,4096]]",vllm/worker/model_runner.py:1234,6.5,9.8,44.585,48.585,0.21,0.58
0,MatMulV2,"[[1,1024],[1024,4096]]",vllm/worker/model_runner.py:1234,6.5,9.8,156.887,160.887,0.21,0.58
0,FusedInferAttentionScore,"[[1,1024],[1024,4096]]",vllm/worker/model_runner.py:1234,6.5,9.8,90.465,94.465,0.21,0.58
0,RmsNorm,"[[1,1024],[1024,4096]]",vllm/worker/model_runner.py:1234,6.5,9.8,25.886,29.886,0.21,0.58
0,AllReduce,"[[1,1024],[1024,4096]]",vllm/worker/model_runner.py:1234,6.5,9.8,44.837,48.837,0.21,0.58
0,MatMulV2,"[[1,1024],[1024,4096]]",vllm/worker/model_runner.py:1234,6.5,9.8,174.847,178.847,0.21,0.58
0,FusedInferAttentionScore,"[[1,1024],[1024,4096]]",vllm/worker/model_runner.py:1234,6.5,9.8,83.381,87.381,0.21,0.58
0,RmsNorm,"[[1,1024],[1024,4096]]",vllm/worker/model_runner.py:1234,6.5,9.8,21.248,25.248,0.21,0.58
0,AllReduce,"[[1,1024],[1024,4096]]",vllm/worker/model_runner.py:1234,6.5,9.8,43.971,47.971,0.21,0.58
0,MatMulV2,"[[1,1024],[1024,4096]]",vllm/worker/model_runner.py:1234,6.5,9.8,170.989,174.989,0.21,0.58
0,FusedInferAttentionScore,"[[1,1024],[1024,4096]]",vllm/worker/model_runner.py:1234,6.5,9.8,96.927,100.927,0.21,0.58
0,RmsNorm,"[[1,1024],[1024,4096]]",vllm/worker/model_runner.py:1234,6.5,9.8,17.745,21.745,0.21,0.58
0,AllReduce,"[[1,1024],[1024,4096]]",vllm/worker/model_runner.py:1234,6.5,9.8,43.89,47.89,0.21,0.58
0,MatMulV2,"[[1,1024],[1024,4096]]",vllm/worker/model_runner.py:1234,6.5,9.8,162.851,166.851,0.21,0.58
0,FusedInferAttentionScore,"[[1,1024],[1024,4096]]",vllm/worker/model_runner.py:1234,6.5,9.8,90.24,94.24,0.21,0.58
0,RmsNorm,"[[1,1024],[1024,4096]]",vllm/worker/model_runner.py:1234,6.5,9.8,18.544,22.544,0.21,0.58
0,AllReduce,"[[1,1024],[1024,4096]]",vllm/worker/model_runner.py:1234,6.5,9.8,47.752,51.752,0.21,0.58
0,MatMulV2,"[[1,1024],[1024,4096]]",vllm/worker/model_runner.py:1234,6.5,9.8,176.362,180.362,0.21,0.58
0,FusedInferAttentionScore,"[[1,1024],[1024,4096]]",vllm/worker/model_runner.py:1234,6.5,9.8,81.708,85.708,0.21,0.58
0,RmsNorm,"[[1,1024],[1024,4096]]",vllm/worker/model_runner.py:1234,6.5,9.8,25.781,29.781,0.21,0.58
0,AllReduce,"[[1,1024],[1024,4096]]",vllm/worker/model_runner.py:1234,6.5,9.8,45.896,49.896,0.21,0.58
0,MatMulV2,"[[1,1024],[1024,4096]]",vllm/worker/model_runner.py:1234,6.5,9.8,174.586,178.586,0.21,0.58
0,FusedInferAttentionScore,"[[1,1024],[1024,4096]]",vllm/worker/model_runner.py:1234,6.5,9.8,83.27,87.27,0.21,0.58
0,RmsNorm,"[[1,1024],[1024,4096]]",vllm/worker/model_runner.py:1234,6.5,9.8,25.365,29.365,0.21,0.58
0,AllReduce,"[[1,1024],[1024,4096]]",vllm/worker/model_runner.py:1234,6.5,9.8,43.731,47.731,0.21,0.58
0,MatMulV2,"[[1,1024],[1024,4096]]",vllm/worker/model_runner.py:1234,6.5,9.8,167.93,171.93,0.21,0.58
0,FusedInferAttentionScore,"[[1,1024],[1024,4096]]",vllm/worker/model_runner.py:1234,6.5,9.8,86.571,90.571,0.21,0.58
0,RmsNorm,"[[1,1024],[1024,4096]]",vllm/worker/model_runner.py:1234,6.5,9.8,24.052,28.052,0.21,0.58
0,AllReduce,"[[1,1024],[1024,4096]]",vllm/worker/model_runner.py:1234,6.5,9.8,48.355,52.355,0.21,0.58
0,MatMulV2,"[[1,1024],[1024,4096]]",vllm/worker/model_runner.py:1234,6.5,9.8,174.83,178.83,0.21,0.58
0,FusedInferAttentionScore,"[[1,1024],[1024,4096]]",vllm/worker/model_runner.py:1234,6.5,9.8,91.093,95.093,0.21,0.58
0,RmsNorm,"[[1,1024],[1024,4096]]",vllm/worker/model_runner.py:1234,6.5,9.8,23.409,27.409,0.21,0.58
0,AllReduce,"[[1,1024],[1024,4096]]",vllm/worker/model_runner.py:1234,6.5,9.8,48.239,52.239,0.21,0.58
0,MatMulV2,"[[1,1024],[1024,4096]]",vllm/worker/model_runner.py:1234,6.5,9.8,186.458,190.458,0.21,0.58
0,FusedInferAttentionScore,"[[1,1024],[1024,4096]]",vllm/worker/model_runner.py:1234,6.5,9.8,96.948,100.948,0.21,0.58
0,RmsNorm,"[[1,1024],[1024,4096]]",vllm/worker/model_runner.py:1234,6.5,9.8,19.914,23.914,0.21,0.58
0,AllReduce,"[[1,1024],[1024,4096]]",vllm/worker/model_runner.py:1234,6.5,9.8,51.539,55.539,0.21,0.58
0,MatMulV2,"[[1,1024],[1024,4096]]",vllm/worker/model_runner.py:1234,6.5,9.8,161.481,165.481,0.21,0.58
0,FusedInferAttentionScore,"[[1,1024],[1024,4096]]",vllm/worker/model_runner.py:1234,6.5,9.8,97.476,101.476,0.21,0.58
0,RmsNorm,"[[1,1024],[1024,4096]]",vllm/worker/model_runner.py:1234,6.5,9.8,25.828,29.828,0.21,0.58
0,AllReduce,"[[1,1024],[1024,4096]]",vllm/worker/model_runner.py:1234,6.5,9.8,49.375,53.375,0.21,0.58
0,MatMulV2,"[[1,1024],[1024,4096]]",vllm/worker/model_runner.py:1234,6.5,9.8,153.395,157.395,0.21,0.58
0,FusedInferAttentionScore,"[[1,1024],[1024,4096]]",vllm/worker/model_runner.py:1234,6.5,9.8,93.3,97.3,0.21,0.58
0,RmsNorm,"[[1,1024],[1024,4096]]",vllm/worker/model_runner.py:1234,6.5,9.8,19.67,23.67,0.21,0.58
0,AllReduce,"[[1,1024],[1024,4096]]",vllm/worker/model_runner.py:1234,6.5,9.8,51.237,55.237,0.21,0.58
0,MatMulV2,"[[1,1024],[1024,4096]]",vllm/worker/model_runner.py:1234,6.5,9.8,171.471,175.471,0.21,0.58
0,FusedInferAttentionScore,"[[1,1024],[1024,4096]]",vllm/worker/model_runner.py:1234,6.5,9.8,82.008,86.008,0.21,0.58
0,RmsNorm,"[[1,1024],[1024,4096]]",vllm/worker/model_runner.py:1234,6.5,9.8,18.946,22.946,0.21,0.58
0,AllReduce,"[[1,1024],[1024,4096]]",vllm/worker/model_runner.py:1234,6.5,9.8,44.455,48.455,0.21,0.58
0,MatMulV2,"[[1,1024],[1024,4096]]",vllm/worker/model_runner.py:1234,6.5,9.8,166.85,170.85,0.21,0.58
0,FusedInferAttentionScore,"[[1,1024],[1024,4096]]",vllm/worker/model_runner.py:1234,6.5,9.8,90.107,94.107,0.21,0.58
0,RmsNorm,"[[1,1024],[1024,4096]]",vllm/worker/model_runner.py:1234,6.5,9.8,21.155,25.155,0.21,0.58
0,AllReduce,"[[1,1024],[1024,4096]]",vllm/worker/model_runner.py:1234,6.5,9.8,48.9,52.9,0.21,0.58
0,MatMulV2,"[[1,1024],[1024,4096]]",vllm/worker/model_runner.py:1234,6.5,9.8,169.801,173.801,0.21,0.58
0,FusedInferAttentionScore,"[[1,1024],[1024,4096]]",vllm/worker/model_runner.py:1234,6.5,9.8,84.403,88.403,0.21,0.58
0,RmsNorm,"[[1,1024],[1024,4096]]",vllm/worker/model_runner.py:1234,6.5,9.8,18.923,22.923,0.21,0.58
0,AllReduce,"[[1,1024],[1024,4096]]",vllm/worker/model_runner.py:1234,6.5,9.8,46.85,50.85,0.21,0.58
0,MatMulV2,"[[1,1024],[1024,4096]]",vllm/worker/model_runner.py:1234,6.5,9.8,170.692,174.692,0.21,0.58
0,FusedInferAttentionScore,"[[1,1024],[1024,4096]]",vllm/worker/model_runner.py:1234,6.5,9.8,90.482,94.482,0.21,0.58
0,RmsNorm,"[[1,1024],[1024,4096]]",vllm/worker/model_runner.py:1234,6.5,9.8,24.486,28.486,0.21,0.58
0,AllReduce,"[[1,1024],[1024,4096]]",vllm/worker/model_runner.py:1234,6.5,9.8,50.382,54.382,0.21,0.58
0,MatMulV2,"[[1,1024],[1024,4096]]",vllm/worker/model_runner.py:1234,6.5,9.8,161.696,165.696,0.21,0.58
0,FusedInferAttentionScore,"[[1,1024],[1024,4096]]",vllm/worker/model_runner.py:1234,6.5,9.8,94.422,98.422,0.21,0.58
0,RmsNorm,"[[1,1024],[1024,4096]]",vllm/worker/model_runner.py:1234,6.5,9.8,23.376,27.376,0.21,0.58
0,AllReduce,"[[1,1024],[1024,4096]]",vllm/worker/model_runner.py:1234,6.5,9.8,52.634,56.634,0.21,0.58
0,MatMulV2,"[[1,1024],[1024,4096]]",vllm/worker/model_runner.py:1234,6.5,9.8,186.765,190.765,0.21,0.58
0,FusedInferAttentionScore,"[[1,1024],[1024,4096]]",vllm/worker/model_runner.py:1234,6.5,9.8,82.411,86.411,0.21,0.58
0,RmsNorm,"[[1,1024],[1024,4096]]",vllm/worker/model_runner.py:1234,6.5,9.8,25.745,29.745,0.21,0.58
0,AllReduce,"[[1,1024],[1024,4096]]",vllm/worker/model_runner.py:1234,6.5,9.8,43.686,47.686,0.21,0.58
0,MatMulV2,"[[1,1024],[1024,4096]]",vllm/worker/model_runner.py:1234,6.5,9.8,153.897,157.897,0.21,0.58
0,FusedInferAttentionScore,"[[1,1024],[1024,4096]]",vllm/worker/model_runner.py:1234,6.5,9.8,91.424,95.424,0.21,0.58
0,RmsNorm,"[[1,1024],[1024,4096]]",vllm/worker/model_runner.py:1234,6.5,9.8,25.144,29.144,0.21,0.58
0,AllReduce,"[[1,1024],[1024,4096]]",vllm/worker/model_runner.py:1234,6.5,9.8,43.824,47.824,0.21,0.58
0,MatMulV2,"[[1,1024],[1024,4096]]",vllm/worker/model_runner.py:1234,6.5,9.8,158.244,162.244,0.21,0.58
0,FusedInferAttentionScore,"[[1,1024],[1024,4096]]",vllm/worker/model_runner.py:1234,6.5,9.8,94.609,98.609,0.21,0.58
0,RmsNorm,"[[1,1024],[1024,4096]]",vllm/worker/model_runner.py:1234,6.5,9.8,20.031,24.031,0.21,0.58
0,AllReduce,"[[1,1024],[1024,4096]]",vllm/worker/model_runner.py:1234,6.5,9.8,51.708,55.708,0.21,0.58
0,MatMulV2,"[[1,1024],[1024,4096]]",vllm/worker/model_runner.py:1234,6.5,9.8,181.277,185.277,0.21,0.58
0,FusedInferAttentionScore,"[[1,1024],[1024,4096]]",vllm/worker/model_runner.py:1234,6.5,9.8,84.732,88.732,0.21,0.58
0,RmsNorm,"[[1,1024],[1024,4096]]",vllm/worker/model_runner.py:1234,6.5,9.8,21.664,25.664,0.21,0.58
0,AllReduce,"[[1,1024],[1024,4096]]",vllm/worker/model_runner.py:1234,6.5,9.8,43.825,47.825,0.21,0.58
0,aclrtMemcpyAsync_D2H,"[[1,1024],[1024,4096]]",vllm/worker/model_runner.py:1234,6.5,9.8,180,184,0.21,0.58
0,MatMulV2,"[[1,1024],[1024,4096]]",vllm/worker/model_runner.py:1234,6.5,9.8,175.165,179.165,0.21,0.58
0,FusedInferAttentionScore,"[[1,1024],[1024,4096]]",vllm/worker/model_runner.py:1234,6.5,9.8,96.051,100.051,0.21,0.58
0,RmsNorm,"[[1,1024],[1024,4096]]",vllm/worker/model_runner.py:1234,6.5,9.8,18.368,22.368,0.21,0.58
0,AllReduce,"[[1,1024],[1024,4096]]",vllm/worker/model_runner.py:1234,6.5,9.8,44.021,48.021,0.21,0.58
0,MatMulV2,"[[1,1024],[1024,4096]]",vllm/worker/model_runner.py:1234,6.5,9.8,178.776,182.776,0.21,0.58
0,FusedInferAttentionScore,"[[1,1024],[1024,4096]]",vllm/worker/model_runner.py:1234,6.5,9.8,88.084,92.084,0.21,0.58
0,RmsNorm,"[[1,1024],[1024,4096]]",vllm/worker/model_runner.py:1234,6.5,9.8,22.852,26.852,0.21,0.58
0,AllReduce,"[[1,1024],[1024,4096]]",vllm/worker/model_runner.py:1234,6.5,9.8,43.465,47.465,0.21,0.58
0,MatMulV2,"[[1,1024],[1024,4096]]",vllm/worker/model_runner.py:1234,6.5,9.8,175.631,179.631,0.21,0.58
0,FusedInferAttentionScore,"[[1,1024],[1024,4096]]",vllm/worker/model_runner.py:1234,6.5,9.8,97.236,101.236,0.21,0.58
0,RmsNorm,"[[1,1024],[1024,4096]]",vllm/worker/model_runner.py:1234,6.5,9.8,17.946,21.946,0.21,0.58
0,AllReduce,"[[1,1024],[1024,4096]]",vllm/worker/model_runner.py:1234,6.5,9.8,49.717,53.717,0.21,0.58
0,MatMulV2,"[[1,1024],[1024,4096]]",vllm/worker/model_runner.py:1234,6.5,9.8,174.068,178.068,0.21,0.58
0,FusedInferAttentionScore,"[[1,1024],[1024,4096]]",vllm/worker/model_runner.py:1234,6.5,9.8,89.766,93.766,0.21,0.58
0,RmsNorm,"[[1,1024],[1024,4096]]",vllm/worker/model_runner.py:1234,6.5,9.8,24.653,28.653,0.21,0.58
0,AllReduce,"[[1,1024],[1024,4096]]",vllm/worker/model_runner.py:1234,6.5,9.8,45.03,49.03,0.21,0.58
0,MatMulV2,"[[1,1024],[1024,4096]]",vllm/worker/model_runner.py:1234,6.5,9.8,162.117,166.117,0.21,0.58
0,FusedInferAttentionScore,"[[1,1024],[1024,4096]]",vllm/worker/model_runner.py:1234,6.5,9.8,84.938,88.938,0.21,0.58
0,RmsNorm,"[[1,1024],[1024,4096]]",vllm/worker/model_runner.py:1234,6.5,9.8,24.354,28.354,0.21,0.58
0,AllReduce,"[[1,1024],[1024,4096]]",vllm/worker/model_runner.py:1234,6.5,9.8,52.786,56.786,0.21,0.58
0,MatMulV2,"[[1,1024],[1024,4096]]",vllm/worker/model_runner.py:1234,6.5,9.8,173.18,177.18,0.21,0.58
0,FusedInferAttentionScore,"[[1,1024],[1024,4096]]",vllm/worker/model_runner.py:1234,6.5,9.8,95.724,99.724,0.21,0.58
0,RmsNorm,"[[1,1024],[1024,4096]]",vllm/worker/model_runner.py:1234,6.5,9.8,19.481,23.481,0.21,0.58
0,AllReduce,"[[1,1024],[1024,4096]]",vllm/worker/model_runner.py:1234,6.5,9.8,50.905,54.905,0.21,0.58
0,MatMulV2,"[[1,1024],[1024,4096]]",vllm/worker/model_runner.py:1234,6.5,9.8,157.036,161.036,0.21,0.58
0,FusedInferAttentionScore,"[[1,1024],[1024,4096]]",vllm/worker/model_runner.py:1234,6.5,9.8,88.726,92.726,0.21,0.58
0,RmsNorm,"[[1,1024],[1024,4096]]",vllm/worker/model_runner.py:1234,6.5,9.8,18.307,22.307,0.21,0.58
0,AllReduce,"[[1,1024],[1024,4096]]",vllm/worker/model_runner.py:1234,6.5,9.8,52.167,56.167,0.21,0.58
0,MatMulV2,"[[1,1024],[1024,4096]]",vllm/worker/model_runner.py:1234,6.5,9.8,175.216,179.216,0.21,0.58
0,FusedInferAttentionScore,"[[1,1024],[1024,4096]]",vllm/worker/model_runner.py:1234,6.5,9.8,97.462,101.462,0.21,0.58
0,RmsNorm,"[[1,1024],[1024,4096]]",vllm/worker/model_runner.py:1234,6.5,9.8,22.074,26.074,0.21,0.58
0,AllReduce,"[[1,1024],[1024,4096]]",vllm/worker/model_runner.py:1234,6.5,9.8,49.815,53.815,0.21,0.58
0,MatMulV2,"[[1,1024],[1024,4096]]",vllm/worker/model_runner.py:1234,6.5,9.8,156.258,160.258,0.21,0.58
0,FusedInferAttentionScore,"[[1,1024],[1024,4096]]",vllm/worker/model_runner.py:1234,6.5,9.8,87.676,91.676,0.21,0.58
0,RmsNorm,"[[1,1024],[1024,4096]]",vllm/worker/model_runner.py:1234,6.5,9.8,24.512,28.512,0.21,0.58
0,AllReduce,"[[1,1024],[1024,4096]]",vllm/worker/model_runner.py:1234,6.5,9.8,47.58,51.58,0.21,0.58
0,MatMulV2,"[[1,1024],[1024,4096]]",vllm/worker/model_runner.py:1234,6.5,9.8,154.896,158.896,0.21,0.58
0,FusedInferAttentionScore,"[[1,1024],[1024,4096]]",vllm/worker/model_runner.py:1234,6.5,9.8,95.839,99.839,0.21,0.58
0,RmsNorm,"[[1,1024],[1024,4096]]",vllm/worker/model_runner.py:1234,6.5,9.8,18.369,22.369,0.21,0.58
0,AllReduce,"[[1,1024],[1024,4096]]",vllm/worker/model_runner.py:1234,6.5,9.8,50.068,54.068,0.21,0.58
0,MatMulV2,"[[1,1024],[1024,4096]]",vllm/worker/model_runner.py:1234,6.5,9.8,163.704,167.704,0.21,0.58
0,FusedInferAttentionScore,"[[1,1024],[1024,4096]]",vllm/worker/model_runner.py:1234,6.5,9.8,86.478,90.478,0.21,0.58
0,RmsNorm,"[[1,1024],[1024,4096]]",vllm/worker/model_runner.py:1234,6.5,9.8,23.412,27.412,0.21,0.58
0,AllReduce,"[[1,1024],[1024,4096]]",vllm/worker/model_runner.py:1234,6.5,9.8,45.479,49.479,0.21,0.58
0,MatMulV2,"[[1,1024],[1024,4096]]",vllm/worker/model_runner.py:1234,6.5,9.8,166.215,170.215,0.21,0.58
0,FusedInferAttentionScore,"[[1,1024],[1024,4096]]",vllm/worker/model_runner.py:1234,6.5,9.8,94.5,98.5,0.21,0.58
0,RmsNorm,"[[1,1024],[1024,4096]]",vllm/worker/model_runner.py:1234,6.5,9.8,20.511,24.511,0.21,0.58
0,AllReduce,"[[1,1024],[1024,4096]]",vllm/worker/model_runner.py:1234,6.5,9.8,43.796,47.796,0.21,0.58
0,MatMulV2,"[[1,1024],[1024,4096]]",vllm/worker/model_runner.py:1234,6.5,9.8,177.074,181.074,0.21,0.58
0,FusedInferAttentionScore,"[[1,1024],[1024,4096]]",vllm/worker/model_runner.py:1234,6.5,9.8,89.177,93.177,0.21,0.58
0,RmsNorm,"[[1,1024],[1024,4096]]",vllm/worker/model_runner.py:1234,6.5,9.8,21.873,25.873,0.21,0.58
0,AllReduce,"[[1,1024],[1024,4096]]",vllm/worker/model_runner.py:1234,6.5,9.8,43.989,47.989,0.21,0.58
0,MatMulV2,"[[1,1024],[1024,4096]]",vllm/worker/model_runner.py:1234,6.5,9.8,159.226,163.226,0.21,0.58
0,FusedInferAttentionScore,"[[1,1024],[1024,4096]]",vllm/worker/model_runner.py:1234,6.5,9.8,98.921,102.921,0.21,0.58
0,RmsNorm,"[[1,1024],[1024,4096]]",vllm/worker/model_runner.py:1234,6.5,9.8,25.626,29.626,0.21,0.58
0,AllReduce,"[[1,1024],[1024,4096]]",vllm/worker/model_runner.py:1234,6.5,9.8,46.203,50.203,0.21,0.58
0,MatMulV2,"[[1,1024],[1024,4096]]",vllm/worker/model_runner.py:1234,6.5,9.8,158.691,162.691,0.21,0.58
0,FusedInferAttentionScore,"[[1,1024],[1024,4096]]",vllm/worker/model_runner.py:1234,6.5,9.8,96.538,100.538,0.21,0.58
0,RmsNorm,"[[1,1024],[1024,4096]]",vllm/worker/model_runner.py:1234,6.5,9.8,18.832,22.832,0.21,0.58
0,AllReduce,"[[1,1024],[1024,4096]]",vllm/worker/model_runner.py:1234,6.5,9.8,44.853,48.853,0.21,0.58
0,MatMulV2,"[[1,1024],[1024,4096]]",vllm/worker/model_runner.py:1234,6.5,9.8,155.952,159.952,0.21,0.58
0,FusedInferAttentionScore,"[[1,1024],[1024,4096]]",vllm/worker/model_runner.py:1234,6.5,9.8,85.088,89.088,0.21,0.58
0,RmsNorm,"[[1,1024],[1024,4096]]",vllm/worker/model_runner.py:1234,6.5,9.8,19.133,23.133,0.21,0.58
0,AllReduce,"[[1,1024],[1024,4096]]",vllm/worker/model_runner.py:1234,6.5,9.8,46.606,50.606,0.21,0.58
0,MatMulV2,"[[1,1024],[1024,4096]]",vllm/worker/model_runner.py:1234,6.5,9.8,161.476,165.476,0.21,0.58
0,FusedInferAttentionScore,"[[1,1024],[1024,4096]]",vllm/worker/model_runner.py:1234,6.5,9.8,91.032,95.032,0.21,0.58
0,RmsNorm,"[[1,1024],[1024,4096]]",vllm/worker/model_runner.py:1234,6.5,9.8,24.286,28.286,0.21,0.58
0,AllReduce,"[[1,1024],[1024,4096]]",vllm/worker/model_runner.py:1234,6.5,9.8,44.373,48.373,0.21,0.58
0,MatMulV2,"[[1,1024],[1024,4096]]",vllm/worker/model_runner.py:1234,6.5,9.8,173.422,177.422,0.21,0.58
0,FusedInferAttentionScore,"[[1,1024],[1024,4096]]",vllm/worker/model_runner.py:1234,6.5,9.8,81.798,85.798,0.21,0.58
0,RmsNorm,"[[1,1024],[1024,4096]]",vllm/worker/model_runner.py:1234,6.5,9.8,22.617,26.617,0.21,0.58
0,AllReduce,"[[1,1024],[1024,4096]]",vllm/worker/model_runner.py:1234,6.5,9.8,44.081,48.081,0.21,0.58
0,MatMulV2,"[[1,1024],[1024,4096]]",vllm/worker/model_runner.py:1234,6.5,9.8,168.042,172.042,0.21,0.58
0,FusedInferAttentionScore,"[[1,1024],[1024,4096]]",vllm/worker/model_runner.py:1234,6.5,9.8,81.449,85.449,0.21,0.58
0,RmsNorm,"[[1,1024],[1024,4096]]",vllm/worker/model_runner.py:1234,6.5,9.8,26.035,30.035,0.21,0.58
0,AllReduce,"[[1,1024],[1024,4096]]",vllm/worker/model_runner.py:1234,6.5,9.8,51.359,55.359,0.21,0.58
0,MatMulV2,"[[1,1024],[1024,4096]]",vllm/worker/model_runner.py:1234,6.5,9.8,165.83,169.83,0.21,0.58
0,FusedInferAttentionScore,"[[1,1024],[1024,4096]]",vllm/worker/model_runner.py:1234,6.5,9.8,96.583,100.583,0.21,0.58
0,RmsNorm,"[[1,1024],[1024,4096]]",vllm/worker/model_runner.py:1234,6.5,9.8,19.042,23.042,0.21,0.58
0,AllReduce,"[[1,1024],[1024,4096]]",vllm/worker/model_runner.py:1234,6.5,9.8,52.504,56.504,0.21,0.58
0,MatMulV2,"[[1,1024],[1024,4096]]",vllm/worker/model_runner.py:1234,6.5,9.8,186.923,190.923,0.21,0.58
0,FusedInferAttentionScore,"[[1,1024],[1024,4096]]",vllm/worker/model_runner.py:1234,6.5,9.8,81.14,85.14,0.21,0.58
0,RmsNorm,"[[1,1024],[1024,4096]]",vllm/worker/model_runner.py:1234,6.5,9.8,18.574,22.574,0.21,0.58
0,AllReduce,"[[1,1024],[1024,4096]]",vllm/worker/model_runner.py:1234,6.5,9.8,45.664,49.664,0.21,0.58
0,MatMulV2,"[[1,1024],[1024,4096]]",vllm/worker/model_runner.py:1234,6.5,9.8,155.819,159.819,0.21,0.58
0,FusedInferAttentionScore,"[[1,1024],[1024,4096]]",vllm/worker/model_runner.py:1234,6.5,9.8,83.263,87.263,0.21,0.58
0,RmsNorm,"[[1,1024],[1024,4096]]",vllm/worker/model_runner.py:1234,6.5,9.8,19.319,23.319,0.21,0.58
0,AllReduce,"[[1,1024],[1024,4096]]",vllm/worker/model_runner.py:1234,6.5,9.8,46.196,50.196,0.21,0.58
0,MatMulV2,"[[1,1024],[1024,4096]]",vllm/worker/model_runner.py:1234,6.5,9.8,163.913,167.913,0.21,0.58
0,FusedInferAttentionScore,"[[1,1024],[1024,4096]]",vllm/worker/model_runner.py:1234,6.5,9.8,91.874,95.874,0.21,0.58
0,RmsNorm,"[[1,1024],[1024,4096]]",vllm/worker/model_runner.py:1234,6.5,9.8,23.735,27.735,0.21,0.58
0,AllReduce,"[[1,1024],[1024,4096]]",vllm/worker/model_runner.py:1234,6.5,9.8,50.139,54.139,0.21,0.58
0,MatMulV2,"[[1,1024],[1024,4096]]",vllm/worker/model_runner.py:1234,6.5,9.8,180.896,184.896,0.21,0.58
0,FusedInferAttentionScore,"[[1,1024],[1024,4096]]",vllm/worker/model_runner.py:1234,6.5,9.8,95.118,99.118,0.21,0.58
0,RmsNorm,"[[1,1024],[1024,4096]]",vllm/worker/model_runner.py:1234,6.5,9.8,23.824,27.824,0.21,0.58
0,AllReduce,"[[1,1024],[1024,4096]]",vllm/worker/model_runner.py:1234,6.5,9.8,47.768,51.768,0.21,0.58
0,MatMulV2,"[[1,1024],[1024,4096]]",vllm/worker/model_runner.py:1234,6.5,9.8,184.548,188.548,0.21,0.58
0,FusedInferAttentionScore,"[[1,1024],[1024,4096]]",vllm/worker/model_runner.py:1234,6.5,9.8,93.332,97.332,0.21,0.58
0,RmsNorm,"[[1,1024],[1024,4096]]",vllm/worker/model_runner.py:1234,6.5,9.8,23.88,27.88,0.21,0.58
0,AllReduce,"[[1,1024],[1024,4096]]",vllm/worker/model_runner.py:1234,6.5,9.8,47.166,51.166,0.21,0.58
0,MatMulV2,"[[1,1024],[1024,4096]]",vllm/worker/model_runner.py:1234,6.5,9.8,156.959,160.959,0.21,0.58
0,FusedInferAttentionScore,"[[1,1024],[1024,4096]]",vllm/worker/model_runner.py:1234,6.5,9.8,83.694,87.694,0.21,0.58
0,RmsNorm,"[[1,1024],[1024,4096]]",vllm/worker/model_runner.py:1234,6.5,9.8,19.665,23.665,0.21,0.58
0,AllReduce,"[[1,1024],[1024,4096]]",vllm/worker/model_runner.py:1234,6.5,9.8,50.963,54.963,0.21,0.58
0,MatMulV2,"[[1,1024],[1024,4096]]",vllm/worker/model_runner.py:1234,6.5,9.8,185.696,189.696,0.21,0.58
0,FusedInferAttentionScore,"[[1,1024],[1024,4096]]",vllm/worker/model_runner.py:1234,6.5,9.8,92.217,96.217,0.21,0.58
0,RmsNorm,"[[1,1024],[1024,4096]]",vllm/worker/model_runner.py:1234,6.5,9.8,18.841,22.841,0.21,0.58
0,AllReduce,"[[1,1024],[1024,4096]]",vllm/worker/model_runner.py:1234,6.5,9.8,47.008,51.008,0.21,0.58
0,MatMulV2,"[[1,1024],[1024,4096]]",vllm/worker/model_runner.py:1234,6.5,9.8,168.965,172.965,0.21,0.58
0,FusedInferAttentionScore,"[[1,1024],[1024,4096]]",vllm/worker/model_runner.py:1234,6.5,9.8,81.226,85.226,0.21,0.58
0,RmsNorm,"[[1,1024],[1024,4096]]",vllm/worker/model_runner.py:1234,6.5,9.8,22.498,26.498,0.21,0.58
0,AllReduce,"[[1,1024],[1024,4096]]",vllm/worker/model_runner.py:1234,6.5,9.8,47.301,51.301,0.21,0.58
0,MatMulV2,"[[1,1024],[1024,4096]]",vllm/worker/model_runner.py:1234,6.5,9.8,162.283,166.283,0.21,0.58
0,FusedInferAttentionScore,"[[1,1024],[1024,4096]]",vllm/worker/model_runner.py:1234,6.5,9.8,86.994,90.994,0.21,0.58
0,RmsNorm,"[[1,1024],[1024,4096]]",vllm/worker/model_runner.py:1234,6.5,9.8,21.816,25.816,0.21,0.58
0,AllReduce,"[[1,1024],[1024,4096]]",vllm/worker/model_runner.py:1234,6.5,9.8,48.753,52.753,0.21,0.58
0,MatMulV2,"[[1,1024],[1024,4096]]",vllm/worker/model_runner.py:1234,6.5,9.8,168.71,172.71,0.21,0.58
0,FusedInferAttentionScore,"[[1,1024],[1024,4096]]",vllm/worker/model_runner.py:1234,6.5,9.8,82.686,86.686,0.21,0.58
0,RmsNorm,"[[1,1024],[1024,4096]]",vllm/worker/model_runner.py:1234,6.5,9.8,22.097,26.097,0.21,0.58
0,AllReduce,"[[1,1024],[1024,4096]]",vllm/worker/model_runner.py:1234,6.5,9.8,50.92,54.92,0.21,0.58
0,MatMulV2,"[[1,1024],[1024,4096]]",vllm/worker/model_runner.py:1234,6.5,9.8,155.143,159.143,0.21,0.58
0,FusedInferAttentionScore,"[[1,1024],[1024,4096]]",vllm/worker/model_runner.py:1234,6.5,9.8,92.254,96.254,0.21,0.58
0,RmsNorm,"[[1,1024],[1024,4096]]",vllm/worker/model_runner.py:1234,6.5,9.8,20.608,24.608,0.21,0.58
0,AllReduce,"[[1,1024],[1024,4096]]",vllm/worker/model_runner.py:1234,6.5,9.8,47.453,51.453,0.21,0.58
0,MatMulV2,"[[1,1024],[1024,4096]]",vllm/worker/model_runner.py:1234,6.5,9.8,175.4,179.4,0.21,0.58
0,FusedInferAttentionScore,"[[1,1024],[1024,4096]]",vllm/worker/model_runner.py:1234,6.5,9.8,92.197,96.197,0.21,0.58
0,RmsNorm,"[[1,1024],[1024,4096]]",vllm/worker/model_runner.py:1234,6.5,9.8,19.288,23.288,0.21,0.58
0,AllReduce,"[[1,1024],[1024,4096]]",vllm/worker/model_runner.py:1234,6.5,9.8,47.95,51.95,0.21,0.58
0,aclrtMemcpyAsync_D2H,"[[1,1024],[1024,4096]]",vllm/worker/model_runner.py:1234,6.5,9.8,180,184,0.21,0.58
0,MatMulV2,"[[1,1024],[1024,4096]]",vllm/worker/model_runner.py:1234,6.5,9.8,157.284,161.284,0.21,0.58
0,FusedInferAttentionScore,"[[1,1024],[1024,4096]]",vllm/worker/model_runner.py:1234,6.5,9.8,82.49,86.49,0.21,0.58
0,RmsNorm,"[[1,1024],[1024,4096]]",vllm/worker/model_runner.py:1234,6.5,9.8,24.093,28.093,0.21,0.58
0,AllReduce,"[[1,1024],[1024,4096]]",vllm/worker/model_runner.py:1234,6.5,9.8,47.585,51.585,0.21,0.58
0,MatMulV2,"[[1,1024],[1024,4096]]",vllm/worker/model_runner.py:1234,6.5,9.8,162.692,166.692,0.21,0.58
0,FusedInferAttentionScore,"[[1,1024],[1024,4096]]",vllm/worker/model_runner.py:1234,6.5,9.8,82.265,86.265,0.21,0.58
0,RmsNorm,"[[1,1024],[1024,4096]]",vllm/worker/model_runner.py:1234,6.5,9.8,21.535,25.535,0.21,0.58
0,AllReduce,"[[1,1024],[1024,4096]]",vllm/worker/model_runner.py:1234,6.5,9.8,50.44,54.44,0.21,0.58
0,MatMulV2,"[[1,1024],[1024,4096]]",vllm/worker/model_runner.py:1234,6.5,9.8,161.534,165.534,0.21,0.58
0,FusedInferAttentionScore,"[[1,1024],[1024,4096]]",vllm/worker/model_runner.py:1234,6.5,9.8,83.456,87.456,0.21,0.58
0,RmsNorm,"[[1,1024],[1024,4096]]",vllm/worker/model_runner.py:1234,6.5,9.8,17.949,21.949,0.21,0.58
0,AllReduce,"[[1,1024],[1024,4096]]",vllm/worker/model_runner.py:1234,6.5,9.8,47.273,51.273,0.21,0.58
0,MatMulV2,"[[1,1024],[1024,4096]]",vllm/worker/model_runner.py:1234,6.5,9.8,173.969,177.969,0.21,0.58
0,FusedInferAttentionScore,"[[1,1024],[1024,4096]]",vllm/worker/model_runner.py:1234,6.5,9.8,89.364,93.364,0.21,0.58
0,RmsNorm,"[[1,1024],[1024,4096]]",vllm/worker/model_runner.py:1234,6.5,9.8,25.585,29.585,0.21,0.58
0,AllReduce,"[[1,1024],[1024,4096]]",vllm/worker/model_runner.py:1234,6.5,9.8,45.151,49.151,0.21,0.58
0,MatMulV2,"[[1,1024],[1024,4096]]",vllm/worker/model_runner.py:1234,6.5,9.8,174.452,178.452,0.21,0.58
0,FusedInferAttentionScore,"[[1,1024],[1024,4096]]",vllm/worker/model_runner.py:1234,6.5,9.8,83.764,87.764,0.21,0.58
0,RmsNorm,"[[1,1024],[1024,4096]]",vllm/worker/model_runner.py:1234,6.5,9.8,21.029,25.029,0.21,0.58
0,AllReduce,"[[1,1024],[1024,4096]]",vllm/worker/model_runner.py:1234,6.5,9.8,51.222,55.222,0.21,0.58
0,MatMulV2,"[[1,1024],[1024,4096]]",vllm/worker/model_runner.py:1234,6.5,9.8,172.068,176.068,0.21,0.58
0,FusedInferAttentionScore,"[[1,1024],[1024,4096]]",vllm/worker/model_runner.py:1234,6.5,9.8,88.186,92.186,0.21,0.58
0,RmsNorm,"[[1,1024],[1024,4096]]",vllm/worker/model_runner.py:1234,6.5,9.8,19.737,23.737,0.21,0.58
0,AllReduce,"[[1,1024],[1024,4096]]",vllm/worker/model_runner.py:1234,6.5,9.8,46.888,50.888,0.21,0.58
0,MatMulV2,"[[1,1024],[1024,4096]]",vllm/worker/model_runner.py:1234,6.5,9.8,172.291,176.291,0.21,0.58
0,FusedInferAttentionScore,"[[1,1024],[1024,4096]]",vllm/worker/model_runner.py:1234,6.5,9.8,96.181,100.181,0.21,0.58
0,RmsNorm,"[[1,1024],[1024,4096]]",vllm/worker/model_runner.py:1234,6.5,9.8,24.231,28.231,0.21,0.58
0,AllReduce,"[[1,1024],[1024,4096]]",vllm/worker/model_runner.py:1234,6.5,9.8,47.344,51.344,0.21,0.58
0,MatMulV2,"[[1,1024],[1024,4096]]",vllm/worker/model_runner.py:1234,6.5,9.8,175.833,179.833,0.21,0.58
0,FusedInferAttentionScore,"[[1,1024],[1024,4096]]",vllm/worker/model_runner.py:1234,6.5,9.8,91.824,95.824,0.21,0.58
0,RmsNorm,"[[1,1024],[1024,4096]]",vllm/worker/model_runner.py:1234,6.5,9.8,19.374,23.374,0.21,0.58
0,AllReduce,"[[1,1024],[1024,4096]]",vllm/worker/model_runner.py:1234,6.5,9.8,46.222,50.222,0.21,0.58
0,MatMulV2,"[[1,1024],[1024,4096]]",vllm/worker/model_runner.py:1234,6.5,9.8,174.732,178.732,0.21,0.58
0,FusedInferAttentionScore,"[[1,1024],[1024,4096]]",vllm/worker/model_runner.py:1234,6.5,9.8,94.267,98.267,0.21,0.58
0,RmsNorm,"[[1,1024],[1024,4096]]",vllm/worker/model_runner.py:1234,6.5,9.8,23.096,27.096,0.21,0.58
0,AllReduce,"[[1,1024],[1024,4096]]",vllm/worker/model_runner.py:1234,6.5,9.8,50.7,54.7,0.21,0.58
0,MatMulV2,"[[1,1024],[1024,4096]]",vllm/worker/model_runner.py:1234,6.5,9.8,182.352,186.352,0.21,0.58
0,FusedInferAttentionScore,"[[1,1024],[1024,4096]]",vllm/worker/model_runner.py:1234,6.5,9.8,84.588,88.588,0.21,0.58
0,RmsNorm,"[[1,1024],[1024,4096]]",vllm/worker/model_runner.py:1234,6.5,9.8,18.367,22.367,0.21,0.58
0,AllReduce,"[[1,1024],[1024,4096]]",vllm/worker/model_runner.py:1234,6.5,9.8,50.01,54.01,0.21,0.58
0,MatMulV2,"[[1,1024],[1024,4096]]",vllm/worker/model_runner.py:1234,6.5,9.8,172.427,176.427,0.21,0.58
0,FusedInferAttentionScore,"[[1,1024],[1024,4096]]",vllm/worker/model_runner.py:1234,6.5,9.8,89.754,93.754,0.21,0.58
0,RmsNorm,"[[1,1024],[1024,4096]]",vllm/worker/model_runner.py:1234,6.5,9.8,25.595,29.595,0.21,0.58
0,AllReduce,"[[1,1024],[1024,4096]]",vllm/worker/model_runner.py:1234,6.5,9.8,50.721,54.721,0.21,0.58
0,MatMulV2,"[[1,1024],[1024,4096]]",vllm/worker/model_runner.py:1234,6.5,9.8,184.825,188.825,0.21,0.58
0,FusedInferAttentionScore,"[[1,1024],[1024,4096]]",vllm/worker/model_runner.py:1234,6.5,9.8,90.946,94.946,0.21,0.58
0,RmsNorm,"[[1,1024],[1024,4096]]",vllm/worker/model_runner.py:1234,6.5,9.8,22.445,26.445,0.21,0.58
0,AllReduce,"[[1,1024],[1024,4096]]",vllm/worker/model_runner.py:1234,6.5,9.8,45.713,49.713,0.21,0.58
0,MatMulV2,"[[1,1024],[1024,4096]]",vllm/worker/model_runner.py:1234,6.5,9.8,184.18,188.18,0.21,0.58
0,FusedInferAttentionScore,"[[1,1024],[1024,4096]]",vllm/worker/model_runner.py:1234,6.5,9.8,94.051,98.051,0.21,0.58
0,RmsNorm,"[[1,1024],[1024,4096]]",vllm/worker/model_runner.py:1234,6.5,9.8,18.664,22.664,0.21,0.58
0,AllReduce,"[[1,1024],[1024,4096]]",vllm/worker/model_runner.py:1234,6.5,9.8,45.426,49.426,0.21,0.58
0,MatMulV2,"[[1,1024],[1024,4096]]",vllm/worker/model_runner.py:1234,6.5,9.8,184.047,188.047,0.21,0.58
0,FusedInferAttentionScore,"[[1,1024],[1024,4096]]",vllm/worker/model_runner.py:1234,6.5,9.8,92.59,96.59,0.21,0.58
0,RmsNorm,"[[1,1024],[1024,4096]]",vllm/worker/model_runner.py:1234,6.5,9.8,23.698,27.698,0.21,0.58
0,AllReduce,"[[1,1024],[1024,4096]]",vllm/worker/model_runner.py:1234,6.5,9.8,52.711,56.711,0.21,0.58
0,MatMulV2,"[[1,1024],[1024,4096]]",vllm/worker/model_runner.py:1234,6.5,9.8,171.744,175.744,0.21,0.58
0,FusedInferAttentionScore,"[[1,1024],[1024,4096]]",vllm/worker/model_runner.py:1234,6.5,9.8,89.869,93.869,0.21,0.58
0,RmsNorm,"[[1,1024],[1024,4096]]",vllm/worker/model_runner.py:1234,6.5,9.8,25.49,29.49,0.21,0.58
0,AllReduce,"[[1,1024],[1024,4096]]",vllm/worker/model_runner.py:1234,6.5,9.8,47.441,51.441,0.21,0.58
0,MatMulV2,"[[1,1024],[1024,4096]]",vllm/worker/model_runner.py:1234,6.5,9.8,159.525,163.525,0.21,0.58
0,FusedInferAttentionScore,"[[1,1024],[1024,4096]]",vllm/worker/model_runner.py:1234,6.5,9.8,81.629,85.629,0.21,0.58
0,RmsNorm,"[[1,1024],[1024,4096]]",vllm/worker/model_runner.py:1234,6.5,9.8,21.844,25.844,0.21,0.58
0,AllReduce,"[[1,1024],[1024,4096]]",vllm/worker/model_runner.py:1234,6.5,9.8,49.43,53.43,0.21,0.58
0,MatMulV2,"[[1,1024],[1024,4096]]",vllm/worker/model_runner.py:1234,6.5,9.8,186.25,190.25,0.21,0.58
0,FusedInferAttentionScore,"[[1,1024],[1024,4096]]",vllm/worker/model_runner.py:1234,6.5,9.8,84.981,88.981,0.21,0.58
0,RmsNorm,"[[1,1024],[1024,4096]]",vllm/worker/model_runner.py:1234,6.5,9.8,24.747,28.747,0.21,0.58
0,AllReduce,"[[1,1024],[1024,4096]]",vllm/worker/model_runner.py:1234,6.5,9.8,52.217,56.217,0.21,0.58
0,MatMulV2,"[[1,1024],[1024,4096]]",vllm/worker/model_runner.py:1234,6.5,9.8,170.212,174.212,0.21,0.58
0,FusedInferAttentionScore,"[[1,1024],[1024,4096]]",vllm/worker/model_runner.py:1234,6.5,9.8,87.905,91.905,0.21,0.58
0,RmsNorm,"[[1,1024],[1024,4096]]",vllm/worker/model_runner.py:1234,6.5,9.8,21.835,25.835,0.21,0.58
0,AllReduce,"[[1,1024],[1024,4096]]",vllm/worker/model_runner.py:1234,6.5,9.8,45.052,49.052,0.21,0.58
0,MatMulV2,"[[1,1024],[1024,4096]]",vllm/worker/model_runner.py:1234,6.5,9.8,168.257,172.257,0.21,0.58
0,FusedInferAttentionScore,"[[1,1024],[1024,4096]]",vllm/worker/model_runner.py:1234,6.5,9.8,86.095,90.095,0.21,0.58
0,RmsNorm,"[[1,1024],[1024,4096]]",vllm/worker/model_runner.py:1234,6.5,9.8,22.183,26.183,0.21,0.58
0,AllReduce,"[[1,1024],[1024,4096]]",vllm/worker/model_runner.py:1234,6.5,9.8,45.25,49.25,0.21,0.58
0,MatMulV2,"[[1,1024],[1024,4096]]",vllm/worker/model_runner.py:1234,6.5,9.8,176.877,180.877,0.21,0.58
0,FusedInferAttentionScore,"[[1,1024],[1024,4096]]",vllm/worker/model_runner.py:1234,6.5,9.8,90.433,94.433,0.21,0.58
0,RmsNorm,"[[1,1024],[1024,4096]]",vllm/worker/model_runner.py:1234,6.5,9.8,25.421,29.421,0.21,0.58
0,AllReduce,"[[1,1024],[1024,4096]]",vllm/worker/model_runner.py:1234,6.5,9.8,46.241,50.241,0.21,0.58
0,MatMulV2,"[[1,1024],[1024,4096]]",vllm/worker/model_runner.py:1234,6.5,9.8,183.424,187.424,0.21,0.58
0,FusedInferAttentionScore,"[[1,1024],[1024,4096]]",vllm/worker/model_runner.py:1234,6.5,9.8,82.863,86.863,0.21,0.58
0,RmsNorm,"[[1,1024],[1024,4096]]",vllm/worker/model_runner.py:1234,6.5,9.8,19.353,23.353,0.21,0.58
0,AllReduce,"[[1,1024],[1024,4096]]",vllm/worker/model_runner.py:1234,6.5,9.8,48.298,52.298,0.21,0.58
0,MatMulV2,"[[1,1024],[1024,4096]]",vllm/worker/model_runner.py:1234,6.5,9.8,164.087,168.087,0.21,0.58
0,FusedInferAttentionScore,"[[1,1024],[1024,4096]]",vllm/worker/model_runner.py:1234,6.5,9.8,82.968,86.968,0.21,0.58
0,RmsNorm,"[[1,1024],[1024,4096]]",vllm/worker/model_runner.py:1234,6.5,9.8,25.462,29.462,0.21,0.58
0,AllReduce,"[[1,1024],[1024,4096]]",vllm/worker/model_runner.py:1234,6.5,9.8,43.657,47.657,0.21,0.58
0,MatMulV2,"[[1,1024],[1024,4096]]",vllm/worker/model_runner.py:1234,6.5,9.8,175.817,179.817,0.21,0.58
0,FusedInferAttentionScore,"[[1,1024],[1024,4096]]",vllm/worker/model_runner.py:1234,6.5,9.8,96.005,100.005,0.21,0.58
0,RmsNorm,"[[1,1024],[1024,4096]]",vllm/worker/model_runner.py:1234,6.5,9.8,20.309,24.309,0.21,0.58
0,AllReduce,"[[1,1024],[1024,4096]]",vllm/worker/model_runner.py:1234,6.5,9.8,51.003,55.003,0.21,0.58
0,MatMulV2,"[[1,1024],[1024,4096]]",vllm/worker/model_runner.py:1234,6.5,9.8,153.824,157.824,0.21,0.58
0,FusedInferAttentionScore,"[[1,1024],[1024,4096]]",vllm/worker/model_runner.py:1234,6.5,9.8,95.698,99.698,0.21,0.58
0,RmsNorm,"[[1,1024],[1024,4096]]",vllm/worker/model_runner.py:1234,6.5,9.8,20.585,24.585,0.21,0.58
0,AllReduce,"[[1,1024],[1024,4096]]",vllm/worker/model_runner.py:1234,6.5,9.8,47.074,51.074,0.21,0.58
0,MatMulV2,"[[1,1024],[1024,4096]]",vllm/worker/model_runner.py:1234,6.5,9.8,156.83,160.83,0.21,0.58
0,FusedInferAttentionScore,"[[1,1024],[1024,4096]]",vllm/worker/model_runner.py:1234,6.5,9.8,91.566,95.566,0.21,0.58
0,RmsNorm,"[[1,1024],[1024,4096]]",vllm/worker/model_runner.py:1234,6.5,9.8,23.431,27.431,0.21,0.58
0,AllReduce,"[[1,1024],[1024,4096]]",vllm/worker/model_runner.py:1234,6.5,9.8,48.706,52.706,0.21,0.58
0,MatMulV2,"[[1,1024],[1024,4096]]",vllm/worker/model_runner.py:1234,6.5,9.8,178.72,182.72,0.21,0.58
0,FusedInferAttentionScore,"[[1,1024],[1024,4096]]",vllm/worker/model_runner.py:1234,6.5,9.8,83.059,87.059,0.21,0.58
0,RmsNorm,"[[1,1024],[1024,4096]]",vllm/worker/model_runner.py:1234,6.5,9.8,23.796,27.796,0.21,0.58
0,AllReduce,"[[1,1024],[1024,4096]]",vllm/worker/model_runner.py:1234,6.5,9.8,44.305,48.305,0.21,0.58
0,MatMulV2,"[[1,1024],[1024,4096]]",vllm/worker/model_runner.py:1234,6.5,9.8,183.74,187.74,0.21,0.58
0,FusedInferAttentionScore,"[[1,1024],[1024,4096]]",vllm/worker/model_runner.py:1234,6.5,9.8,85.296,89.296,0.21,0.58
0,RmsNorm,"[[1,1024],[1024,4096]]",vllm/worker/model_runner.py:1234,6.5,9.8,24.82,28.82,0.21,0.58
0,AllReduce,"[[1,1024],[1024,4096]]",vllm/worker/model_runner.py:1234,6.5,9.8,52.067,56.067,0.21,0.58
0,MatMulV2,"[[1,1024],[1024,4096]]",vllm/worker/model_runner.py:1234,6.5,9.8,180.924,184.924,0.21,0.58
0,FusedInferAttentionScore,"[[1,1024],[1024,4096]]",vllm/worker/model_runner.py:1234,6.5,9.8,91.675,95.675,0.21,0.58
0,RmsNorm,"[[1,1024],[1024,4096]]",vllm/worker/model_runner.py:1234,6.5,9.8,21.045,25.045,0.21,0.58
0,AllReduce,"[[1,1024],[1024,4096]]",vllm/worker/model_runner.py:1234,6.5,9.8,47.114,51.114,0.21,0.58
0,MatMulV2,"[[1,1024],[1024,4096]]",vllm/worker/model_runner.py:1234,6.5,9.8,161.877,165.877,0.21,0.58
0,FusedInferAttentionScore,"[[1,1024],[1024,4096]]",vllm/worker/model_runner.py:1234,6.5,9.8,95.149,99.149,0.21,0.58
0,RmsNorm,"[[1,1024],[1024,4096]]",vllm/worker/model_runner.py:1234,6.5,9.8,24.426,28.426,0.21,0.58
0,AllReduce,"[[1,1024],[1024,4096]]",vllm/worker/model_runner.py:1234,6.5,9.8,49.285,53.285,0.21,0.58
0,MatMulV2,"[[1,1024],[1024,4096]]",vllm/worker/model_runner.py:1234,6.5,9.8,176.588,180.588,0.21,0.58
0,FusedInferAttentionScore,"[[1,1024],[1024,4096]]",vllm/worker/model_runner.py:1234,6.5,9.8,96.429,100.429,0.21,0.58
0,RmsNorm,"[[1,1024],[1024,4096]]",vllm/worker/model_runner.py:1234,6.5,9.8,20.532,24.532,0.21,0.58
0,AllReduce,"[[1,1024],[1024,4096]]",vllm/worker/model_runner.py:1234,6.5,9.8,51.338,55.338,0.21,0.58
0,MatMulV2,"[[1,1024],[1024,4096]]",vllm/worker/model_runner.py:1234,6.5,9.8,184.429,188.429,0.21,0.58
0,FusedInferAttentionScore,"[[1,1024],[1024,4096]]",vllm/worker/model_runner.py:1234,6.5,9.8,85.919,89.919,0.21,0.58
0,RmsNorm,"[[1,1024],[1024,4096]]",vllm/worker/model_runner.py:1234,6.5,9.8,26.138,30.138,0.21,0.58
0,AllReduce,"[[1,1024],[1024,4096]]",vllm/worker/model_runner.py:1234,6.5,9.8,45.714,49.714,0.21,0.58
0,MatMulV2,"[[1,1024],[1024,4096]]",vllm/worker/model_runner.py:1234,6.5,9.8,186.956,190.956,0.21,0.58
0,FusedInferAttentionScore,"[[1,1024],[1024,4096]]",vllm/worker/model_runner.py:1234,6.5,9.8,93.6,97.6,0.21,0.58
0,RmsNorm,"[[1,1024],[1024,4096]]",vllm/worker/model_runner.py:1234,6.5,9.8,21.097,25.097,0.21,0.58
0,AllReduce,"[[1,1024],[1024,4096]]",vllm/worker/model_runner.py:1234,6.5,9.8,46.269,50.269,0.21,0.58
0,aclrtMemcpyAsync_D2H,"[[1,1024],[1024,4096]]",vllm/worker/model_runner.py:1234,6.5,9.8,180,184,0.21,0.58
0,MatMulV2,"[[1,1024],[1024,4096]]",vllm/worker/model_runner.py:1234,6.5,9.8,164.706,168.706,0.21,0.58
0,FusedInferAttentionScore,"[[1,1024],[1024,4096]]",vllm/worker/model_runner.py:1234,6.5,9.8,92.696,96.696,0.21,0.58
0,RmsNorm,"[[1,1024],[1024,4096]]",vllm/worker/model_runner.py:1234,6.5,9.8,22.925,26.925,0.21,0.58
0,AllReduce,"[[1,1024],[1024,4096]]",vllm/worker/model_runner.py:1234,6.5,9.8,43.759,47.759,0.21,0.58
0,MatMulV2,"[[1,1024],[1024,4096]]",vllm/worker/model_runner.py:1234,6.5,9.8,182.5,186.5,0.21,0.58
0,FusedInferAttentionScore,"[[1,1024],[1024,4096]]",vllm/worker/model_runner.py:1234,6.5,9.8,95.759,99.759,0.21,0.58
0,RmsNorm,"[[1,1024],[1024,4096]]",vllm/worker/model_runner.py:1234,6.5,9.8,24.975,28.975,0.21,0.58
0,AllReduce,"[[1,1024],[1024,4096]]",vllm/worker/model_runner.py:1234,6.5,9.8,48.207,52.207,0.21,0.58
0,MatMulV2,"[[1,1024],[1024,4096]]",vllm/worker/model_runner.py:1234,6.5,9.8,155.69,159.69,0.21,0.58
0,FusedInferAttentionScore,"[[1,1024],[1024,4096]]",vllm/worker/model_runner.py:1234,6.5,9.8,96.572,100.572,0.21,0.58
0,RmsNorm,"[[1,1024],[1024,4096]]",vllm/worker/model_runner.py:1234,6.5,9.8,23.505,27.505,0.21,0.58
0,AllReduce,"[[1,1024],[1024,4096]]",vllm/worker/model_runner.py:1234,6.5,9.8,48.831,52.831,0.21,0.58
0,MatMulV2,"[[1,1024],[1024,4096]]",vllm/worker/model_runner.py:1234,6.5,9.8,185.559,189.559,0.21,0.58
0,FusedInferAttentionScore,"[[1,1024],[1024,4096]]",vllm/worker/model_runner.py:1234,6.5,9.8,82.918,86.918,0.21,0.58
0,RmsNorm,"[[1,1024],[1024,4096]]",vllm/worker/model_runner.py:1234,6.5,9.8,24.946,28.946,0.21,0.58
0,AllReduce,"[[1,1024],[1024,4096]]",vllm/worker/model_runner.py:1234,6.5,9.8,48.302,52.302,0.21,0.58
0,MatMulV2,"[[1,1024],[1024,4096]]",vllm/worker/model_runner.py:1234,6.5,9.8,171.683,175.683,0.21,0.58
0,FusedInferAttentionScore,"[[1,1024],[1024,4096]]",vllm/worker/model_runner.py:1234,6.5,9.8,95.165,99.165,0.21,0.58
0,RmsNorm,"[[1,1024],[1024,4096]]",vllm/worker/model_runner.py:1234,6.5,9.8,23.093,27.093,0.21,0.58
0,AllReduce,"[[1,1024],[1024,4096]]",vllm/worker/model_runner.py:1234,6.5,9.8,48.565,52.565,0.21,0.58
0,MatMulV2,"[[1,1024],[1024,4096]]",vllm/worker/model_runner.py:1234,6.5,9.8,173.786,177.786,0.21,0.58
0,FusedInferAttentionScore,"[[1,1024],[1024,4096]]",vllm/worker/model_runner.py:1234,6.5,9.8,88.143,92.143,0.21,0.58
0,RmsNorm,"[[1,1024],[1024,4096]]",vllm/worker/model_runner.py:1234,6.5,9.8,24.048,28.048,0.21,0.58
0,AllReduce,"[[1,1024],[1024,4096]]",vllm/worker/model_runner.py:1234,6.5,9.8,46.721,50.721,0.21,0.58
0,MatMulV2,"[[1,1024],[1024,4096]]",vllm/worker/model_runner.py:1234,6.5,9.8,165.755,169.755,0.21,0.58
0,FusedInferAttentionScore,"[[1,1024],[1024,4096]]",vllm/worker/model_runner.py:1234,6.5,9.8,82.578,86.578,0.21,0.58
0,RmsNorm,"[[1,1024],[1024,4096]]",vllm/worker/model_runner.py:1234,6.5,9.8,23.916,27.916,0.21,0.58
0,AllReduce,"[[1,1024],[1024,4096]]",vllm/worker/model_runner.py:1234,6.5,9.8,47.112,51.112,0.21,0.58
0,MatMulV2,"[[1,1024],[1024,4096]]",vllm/worker/model_runner.py:1234,6.5,9.8,178.947,182.947,0.21,0.58
0,FusedInferAttentionScore,"[[1,1024],[1024,4096]]",vllm/worker/model_runner.py:1234,6.5,9.8,88.876,92.876,0.21,0.58
0,RmsNorm,"[[1,1024],[1024,4096]]",vllm/worker/model_runner.py:1234,6.5,9.8,22.417,26.417,0.21,0.58
0,AllReduce,"[[1,1024],[1024,4096]]",vllm/worker/model_runner.py:1234,6.5,9.8,50.176,54.176,0.21,0.58
0,MatMulV2,"[[1,1024],[1024,4096]]",vllm/worker/model_runner.py:1234,6.5,9.8,174.475,178.475,0.21,0.58
0,FusedInferAttentionScore,"[[1,1024],[1024,4096]]",vllm/worker/model_runner.py:1234,6.5,9.8,82.53,86.53,0.21,0.58
0,RmsNorm,"[[1,1024],[1024,4096]]",vllm/worker/model_runner.py:1234,6.5,9.8,25.827,29.827,0.21,0.58
0,AllReduce,"[[1,1024],[1024,4096]]",vllm/worker/model_runner.py:1234,6.5,9.8,48.199,52.199,0.21,0.58
0,MatMulV2,"[[1,1024],[1024,4096]]",vllm/worker/model_runner.py:1234,6.5,9.8,182.6,186.6,0.21,0.58
0,FusedInferAttentionScore,"[[1,1024],[1024,4096]]",vllm/worker/model_runner.py:1234,6.5,9.8,98.938,102.938,0.21,0.58
0,RmsNorm,"[[1,1024],[1024,4096]]",vllm/worker/model_runner.py:1234,6.5,9.8,21.221,25.221,0.21,0.58
0,AllReduce,"[[1,1024],[1024,4096]]",vllm/worker/model_runner.py:1234,6.5,9.8,50.94,54.94,0.21,0.58
0,MatMulV2,"[[1,1024],[1024,4096]]",vllm/worker/model_runner.py:1234,6.5,9.8,167.903,171.903,0.21,0.58
0,FusedInferAttentionScore,"[[1,1024],[1024,4096]]",vllm/worker/model_runner.py:1234,6.5,9.8,87.912,91.912,0.21,0.58
0,RmsNorm,"[[1,1024],[1024,4096]]",vllm/worker/model_runner.py:1234,6.5,9.8,20.609,24.609,0.21,0.58
0,AllReduce,"[[1,1024],[1024,4096]]",vllm/worker/model_runner.py:1234,6.5,9.8,51.252,55.252,0.21,0.58
0,MatMulV2,"[[1,1024],[1024,4096]]",vllm/worker/model_runner.py:1234,6.5,9.8,175.393,179.393,0.21,0.58
0,FusedInferAttentionScore,"[[1,1024],[1024,4096]]",vllm/worker/model_runner.py:1234,6.5,9.8,90.656,94.656,0.21,0.58
0,RmsNorm,"[[1,1024],[1024,4096]]",vllm/worker/model_runner.py:1234,6.5,9.8,20.55,24.55,0.21,0.58
0,AllReduce,"[[1,1024],[1024,4096]]",vllm/worker/model_runner.py:1234,6.5,9.8,44.871,48.871,0.21,0.58
0,MatMulV2,"[[1,1024],[1024,4096]]",vllm/worker/model_runner.py:1234,6.5,9.8,165.197,169.197,0.21,0.58
0,FusedInferAttentionScore,"[[1,1024],[1024,4096]]",vllm/worker/model_runner.py:1234,6.5,9.8,82.491,86.491,0.21,0.58
0,RmsNorm,"[[1,1024],[1024,4096]]",vllm/worker/model_runner.py:1234,6.5,9.8,24.241,28.241,0.21,0.58
0,AllReduce,"[[1,1024],[1024,4096]]",vllm/worker/model_runner.py:1234,6.5,9.8,48.113,52.113,0.21,0.58
0,MatMulV2,"[[1,1024],[1024,4096]]",vllm/worker/model_runner.py:1234,6.5,9.8,175.993,179.993,0.21,0.58
0,FusedInferAttentionScore,"[[1,1024],[1024,4096]]",vllm/worker/model_runner.py:1234,6.5,9.8,89.122,93.122,0.21,0.58
0,RmsNorm,"[[1,1024],[1024,4096]]",vllm/worker/model_runner.py:1234,6.5,9.8,20.05,24.05,0.21,0.58
0,AllReduce,"[[1,1024],[1024,4096]]",vllm/worker/model_runner.py:1234,6.5,9.8,50.025,54.025,0.21,0.58
0,MatMulV2,"[[1,1024],[1024,4096]]",vllm/worker/model_runner.py:1234,6.5,9.8,173.855,177.855,0.21,0.58
0,FusedInferAttentionScore,"[[1,1024],[1024,4096]]",vllm/worker/model_runner.py:1234,6.5,9.8,90.714,94.714,0.21,0.58
0,RmsNorm,"[[1,1024],[1024,4096]]",vllm/worker/model_runner.py:1234,6.5,9.8,23.905,27.905,0.21,0.58
0,AllReduce,"[[1,1024],[1024,4096]]",vllm/worker/model_runner.py:1234,6.5,9.8,49.157,53.157,0.21,0.58
0,MatMulV2,"[[1,1024],[1024,4096]]",vllm/worker/model_runner.py:1234,6.5,9.8,175.635,179.635,0.21,0.58
0,FusedInferAttentionScore,"[[1,1024],[1024,4096]]",vllm/worker/model_runner.py:1234,6.5,9.8,96.565,100.565,0.21,0.58
0,RmsNorm,"[[1,1024],[1024,4096]]",vllm/worker/model_runner.py:1234,6.5,9.8,22.306,26.306,0.21,0.58
0,AllReduce,"[[1,1024],[1024,4096]]",vllm/worker/model_runner.py:1234,6.5,9.8,49.078,53.078,0.21,0.58
0,MatMulV2,"[[1,1024],[1024,4096]]",vllm/worker/model_runner.py:1234,6.5,9.8,156.578,160.578,0.21,0.58
0,FusedInferAttentionScore,"[[1,1024],[1024,4096]]",vllm/worker/model_runner.py:1234,6.5,9.8,93.658,97.658,0.21,0.58
0,RmsNorm,"[[1,1024],[1024,4096]]",vllm/worker/model_runner.py:1234,6.5,9.8,24.552,28.552,0.21,0.58
0,AllReduce,"[[1,1024],[1024,4096]]",vllm/worker/model_runner.py:1234,6.5,9.8,52.416,56.416,0.21,0.58
0,MatMulV2,"[[1,1024],[1024,4096]]",vllm/worker/model_runner.py:1234,6.5,9.8,178.295,182.295,0.21,0.58
0,FusedInferAttentionScore,"[[1,1024],[1024,4096]]",vllm/worker/model_runner.py:1234,6.5,9.8,98.863,102.863,0.21,0.58
0,RmsNorm,"[[1,1024],[1024,4096]]",vllm/worker/model_runner.py:1234,6.5,9.8,21.383,25.383,0.21,0.58
0,AllReduce,"[[1,1024],[1024,4096]]",vllm/worker/model_runner.py:1234,6.5,9.8,47.545,51.545,0.21,0.58
0,MatMulV2,"[[1,1024],[1024,4096]]",vllm/worker/model_runner.py:1234,6.5,9.8,161.76,165.76,0.21,0.58
0,FusedInferAttentionScore,"[[1,1024],[1024,4096]]",vllm/worker/model_runner.py:1234,6.5,9.8,81.093,85.093,0.21,0.58
0,RmsNorm,"[[1,1024],[1024,4096]]",vllm/worker/model_runner.py:1234,6.5,9.8,19.007,23.007,0.21,0.58
0,AllReduce,"[[1,1024],[1024,4096]]",vllm/worker/model_runner.py:1234,6.5,9.8,51.692,55.692,0.21,0.58
0,MatMulV2,"[[1,1024],[1024,4096]]",vllm/worker/model_runner.py:1234,6.5,9.8,166.497,170.497,0.21,0.58
0,FusedInferAttentionScore,"[[1,1024],[1024,4096]]",vllm/worker/model_runner.py:1234,6.5,9.8,82.164,86.164,0.21,0.58
0,RmsNorm,"[[1,1024],[1024,4096]]",vllm/worker/model_runner.py:1234,6.5,9.8,20.51,24.51,0.21,0.58
0,AllReduce,"[[1,1024],[1024,4096]]",vllm/worker/model_runner.py:1234,6.5,9.8,46.197,50.197,0.21,0.58
0,MatMulV2,"[[1,1024],[1024,4096]]",vllm/worker/model_runner.py:1234,6.5,9.8,175.597,179.597,0.21,0.58
0,FusedInferAttentionScore,"[[1,1024],[1024,4096]]",vllm/worker/model_runner.py:1234,6.5,9.8,95.674,99.674,0.21,0.58
0,RmsNorm,"[[1,1024],[1024,4096]]",vllm/worker/model_runner.py:1234,6.5,9.8,22.434,26.434,0.21,0.58
0,AllReduce,"[[1,1024],[1024,4096]]",vllm/worker/model_runner.py:1234,6.5,9.8,45.28,49.28,0.21,0.58
0,MatMulV2,"[[1,1024],[1024,4096]]",vllm/worker/model_runner.py:1234,6.5,9.8,162.733,166.733,0.21,0.58
0,FusedInferAttentionScore,"[[1,1024],[1024,4096]]",vllm/worker/model_runner.py:1234,6.5,9.8,95.646,99.646,0.21,0.58
0,RmsNorm,"[[1,1024],[1024,4096]]",vllm/worker/model_runner.py:1234,6.5,9.8,26.113,30.113,0.21,0.58
0,AllReduce,"[[1,1024],[1024,4096]]",vllm/worker/model_runner.py:1234,6.5,9.8,52.479,56.479,0.21,0.58
0,MatMulV2,"[[1,1024],[1024,4096]]",vllm/worker/model_runner.py:1234,6.5,9.8,171.827,175.827,0.21,0.58
0,FusedInferAttentionScore,"[[1,1024],[1024,4096]]",vllm/worker/model_runner.py:1234,6.5,9.8,89.256,93.256,0.21,0.58
0,RmsNorm,"[[1,1024],[1024,4096]]",vllm/worker/model_runner.py:1234,6.5,9.8,21.547,25.547,0.21,0.58
0,AllReduce,"[[1,1024],[1024,4096]]",vllm/worker/model_runner.py:1234,6.5,9.8,45.284,49.284,0.21,0.58
0,MatMulV2,"[[1,1024],[1024,4096]]",vllm/worker/model_runner.py:1234,6.5,9.8,182.518,186.518,0.21,0.58
0,FusedInferAttentionScore,"[[1,1024],[1024,4096]]",vllm/worker/model_runner.py:1234,6.5,9.8,90.39,94.39,0.21,0.58
0,RmsNorm,"[[1,1024],[1024,4096]]",vllm/worker/model_runner.py:1234,6.5,9.8,18.207,22.207,0.21,0.58
0,AllReduce,"[[1,1024],[1024,4096]]",vllm/worker/model_runner.py:1234,6.5,9.8,44.535,48.535,0.21,0.58
0,MatMulV2,"[[1,1024],[1024,4096]]",vllm/worker/model_runner.py:1234,6.5,9.8,155.097,159.097,0.21,0.58
0,FusedInferAttentionScore,"[[1,1024],[1024,4096]]",vllm/worker/model_runner.py:1234,6.5,9.8,95.339,99.339,0.21,0.58
0,RmsNorm,"[[1,1024],[1024,4096]]",vllm/worker/model_runner.py:1234,6.5,9.8,23.367,27.367,0.21,0.58
0,AllReduce,"[[1,1024],[1024,4096]]",vllm/worker/model_runner.py:1234,6.5,9.8,49.135,53.135,0.21,0.58
0,MatMulV2,"[[1,1024],[1024,4096]]",vllm/worker/model_runner.py:1234,6.5,9.8,181.061,185.061,0.21,0.58
0,FusedInferAttentionScore,"[[1,1024],[1024,4096]]",vllm/worker/model_runner.py:1234,6.5,9.8,92.391,96.391,0.21,0.58
0,RmsNorm,"[[1,1024],[1024,4096]]",vllm/worker/model_runner.py:1234,6.5,9.8,20.326,24.326,0.21,0.58
0,AllReduce,"[[1,1024],[1024,4096]]",vllm/worker/model_runner.py:1234,6.5,9.8,51.016,55.016,0.21,0.58
0,MatMulV2,"[[1,1024],[1024,4096]]",vllm/worker/model_runner.py:1234,6.5,9.8,163.944,167.944,0.21,0.58
0,FusedInferAttentionScore,"[[1,1024],[1024,4096]]",vllm/worker/model_runner.py:1234,6.5,9.8,87.63,91.63,0.21,0.58
0,RmsNorm,"[[1,1024],[1024,4096]]",vllm/worker/model_runner.py:1234,6.5,9.8,18.738,22.738,0.21,0.58
0,AllReduce,"[[1,1024],[1024,4096]]",vllm/worker/model_runner.py:1234,6.5,9.8,50.115,54.115,0.21,0.58
0,MatMulV2,"[[1,1024],[1024,4096]]",vllm/worker/model_runner.py:1234,6.5,9.8,163.573,167.573,0.21,0.58
0,FusedInferAttentionScore,"[[1,1024],[1024,4096]]",vllm/worker/model_runner.py:1234,6.5,9.8,97.682,101.682,0.21,0.58
0,RmsNorm,"[[1,1024],[1024,4096]]",vllm/worker/model_runner.py:1234,6.5,9.8,22.612,26.612,0.21,0.58
0,AllReduce,"[[1,1024],[1024,4096]]",vllm/worker/model_runner.py:1234,6.5,9.8,49.11,53.11,0.21,0.58
0,MatMulV2,"[[1,1024],[1024,4096]]",vllm/worker/model_runner.py:1234,6.5,9.8,165.417,169.417,0.21,0.58
0,FusedInferAttentionScore,"[[1,1024],[1024,4096]]",vllm/worker/model_runner.py:1234,6.5,9.8,82.737,86.737,0.21,0.58
0,RmsNorm,"[[1,1024],[1024,4096]]",vllm/worker/model_runner.py:1234,6.5,9.8,18.985,22.985,0.21,0.58
0,AllReduce,"[[1,1024],[1024,4096]]",vllm/worker/model_runner.py:1234,6.5,9.8,48.47,52.47,0.21,0.58
0,MatMulV2,"[[1,1024],[1024,4096]]",vllm/worker/model_runner.py:1234,6.5,9.8,153.184,157.184,0.21,0.58
0,FusedInferAttentionScore,"[[1,1024],[1024,4096]]",vllm/worker/model_runner.py:1234,6.5,9.8,85.587,89.587,0.21,0.58
0,RmsNorm,"[[1,1024],[1024,4096]]",vllm/worker/model_runner.py:1234,6.5,9.8,22.05,26.05,0.21,0.58
0,AllReduce,"[[1,1024],[1024,4096]]",vllm/worker/model_runner.py:1234,6.5,9.8,45.554,49.554,0.21,0.58
0,MatMulV2,"[[1,1024],[1024,4096]]",vllm/worker/model_runner.py:1234,6.5,9.8,181.308,185.308,0.21,0.58
0,FusedInferAttentionScore,"[[1,1024],[1024,4096]]",vllm/worker/model_runner.py:1234,6.5,9.8,90.986,94.986,0.21,0.58
0,RmsNorm,"[[1,1024],[1024,4096]]",vllm/worker/model_runner.py:1234,6.5,9.8,24.924,28.924,0.21,0.58
0,AllReduce,"[[1,1024],[1024,4096]]",vllm/worker/model_runner.py:1234,6.5,9.8,43.931,47.931,0.21,0.58
0,MatMulV2,"[[1,1024],[1024,4096]]",vllm/worker/model_runner.py:1234,6.5,9.8,183.623,187.623,0.21,0.58
0,FusedInferAttentionScore,"[[1,1024],[1024,4096]]",vllm/worker/model_runner.py:1234,6.5,9.8,93.171,97.171,0.21,0.58
0,RmsNorm,"[[1,1024],[1024,4096]]",vllm/worker/model_runner.py:1234,6.5,9.8,25.943,29.943,0.21,0.58
0,AllReduce,"[[1,1024],[1024,4096]]",vllm/worker/model_runner.py:1234,6.5,9.8,46.749,50.749,0.21,0.58
0,aclrtMemcpyAsync_D2H,"[[1,1024],[1024,4096]]",vllm/worker/model_runner.py:1234,6.5,9.8,180,184,0.21,0.58
0,MatMulV2,"[[1,1024],[1024,4096]]",vllm/worker/model_runner.py:1234,6.5,9.8,179.202,183.202,0.21,0.58
0,FusedInferAttentionScore,"[[1,1024],[1024,4096]]",vllm/worker/model_runner.py:1234,6.5,9.8,87.15,91.15,0.21,0.58
0,RmsNorm,"[[1,1024],[1024,4096]]",vllm/worker/model_runner.py:1234,6.5,9.8,17.674,21.674,0.21,0.58
0,AllReduce,"[[1,1024],[1024,4096]]",vllm/worker/model_runner.py:1234,6.5,9.8,43.238,47.238,0.21,0.58
0,MatMulV2,"[[1,1024],[1024,4096]]",vllm/worker/model_runner.py:1234,6.5,9.8,183.305,187.305,0.21,0.58
0,FusedInferAttentionScore,"[[1,1024],[1024,4096]]",vllm/worker/model_runner.py:1234,6.5,9.8,87.332,91.332,0.21,0.58
0,RmsNorm,"[[1,1024],[1024,4096]]",vllm/worker/model_runner.py:1234,6.5,9.8,23.138,27.138,0.21,0.58
0,AllReduce,"[[1,1024],[1024,4096]]",vllm/worker/model_runner.py:1234,6.5,9.8,49.143,53.143,0.21,0.58
0,MatMulV2,"[[1,1024],[1024,4096]]",vllm/worker/model_runner.py:1234,6.5,9.8,157.935,161.935,0.21,0.58
0,FusedInferAttentionScore,"[[1,1024],[1024,4096]]",vllm/worker/model_runner.py:1234,6.5,9.8,98.848,102.848,0.21,0.58
0,RmsNorm,"[[1,1024],[1024,4096]]",vllm/worker/model_runner.py:1234,6.5,9.8,19.002,23.002,0.21,0.58
0,AllReduce,"[[1,1024],[1024,4096]]",vllm/worker/model_runner.py:1234,6.5,9.8,51.931,55.931,0.21,0.58
0,MatMulV2,"[[1,1024],[1024,4096]]",vllm/worker/model_runner.py:1234,6.5,9.8,161.83,165.83,0.21,0.58
0,FusedInferAttentionScore,"[[1,1024],[1024,4096]]",vllm/worker/model_runner.py:1234,6.5,9.8,83.405,87.405,0.21,0.58
0,RmsNorm,"[[1,1024],[1024,4096]]",vllm/worker/model_runner.py:1234,6.5,9.8,20.933,24.933,0.21,0.58
0,AllReduce,"[[1,1024],[1024,4096]]",vllm/worker/model_runner.py:1234,6.5,9.8,48.161,52.161,0.21,0.58
0,MatMulV2,"[[1,1024],[1024,4096]]",vllm/worker/model_runner.py:1234,6.5,9.8,174.077,178.077,0.21,0.58
0,FusedInferAttentionScore,"[[1,1024],[1024,4096]]",vllm/worker/model_runner.py:1234,6.5,9.8,92.494,96.494,0.21,0.58
0,RmsNorm,"[[1,1024],[1024,4096]]",vllm/worker/model_runner.py:1234,6.5,9.8,23.561,27.561,0.21,0.58
0,AllReduce,"[[1,1024],[1024,4096]]",vllm/worker/model_runner.py:1234,6.5,9.8,52.18,56.18,0.21,0.58
0,MatMulV2,"[[1,1024],[1024,4096]]",vllm/worker/model_runner.py:1234,6.5,9.8,178.599,182.599,0.21,0.58
0,FusedInferAttentionScore,"[[1,1024],[1024,4096]]",vllm/worker/model_runner.py:1234,6.5,9.8,81.053,85.053,0.21,0.58
0,RmsNorm,"[[1,1024],[1024,4096]]",vllm/worker/model_runner.py:1234,6.5,9.8,25.91,29.91,0.21,0.58
0,AllReduce,"[[1,1024],[1024,4096]]",vllm/worker/model_runner.py:1234,6.5,9.8,44.849,48.849,0.21,0.58
0,MatMulV2,"[[1,1024],[1024,4096]]",vllm/worker/model_runner.py:1234,6.5,9.8,157.3,161.3,0.21,0.58
0,FusedInferAttentionScore,"[[1,1024],[1024,4096]]",vllm/worker/model_runner.py:1234,6.5,9.8,91.482,95.482,0.21,0.58
0,RmsNorm,"[[1,1024],[1024,4096]]",vllm/worker/model_runner.py:1234,6.5,9.8,21.431,25.431,0.21,0.58
0,AllReduce,"[[1,1024],[1024,4096]]",vllm/worker/model_runner.py:1234,6.5,9.8,49.085,53.085,0.21,0.58
0,MatMulV2,"[[1,1024],[1024,4096]]",vllm/worker/model_runner.py:1234,6.5,9.8,158.147,162.147,0.21,0.58
0,FusedInferAttentionScore,"[[1,1024],[1024,4096]]",vllm/worker/model_runner.py:1234,6.5,9.8,98.411,102.411,0.21,0.58
0,RmsNorm,"[[1,1024],[1024,4096]]",vllm/worker/model_runner.py:1234,6.5,9.8,18.771,22.771,0.21,0.58
0,AllReduce,"[[1,1024],[1024,4096]]",vllm/worker/model_runner.py:1234,6.5,9.8,50.935,54.935,0.21,0.58
0,MatMulV2,"[[1,1024],[1024,4096]]",vllm/worker/model_runner.py:1234,6.5,9.8,170.984,174.984,0.21,0.58
0,FusedInferAttentionScore,"[[1,1024],[1024,4096]]",vllm/worker/model_runner.py:1234,6.5,9.8,87.144,91.144,0.21,0.58
0,RmsNorm,"[[1,1024],[1024,4096]]",vllm/worker/model_runner.py:1234,6.5,9.8,20.824,24.824,0.21,0.58
0,AllReduce,"[[1,1024],[1024,4096]]",vllm/worker/model_runner.py:1234,6.5,9.8,44.151,48.151,0.21,0.58
0,MatMulV2,"[[1,1024],[1024,4096]]",vllm/worker/model_runner.py:1234,6.5,9.8,164.33,168.33,0.21,0.58
0,FusedInferAttentionScore,"[[1,1024],[1024,4096]]",vllm/worker/model_runner.py:1234,6.5,9.8,97.166,101.166,0.21,0.58
0,RmsNorm,"[[1,1024],[1024,4096]]",vllm/worker/model_runner.py:1234,6.5,9.8,23.794,27.794,0.21,0.58
0,AllReduce,"[[1,1024],[1024,4096]]",vllm/worker/model_runner.py:1234,6.5,9.8,46.619,50.619,0.21,0.58
0,MatMulV2,"[[1,1024],[1024,4096]]",vllm/worker/model_runner.py:1234,6.5,9.8,168.976,172.976,0.21,0.58
0,FusedInferAttentionScore,"[[1,1024],[1024,4096]]",vllm/worker/model_runner.py:1234,6.5,9.8,92.639,96.639,0.21,0.58
0,RmsNorm,"[[1,1024],[1024,4096]]",vllm/worker/model_runner.py:1234,6.5,9.8,21.01,25.01,0.21,0.58
0,AllReduce,"[[1,1024],[1024,4096]]",vllm/worker/model_runner.py:1234,6.5,9.8,44.976,48.976,0.21,0.58
0,MatMulV2,"[[1,1024],[1024,4096]]",vllm/worker/model_runner.py:1234,6.5,9.8,166.641,170.641,0.21,0.58
0,FusedInferAttentionScore,"[[1,1024],[1024,4096]]",vllm/worker/model_runner.py:1234,6.5,9.8,84.268,88.268,0.21,0.58
0,RmsNorm,"[[1,1024],[1024,4096]]",vllm/worker/model_runner.py:1234,6.5,9.8,24.835,28.835,0.21,0.58
0,AllReduce,"[[1,1024],[1024,4096]]",vllm/worker/model_runner.py:1234,6.5,9.8,46.974,50.974,0.21,0.58
0,MatMulV2,"[[1,1024],[1024,4096]]",vllm/worker/model_runner.py:1234,6.5,9.8,162.468,166.468,0.21,0.58
0,FusedInferAttentionScore,"[[1,1024],[1024,4096]]",vllm/worker/model_runner.py:1234,6.5,9.8,85.474,89.474,0.21,0.58
0,RmsNorm,"[[1,1024],[1024,4096]]",vllm/worker/model_runner.py:1234,6.5,9.8,25.397,29.397,0.21,0.58
0,AllReduce,"[[1,1024],[1024,4096]]",vllm/worker/model_runner.py:1234,6.5,9.8,49.15,53.15,0.21,0.58
0,MatMulV2,"[[1,1024],[1024,4096]]",vllm/worker/model_runner.py:1234,6.5,9.8,182.656,186.656,0.21,0.58
0,FusedInferAttentionScore,"[[1,1024],[1024,4096]]",vllm/worker/model_runner.py:1234,6.5,9.8,84.255,88.255,0.21,0.58
0,RmsNorm,"[[1,1024],[1024,4096]]",vllm/worker/model_runner.py:1234,6.5,9.8,18.288,22.288,0.21,0.58
0,AllReduce,"[[1,1024],[1024,4096]]",vllm/worker/model_runner.py:1234,6.5,9.8,46.532,50.532,0.21,0.58
0,MatMulV2,"[[1,1024],[1024,4096]]",vllm/worker/model_runner.py:1234,6.5,9.8,184.997,188.997,0.21,0.58
0,FusedInferAttentionScore,"[[1,1024],[1024,4096]]",vllm/worker/model_runner.py:1234,6.5,9.8,90.651,94.651,0.21,0.58
0,RmsNorm,"[[1,1024],[1024,4096]]",vllm/worker/model_runner.py:1234,6.5,9.8,24.362,28.362,0.21,0.58
0,AllReduce,"[[1,1024],[1024,4096]]",vllm/worker/model_runner.py:1234,6.5,9.8,50.349,54.349,0.21,0.58
0,MatMulV2,"[[1,1024],[1024,4096]]",vllm/worker/model_runner.py:1234,6.5,9.8,184.597,188.597,0.21,0.58
0,FusedInferAttentionScore,"[[1,1024],[1024,4096]]",vllm/worker/model_runner.py:1234,6.5,9.8,90.219,94.219,0.21,0.58
0,RmsNorm,"[[1,1024],[1024,4096]]",vllm/worker/model_runner.py:1234,6.5,9.8,18.182,22.182,0.21,0.58
0,AllReduce,"[[1,1024],[1024,4096]]",vllm/worker/model_runner.py:1234,6.5,9.8,43.683,47.683,0.21,0.58
0,MatMulV2,"[[1,1024],[1024,4096]]",vllm/worker/model_runner.py:1234,6.5,9.8,157.578,161.578,0.21,0.58
0,FusedInferAttentionScore,"[[1,1024],[1024,4096]]",vllm/worker/model_runner.py:1234,6.5,9.8,98.431,102.431,0.21,0.58
0,RmsNorm,"[[1,1024],[1024,4096]]",vllm/worker/model_runner.py:1234,6.5,9.8,18.23,22.23,0.21,0.58
0,AllReduce,"[[1,1024],[1024,4096]]",vllm/worker/model_runner.py:1234,6.5,9.8,47.423,51.423,0.21,0.58
0,MatMulV2,"[[1,1024],[1024,4096]]",vllm/worker/model_runner.py:1234,6.5,9.8,178.023,182.023,0.21,0.58
0,FusedInferAttentionScore,"[[1,1024],[1024,4096]]",vllm/worker/model_runner.py:1234,6.5,9.8,83.381,87.381,0.21,0.58
0,RmsNorm,"[[1,1024],[1024,4096]]",vllm/worker/model_runner.py:1234,6.5,9.8,22.243,26.243,0.21,0.58
0,AllReduce,"[[1,1024],[1024,4096]]",vllm/worker/model_runner.py:1234,6.5,9.8,48.864,52.864,0.21,0.58
0,MatMulV2,"[[1,1024],[1024,4096]]",vllm/worker/model_runner.py:1234,6.5,9.8,163.957,167.957,0.21,0.58
0,FusedInferAttentionScore,"[[1,1024],[1024,4096]]",vllm/worker/model_runner.py:1234,6.5,9.8,86.734,90.734,0.21,0.58
0,RmsNorm,"[[1,1024],[1024,4096]]",vllm/worker/model_runner.py:1234,6.5,9.8,18.801,22.801,0.21,0.58
0,AllReduce,"[[1,1024],[1024,4096]]",vllm/worker/model_runner.py:1234,6.5,9.8,46.898,50.898,0.21,0.58
0,MatMulV2,"[[1,1024],[1024,4096]]",vllm/worker/model_runner.py:1234,6.5,9.8,180.647,184.647,0.21,0.58
0,FusedInferAttentionScore,"[[1,1024],[1024,4096]]",vllm/worker/model_runner.py:1234,6.5,9.8,85.301,89.301,0.21,0.58
0,RmsNorm,"[[1,1024],[1024,4096]]",vllm/worker/model_runner.py:1234,6.5,9.8,18.095,22.095,0.21,0.58
0,AllReduce,"[[1,1024],[1024,4096]]",vllm/worker/model_runner.py:1234,6.5,9.8,47.759,51.759,0.21,0.58
0,MatMulV2,"[[1,1024],[1024,4096]]",vllm/worker/model_runner.py:1234,6.5,9.8,183.99,187.99,0.21,0.58
0,FusedInferAttentionScore,"[[1,1024],[1024,4096]]",vllm/worker/model_runner.py:1234,6.5,9.8,94.157,98.157,0.21,0.58
0,RmsNorm,"[[1,1024],[1024,4096]]",vllm/worker/model_runner.py:1234,6.5,9.8,20.635,24.635,0.21,0.58
0,AllReduce,"[[1,1024],[1024,4096]]",vllm/worker/model_runner.py:1234,6.5,9.8,49.262,53.262,0.21,0.58
0,MatMulV2,"[[1,1024],[1024,4096]]",vllm/worker/model_runner.py:1234,6.5,9.8,169.281,173.281,0.21,0.58
0,FusedInferAttentionScore,"[[1,1024],[1024,4096]]",vllm/worker/model_runner.py:1234,6.5,9.8,98.709,102.709,0.21,0.58
0,RmsNorm,"[[1,1024],[1024,4096]]",vllm/worker/model_runner.py:1234,6.5,9.8,20.814,24.814,0.21,0.58
0,AllReduce,"[[1,1024],[1024,4096]]",vllm/worker/model_runner.py:1234,6.5,9.8,44.287,48.287,0.21,0.58
0,MatMulV2,"[[1,1024],[1024,4096]]",vllm/worker/model_runner.py:1234,6.5,9.8,169.143,173.143,0.21,0.58
0,FusedInferAttentionScore,"[[1,1024],[1024,4096]]",vllm/worker/model_runner.py:1234,6.5,9.8,91.616,95.616,0.21,0.58
0,RmsNorm,"[[1,1024],[1024,4096]]",vllm/worker/model_runner.py:1234,6.5,9.8,21.278,25.278,0.21,0.58
0,AllReduce,"[[1,1024],[1024,4096]]",vllm/worker/model_runner.py:1234,6.5,9.8,47.864,51.864,0.21,0.58
0,MatMulV2,"[[1,1024],[1024,4096]]",vllm/worker/model_runner.py:1234,6.5,9.8,164.894,168.894,0.21,0.58
0,FusedInferAttentionScore,"[[1,1024],[1024,4096]]",vllm/worker/model_runner.py:1234,6.5,9.8,98.964,102.964,0.21,0.58
0,RmsNorm,"[[1,1024],[1024,4096]]",vllm/worker/model_runner.py:1234,6.5,9.8,18.635,22.635,0.21,0.58
0,AllReduce,"[[1,1024],[1024,4096]]",vllm/worker/model_runner.py:1234,6.5,9.8,48.999,52.999,0.21,0.58
0,MatMulV2,"[[1,1024],[1024,4096]]",vllm/worker/model_runner.py:1234,6.5,9.8,154.13,158.13,0.21,0.58
0,FusedInferAttentionScore,"[[1,1024],[1024,4096]]",vllm/worker/model_runner.py:1234,6.5,9.8,84.618,88.618,0.21,0.58
0,RmsNorm,"[[1,1024],[1024,4096]]",vllm/worker/model_runner.py:1234,6.5,9.8,20.041,24.041,0.21,0.58
0,AllReduce,"[[1,1024],[1024,4096]]",vllm/worker/model_runner.py:1234,6.5,9.8,50.005,54.005,0.21,0.58
0,MatMulV2,"[[1,1024],[1024,4096]]",vllm/worker/model_runner.py:1234,6.5,9.8,183.815,187.815,0.21,0.58
0,FusedInferAttentionScore,"[[1,1024],[1024,4096]]",vllm/worker/model_runner.py:1234,6.5,9.8,94.133,98.133,0.21,0.58
0,RmsNorm,"[[1,1024],[1024,4096]]",vllm/worker/model_runner.py:1234,6.5,9.8,20.405,24.405,0.21,0.58
0,AllReduce,"[[1,1024],[1024,4096]]",vllm/worker/model_runner.py:1234,6.5,9.8,51.271,55.271,0.21,0.58
0,MatMulV2,"[[1,1024],[1024,4096]]",vllm/worker/model_runner.py:1234,6.5,9.8,166.655,170.655,0.21,0.58
0,FusedInferAttentionScore,"[[1,1024],[1024,4096]]",vllm/worker/model_runner.py:1234,6.5,9.8,86.156,90.156,0.21,0.58
0,RmsNorm,"[[1,1024],[1024,4096]]",vllm/worker/model_runner.py:1234,6.5,9.8,21.735,25.735,0.21,0.58
0,AllReduce,"[[1,1024],[1024,4096]]",vllm/worker/model_runner.py:1234,6.5,9.8,43.434,47.434,0.21,0.58
0,MatMulV2,"[[1,1024],[1024,4096]]",vllm/worker/model_runner.py:1234,6.5,9.8,157.037,161.037,0.21,0.58
0,FusedInferAttentionScore,"[[1,1024],[1024,4096]]",vllm/worker/model_runner.py:1234,6.5,9.8,91.701,95.701,0.21,0.58
0,RmsNorm,"[[1,1024],[1024,4096]]",vllm/worker/model_runner.py:1234,6.5,9.8,19.989,23.989,0.21,0.58
0,AllReduce,"[[1,1024],[1024,4096]]",vllm/worker/model_runner.py:1234,6.5,9.8,52.096,56.096,0.21,0.58
0,MatMulV2,"[[1,1024],[1024,4096]]",vllm/worker/model_runner.py:1234,6.5,9.8,173.303,177.303,0.21,0.58
0,FusedInferAttentionScore,"[[1,1024],[1024,4096]]",vllm/worker/model_runner.py:1234,6.5,9.8,86.227,90.227,0.21,0.58
0,RmsNorm,"[[1,1024],[1024,4096]]",vllm/worker/model_runner.py:1234,6.5,9.8,18.943,22.943,0.21,0.58
0,AllReduce,"[[1,1024],[1024,4096]]",vllm/worker/model_runner.py:1234,6.5,9.8,52.239,56.239,0.21,0.58
0,MatMulV2,"[[1,1024],[1024,4096]]",vllm/worker/model_runner.py:1234,6.5,9.8,157.668,161.668,0.21,0.58
0,FusedInferAttentionScore,"[[1,1024],[1024,4096]]",vllm/worker/model_runner.py:1234,6.5,9.8,97.901,101.901,0.21,0.58
0,RmsNorm,"[[1,1024],[1024,4096]]",vllm/worker/model_runner.py:1234,6.5,9.8,18.424,22.424,0.21,0.58
0,AllReduce,"[[1,1024],[1024,4096]]",vllm/worker/model_runner.py:1234,6.5,9.8,51.882,55.882,0.21,0.58
0,MatMulV2,"[[1,1024],[1024,4096]]",vllm/worker/model_runner.py:1234,6.5,9.8,163.533,167.533,0.21,0.58
0,FusedInferAttentionScore,"[[1,1024],[1024,4096]]",vllm/worker/model_runner.py:1234,6.5,9.8,89.976,93.976,0.21,0.58
0,RmsNorm,"[[1,1024],[1024,4096]]",vllm/worker/model_runner.py:1234,6.5,9.8,23.255,27.255,0.21,0.58
0,AllReduce,"[[1,1024],[1024,4096]]",vllm/worker/model_runner.py:1234,6.5,9.8,51.743,55.743,0.21,0.58
0,MatMulV2,"[[1,1024],[1024,4096]]",vllm/worker/model_runner.py:1234,6.5,9.8,164.461,168.461,0.21,0.58
0,FusedInferAttentionScore,"[[1,1024],[1024,4096]]",vllm/worker/model_runner.py:1234,6.5,9.8,95.295,99.295,0.21,0.58
0,RmsNorm,"[[1,1024],[1024,4096]]",vllm/worker/model_runner.py:1234,6.5,9.8,25.424,29.424,0.21,0.58
0,AllReduce,"[[1,1024],[1024,4096]]",vllm/worker/model_runner.py:1234,6.5,9.8,50.641,54.641,0.21,0.58
0,aclrtMemcpyAsync_D2H,"[[1,1024],[1024,4096]]",vllm/worker/model_runner.py:1234,6.5,9.8,180,184,0.21,0.58
0,MatMulV2,"[[1,1024],[1024,4096]]",vllm/worker/model_runner.py:1234,6.5,9.8,154.925,158.925,0.21,0.58
0,FusedInferAttentionScore,"[[1,1024],[1024,4096]]",vllm/worker/model_runner.py:1234,6.5,9.8,95.945,99.945,0.21,0.58
0,RmsNorm,"[[1,1024],[1024,4096]]",vllm/worker/model_runner.py:1234,6.5,9.8,24.87,28.87,0.21,0.58
0,AllReduce,"[[1,1024],[1024,4096]]",vllm/worker/model_runner.py:1234,6.5,9.8,49.875,53.875,0.21,0.58
0,MatMulV2,"[[1,1024],[1024,4096]]",vllm/worker/model_runner.py:1234,6.5,9.8,172.402,176.402,0.21,0.58
0,FusedInferAttentionScore,"[[1,1024],[1024,4096]]",vllm/worker/model_runner.py:1234,6.5,9.8,81.598,85.598,0.21,0.58
0,RmsNorm,"[[1,1024],[1024,4096]]",vllm/worker/model_runner.py:1234,6.5,9.8,19.881,23.881,0.21,0.58
0,AllReduce,"[[1,1024],[1024,4096]]",vllm/worker/model_runner.py:1234,6.5,9.8,51.445,55.445,0.21,0.58
0,MatMulV2,"[[1,1024],[1024,4096]]",vllm/worker/model_runner.py:1234,6.5,9.8,171.929,175.929,0.21,0.58
0,FusedInferAttentionScore,"[[1,1024],[1024,4096]]",vllm/worker/model_runner.py:1234,6.5,9.8,96.008,100.008,0.21,0.58
0,RmsNorm,"[[1,1024],[1024,4096]]",vllm/worker/model_runner.py:1234,6.5,9.8,19.252,23.252,0.21,0.58
0,AllReduce,"[[1,1024],[1024,4096]]",vllm/worker/model_runner.py:1234,6.5,9.8,47.939,51.939,0.21,0.58
0,MatMulV2,"[[1,1024],[1024,4096]]",vllm/worker/model_runner.py:1234,6.5,9.8,181.413,185.413,0.21,0.58
0,FusedInferAttentionScore,"[[1,1024],[1024,4096]]",vllm/worker/model_runner.py:1234,6.5,9.8,92.082,96.082,0.21,0.58
0,RmsNorm,"[[1,1024],[1024,4096]]",vllm/worker/model_runner.py:1234,6.5,9.8,19.268,23.268,0.21,0.58
0,AllReduce,"[[1,1024],[1024,4096]]",vllm/worker/model_runner.py:1234,6.5,9.8,51.47,55.47,0.21,0.58
0,MatMulV2,"[[1,1024],[1024,4096]]",vllm/worker/model_runner.py:1234,6.5,9.8,164.79,168.79,0.21,0.58
0,FusedInferAttentionScore,"[[1,1024],[1024,4096]]",vllm/worker/model_runner.py:1234,6.5,9.8,83.053,87.053,0.21,0.58
0,RmsNorm,"[[1,1024],[1024,4096]]",vllm/worker/model_runner.py:1234,6.5,9.8,25.977,29.977,0.21,0.58
0,AllReduce,"[[1,1024],[1024,4096]]",vllm/worker/model_runner.py:1234,6.5,9.8,49.193,53.193,0.21,0.58
0,MatMulV2,"[[1,1024],[1024,4096]]",vllm/worker/model_runner.py:1234,6.5,9.8,153.107,157.107,0.21,0.58
0,FusedInferAttentionScore,"[[1,1024],[1024,4096]]",vllm/worker/model_runner.py:1234,6.5,9.8,94.563,98.563,0.21,0.58
0,RmsNorm,"[[1,1024],[1024,4096]]",vllm/worker/model_runner.py:1234,6.5,9.8,22.015,26.015,0.21,0.58
0,AllReduce,"[[1,1024],[1024,4096]]",vllm/worker/model_runner.py:1234,6.5,9.8,51.007,55.007,0.21,0.58
0,MatMulV2,"[[1,1024],[1024,4096]]",vllm/worker/model_runner.py:1234,6.5,9.8,182.923,186.923,0.21,0.58
0,FusedInferAttentionScore,"[[1,1024],[1024,4096]]",vllm/worker/model_runner.py:1234,6.5,9.8,95.654,99.654,0.21,0.58
0,RmsNorm,"[[1,1024],[1024,4096]]",vllm/worker/model_runner.py:1234,6.5,9.8,23.889,27.889,0.21,0.58
0,AllReduce,"[[1,1024],[1024,4096]]",vllm/worker/model_runner.py:1234,6.5,9.8,51.986,55.986,0.21,0.58
0,MatMulV2,"[[1,1024],[1024,4096]]",vllm/worker/model_runner.py:1234,6.5,9.8,167.94,171.94,0.21,0.58
0,FusedInferAttentionScore,"[[1,1024],[1024,4096]]",vllm/worker/model_runner.py:1234,6.5,9.8,91.225,95.225,0.21,0.58
0,RmsNorm,"[[1,1024],[1024,4096]]",vllm/worker/model_runner.py:1234,6.5,9.8,25.792,29.792,0.21,0.58
0,AllReduce,"[[1,1024],[1024,4096]]",vllm/worker/model_runner.py:1234,6.5,9.8,51.301,55.301,0.21,0.58
0,MatMulV2,"[[1,1024],[1024,4096]]",vllm/worker/model_runner.py:1234,6.5,9.8,178.269,182.269,0.21,0.58
0,FusedInferAttentionScore,"[[1,1024],[1024,4096]]",vllm/worker/model_runner.py:1234,6.5,9.8,94.971,98.971,0.21,0.58
0,RmsNorm,"[[1,1024],[1024,4096]]",vllm/worker/model_runner.py:1234,6.5,9.8,24.249,28.249,0.21,0.58
0,AllReduce,"[[1,1024],[1024,4096]]",vllm/worker/model_runner.py:1234,6.5,9.8,50.976,54.976,0.21,0.58
0,MatMulV2,"[[1,1024],[1024,4096]]",vllm/worker/model_runner.py:1234,6.5,9.8,182.234,186.234,0.21,0.58
0,FusedInferAttentionScore,"[[1,1024],[1024,4096]]",vllm/worker/model_runner.py:1234,6.5,9.8,84.338,88.338,0.21,0.58
0,RmsNorm,"[[1,1024],[1024,4096]]",vllm/worker/model_runner.py:1234,6.5,9.8,20.863,24.863,0.21,0.58
0,AllReduce,"[[1,1024],[1024,4096]]",vllm/worker/model_runner.py:1234,6.5,9.8,46.618,50.618,0.21,0.58
0,MatMulV2,"[[1,1024],[1024,4096]]",vllm/worker/model_runner.py:1234,6.5,9.8,184.128,188.128,0.21,0.58
0,FusedInferAttentionScore,"[[1,1024],[1024,4096]]",vllm/worker/model_runner.py:1234,6.5,9.8,97.535,101.535,0.21,0.58
0,RmsNorm,"[[1,1024],[1024,4096]]",vllm/worker/model_runner.py:1234,6.5,9.8,25.87,29.87,0.21,0.58
0,AllReduce,"[[1,1024],[1024,4096]]",vllm/worker/model_runner.py:1234,6.5,9.8,43.901,47.901,0.21,0.58
0,MatMulV2,"[[1,1024],[1024,4096]]",vllm/worker/model_runner.py:1234,6.5,9.8,169.817,173.817,0.21,0.58
0,FusedInferAttentionScore,"[[1,1024],[1024,4096]]",vllm/worker/model_runner.py:1234,6.5,9.8,97.112,101.112,0.21,0.58
0,RmsNorm,"[[1,1024],[1024,4096]]",vllm/worker/model_runner.py:1234,6.5,9.8,25.778,29.778,0.21,0.58
0,AllReduce,"[[1,1024],[1024,4096]]",vllm/worker/model_runner.py:1234,6.5,9.8,50.513,54.513,0.21,0.58
0,MatMulV2,"[[1,1024],[1024,4096]]",vllm/worker/model_runner.py:1234,6.5,9.8,164.612,168.612,0.21,0.58
0,FusedInferAttentionScore,"[[1,1024],[1024,4096]]",vllm/worker/model_runner.py:1234,6.5,9.8,93.162,97.162,0.21,0.58
0,RmsNorm,"[[1,1024],[1024,4096]]",vllm/worker/model_runner.py:1234,6.5,9.8,21.38,25.38,0.21,0.58
0,AllReduce,"[[1,1024],[1024,4096]]",vllm/worker/model_runner.py:1234,6.5,9.8,43.751,47.751,0.21,0.58
0,MatMulV2,"[[1,1024],[1024,4096]]",vllm/worker/model_runner.py:1234,6.5,9.8,172.296,176.296,0.21,0.58
0,FusedInferAttentionScore,"[[1,1024],[1024,4096]]",vllm/worker/model_runner.py:1234,6.5,9.8,87.662,91.662,0.21,0.58
0,RmsNorm,"[[1,1024],[1024,4096]]",vllm/worker/model_runner.py:1234,6.5,9.8,24.626,28.626,0.21,0.58
0,AllReduce,"[[1,1024],[1024,4096]]",vllm/worker/model_runner.py:1234,6.5,9.8,50.697,54.697,0.21,0.58
0,MatMulV2,"[[1,1024],[1024,4096]]",vllm/worker/model_runner.py:1234,6.5,9.8,180.734,184.734,0.21,0.58
0,FusedInferAttentionScore,"[[1,1024],[1024,4096]]",vllm/worker/model_runner.py:1234,6.5,9.8,89.983,93.983,0.21,0.58
0,RmsNorm,"[[1,1024],[1024,4096]]",vllm/worker/model_runner.py:1234,6.5,9.8,19.451,23.451,0.21,0.58
0,AllReduce,"[[1,1024],[1024,4096]]",vllm/worker/model_runner.py:1234,6.5,9.8,48.33,52.33,0.21,0.58
0,MatMulV2,"[[1,1024],[1024,4096]]",vllm/worker/model_runner.py:1234,6.5,9.8,155.951,159.951,0.21,0.58
0,FusedInferAttentionScore,"[[1,1024],[1024,4096]]",vllm/worker/model_runner.py:1234,6.5,9.8,98.113,102.113,0.21,0.58
0,RmsNorm,"[[1,1024],[1024,4096]]",vllm/worker/model_runner.py:1234,6.5,9.8,25.831,29.831,0.21,0.58
0,AllReduce,"[[1,1024],[1024,4096]]",vllm/worker/model_runner.py:1234,6.5,9.8,46.114,50.114,0.21,0.58
0,MatMulV2,"[[1,1024],[1024,4096]]",vllm/worker/model_runner.py:1234,6.5,9.8,159.108,163.108,0.21,0.58
0,FusedInferAttentionScore,"[[1,1024],[1024,4096]]",vllm/worker/model_runner.py:1234,6.5,9.8,88.609,92.609,0.21,0.58
0,RmsNorm,"[[1,1024],[1024,4096]]",vllm/worker/model_runner.py:1234,6.5,9.8,21.372,25.372,0.21,0.58
0,AllReduce,"[[1,1024],[1024,4096]]",vllm/worker/model_runner.py:1234,6.5,9.8,44.031,48.031,0.21,0.58
0,MatMulV2,"[[1,1024],[1024,4096]]",vllm/worker/model_runner.py:1234,6.5,9.8,185.253,189.253,0.21,0.58
0,FusedInferAttentionScore,"[[1,1024],[1024,4096]]",vllm/worker/model_runner.py:1234,6.5,9.8,98.82,102.82,0.21,0.58
0,RmsNorm,"[[1,1024],[1024,4096]]",vllm/worker/model_runner.py:1234,6.5,9.8,22.503,26.503,0.21,0.58
0,AllReduce,"[[1,1024],[1024,4096]]",vllm/worker/model_runner.py:1234,6.5,9.8,50.997,54.997,0.21,0.58
0,MatMulV2,"[[1,1024],[1024,4096]]",vllm/worker/model_runner.py:1234,6.5,9.8,181.286,185.286,0.21,0.58
0,FusedInferAttentionScore,"[[1,1024],[1024,4096]]",vllm/worker/model_runner.py:1234,6.5,9.8,93.412,97.412,0.21,0.58
0,RmsNorm,"[[1,1024],[1024,4096]]",vllm/worker/model_runner.py:1234,6.5,9.8,22.372,26.372,0.21,0.58
0,AllReduce,"[[1,1024],[1024,4096]]",vllm/worker/model_runner.py:1234,6.5,9.8,43.803,47.803,0.21,0.58
0,MatMulV2,"[[1,1024],[1024,4096]]",vllm/worker/model_runner.py:1234,6.5,9.8,165.01,169.01,0.21,0.58
0,FusedInferAttentionScore,"[[1,1024],[1024,4096]]",vllm/worker/model_runner.py:1234,6.5,9.8,85.714,89.714,0.21,0.58
0,RmsNorm,"[[1,1024],[1024,4096]]",vllm/worker/model_runner.py:1234,6.5,9.8,21.532,25.532,0.21,0.58
0,AllReduce,"[[1,1024],[1024,4096]]",vllm/worker/model_runner.py:1234,6.5,9.8,46.75,50.75,0.21,0.58
0,MatMulV2,"[[1,1024],[1024,4096]]",vllm/worker/model_runner.py:1234,6.5,9.8,171.711,175.711,0.21,0.58
0,FusedInferAttentionScore,"[[1,1024],[1024,4096]]",vllm/worker/model_runner.py:1234,6.5,9.8,88.937,92.937,0.21,0.58
0,RmsNorm,"[[1,1024],[1024,4096]]",vllm/worker/model_runner.py:1234,6.5,9.8,20.093,24.093,0.21,0.58
0,AllReduce,"[[1,1024],[1024,4096]]",vllm/worker/model_runner.py:1234,6.5,9.8,44.116,48.116,0.21,0.58
0,MatMulV2,"[[1,1024],[1024,4096]]",vllm/worker/model_runner.py:1234,6.5,9.8,171.137,175.137,0.21,0.58
0,FusedInferAttentionScore,"[[1,1024],[1024,4096]]",vllm/worker/model_runner.py:1234,6.5,9.8,88.775,92.775,0.21,0.58
0,RmsNorm,"[[1,1024],[1024,4096]]",vllm/worker/model_runner.py:1234,6.5,9.8,18.242,22.242,0.21,0.58
0,AllReduce,"[[1,1024],[1024,4096]]",vllm/worker/model_runner.py:1234,6.5,9.8,44.805,48.805,0.21,0.58
0,MatMulV2,"[[1,1024],[1024,4096]]",vllm/worker/model_runner.py:1234,6.5,9.8,174.305,178.305,0.21,0.58
0,FusedInferAttentionScore,"[[1,1024],[1024,4096]]",vllm/worker/model_runner.py:1234,6.5,9.8,89.438,93.438,0.21,0.58
0,RmsNorm,"[[1,1024],[1024,4096]]",vllm/worker/model_runner.py:1234,6.5,9.8,21.412,25.412,0.21,0.58
0,AllReduce,"[[1,1024],[1024,4096]]",vllm/worker/model_runner.py:1234,6.5,9.8,44.934,48.934,0.21,0.58
0,MatMulV2,"[[1,1024],[1024,4096]]",vllm/worker/model_runner.py:1234,6.5,9.8,180.047,184.047,0.21,0.58
0,FusedInferAttentionScore,"[[1,1024],[1024,4096]]",vllm/worker/model_runner.py:1234,6.5,9.8,91.634,95.634,0.21,0.58
0,RmsNorm,"[[1,1024],[1024,4096]]",vllm/worker/model_runner.py:1234,6.5,9.8,22.185,26.185,0.21,0.58
0,AllReduce,"[[1,1024],[1024,4096]]",vllm/worker/model_runner.py:1234,6.5,9.8,49.3,53.3,0.21,0.58
0,MatMulV2,"[[1,1024],[1024,4096]]",vllm/worker/model_runner.py:1234,6.5,9.8,163.669,167.669,0.21,0.58
0,FusedInferAttentionScore,"[[1,1024],[1024,4096]]",vllm/worker/model_runner.py:1234,6.5,9.8,81.538,85.538,0.21,0.58
0,RmsNorm,"[[1,1024],[1024,4096]]",vllm/worker/model_runner.py:1234,6.5,9.8,21.219,25.219,0.21,0.58
0,AllReduce,"[[1,1024],[1024,4096]]",vllm/worker/model_runner.py:1234,6.5,9.8,46.285,50.285,0.21,0.58
0,MatMulV2,"[[1,1024],[1024,4096]]",vllm/worker/model_runner.py:1234,6.5,9.8,182.675,186.675,0.21,0.58
0,FusedInferAttentionScore,"[[1,1024],[1024,4096]]",vllm/worker/model_runner.py:1234,6.5,9.8,96.287,100.287,0.21,0.58
0,RmsNorm,"[[1,1024],[1024,4096]]",vllm/worker/model_runner.py:1234,6.5,9.8,19.691,23.691,0.21,0.58
0,AllReduce,"[[1,1024],[1024,4096]]",vllm/worker/model_runner.py:1234,6.5,9.8,44.343,48.343,0.21,0.58
0,MatMulV2,"[[1,1024],[1024,4096]]",vllm/worker/model_runner.py:1234,6.5,9.8,172.919,176.919,0.21,0.58
0,FusedInferAttentionScore,"[[1,1024],[1024,4096]]",vllm/worker/model_runner.py:1234,6.5,9.8,94.011,98.011,0.21,0.58
0,RmsNorm,"[[1,1024],[1024,4096]]",vllm/worker/model_runner.py:1234,6.5,9.8,23.536,27.536,0.21,0.58
0,AllReduce,"[[1,1024],[1024,4096]]",vllm/worker/model_runner.py:1234,6.5,9.8,50.224,54.224,0.21,0.58
0,MatMulV2,"[[1,1024],[1024,4096]]",vllm/worker/model_runner.py:1234,6.5,9.8,173.122,177.122,0.21,0.58
0,FusedInferAttentionScore,"[[1,1024],[1024,4096]]",vllm/worker/model_runner.py:1234,6.5,9.8,98.953,102.953,0.21,0.58
0,RmsNorm,"[[1,1024],[1024,4096]]",vllm/worker/model_runner.py:1234,6.5,9.8,22.769,26.769,0.21,0.58
0,AllReduce,"[[1,1024],[1024,4096]]",vllm/worker/model_runner.py:1234,6.5,9.8,44.279,48.279,0.21,0.58
0,MatMulV2,"[[1,1024],[1024,4096]]",vllm/worker/model_runner.py:1234,6.5,9.8,160.143,164.143,0.21,0.58
0,FusedInferAttentionScore,"[[1,1024],[1024,4096]]",vllm/worker/model_runner.py:1234,6.5,9.8,88.697,92.697,0.21,0.58
0,RmsNorm,"[[1,1024],[1024,4096]]",vllm/worker/model_runner.py:1234,6.5,9.8,25.791,29.791,0.21,0.58
0,AllReduce,"[[1,1024],[1024,4096]]",vllm/worker/model_runner.py:1234,6.5,9.8,49.006,53.006,0.21,0.58
0,MatMulV2,"[[1,1024],[1024,4096]]",vllm/worker/model_runner.py:1234,6.5,9.8,181.921,185.921,0.21,0.58
0,FusedInferAttentionScore,"[[1,1024],[1024,4096]]",vllm/worker/model_runner.py:1234,6.5,9.8,85.04,89.04,0.21,0.58
0,RmsNorm,"[[1,1024],[1024,4096]]",vllm/worker/model_runner.py:1234,6.5,9.8,19.549,23.549,0.21,0.58
0,AllReduce,"[[1,1024],[1024,4096]]",vllm/worker/model_runner.py:1234,6.5,9.8,43.766,47.766,0.21,0.58
0,MatMulV2,"[[1,1024],[1024,4096]]",vllm/worker/model_runner.py:1234,6.5,9.8,157.482,161.482,0.21,0.58
0,FusedInferAttentionScore,"[[1,1024],[1024,4096]]",vllm/worker/model_runner.py:1234,6.5,9.8,86.534,90.534,0.21,0.58
0,RmsNorm,"[[1,1024],[1024,4096]]",vllm/worker/model_runner.py:1234,6.5,9.8,19.044,23.044,0.21,0.58
0,AllReduce,"[[1,1024],[1024,4096]]",vllm/worker/model_runner.py:1234,6.5,9.8,47.454,51.454,0.21,0.58
0,MatMulV2,"[[1,1024],[1024,4096]]",vllm/worker/model_runner.py:1234,6.5,9.8,169.641,173.641,0.21,0.58
0,FusedInferAttentionScore,"[[1,1024],[1024,4096]]",vllm/worker/model_runner.py:1234,6.5,9.8,88.251,92.251,0.21,0.58
0,RmsNorm,"[[1,1024],[1024,4096]]",vllm/worker/model_runner.py:1234,6.5,9.8,26.025,30.025,0.21,0.58
0,AllReduce,"[[1,1024],[1024,4096]]",vllm/worker/model_runner.py:1234,6.5,9.8,48.838,52.838,0.21,0.58
0,aclrtMemcpyAsync_D2H,"[[1,1024],[1024,4096]]",vllm/worker/model_runner.py:1234,6.5,9.8,180,184,0.21,0.58
0,MatMulV2,"[[1,1024],[1024,4096]]",vllm/worker/model_runner.py:1234,6.5,9.8,178.147,182.147,0.21,0.58
0,FusedInferAttentionScore,"[[1,1024],[1024,4096]]",vllm/worker/model_runner.py:1234,6.5,9.8,81.965,85.965,0.21,0.58
0,RmsNorm,"[[1,1024],[1024,4096]]",vllm/worker/model_runner.py:1234,6.5,9.8,19.384,23.384,0.21,0.58
0,AllReduce,"[[1,1024],[1024,4096]]",vllm/worker/model_runner.py:1234,6.5,9.8,44.966,48.966,0.21,0.58
0,MatMulV2,"[[1,1024],[1024,4096]]",vllm/worker/model_runner.py:1234,6.5,9.8,161.049,165.049,0.21,0.58
0,FusedInferAttentionScore,"[[1,1024],[1024,4096]]",vllm/worker/model_runner.py:1234,6.5,9.8,88.715,92.715,0.21,0.58
0,RmsNorm,"[[1,1024],[1024,4096]]",vllm/worker/model_runner.py:1234,6.5,9.8,23.223,27.223,0.21,0.58
0,AllReduce,"[[1,1024],[1024,4096]]",vllm/worker/model_runner.py:1234,6.5,9.8,49.104,53.104,0.21,0.58
0,MatMulV2,"[[1,1024],[1024,4096]]",vllm/worker/model_runner.py:1234,6.5,9.8,176.103,180.103,0.21,0.58
0,FusedInferAttentionScore,"[[1,1024],[1024,4096]]",vllm/worker/model_runner.py:1234,6.5,9.8,97.857,101.857,0.21,0.58
0,RmsNorm,"[[1,1024],[1024,4096]]",vllm/worker/model_runner.py:1234,6.5,9.8,25.278,29.278,0.21,0.58
0,AllReduce,"[[1,1024],[1024,4096]]",vllm/worker/model_runner.py:1234,6.5,9.8,47.13,51.13,0.21,0.58
0,MatMulV2,"[[1,1024],[1024,4096]]",vllm/worker/model_runner.py:1234,6.5,9.8,183.27,187.27,0.21,0.58
0,FusedInferAttentionScore,"[[1,1024],[1024,4096]]",vllm/worker/model_runner.py:1234,6.5,9.8,96.849,100.849,0.21,0.58
0,RmsNorm,"[[1,1024],[1024,4096]]",vllm/worker/model_runner.py:1234,6.5,9.8,25.286,29.286,0.21,0.58
0,AllReduce,"[[1,1024],[1024,4096]]",vllm/worker/model_runner.py:1234,6.5,9.8,46.5,50.5,0.21,0.58
0,MatMulV2,"[[1,1024],[1024,4096]]",vllm/worker/model_runner.py:1234,6.5,9.8,176.517,180.517,0.21,0.58
0,FusedInferAttentionScore,"[[1,1024],[1024,4096]]",vllm/worker/model_runner.py:1234,6.5,9.8,93.549,97.549,0.21,0.58
0,RmsNorm,"[[1,1024],[1024,4096]]",vllm/worker/model_runner.py:1234,6.5,9.8,18.001,22.001,0.21,0.58
0,AllReduce,"[[1,1024],[1024,4096]]",vllm/worker/model_runner.py:1234,6.5,9.8,52.331,56.331,0.21,0.58
0,MatMulV2,"[[1,1024],[1024,4096]]",vllm/worker/model_runner.py:1234,6.5,9.8,161.056,165.056,0.21,0.58
0,FusedInferAttentionScore,"[[1,1024],[1024,4096]]",vllm/worker/model_runner.py:1234,6.5,9.8,91.77,95.77,0.21,0.58
0,RmsNorm,"[[1,1024],[1024,4096]]",vllm/worker/model_runner.py:1234,6.5,9.8,17.956,21.956,0.21,0.58
0,AllReduce,"[[1,1024],[1024,4096]]",vllm/worker/model_runner.py:1234,6.5,9.8,45.031,49.031,0.21,0.58
0,MatMulV2,"[[1,1024],[1024,4096]]",vllm/worker/model_runner.py:1234,6.5,9.8,184.812,188.812,0.21,0.58
0,FusedInferAttentionScore,"[[1,1024],[1024,4096]]",vllm/worker/model_runner.py:1234,6.5,9.8,88.998,92.998,0.21,0.58
0,RmsNorm,"[[1,1024],[1024,4096]]",vllm/worker/model_runner.py:1234,6.5,9.8,18.297,22.297,0.21,0.58
0,AllReduce,"[[1,1024],[1024,4096]]",vllm/worker/model_runner.py:1234,6.5,9.8,45.425,49.425,0.21,0.58
0,MatMulV2,"[[1,1024],[1024,4096]]",vllm/worker/model_runner.py:1234,6.5,9.8,165.383,169.383,0.21,0.58
0,FusedInferAttentionScore,"[[1,1024],[1024,4096]]",vllm/worker/model_runner.py:1234,6.5,9.8,97.684,101.684,0.21,0.58
0,RmsNorm,"[[1,1024],[1024,4096]]",vllm/worker/model_runner.py:1234,6.5,9.8,24.637,28.637,0.21,0.58
0,AllReduce,"[[1,1024],[1024,4096]]",vllm/worker/model_runner.py:1234,6.5,9.8,48.529,52.529,0.21,0.58
0,MatMulV2,"[[1,1024],[1024,4096]]",vllm/worker/model_runner.py:1234,6.5,9.8,180.286,184.286,0.21,0.58
0,FusedInferAttentionScore,"[[1,1024],[1024,4096]]",vllm/worker/model_runner.py:1234,6.5,9.8,88.02,92.02,0.21,0.58
0,RmsNorm,"[[1,1024],[1024,4096]]",vllm/worker/model_runner.py:1234,6.5,9.8,25.458,29.458,0.21,0.58
0,AllReduce,"[[1,1024],[1024,4096]]",vllm/worker/model_runner.py:1234,6.5,9.8,51.119,55.119,0.21,0.58
0,MatMulV2,"[[1,1024],[1024,4096]]",vllm/worker/model_runner.py:1234,6.5,9.8,162.774,166.774,0.21,0.58
0,FusedInferAttentionScore,"[[1,1024],[1024,4096]]",vllm/worker/model_runner.py:1234,6.5,9.8,96.587,100.587,0.21,0.58
0,RmsNorm,"[[1,1024],[1024,4096]]",vllm/worker/model_runner.py:1234,6.5,9.8,18.004,22.004,0.21,0.58
0,AllReduce,"[[1,1024],[1024,4096]]",vllm/worker/model_runner.py:1234,6.5,9.8,45.446,49.446,0.21,0.58
0,MatMulV2,"[[1,1024],[1024,4096]]",vllm/worker/model_runner.py:1234,6.5,9.8,163.986,167.986,0.21,0.58
0,FusedInferAttentionScore,"[[1,1024],[1024,4096]]",vllm/worker/model_runner.py:1234,6.5,9.8,83.811,87.811,0.21,0.58
0,RmsNorm,"[[1,1024],[1024,4096]]",vllm/worker/model_runner.py:1234,6.5,9.8,26.002,30.002,0.21,0.58
0,AllReduce,"[[1,1024],[1024,4096]]",vllm/worker/model_runner.py:1234,6.5,9.8,45.856,49.856,0.21,0.58
0,MatMulV2,"[[1,1024],[1024,4096]]",vllm/worker/model_runner.py:1234,6.5,9.8,174.739,178.739,0.21,0.58
0,FusedInferAttentionScore,"[[1,1024],[1024,4096]]",vllm/worker/model_runner.py:1234,6.5,9.8,81.599,85.599,0.21,0.58
0,RmsNorm,"[[1,1024],[1024,4096]]",vllm/worker/model_runner.py:1234,6.5,9.8,21.35,25.35,0.21,0.58
0,AllReduce,"[[1,1024],[1024,4096]]",vllm/worker/model_runner.py:1234,6.5,9.8,44.644,48.644,0.21,0.58
0,MatMulV2,"[[1,1024],[1024,4096]]",vllm/worker/model_runner.py:1234,6.5,9.8,174.714,178.714,0.21,0.58
0,FusedInferAttentionScore,"[[1,1024],[1024,4096]]",vllm/worker/model_runner.py:1234,6.5,9.8,97.092,101.092,0.21,0.58
0,RmsNorm,"[[1,1024],[1024,4096]]",vllm/worker/model_runner.py:1234,6.5,9.8,24.901,28.901,0.21,0.58
0,AllReduce,"[[1,1024],[1024,4096]]",vllm/worker/model_runner.py:1234,6.5,9.8,45.515,49.515,0.21,0.58
0,MatMulV2,"[[1,1024],[1024,4096]]",vllm/worker/model_runner.py:1234,6.5,9.8,167.341,171.341,0.21,0.58
0,FusedInferAttentionScore,"[[1,1024],[1024,4096]]",vllm/worker/model_runner.py:1234,6.5,9.8,88.919,92.919,0.21,0.58
0,RmsNorm,"[[1,1024],[1024,4096]]",vllm/worker/model_runner.py:1234,6.5,9.8,21.296,25.296,0.21,0.58
0,AllReduce,"[[1,1024],[1024,4096]]",vllm/worker/model_runner.py:1234,6.5,9.8,46.99,50.99,0.21,0.58
0,MatMulV2,"[[1,1024],[1024,4096]]",vllm/worker/model_runner.py:1234,6.5,9.8,171.152,175.152,0.21,0.58
0,FusedInferAttentionScore,"[[1,1024],[1024,4096]]",vllm/worker/model_runner.py:1234,6.5,9.8,84.876,88.876,0.21,0.58
0,RmsNorm,"[[1,1024],[1024,4096]]",vllm/worker/model_runner.py:1234,6.5,9.8,20.164,24.164,0.21,0.58
0,AllReduce,"[[1,1024],[1024,4096]]",vllm/worker/model_runner.py:1234,6.5,9.8,52.104,56.104,0.21,0.58
0,MatMulV2,"[[1,1024],[1024,4096]]",vllm/worker/model_runner.py:1234,6.5,9.8,180.885,184.885,0.21,0.58
0,FusedInferAttentionScore,"[[1,1024],[1024,4096]]",vllm/worker/model_runner.py:1234,6.5,9.8,82.412,86.412,0.21,0.58
0,RmsNorm,"[[1,1024],[1024,4096]]",vllm/worker/model_runner.py:1234,6.5,9.8,26.245,30.245,0.21,0.58
0,AllReduce,"[[1,1024],[1024,4096]]",vllm/worker/model_runner.py:1234,6.5,9.8,48.755,52.755,0.21,0.58
0,MatMulV2,"[[1,1024],[1024,4096]]",vllm/worker/model_runner.py:1234,6.5,9.8,154.122,158.122,0.21,0.58
0,FusedInferAttentionScore,"[[1,1024],[1024,4096]]",vllm/worker/model_runner.py:1234,6.5,9.8,97.864,101.864,0.21,0.58
0,RmsNorm,"[[1,1024],[1024,4096]]",vllm/worker/model_runner.py:1234,6.5,9.8,26.364,30.364,0.21,0.58
0,AllReduce,"[[1,1024],[1024,4096]]",vllm/worker/model_runner.py:1234,6.5,9.8,51.451,55.451,0.21,0.58
0,MatMulV2,"[[1,1024],[1024,4096]]",vllm/worker/model_runner.py:1234,6.5,9.8,155.74,159.74,0.21,0.58
0,FusedInferAttentionScore,"[[1,1024],[1024,4096]]",vllm/worker/model_runner.py:1234,6.5,9.8,86.81,90.81,0.21,0.58
0,RmsNorm,"[[1,1024],[1024,4096]]",vllm/worker/model_runner.py:1234,6.5,9.8,24.187,28.187,0.21,0.58
0,AllReduce,"[[1,1024],[1024,4096]]",vllm/worker/model_runner.py:1234,6.5,9.8,48,52,0.21,0.58
0,MatMulV2,"[[1,1024],[1024,4096]]",vllm/worker/model_runner.py:1234,6.5,9.8,154.96,158.96,0.21,0.58
0,FusedInferAttentionScore,"[[1,1024],[1024,4096]]",vllm/worker/model_runner.py:1234,6.5,9.8,92.468,96.468,0.21,0.58
0,RmsNorm,"[[1,1024],[1024,4096]]",vllm/worker/model_runner.py:1234,6.5,9.8,23.918,27.918,0.21,0.58
0,AllReduce,"[[1,1024],[1024,4096]]",vllm/worker/model_runner.py:1234,6.5,9.8,52.3,56.3,0.21,0.58
0,MatMulV2,"[[1,1024],[1024,4096]]",vllm/worker/model_runner.py:1234,6.5,9.8,168.274,172.274,0.21,0.58
0,FusedInferAttentionScore,"[[1,1024],[1024,4096]]",vllm/worker/model_runner.py:1234,6.5,9.8,83.547,87.547,0.21,0.58
0,RmsNorm,"[[1,1024],[1024,4096]]",vllm/worker/model_runner.py:1234,6.5,9.8,24.65,28.65,0.21,0.58
0,AllReduce,"[[1,1024],[1024,4096]]",vllm/worker/model_runner.py:1234,6.5,9.8,44.374,48.374,0.21,0.58
0,MatMulV2,"[[1,1024],[1024,4096]]",vllm/worker/model_runner.py:1234,6.5,9.8,158.023,162.023,0.21,0.58
0,FusedInferAttentionScore,"[[1,1024],[1024,4096]]",vllm/worker/model_runner.py:1234,6.5,9.8,81.447,85.447,0.21,0.58
0,RmsNorm,"[[1,1024],[1024,4096]]",vllm/worker/model_runner.py:1234,6.5,9.8,18.921,22.921,0.21,0.58
0,AllReduce,"[[1,1024],[1024,4096]]",vllm/worker/model_runner.py:1234,6.5,9.8,51.604,55.604,0.21,0.58
0,MatMulV2,"[[1,1024],[1024,4096]]",vllm/worker/model_runner.py:1234,6.5,9.8,158.925,162.925,0.21,0.58
0,FusedInferAttentionScore,"[[1,1024],[1024,4096]]",vllm/worker/model_runner.py:1234,6.5,9.8,83.217,87.217,0.21,0.58
0,RmsNorm,"[[1,1024],[1024,4096]]",vllm/worker/model_runner.py:1234,6.5,9.8,17.61,21.61,0.21,0.58
0,AllReduce,"[[1,1024],[1024,4096]]",vllm/worker/model_runner.py:1234,6.5,9.8,51.508,55.508,0.21,0.58
0,MatMulV2,"[[1,1024],[1024,4096]]",vllm/worker/model_runner.py:1234,6.5,9.8,161.315,165.315,0.21,0.58
0,FusedInferAttentionScore,"[[1,1024],[1024,4096]]",vllm/worker/model_runner.py:1234,6.5,9.8,83.185,87.185,0.21,0.58
0,RmsNorm,"[[1,1024],[1024,4096]]",vllm/worker/model_runner.py:1234,6.5,9.8,19.916,23.916,0.21,0.58
0,AllReduce,"[[1,1024],[1024,4096]]",vllm/worker/model_runner.py:1234,6.5,9.8,50.82,54.82,0.21,0.58
0,MatMulV2,"[[1,1024],[1024,4096]]",vllm/worker/model_runner.py:1234,6.5,9.8,172.391,176.391,0.21,0.58
0,FusedInferAttentionScore,"[[1,1024],[1024,4096]]",vllm/worker/model_runner.py:1234,6.5,9.8,86.655,90.655,0.21,0.58
0,RmsNorm,"[[1,1024],[1024,4096]]",vllm/worker/model_runner.py:1234,6.5,9.8,25.342,29.342,0.21,0.58
0,AllReduce,"[[1,1024],[1024,4096]]",vllm/worker/model_runner.py:1234,6.5,9.8,45.208,49.208,0.21,0.58
0,MatMulV2,"[[1,1024],[1024,4096]]",vllm/worker/model_runner.py:1234,6.5,9.8,171.243,175.243,0.21,0.58
0,FusedInferAttentionScore,"[[1,1024],[1024,4096]]",vllm/worker/model_runner.py:1234,6.5,9.8,85.583,89.583,0.21,0.58
0,RmsNorm,"[[1,1024],[1024,4096]]",vllm/worker/model_runner.py:1234,6.5,9.8,19.635,23.635,0.21,0.58
0,AllReduce,"[[1,1024],[1024,4096]]",vllm/worker/model_runner.py:1234,6.5,9.8,46.399,50.399,0.21,0.58
0,MatMulV2,"[[1,1024],[1024,4096]]",vllm/worker/model_runner.py:1234,6.5,9.8,157.946,161.946,0.21,0.58
0,FusedInferAttentionScore,"[[1,1024],[1024,4096]]",vllm/worker/model_runner.py:1234,6.5,9.8,96.642,100.642,0.21,0.58
0,RmsNorm,"[[1,1024],[1024,4096]]",vllm/worker/model_runner.py:1234,6.5,9.8,18.425,22.425,0.21,0.58
0,AllReduce,"[[1,1024],[1024,4096]]",vllm/worker/model_runner.py:1234,6.5,9.8,49.046,53.046,0.21,0.58
0,MatMulV2,"[[1,1024],[1024,4096]]",vllm/worker/model_runner.py:1234,6.5,9.8,165.497,169.497,0.21,0.58
0,FusedInferAttentionScore,"[[1,1024],[1024,4096]]",vllm/worker/model_runner.py:1234,6.5,9.8,96.574,100.574,0.21,0.58
0,RmsNorm,"[[1,1024],[1024,4096]]",vllm/worker/model_runner.py:1234,6.5,9.8,25.672,29.672,0.21,0.58
0,AllReduce,"[[1,1024],[1024,4096]]",vllm/worker/model_runner.py:1234,6.5,9.8,52.087,56.087,0.21,0.58
0,MatMulV2,"[[1,1024],[1024,4096]]",vllm/worker/model_runner.py:1234,6.5,9.8,179.882,183.882,0.21,0.58
0,FusedInferAttentionScore,"[[1,1024],[1024,4096]]",vllm/worker/model_runner.py:1234,6.5,9.8,90.241,94.241,0.21,0.58
0,RmsNorm,"[[1,1024],[1024,4096]]",vllm/worker/model_runner.py:1234,6.5,9.8,21.499,25.499,0.21,0.58
0,AllReduce,"[[1,1024],[1024,4096]]",vllm/worker/model_runner.py:1234,6.5,9.8,50.16,54.16,0.21,0.58
0,MatMulV2,"[[1,1024],[1024,4096]]",vllm/worker/model_runner.py:1234,6.5,9.8,160.05,164.05,0.21,0.58
0,FusedInferAttentionScore,"[[1,1024],[1024,4096]]",vllm/worker/model_runner.py:1234,6.5,9.8,83.276,87.276,0.21,0.58
0,RmsNorm,"[[1,1024],[1024,4096]]",vllm/worker/model_runner.py:1234,6.5,9.8,25.713,29.713,0.21,0.58
0,AllReduce,"[[1,1024],[1024,4096]]",vllm/worker/model_runner.py:1234,6.5,9.8,47.409,51.409,0.21,0.58
0,MatMulV2,"[[1,1024],[1024,4096]]",vllm/worker/model_runner.py:1234,6.5,9.8,154.074,158.074,0.21,0.58
0,FusedInferAttentionScore,"[[1,1024],[1024,4096]]",vllm/worker/model_runner.py:1234,6.5,9.8,95.75,99.75,0.21,0.58
0,RmsNorm,"[[1,1024],[1024,4096]]",vllm/worker/model_runner.py:1234,6.5,9.8,21.569,25.569,0.21,0.58
0,AllReduce,"[[1,1024],[1024,4096]]",vllm/worker/model_runner.py:1234,6.5,9.8,52.44,56.44,0.21,0.58
0,MatMulV2,"[[1,1024],[1024,4096]]",vllm/worker/model_runner.py:1234,6.5,9.8,176.289,180.289,0.21,0.58
0,FusedInferAttentionScore,"[[1,1024],[1024,4096]]",vllm/worker/model_runner.py:1234,6.5,9.8,87.752,91.752,0.21,0.58
0,RmsNorm,"[[1,1024],[1024,4096]]",vllm/worker/model_runner.py:1234,6.5,9.8,19.316,23.316,0.21,0.58
0,AllReduce,"[[1,1024],[1024,4096]]",vllm/worker/model_runner.py:1234,6.5,9.8,44.372,48.372,0.21,0.58
0,MatMulV2,"[[1,1024],[1024,4096]]",vllm/worker/model_runner.py:1234,6.5,9.8,170.901,174.901,0.21,0.58
0,FusedInferAttentionScore,"[[1,1024],[1024,4096]]",vllm/worker/model_runner.py:1234,6.5,9.8,93.833,97.833,0.21,0.58
0,RmsNorm,"[[1,1024],[1024,4096]]",vllm/worker/model_runner.py:1234,6.5,9.8,26.112,30.112,0.21,0.58
0,AllReduce,"[[1,1024],[1024,4096]]",vllm/worker/model_runner.py:1234,6.5,9.8,52.421,56.421,0.21,0.58
0,aclrtMemcpyAsync_D2H,"[[1,1024],[1024,4096]]",vllm/worker/model_runner.py:1234,6.5,9.8,180,184,0.21,0.58
0,MatMulV2,"[[1,1024],[1024,4096]]",vllm/worker/model_runner.py:1234,6.5,9.8,178.649,182.649,0.21,0.58
0,FusedInferAttentionScore,"[[1,1024],[1024,4096]]",vllm/worker/model_runner.py:1234,6.5,9.8,85.946,89.946,0.21,0.58
0,RmsNorm,"[[1,1024],[1024,4096]]",vllm/worker/model_runner.py:1234,6.5,9.8,25.466,29.466,0.21,0.58
0,AllReduce,"[[1,1024],[1024,4096]]",vllm/worker/model_runner.py:1234,6.5,9.8,50.758,54.758,0.21,0.58
0,MatMulV2,"[[1,1024],[1024,4096]]",vllm/worker/model_runner.py:1234,6.5,9.8,183.598,187.598,0.21,0.58
0,FusedInferAttentionScore,"[[1,1024],[1024,4096]]",vllm/worker/model_runner.py:1234,6.5,9.8,86.903,90.903,0.21,0.58
0,RmsNorm,"[[1,1024],[1024,4096]]",vllm/worker/model_runner.py:1234,6.5,9.8,25.552,29.552,0.21,0.58
0,AllReduce,"[[1,1024],[1024,4096]]",vllm/worker/model_runner.py:1234,6.5,9.8,51.451,55.451,0.21,0.58
0,MatMulV2,"[[1,1024],[1024,4096]]",vllm/worker/model_runner.py:1234,6.5,9.8,154.624,158.624,0.21,0.58
0,FusedInferAttentionScore,"[[1,1024],[1024,4096]]",vllm/worker/model_runner.py:1234,6.5,9.8,94.449,98.449,0.21,0.58
0,RmsNorm,"[[1,1024],[1024,4096]]",vllm/worker/model_runner.py:1234,6.5,9.8,19.861,23.861,0.21,0.58
0,AllReduce,"[[1,1024],[1024,4096]]",vllm/worker/model_runner.py:1234,6.5,9.8,49.992,53.992,0.21,0.58
0,MatMulV2,"[[1,1024],[1024,4096]]",vllm/worker/model_runner.py:1234,6.5,9.8,163.075,167.075,0.21,0.58
0,FusedInferAttentionScore,"[[1,1024],[1024,4096]]",vllm/worker/model_runner.py:1234,6.5,9.8,90.15,94.15,0.21,0.58
0,RmsNorm,"[[1,1024],[1024,4096]]",vllm/worker/model_runner.py:1234,6.5,9.8,21.932,25.932,0.21,0.58
0,AllReduce,"[[1,1024],[1024,4096]]",vllm/worker/model_runner.py:1234,6.5,9.8,52.27,56.27,0.21,0.58
0,MatMulV2,"[[1,1024],[1024,4096]]",vllm/worker/model_runner.py:1234,6.5,9.8,183.236,187.236,0.21,0.58
0,FusedInferAttentionScore,"[[1,1024],[1024,4096]]",vllm/worker/model_runner.py:1234,6.5,9.8,87.532,91.532,0.21,0.58
0,RmsNorm,"[[1,1024],[1024,4096]]",vllm/worker/model_runner.py:1234,6.5,9.8,24.471,28.471,0.21,0.58
0,AllReduce,"[[1,1024],[1024,4096]]",vllm/worker/model_runner.py:1234,6.5,9.8,48.884,52.884,0.21,0.58
0,MatMulV2,"[[1,1024],[1024,4096]]",vllm/worker/model_runner.py:1234,6.5,9.8,179.562,183.562,0.21,0.58
0,FusedInferAttentionScore,"[[1,1024],[1024,4096]]",vllm/worker/model_runner.py:1234,6.5,9.8,92.898,96.898,0.21,0.58
0,RmsNorm,"[[1,1024],[1024,4096]]",vllm/worker/model_runner.py:1234,6.5,9.8,23.959,27.959,0.21,0.58
0,AllReduce,"[[1,1024],[1024,4096]]",vllm/worker/model_runner.py:1234,6.5,9.8,49.476,53.476,0.21,0.58
0,MatMulV2,"[[1,1024],[1024,4096]]",vllm/worker/model_runner.py:1234,6.5,9.8,185.842,189.842,0.21,0.58
0,FusedInferAttentionScore,"[[1,1024],[1024,4096]]",vllm/worker/model_runner.py:1234,6.5,9.8,91.614,95.614,0.21,0.58
0,RmsNorm,"[[1,1024],[1024,4096]]",vllm/worker/model_runner.py:1234,6.5,9.8,17.945,21.945,0.21,0.58
0,AllReduce,"[[1,1024],[1024,4096]]",vllm/worker/model_runner.py:1234,6.5,9.8,51.212,55.212,0.21,0.58
0,MatMulV2,"[[1,1024],[1024,4096]]",vllm/worker/model_runner.py:1234,6.5,9.8,157.956,161.956,0.21,0.58
0,FusedInferAttentionScore,"[[1,1024],[1024,4096]]",vllm/worker/model_runner.py:1234,6.5,9.8,87.156,91.156,0.21,0.58
0,RmsNorm,"[[1,1024],[1024,4096]]",vllm/worker/model_runner.py:1234,6.5,9.8,25.205,29.205,0.21,0.58
0,AllReduce,"[[1,1024],[1024,4096]]",vllm/worker/model_runner.py:1234,6.5,9.8,48.382,52.382,0.21,0.58
0,MatMulV2,"[[1,1024],[1024,4096]]",vllm/worker/model_runner.py:1234,6.5,9.8,172.374,176.374,0.21,0.58
0,FusedInferAttentionScore,"[[1,1024],[1024,4096]]",vllm/worker/model_runner.py:1234,6.5,9.8,98.683,102.683,0.21,0.58
0,RmsNorm,"[[1,1024],[1024,4096]]",vllm/worker/model_runner.py:1234,6.5,9.8,22.76,26.76,0.21,0.58
0,AllReduce,"[[1,1024],[1024,4096]]",vllm/worker/model_runner.py:1234,6.5,9.8,48.454,52.454,0.21,0.58
0,MatMulV2,"[[1,1024],[1024,4096]]",vllm/worker/model_runner.py:1234,6.5,9.8,157.054,161.054,0.21,0.58
0,FusedInferAttentionScore,"[[1,1024],[1024,4096]]",vllm/worker/model_runner.py:1234,6.5,9.8,81.429,85.429,0.21,0.58
0,RmsNorm,"[[1,1024],[1024,4096]]",vllm/worker/model_runner.py:1234,6.5,9.8,21.527,25.527,0.21,0.58
0,AllReduce,"[[1,1024],[1024,4096]]",vllm/worker/model_runner.py:1234,6.5,9.8,52.737,56.737,0.21,0.58
0,MatMulV2,"[[1,1024],[1024,4096]]",vllm/worker/model_runner.py:1234,6.5,9.8,185.897,189.897,0.21,0.58
0,FusedInferAttentionScore,"[[1,1024],[1024,4096]]",vllm/worker/model_runner.py:1234,6.5,9.8,98.685,102.685,0.21,0.58
0,RmsNorm,"[[1,1024],[1024,4096]]",vllm/worker/model_runner.py:1234,6.5,9.8,20.614,24.614,0.21,0.58
0,AllReduce,"[[1,1024],[1024,4096]]",vllm/worker/model_runner.py:1234,6.5,9.8,48.608,52.608,0.21,0.58
0,MatMulV2,"[[1,1024],[1024,4096]]",vllm/worker/model_runner.py:1234,6.5,9.8,166.419,170.419,0.21,0.58
0,FusedInferAttentionScore,"[[1,1024],[1024,4096]]",vllm/worker/model_runner.py:1234,6.5,9.8,88.664,92.664,0.21,0.58
0,RmsNorm,"[[1,1024],[1024,4096]]",vllm/worker/model_runner.py:1234,6.5,9.8,22.42,26.42,0.21,0.58
0,AllReduce,"[[1,1024],[1024,4096]]",vllm/worker/model_runner.py:1234,6.5,9.8,43.443,47.443,0.21,0.58
0,MatMulV2,"[[1,1024],[1024,4096]]",vllm/worker/model_runner.py:1234,6.5,9.8,172.782,176.782,0.21,0.58
0,FusedInferAttentionScore,"[[1,1024],[1024,4096]]",vllm/worker/model_runner.py:1234,6.5,9.8,86.02,90.02,0.21,0.58
0,RmsNorm,"[[1,1024],[1024,4096]]",vllm/worker/model_runner.py:1234,6.5,9.8,20.153,24.153,0.21,0.58
0,AllReduce,"[[1,1024],[1024,4096]]",vllm/worker/model_runner.py:1234,6.5,9.8,48.011,52.011,0.21,0.58
0,MatMulV2,"[[1,1024],[1024,4096]]",vllm/worker/model_runner.py:1234,6.5,9.8,168.866,172.866,0.21,0.58
0,FusedInferAttentionScore,"[[1,1024],[1024,4096]]",vllm/worker/model_runner.py:1234,6.5,9.8,88.311,92.311,0.21,0.58
0,RmsNorm,"[[1,1024],[1024,4096]]",vllm/worker/model_runner.py:1234,6.5,9.8,21.13,25.13,0.21,0.58
0,AllReduce,"[[1,1024],[1024,4096]]",vllm/worker/model_runner.py:1234,6.5,9.8,44.275,48.275,0.21,0.58
0,MatMulV2,"[[1,1024],[1024,4096]]",vllm/worker/model_runner.py:1234,6.5,9.8,186.505,190.505,0.21,0.58
0,FusedInferAttentionScore,"[[1,1024],[1024,4096]]",vllm/worker/model_runner.py:1234,6.5,9.8,94.176,98.176,0.21,0.58
0,RmsNorm,"[[1,1024],[1024,4096]]",vllm/worker/model_runner.py:1234,6.5,9.8,21.864,25.864,0.21,0.58
0,AllReduce,"[[1,1024],[1024,4096]]",vllm/worker/model_runner.py:1234,6.5,9.8,51.755,55.755,0.21,0.58
0,MatMulV2,"[[1,1024],[1024,4096]]",vllm/worker/model_runner.py:1234,6.5,9.8,162.578,166.578,0.21,0.58
0,FusedInferAttentionScore,"[[1,1024],[1024,4096]]",vllm/worker/model_runner.py:1234,6.5,9.8,88.52,92.52,0.21,0.58
0,RmsNorm,"[[1,1024],[1024,4096]]",vllm/worker/model_runner.py:1234,6.5,9.8,20.317,24.317,0.21,0.58
0,AllReduce,"[[1,1024],[1024,4096]]",vllm/worker/model_runner.py:1234,6.5,9.8,44.199,48.199,0.21,0.58
0,MatMulV2,"[[1,1024],[1024,4096]]",vllm/worker/model_runner.py:1234,6.5,9.8,177.078,181.078,0.21,0.58
0,FusedInferAttentionScore,"[[1,1024],[1024,4096]]",vllm/worker/model_runner.py:1234,6.5,9.8,96.479,100.479,0.21,0.58
0,RmsNorm,"[[1,1024],[1024,4096]]",vllm/worker/model_runner.py:1234,6.5,9.8,20.909,24.909,0.21,0.58
0,AllReduce,"[[1,1024],[1024,4096]]",vllm/worker/model_runner.py:1234,6.5,9.8,46.71,50.71,0.21,0.58
0,MatMulV2,"[[1,1024],[1024,4096]]",vllm/worker/model_runner.py:1234,6.5,9.8,176.844,180.844,0.21,0.58
0,FusedInferAttentionScore,"[[1,1024],[1024,4096]]",vllm/worker/model_runner.py:1234,6.5,9.8,90.453,94.453,0.21,0.58
0,RmsNorm,"[[1,1024],[1024,4096]]",vllm/worker/model_runner.py:1234,6.5,9.8,25.266,29.266,0.21,0.58
0,AllReduce,"[[1,1024],[1024,4096]]",vllm/worker/model_runner.py:1234,6.5,9.8,45.09,49.09,0.21,0.58
0,MatMulV2,"[[1,1024],[1024,4096]]",vllm/worker/model_runner.py:1234,6.5,9.8,182.094,186.094,0.21,0.58
0,FusedInferAttentionScore,"[[1,1024],[1024,4096]]",vllm/worker/model_runner.py:1234,6.5,9.8,96.976,100.976,0.21,0.58
0,RmsNorm,"[[1,1024],[1024,4096]]",vllm/worker/model_runner.py:1234,6.5,9.8,21.509,25.509,0.21,0.58
0,AllReduce,"[[1,1024],[1024,4096]]",vllm/worker/model_runner.py:1234,6.5,9.8,51.938,55.938,0.21,0.58
0,MatMulV2,"[[1,1024],[1024,4096]]",vllm/worker/model_runner.py:1234,6.5,9.8,179.421,183.421,0.21,0.58
0,FusedInferAttentionScore,"[[1,1024],[1024,4096]]",vllm/worker/model_runner.py:1234,6.5,9.8,98.728,102.728,0.21,0.58
0,RmsNorm,"[[1,1024],[1024,4096]]",vllm/worker/model_runner.py:1234,6.5,9.8,22.246,26.246,0.21,0.58
0,AllReduce,"[[1,1024],[1024,4096]]",vllm/worker/model_runner.py:1234,6.5,9.8,52.454,56.454,0.21,0.58
0,MatMulV2,"[[1,1024],[1024,4096]]",vllm/worker/model_runner.py:1234,6.5,9.8,171.407,175.407,0.21,0.58
0,FusedInferAttentionScore,"[[1,1024],[1024,4096]]",vllm/worker/model_runner.py:1234,6.5,9.8,87.436,91.436,0.21,0.58
0,RmsNorm,"[[1,1024],[1024,4096]]",vllm/worker/model_runner.py:1234,6.5,9.8,18.883,22.883,0.21,0.58
0,AllReduce,"[[1,1024],[1024,4096]]",vllm/worker/model_runner.py:1234,6.5,9.8,44.915,48.915,0.21,0.58
0,MatMulV2,"[[1,1024],[1024,4096]]",vllm/worker/model_runner.py:1234,6.5,9.8,181.52,185.52,0.21,0.58
0,FusedInferAttentionScore,"[[1,1024],[1024,4096]]",vllm/worker/model_runner.py:1234,6.5,9.8,87.984,91.984,0.21,0.58
0,RmsNorm,"[[1,1024],[1024,4096]]",vllm/worker/model_runner.py:1234,6.5,9.8,21.22,25.22,0.21,0.58
0,AllReduce,"[[1,1024],[1024,4096]]",vllm/worker/model_runner.py:1234,6.5,9.8,47.543,51.543,0.21,0.58
0,MatMulV2,"[[1,1024],[1024,4096]]",vllm/worker/model_runner.py:1234,6.5,9.8,157.431,161.431,0.21,0.58
0,FusedInferAttentionScore,"[[1,1024],[1024,4096]]",vllm/worker/model_runner.py:1234,6.5,9.8,86.478,90.478,0.21,0.58
0,RmsNorm,"[[1,1024],[1024,4096]]",vllm/worker/model_runner.py:1234,6.5,9.8,19.13,23.13,0.21,0.58
0,AllReduce,"[[1,1024],[1024,4096]]",vllm/worker/model_runner.py:1234,6.5,9.8,51.548,55.548,0.21,0.58
0,MatMulV2,"[[1,1024],[1024,4096]]",vllm/worker/model_runner.py:1234,6.5,9.8,166.426,170.426,0.21,0.58
0,FusedInferAttentionScore,"[[1,1024],[1024,4096]]",vllm/worker/model_runner.py:1234,6.5,9.8,87.574,91.574,0.21,0.58
0,RmsNorm,"[[1,1024],[1024,4096]]",vllm/worker/model_runner.py:1234,6.5,9.8,22.109,26.109,0.21,0.58
0,AllReduce,"[[1,1024],[1024,4096]]",vllm/worker/model_runner.py:1234,6.5,9.8,46.474,50.474,0.21,0.58
0,MatMulV2,"[[1,1024],[1024,4096]]",vllm/worker/model_runner.py:1234,6.5,9.8,163.065,167.065,0.21,0.58
0,FusedInferAttentionScore,"[[1,1024],[1024,4096]]",vllm/worker/model_runner.py:1234,6.5,9.8,98.83,102.83,0.21,0.58
0,RmsNorm,"[[1,1024],[1024,4096]]",vllm/worker/model_runner.py:1234,6.5,9.8,17.871,21.871,0.21,0.58
0,AllReduce,"[[1,1024],[1024,4096]]",vllm/worker/model_runner.py:1234,6.5,9.8,44.797,48.797,0.21,0.58
0,MatMulV2,"[[1,1024],[1024,4096]]",vllm/worker/model_runner.py:1234,6.5,9.8,181.73,185.73,0.21,0.58
0,FusedInferAttentionScore,"[[1,1024],[1024,4096]]",vllm/worker/model_runner.py:1234,6.5,9.8,96.38,100.38,0.21,0.58
0,RmsNorm,"[[1,1024],[1024,4096]]",vllm/worker/model_runner.py:1234,6.5,9.8,19.002,23.002,0.21,0.58
0,AllReduce,"[[1,1024],[1024,4096]]",vllm/worker/model_runner.py:1234,6.5,9.8,44.751,48.751,0.21,0.58
0,MatMulV2,"[[1,1024],[1024,4096]]",vllm/worker/model_runner.py:1234,6.5,9.8,183.245,187.245,0.21,0.58
0,FusedInferAttentionScore,"[[1,1024],[1024,4096]]",vllm/worker/model_runner.py:1234,6.5,9.8,84.701,88.701,0.21,0.58
0,RmsNorm,"[[1,1024],[1024,4096]]",vllm/worker/model_runner.py:1234,6.5,9.8,25.628,29.628,0.21,0.58
0,AllReduce,"[[1,1024],[1024,4096]]",vllm/worker/model_runner.py:1234,6.5,9.8,45.49,49.49,0.21,0.58
0,MatMulV2,"[[1,1024],[1024,4096]]",vllm/worker/model_runner.py:1234,6.5,9.8,153.194,157.194,0.21,0.58
0,FusedInferAttentionScore,"[[1,1024],[1024,4096]]",vllm/worker/model_runner.py:1234,6.5,9.8,97.755,101.755,0.21,0.58
0,RmsNorm,"[[1,1024],[1024,4096]]",vllm/worker/model_runner.py:1234,6.5,9.8,24.716,28.716,0.21,0.58
0,AllReduce,"[[1,1024],[1024,4096]]",vllm/worker/model_runner.py:1234,6.5,9.8,48.78,52.78,0.21,0.58
0,MatMulV2,"[[1,1024],[1024,4096]]",vllm/worker/model_runner.py:1234,6.5,9.8,174.12,178.12,0.21,0.58
0,FusedInferAttentionScore,"[[1,1024],[1024,4096]]",vllm/worker/model_runner.py:1234,6.5,9.8,83.291,87.291,0.21,0.58
0,RmsNorm,"[[1,1024],[1024,4096]]",vllm/worker/model_runner.py:1234,6.5,9.8,25.565,29.565,0.21,0.58
0,AllReduce,"[[1,1024],[1024,4096]]",vllm/worker/model_runner.py:1234,6.5,9.8,50.941,54.941,0.21,0.58
0,MatMulV2,"[[1,1024],[1024,4096]]",vllm/worker/model_runner.py:1234,6.5,9.8,168.241,172.241,0.21,0.58
0,FusedInferAttentionScore,"[[1,1024],[1024,4096]]",vllm/worker/model_runner.py:1234,6.5,9.8,84.588,88.588,0.21,0.58
0,RmsNorm,"[[1,1024],[1024,4096]]",vllm/worker/model_runner.py:1234,6.5,9.8,18.906,22.906,0.21,0.58
0,AllReduce,"[[1,1024],[1024,4096]]",vllm/worker/model_runner.py:1234,6.5,9.8,50.392,54.392,0.21,0.58
0,MatMulV2,"[[1,1024],[1024,4096]]",vllm/worker/model_runner.py:1234,6.5,9.8,171.852,175.852,0.21,0.58
0,FusedInferAttentionScore,"[[1,1024],[1024,4096]]",vllm/worker/model_runner.py:1234,6.5,9.8,94.416,98.416,0.21,0.58
0,RmsNorm,"[[1,1024],[1024,4096]]",vllm/worker/model_runner.py:1234,6.5,9.8,21.97,25.97,0.21,0.58
0,AllReduce,"[[1,1024],[1024,4096]]",vllm/worker/model_runner.py:1234,6.5,9.8,50.573,54.573,0.21,0.58
0,MatMulV2,"[[1,1024],[1024,4096]]",vllm/worker/model_runner.py:1234,6.5,9.8,158.044,162.044,0.21,0.58
0,FusedInferAttentionScore,"[[1,1024],[1024,4096]]",vllm/worker/model_runner.py:1234,6.5,9.8,86.21,90.21,0.21,0.58
0,RmsNorm,"[[1,1024],[1024,4096]]",vllm/worker/model_runner.py:1234,6.5,9.8,18.519,22.519,0.21,0.58
0,AllReduce,"[[1,1024],[1024,4096]]",vllm/worker/model_runner.py:1234,6.5,9.8,43.24,47.24,0.21,0.58
0,aclrtMemcpyAsync_D2H,"[[1,1024],[1024,4096]]",vllm/worker/model_runner.py:1234,6.5,9.8,180,184,0.21,0.58
0,MatMulV2,"[[1,1024],[1024,4096]]",vllm/worker/model_runner.py:1234,6.5,9.8,155.826,159.826,0.21,0.58
0,FusedInferAttentionScore,"[[1,1024],[1024,4096]]",vllm/worker/model_runner.py:1234,6.5,9.8,92.223,96.223,0.21,0.58
0,RmsNorm,"[[1,1024],[1024,4096]]",vllm/worker/model_runner.py:1234,6.5,9.8,23.949,27.949,0.21,0.58
0,AllReduce,"[[1,1024],[1024,4096]]",vllm/worker/model_runner.py:1234,6.5,9.8,45.819,49.819,0.21,0.58
0,MatMulV2,"[[1,1024],[1024,4096]]",vllm/worker/model_runner.py:1234,6.5,9.8,183.568,187.568,0.21,0.58
0,FusedInferAttentionScore,"[[1,1024],[1024,4096]]",vllm/worker/model_runner.py:1234,6.5,9.8,94.975,98.975,0.21,0.58
0,RmsNorm,"[[1,1024],[1024,4096]]",vllm/worker/model_runner.py:1234,6.5,9.8,22.66,26.66,0.21,0.58
0,AllReduce,"[[1,1024],[1024,4096]]",vllm/worker/model_runner.py:1234,6.5,9.8,48.144,52.144,0.21,0.58
0,MatMulV2,"[[1,1024],[1024,4096]]",vllm/worker/model_runner.py:1234,6.5,9.8,186.016,190.016,0.21,0.58
0,FusedInferAttentionScore,"[[1,1024],[1024,4096]]",vllm/worker/model_runner.py:1234,6.5,9.8,93.441,97.441,0.21,0.58
0,RmsNorm,"[[1,1024],[1024,4096]]",vllm/worker/model_runner.py:1234,6.5,9.8,18.793,22.793,0.21,0.58
0,AllReduce,"[[1,1024],[1024,4096]]",vllm/worker/model_runner.py:1234,6.5,9.8,49.665,53.665,0.21,0.58
0,MatMulV2,"[[1,1024],[1024,4096]]",vllm/worker/model_runner.py:1234,6.5,9.8,154.918,158.918,0.21,0.58
0,FusedInferAttentionScore,"[[1,1024],[1024,4096]]",vllm/worker/model_runner.py:1234,6.5,9.8,86.027,90.027,0.21,0.58
0,RmsNorm,"[[1,1024],[1024,4096]]",vllm/worker/model_runner.py:1234,6.5,9.8,21.468,25.468,0.21,0.58
0,AllReduce,"[[1,1024],[1024,4096]]",vllm/worker/model_runner.py:1234,6.5,9.8,50.008,54.008,0.21,0.58
0,MatMulV2,"[[1,1024],[1024,4096]]",vllm/worker/model_runner.py:1234,6.5,9.8,182.071,186.071,0.21,0.58
0,FusedInferAttentionScore,"[[1,1024],[1024,4096]]",vllm/worker/model_runner.py:1234,6.5,9.8,97.636,101.636,0.21,0.58
0,RmsNorm,"[[1,1024],[1024,4096]]",vllm/worker/model_runner.py:1234,6.5,9.8,21.798,25.798,0.21,0.58
0,AllReduce,"[[1,1024],[1024,4096]]",vllm/worker/model_runner.py:1234,6.5,9.8,49.212,53.212,0.21,0.58
0,MatMulV2,"[[1,1024],[1024,4096]]",vllm/worker/model_runner.py:1234,6.5,9.8,184.763,188.763,0.21,0.58
0,FusedInferAttentionScore,"[[1,1024],[1024,4096]]",vllm/worker/model_runner.py:1234,6.5,9.8,84.965,88.965,0.21,0.58
0,RmsNorm,"[[1,1024],[1024,4096]]",vllm/worker/model_runner.py:1234,6.5,9.8,18.841,22.841,0.21,0.58
0,AllReduce,"[[1,1024],[1024,4096]]",vllm/worker/model_runner.py:1234,6.5,9.8,45.815,49.815,0.21,0.58
0,MatMulV2,"[[1,1024],[1024,4096]]",vllm/worker/model_runner.py:1234,6.5,9.8,160.499,164.499,0.21,0.58
0,FusedInferAttentionScore,"[[1,1024],[1024,4096]]",vllm/worker/model_runner.py:1234,6.5,9.8,91.571,95.571,0.21,0.58
0,RmsNorm,"[[1,1024],[1024,4096]]",vllm/worker/model_runner.py:1234,6.5,9.8,18.16,22.16,0.21,0.58
0,AllReduce,"[[1,1024],[1024,4096]]",vllm/worker/model_runner.py:1234,6.5,9.8,44.91,48.91,0.21,0.58
0,MatMulV2,"[[1,1024],[1024,4096]]",vllm/worker/model_runner.py:1234,6.5,9.8,170.427,174.427,0.21,0.58
0,FusedInferAttentionScore,"[[1,1024],[1024,4096]]",vllm/worker/model_runner.py:1234,6.5,9.8,92.741,96.741,0.21,0.58
0,RmsNorm,"[[1,1024],[1024,4096]]",vllm/worker/model_runner.py:1234,6.5,9.8,25.678,29.678,0.21,0.58
0,AllReduce,"[[1,1024],[1024,4096]]",vllm/worker/model_runner.py:1234,6.5,9.8,52.35,56.35,0.21,0.58
0,MatMulV2,"[[1,1024],[1024,4096]]",vllm/worker/model_runner.py:1234,6.5,9.8,177.366,181.366,0.21,0.58
0,FusedInferAttentionScore,"[[1,1024],[1024,4096]]",vllm/worker/model_runner.py:1234,6.5,9.8,90.681,94.681,0.21,0.58
0,RmsNorm,"[[1,1024],[1024,4096]]",vllm/worker/model_runner.py:1234,6.5,9.8,17.725,21.725,0.21,0.58
0,AllReduce,"[[1,1024],[1024,4096]]",vllm/worker/model_runner.py:1234,6.5,9.8,43.224,47.224,0.21,0.58
0,MatMulV2,"[[1,1024],[1024,4096]]",vllm/worker/model_runner.py:1234,6.5,9.8,178.846,182.846,0.21,0.58
0,FusedInferAttentionScore,"[[1,1024],[1024,4096]]",vllm/worker/model_runner.py:1234,6.5,9.8,89.076,93.076,0.21,0.58
0,RmsNorm,"[[1,1024],[1024,4096]]",vllm/worker/model_runner.py:1234,6.5,9.8,19.955,23.955,0.21,0.58
0,AllReduce,"[[1,1024],[1024,4096]]",vllm/worker/model_runner.py:1234,6.5,9.8,48.775,52.775,0.21,0.58
0,MatMulV2,"[[1,1024],[1024,4096]]",vllm/worker/model_runner.py:1234,6.5,9.8,166.062,170.062,0.21,0.58
0,FusedInferAttentionScore,"[[1,1024],[1024,4096]]",vllm/worker/model_runner.py:1234,6.5,9.8,84.542,88.542,0.21,0.58
0,RmsNorm,"[[1,1024],[1024,4096]]",vllm/worker/model_runner.py:1234,6.5,9.8,25.229,29.229,0.21,0.58
0,AllReduce,"[[1,1024],[1024,4096]]",vllm/worker/model_runner.py:1234,6.5,9.8,47.502,51.502,0.21,0.58
0,MatMulV2,"[[1,1024],[1024,4096]]",vllm/worker/model_runner.py:1234,6.5,9.8,162.149,166.149,0.21,0.58
0,FusedInferAttentionScore,"[[1,1024],[1024,4096]]",vllm/worker/model_runner.py:1234,6.5,9.8,90.993,94.993,0.21,0.58
0,RmsNorm,"[[1,1024],[1024,4096]]",vllm/worker/model_runner.py:1234,6.5,9.8,19.545,23.545,0.21,0.58
0,AllReduce,"[[1,1024],[1024,4096]]",vllm/worker/model_runner.py:1234,6.5,9.8,49.393,53.393,0.21,0.58
0,MatMulV2,"[[1,1024],[1024,4096]]",vllm/worker/model_runner.py:1234,6.5,9.8,159.694,163.694,0.21,0.58
0,FusedInferAttentionScore,"[[1,1024],[1024,4096]]",vllm/worker/model_runner.py:1234,6.5,9.8,91.474,95.474,0.21,0.58
0,RmsNorm,"[[1,1024],[1024,4096]]",vllm/worker/model_runner.py:1234,6.5,9.8,17.702,21.702,0.21,0.58
0,AllReduce,"[[1,1024],[1024,4096]]",vllm/worker/model_runner.py:1234,6.5,9.8,44.645,48.645,0.21,0.58
0,MatMulV2,"[[1,1024],[1024,4096]]",vllm/worker/model_runner.py:1234,6.5,9.8,159.868,163.868,0.21,0.58
0,FusedInferAttentionScore,"[[1,1024],[1024,4096]]",vllm/worker/model_runner.py:1234,6.5,9.8,86.475,90.475,0.21,0.58
0,RmsNorm,"[[1,1024],[1024,4096]]",vllm/worker/model_runner.py:1234,6.5,9.8,21.394,25.394,0.21,0.58
0,AllReduce,"[[1,1024],[1024,4096]]",vllm/worker/model_runner.py:1234,6.5,9.8,47.419,51.419,0.21,0.58
0,MatMulV2,"[[1,1024],[1024,4096]]",vllm/worker/model_runner.py:1234,6.5,9.8,184.112,188.112,0.21,0.58
0,FusedInferAttentionScore,"[[1,1024],[1024,4096]]",vllm/worker/model_runner.py:1234,6.5,9.8,88.26,92.26,0.21,0.58
0,RmsNorm,"[[1,1024],[1024,4096]]",vllm/worker/model_runner.py:1234,6.5,9.8,25.813,29.813,0.21,0.58
0,AllReduce,"[[1,1024],[1024,4096]]",vllm/worker/model_runner.py:1234,6.5,9.8,45.175,49.175,0.21,0.58
0,MatMulV2,"[[1,1024],[1024,4096]]",vllm/worker/model_runner.py:1234,6.5,9.8,171.766,175.766,0.21,0.58
0,FusedInferAttentionScore,"[[1,1024],[1024,4096]]",vllm/worker/model_runner.py:1234,6.5,9.8,95.254,99.254,0.21,0.58
0,RmsNorm,"[[1,1024],[1024,4096]]",vllm/worker/model_runner.py:1234,6.5,9.8,18.247,22.247,0.21,0.58
0,AllReduce,"[[1,1024],[1024,4096]]",vllm/worker/model_runner.py:1234,6.5,9.8,50.548,54.548,0.21,0.58
0,MatMulV2,"[[1,1024],[1024,4096]]",vllm/worker/model_runner.py:1234,6.5,9.8,161.547,165.547,0.21,0.58
0,FusedInferAttentionScore,"[[1,1024],[1024,4096]]",vllm/worker/model_runner.py:1234,6.5,9.8,84.996,88.996,0.21,0.58
0,RmsNorm,"[[1,1024],[1024,4096]]",vllm/worker/model_runner.py:1234,6.5,9.8,19.972,23.972,0.21,0.58
0,AllReduce,"[[1,1024],[1024,4096]]",vllm/worker/model_runner.py:1234,6.5,9.8,51.903,55.903,0.21,0.58
0,MatMulV2,"[[1,1024],[1024,4096]]",vllm/worker/model_runner.py:1234,6.5,9.8,177.296,181.296,0.21,0.58
0,FusedInferAttentionScore,"[[1,1024],[1024,4096]]",vllm/worker/model_runner.py:1234,6.5,9.8,86.719,90.719,0.21,0.58
0,RmsNorm,"[[1,1024],[1024,4096]]",vllm/worker/model_runner.py:1234,6.5,9.8,22.515,26.515,0.21,0.58
0,AllReduce,"[[1,1024],[1024,4096]]",vllm/worker/model_runner.py:1234,6.5,9.8,45.125,49.125,0.21,0.58
0,MatMulV2,"[[1,1024],[1024,4096]]",vllm/worker/model_runner.py:1234,6.5,9.8,164.883,168.883,0.21,0.58
0,FusedInferAttentionScore,"[[1,1024],[1024,4096]]",vllm/worker/model_runner.py:1234,6.5,9.8,93.06,97.06,0.21,0.58
0,RmsNorm,"[[1,1024],[1024,4096]]",vllm/worker/model_runner.py:1234,6.5,9.8,23.575,27.575,0.21,0.58
0,AllReduce,"[[1,1024],[1024,4096]]",vllm/worker/model_runner.py:1234,6.5,9.8,43.598,47.598,0.21,0.58
0,MatMulV2,"[[1,1024],[1024,4096]]",vllm/worker/model_runner.py:1234,6.5,9.8,165.686,169.686,0.21,0.58
0,FusedInferAttentionScore,"[[1,1024],[1024,4096]]",vllm/worker/model_runner.py:1234,6.5,9.8,96.951,100.951,0.21,0.58
0,RmsNorm,"[[1,1024],[1024,4096]]",vllm/worker/model_runner.py:1234,6.5,9.8,18.103,22.103,0.21,0.58
0,AllReduce,"[[1,1024],[1024,4096]]",vllm/worker/model_runner.py:1234,6.5,9.8,52.112,56.112,0.21,0.58
0,MatMulV2,"[[1,1024],[1024,4096]]",vllm/worker/model_runner.py:1234,6.5,9.8,172.551,176.551,0.21,0.58
0,FusedInferAttentionScore,"[[1,1024],[1024,4096]]",vllm/worker/model_runner.py:1234,6.5,9.8,94.213,98.213,0.21,0.58
0,RmsNorm,"[[1,1024],[1024,4096]]",vllm/worker/model_runner.py:1234,6.5,9.8,22.205,26.205,0.21,0.58
0,AllReduce,"[[1,1024],[1024,4096]]",vllm/worker/model_runner.py:1234,6.5,9.8,50.458,54.458,0.21,0.58
0,MatMulV2,"[[1,1024],[1024,4096]]",vllm/worker/model_runner.py:1234,6.5,9.8,176.639,180.639,0.21,0.58
0,FusedInferAttentionScore,"[[1,1024],[1024,4096]]",vllm/worker/model_runner.py:1234,6.5,9.8,94.884,98.884,0.21,0.58
0,RmsNorm,"[[1,1024],[1024,4096]]",vllm/worker/model_runner.py:1234,6.5,9.8,24.983,28.983,0.21,0.58
0,AllReduce,"[[1,1024],[1024,4096]]",vllm/worker/model_runner.py:1234,6.5,9.8,44.457,48.457,0.21,0.58
0,MatMulV2,"[[1,1024],[1024,4096]]",vllm/worker/model_runner.py:1234,6.5,9.8,174.051,178.051,0.21,0.58
0,FusedInferAttentionScore,"[[1,1024],[1024,4096]]",vllm/worker/model_runner.py:1234,6.5,9.8,82.821,86.821,0.21,0.58
0,RmsNorm,"[[1,1024],[1024,4096]]",vllm/worker/model_runner.py:1234,6.5,9.8,20.777,24.777,0.21,0.58
0,AllReduce,"[[1,1024],[1024,4096]]",vllm/worker/model_runner.py:1234,6.5,9.8,52.574,56.574,0.21,0.58
0,MatMulV2,"[[1,1024],[1024,4096]]",vllm/worker/model_runner.py:1234,6.5,9.8,181.672,185.672,0.21,0.58
0,FusedInferAttentionScore,"[[1,1024],[1024,4096]]",vllm/worker/model_runner.py:1234,6.5,9.8,83.591,87.591,0.21,0.58
0,RmsNorm,"[[1,1024],[1024,4096]]",vllm/worker/model_runner.py:1234,6.5,9.8,21.316,25.316,0.21,0.58
0,AllReduce,"[[1,1024],[1024,4096]]",vllm/worker/model_runner.py:1234,6.5,9.8,52.264,56.264,0.21,0.58
0,MatMulV2,"[[1,1024],[1024,4096]]",vllm/worker/model_runner.py:1234,6.5,9.8,184.093,188.093,0.21,0.58
0,FusedInferAttentionScore,"[[1,1024],[1024,4096]]",vllm/worker/model_runner.py:1234,6.5,9.8,91.202,95.202,0.21,0.58
0,RmsNorm,"[[1,1024],[1024,4096]]",vllm/worker/model_runner.py:1234,6.5,9.8,19.842,23.842,0.21,0.58
0,AllReduce,"[[1,1024],[1024,4096]]",vllm/worker/model_runner.py:1234,6.5,9.8,47.005,51.005,0.21,0.58
0,MatMulV2,"[[1,1024],[1024,4096]]",vllm/worker/model_runner.py:1234,6.5,9.8,180.069,184.069,0.21,0.58
0,FusedInferAttentionScore,"[[1,1024],[1024,4096]]",vllm/worker/model_runner.py:1234,6.5,9.8,94.69,98.69,0.21,0.58
0,RmsNorm,"[[1,1024],[1024,4096]]",vllm/worker/model_runner.py:1234,6.5,9.8,22.327,26.327,0.21,0.58
0,AllReduce,"[[1,1024],[1024,4096]]",vllm/worker/model_runner.py:1234,6.5,9.8,52.562,56.562,0.21,0.58
0,MatMulV2,"[[1,1024],[1024,4096]]",vllm/worker/model_runner.py:1234,6.5,9.8,165.368,169.368,0.21,0.58
0,FusedInferAttentionScore,"[[1,1024],[1024,4096]]",vllm/worker/model_runner.py:1234,6.5,9.8,90.099,94.099,0.21,0.58
0,RmsNorm,"[[1,1024],[1024,4096]]",vllm/worker/model_runner.py:1234,6.5,9.8,25.43,29.43,0.21,0.58
0,AllReduce,"[[1,1024],[1024,4096]]",vllm/worker/model_runner.py:1234,6.5,9.8,43.44,47.44,0.21,0.58
0,MatMulV2,"[[1,1024],[1024,4096]]",vllm/worker/model_runner.py:1234,6.5,9.8,169.465,173.465,0.21,0.58
0,FusedInferAttentionScore,"[[1,1024],[1024,4096]]",vllm/worker/model_runner.py:1234,6.5,9.8,93.885,97.885,0.21,0.58
0,RmsNorm,"[[1,1024],[1024,4096]]",vllm/worker/model_runner.py:1234,6.5,9.8,25.527,29.527,0.21,0.58
0,AllReduce,"[[1,1024],[1024,4096]]",vllm/worker/model_runner.py:1234,6.5,9.8,46.87,50.87,0.21,0.58
0,MatMulV2,"[[1,1024],[1024,4096]]",vllm/worker/model_runner.py:1234,6.5,9.8,165.944,169.944,0.21,0.58
0,FusedInferAttentionScore,"[[1,1024],[1024,4096]]",vllm/worker/model_runner.py:1234,6.5,9.8,88.277,92.277,0.21,0.58
0,RmsNorm,"[[1,1024],[1024,4096]]",vllm/worker/model_runner.py:1234,6.5,9.8,22.052,26.052,0.21,0.58
0,AllReduce,"[[1,1024],[1024,4096]]",vllm/worker/model_runner.py:1234,6.5,9.8,46.074,50.074,0.21,0.58
0,MatMulV2,"[[1,1024],[1024,4096]]",vllm/worker/model_runner.py:1234,6.5,9.8,161.052,165.052,0.21,0.58
0,FusedInferAttentionScore,"[[1,1024],[1024,4096]]",vllm/worker/model_runner.py:1234,6.5,9.8,85.622,89.622,0.21,0.58
0,RmsNorm,"[[1,1024],[1024,4096]]",vllm/worker/model_runner.py:1234,6.5,9.8,24.687,28.687,0.21,0.58
0,AllReduce,"[[1,1024],[1024,4096]]",vllm/worker/model_runner.py:1234,6.5,9.8,48.171,52.171,0.21,0.58
0,MatMulV2,"[[1,1024],[1024,4096]]",vllm/worker/model_runner.py:1234,6.5,9.8,161.282,165.282,0.21,0.58
0,FusedInferAttentionScore,"[[1,1024],[1024,4096]]",vllm/worker/model_runner.py:1234,6.5,9.8,89.248,93.248,0.21,0.58
0,RmsNorm,"[[1,1024],[1024,4096]]",vllm/worker/model_runner.py:1234,6.5,9.8,23.245,27.245,0.21,0.58
0,AllReduce,"[[1,1024],[1024,4096]]",vllm/worker/model_runner.py:1234,6.5,9.8,50.468,54.468,0.21,0.58
0,MatMulV2,"[[1,1024],[1024,4096]]",vllm/worker/model_runner.py:1234,6.5,9.8,167.988,171.988,0.21,0.58
0,FusedInferAttentionScore,"[[1,1024],[1024,4096]]",vllm/worker/model_runner.py:1234,6.5,9.8,94.202,98.202,0.21,0.58
0,RmsNorm,"[[1,1024],[1024,4096]]",vllm/worker/model_runner.py:1234,6.5,9.8,24.102,28.102,0.21,0.58
0,AllReduce,"[[1,1024],[1024,4096]]",vllm/worker/model_runner.py:1234,6.5,9.8,45.043,49.043,0.21,0.58
0,aclrtMemcpyAsync_D2H,"[[1,1024],[1024,4096]]",vllm/worker/model_runner.py:1234,6.5,9.8,180,184,0.21,0.58
0,MatMulV2,"[[1,1024],[1024,4096]]",vllm/worker/model_runner.py:1234,6.5,9.8,160.856,164.856,0.21,0.58
0,FusedInferAttentionScore,"[[1,1024],[1024,4096]]",vllm/worker/model_runner.py:1234,6.5,9.8,96.274,100.274,0.21,0.58
0,RmsNorm,"[[1,1024],[1024,4096]]",vllm/worker/model_runner.py:1234,6.5,9.8,18.65,22.65,0.21,0.58
0,AllReduce,"[[1,1024],[1024,4096]]",vllm/worker/model_runner.py:1234,6.5,9.8,50.035,54.035,0.21,0.58
0,MatMulV2,"[[1,1024],[1024,4096]]",vllm/worker/model_runner.py:1234,6.5,9.8,181.959,185.959,0.21,0.58
0,FusedInferAttentionScore,"[[1,1024],[1024,4096]]",vllm/worker/model_runner.py:1234,6.5,9.8,82.701,86.701,0.21,0.58
0,RmsNorm,"[[1,1024],[1024,4096]]",vllm/worker/model_runner.py:1234,6.5,9.8,25.724,29.724,0.21,0.58
0,AllReduce,"[[1,1024],[1024,4096]]",vllm/worker/model_runner.py:1234,6.5,9.8,51.379,55.379,0.21,0.58
0,MatMulV2,"[[1,1024],[1024,4096]]",vllm/worker/model_runner.py:1234,6.5,9.8,167.02,171.02,0.21,0.58
0,FusedInferAttentionScore,"[[1,1024],[1024,4096]]",vllm/worker/model_runner.py:1234,6.5,9.8,83.458,87.458,0.21,0.58
0,RmsNorm,"[[1,1024],[1024,4096]]",vllm/worker/model_runner.py:1234,6.5,9.8,19.765,23.765,0.21,0.58
0,AllReduce,"[[1,1024],[1024,4096]]",vllm/worker/model_runner.py:1234,6.5,9.8,50.119,54.119,0.21,0.58
0,MatMulV2,"[[1,1024],[1024,4096]]",vllm/worker/model_runner.py:1234,6.5,9.8,167.845,171.845,0.21,0.58
0,FusedInferAttentionScore,"[[1,1024],[1024,4096]]",vllm/worker/model_runner.py:1234,6.5,9.8,94.881,98.881,0.21,0.58
0,RmsNorm,"[[1,1024],[1024,4096]]",vllm/worker/model_runner.py:1234,6.5,9.8,22.987,26.987,0.21,0.58
0,AllReduce,"[[1,1024],[1024,4096]]",vllm/worker/model_runner.py:1234,6.5,9.8,47.269,51.269,0.21,0.58
0,MatMulV2,"[[1,1024],[1024,4096]]",vllm/worker/model_runner.py:1234,6.5,9.8,182.508,186.508,0.21,0.58
0,FusedInferAttentionScore,"[[1,1024],[1024,4096]]",vllm/worker/model_runner.py:1234,6.5,9.8,84.93,88.93,0.21,0.58
0,RmsNorm,"[[1,1024],[1024,4096]]",vllm/worker/model_runner.py:1234,6.5,9.8,23.07,27.07,0.21,0.58
0,AllReduce,"[[1,1024],[1024,4096]]",vllm/worker/model_runner.py:1234,6.5,9.8,47.436,51.436,0.21,0.58
0,MatMulV2,"[[1,1024],[1024,4096]]",vllm/worker/model_runner.py:1234,6.5,9.8,172.185,176.185,0.21,0.58
0,FusedInferAttentionScore,"[[1,1024],[1024,4096]]",vllm/worker/model_runner.py:1234,6.5,9.8,85.944,89.944,0.21,0.58
0,RmsNorm,"[[1,1024],[1024,4096]]",vllm/worker/model_runner.py:1234,6.5,9.8,20.08,24.08,0.21,0.58
0,AllReduce,"[[1,1024],[1024,4096]]",vllm/worker/model_runner.py:1234,6.5,9.8,47.068,51.068,0.21,0.58
0,MatMulV2,"[[1,1024],[1024,4096]]",vllm/worker/model_runner.py:1234,6.5,9.8,169.517,173.517,0.21,0.58
0,FusedInferAttentionScore,"[[1,1024],[1024,4096]]",vllm/worker/model_runner.py:1234,6.5,9.8,98.409,102.409,0.21,0.58
0,RmsNorm,"[[1,1024],[1024,4096]]",vllm/worker/model_runner.py:1234,6.5,9.8,20.691,24.691,0.21,0.58
0,AllReduce,"[[1,1024],[1024,4096]]",vllm/worker/model_runner.py:1234,6.5,9.8,48.299,52.299,0.21,0.58
0,MatMulV2,"[[1,1024],[1024,4096]]",vllm/worker/model_runner.py:1234,6.5,9.8,153.933,157.933,0.21,0.58
0,FusedInferAttentionScore,"[[1,1024],[1024,4096]]",vllm/worker/model_runner.py:1234,6.5,9.8,91.776,95.776,0.21,0.58
0,RmsNorm,"[[1,1024],[1024,4096]]",vllm/worker/model_runner.py:1234,6.5,9.8,20.016,24.016,0.21,0.58
0,AllReduce,"[[1,1024],[1024,4096]]",vllm/worker/model_runner.py:1234,6.5,9.8,45.713,49.713,0.21,0.58
0,MatMulV2,"[[1,1024],[1024,4096]]",vllm/worker/model_runner.py:1234,6.5,9.8,159.815,163.815,0.21,0.58
0,FusedInferAttentionScore,"[[1,1024],[1024,4096]]",vllm/worker/model_runner.py:1234,6.5,9.8,86.862,90.862,0.21,0.58
0,RmsNorm,"[[1,1024],[1024,4096]]",vllm/worker/model_runner.py:1234,6.5,9.8,22.319,26.319,0.21,0.58
0,AllReduce,"[[1,1024],[1024,4096]]",vllm/worker/model_runner.py:1234,6.5,9.8,51.009,55.009,0.21,0.58
0,MatMulV2,"[[1,1024],[1024,4096]]",vllm/worker/model_runner.py:1234,6.5,9.8,173.927,177.927,0.21,0.58
0,FusedInferAttentionScore,"[[1,1024],[1024,4096]]",vllm/worker/model_runner.py:1234,6.5,9.8,92.857,96.857,0.21,0.58
0,RmsNorm,"[[1,1024],[1024,4096]]",vllm/worker/model_runner.py:1234,6.5,9.8,22.103,26.103,0.21,0.58
0,AllReduce,"[[1,1024],[1024,4096]]",vllm/worker/model_runner.py:1234,6.5,9.8,50.088,54.088,0.21,0.58
0,MatMulV2,"[[1,1024],[1024,4096]]",vllm/worker/model_runner.py:1234,6.5,9.8,169.011,173.011,0.21,0.58
0,FusedInferAttentionScore,"[[1,1024],[1024,4096]]",vllm/worker/model_runner.py:1234,6.5,9.8,90.479,94.479,0.21,0.58
0,RmsNorm,"[[1,1024],[1024,4096]]",vllm/worker/model_runner.py:1234,6.5,9.8,18.858,22.858,0.21,0.58
0,AllReduce,"[[1,1024],[1024,4096]]",vllm/worker/model_runner.py:1234,6.5,9.8,48.727,52.727,0.21,0.58
0,MatMulV2,"[[1,1024],[1024,4096]]",vllm/worker/model_runner.py:1234,6.5,9.8,186.958,190.958,0.21,0.58
0,FusedInferAttentionScore,"[[1,1024],[1024,4096]]",vllm/worker/model_runner.py:1234,6.5,9.8,95.298,99.298,0.21,0.58
0,RmsNorm,"[[1,1024],[1024,4096]]",vllm/worker/model_runner.py:1234,6.5,9.8,17.764,21.764,0.21,0.58
0,AllReduce,"[[1,1024],[1024,4096]]",vllm/worker/model_runner.py:1234,6.5,9.8,48.595,52.595,0.21,0.58
0,MatMulV2,"[[1,1024],[1024,4096]]",vllm/worker/model_runner.py:1234,6.5,9.8,155.449,159.449,0.21,0.58
0,FusedInferAttentionScore,"[[1,1024],[1024,4096]]",vllm/worker/model_runner.py:1234,6.5,9.8,87.77,91.77,0.21,0.58
0,RmsNorm,"[[1,1024],[1024,4096]]",vllm/worker/model_runner.py:1234,6.5,9.8,23.622,27.622,0.21,0.58
0,AllReduce,"[[1,1024],[1024,4096]]",vllm/worker/model_runner.py:1234,6.5,9.8,47.341,51.341,0.21,0.58
0,MatMulV2,"[[1,1024],[1024,4096]]",vllm/worker/model_runner.py:1234,6.5,9.8,184.49,188.49,0.21,0.58
0,FusedInferAttentionScore,"[[1,1024],[1024,4096]]",vllm/worker/model_runner.py:1234,6.5,9.8,87,91,0.21,0.58
0,RmsNorm,"[[1,1024],[1024,4096]]",vllm/worker/model_runner.py:1234,6.5,9.8,19.917,23.917,0.21,0.58
0,AllReduce,"[[1,1024],[1024,4096]]",vllm/worker/model_runner.py:1234,6.5,9.8,43.725,47.725,0.21,0.58
0,MatMulV2,"[[1,1024],[1024,4096]]",vllm/worker/model_runner.py:1234,6.5,9.8,159.728,163.728,0.21,0.58
0,FusedInferAttentionScore,"[[1,1024],[1024,4096]]",vllm/worker/model_runner.py:1234,6.5,9.8,91.785,95.785,0.21,0.58
0,RmsNorm,"[[1,1024],[1024,4096]]",vllm/worker/model_runner.py:1234,6.5,9.8,23.885,27.885,0.21,0.58
0,AllReduce,"[[1,1024],[1024,4096]]",vllm/worker/model_runner.py:1234,6.5,9.8,50.332,54.332,0.21,0.58
0,MatMulV2,"[[1,1024],[1024,4096]]",vllm/worker/model_runner.py:1234,6.5,9.8,177.98,181.98,0.21,0.58
0,FusedInferAttentionScore,"[[1,1024],[1024,4096]]",vllm/worker/model_runner.py:1234,6.5,9.8,84.939,88.939,0.21,0.58
0,RmsNorm,"[[1,1024],[1024,4096]]",vllm/worker/model_runner.py:1234,6.5,9.8,20.291,24.291,0.21,0.58
0,AllReduce,"[[1,1024],[1024,4096]]",vllm/worker/model_runner.py:1234,6.5,9.8,51.621,55.621,0.21,0.58
0,MatMulV2,"[[1,1024],[1024,4096]]",vllm/worker/model_runner.py:1234,6.5,9.8,182.845,186.845,0.21,0.58
0,FusedInferAttentionScore,"[[1,1024],[1024,4096]]",vllm/worker/model_runner.py:1234,6.5,9.8,85.465,89.465,0.21,0.58
0,RmsNorm,"[[1,1024],[1024,4096]]",vllm/worker/model_runner.py:1234,6.5,9.8,18.778,22.778,0.21,0.58
0,AllReduce,"[[1,1024],[1024,4096]]",vllm/worker/model_runner.py:1234,6.5,9.8,49.051,53.051,0.21,0.58
0,MatMulV2,"[[1,1024],[1024,4096]]",vllm/worker/model_runner.py:1234,6.5,9.8,158.844,162.844,0.21,0.58
0,FusedInferAttentionScore,"[[1,1024],[1024,4096]]",vllm/worker/model_runner.py:1234,6.5,9.8,93.576,97.576,0.21,0.58
0,RmsNorm,"[[1,1024],[1024,4096]]",vllm/worker/model_runner.py:1234,6.5,9.8,24.306,28.306,0.21,0.58
0,AllReduce,"[[1,1024],[1024,4096]]",vllm/worker/model_runner.py:1234,6.5,9.8,49.452,53.452,0.21,0.58
0,MatMulV2,"[[1,1024],[1024,4096]]",vllm/worker/model_runner.py:1234,6.5,9.8,176.966,180.966,0.21,0.58
0,FusedInferAttentionScore,"[[1,1024],[1024,4096]]",vllm/worker/model_runner.py:1234,6.5,9.8,84.114,88.114,0.21,0.58
0,RmsNorm,"[[1,1024],[1024,4096]]",vllm/worker/model_runner.py:1234,6.5,9.8,20.339,24.339,0.21,0.58
0,AllReduce,"[[1,1024],[1024,4096]]",vllm/worker/model_runner.py:1234,6.5,9.8,47.176,51.176,0.21,0.58
0,MatMulV2,"[[1,1024],[1024,4096]]",vllm/worker/model_runner.py:1234,6.5,9.8,171.036,175.036,0.21,0.58
0,FusedInferAttentionScore,"[[1,1024],[1024,4096]]",vllm/worker/model_runner.py:1234,6.5,9.8,82.394,86.394,0.21,0.58
0,RmsNorm,"[[1,1024],[1024,4096]]",vllm/worker/model_runner.py:1234,6.5,9.8,22.693,26.693,0.21,0.58
0,AllReduce,"[[1,1024],[1024,4096]]",vllm/worker/model_runner.py:1234,6.5,9.8,43.38,47.38,0.21,0.58
0,MatMulV2,"[[1,1024],[1024,4096]]",vllm/worker/model_runner.py:1234,6.5,9.8,182.82,186.82,0.21,0.58
0,FusedInferAttentionScore,"[[1,1024],[1024,4096]]",vllm/worker/model_runner.py:1234,6.5,9.8,90.996,94.996,0.21,0.58
0,RmsNorm,"[[1,1024],[1024,4096]]",vllm/worker/model_runner.py:1234,6.5,9.8,17.71,21.71,0.21,0.58
0,AllReduce,"[[1,1024],[1024,4096]]",vllm/worker/model_runner.py:1234,6.5,9.8,52.193,56.193,0.21,0.58
0,MatMulV2,"[[1,1024],[1024,4096]]",vllm/worker/model_runner.py:1234,6.5,9.8,156.253,160.253,0.21,0.58
0,FusedInferAttentionScore,"[[1,1024],[1024,4096]]",vllm/worker/model_runner.py:1234,6.5,9.8,90.555,94.555,0.21,0.58
0,RmsNorm,"[[1,1024],[1024,4096]]",vllm/worker/model_runner.py:1234,6.5,9.8,23.067,27.067,0.21,0.58
0,AllReduce,"[[1,1024],[1024,4096]]",vllm/worker/model_runner.py:1234,6.5,9.8,45.927,49.927,0.21,0.58
0,MatMulV2,"[[1,1024],[1024,4096]]",vllm/worker/model_runner.py:1234,6.5,9.8,171.718,175.718,0.21,0.58
0,FusedInferAttentionScore,"[[1,1024],[1024,4096]]",vllm/worker/model_runner.py:1234,6.5,9.8,90.057,94.057,0.21,0.58
0,RmsNorm,"[[1,1024],[1024,4096]]",vllm/worker/model_runner.py:1234,6.5,9.8,18.886,22.886,0.21,0.58
0,AllReduce,"[[1,1024],[1024,4096]]",vllm/worker/model_runner.py:1234,6.5,9.8,43.456,47.456,0.21,0.58
0,MatMulV2,"[[1,1024],[1024,4096]]",vllm/worker/model_runner.py:1234,6.5,9.8,183.769,187.769,0.21,0.58
0,FusedInferAttentionScore,"[[1,1024],[1024,4096]]",vllm/worker/model_runner.py:1234,6.5,9.8,98.689,102.689,0.21,0.58
0,RmsNorm,"[[1,1024],[1024,4096]]",vllm/worker/model_runner.py:1234,6.5,9.8,18.253,22.253,0.21,0.58
0,AllReduce,"[[1,1024],[1024,4096]]",vllm/worker/model_runner.py:1234,6.5,9.8,49.146,53.146,0.21,0.58
0,MatMulV2,"[[1,1024],[1024,4096]]",vllm/worker/model_runner.py:1234,6.5,9.8,170.201,174.201,0.21,0.58
0,FusedInferAttentionScore,"[[1,1024],[1024,4096]]",vllm/worker/model_runner.py:1234,6.5,9.8,93.773,97.773,0.21,0.58
0,RmsNorm,"[[1,1024],[1024,4096]]",vllm/worker/model_runner.py:1234,6.5,9.8,20.415,24.415,0.21,0.58
0,AllReduce,"[[1,1024],[1024,4096]]",vllm/worker/model_runner.py:1234,6.5,9.8,51.258,55.258,0.21,0.58
0,MatMulV2,"[[1,1024],[1024,4096]]",vllm/worker/model_runner.py:1234,6.5,9.8,180.893,184.893,0.21,0.58
0,FusedInferAttentionScore,"[[1,1024],[1024,4096]]",vllm/worker/model_runner.py:1234,6.5,9.8,81.801,85.801,0.21,0.58
0,RmsNorm,"[[1,1024],[1024,4096]]",vllm/worker/model_runner.py:1234,6.5,9.8,23.358,27.358,0.21,0.58
0,AllReduce,"[[1,1024],[1024,4096]]",vllm/worker/model_runner.py:1234,6.5,9.8,51.19,55.19,0.21,0.58
0,MatMulV2,"[[1,1024],[1024,4096]]",vllm/worker/model_runner.py:1234,6.5,9.8,157.303,161.303,0.21,0.58
0,FusedInferAttentionScore,"[[1,1024],[1024,4096]]",vllm/worker/model_runner.py:1234,6.5,9.8,84.124,88.124,0.21,0.58
0,RmsNorm,"[[1,1024],[1024,4096]]",vllm/worker/model_runner.py:1234,6.5,9.8,19.443,23.443,0.21,0.58
0,AllReduce,"[[1,1024],[1024,4096]]",vllm/worker/model_runner.py:1234,6.5,9.8,49.302,53.302,0.21,0.58
0,MatMulV2,"[[1,1024],[1024,4096]]",vllm/worker/model_runner.py:1234,6.5,9.8,184.048,188.048,0.21,0.58
0,FusedInferAttentionScore,"[[1,1024],[1024,4096]]",vllm/worker/model_runner.py:1234,6.5,9.8,81.306,85.306,0.21,0.58
0,RmsNorm,"[[1,1024],[1024,4096]]",vllm/worker/model_runner.py:1234,6.5,9.8,23.193,27.193,0.21,0.58
0,AllReduce,"[[1,1024],[1024,4096]]",vllm/worker/model_runner.py:1234,6.5,9.8,49.878,53.878,0.21,0.58
0,MatMulV2,"[[1,1024],[1024,4096]]",vllm/worker/model_runner.py:1234,6.5,9.8,176.452,180.452,0.21,0.58
0,FusedInferAttentionScore,"[[1,1024],[1024,4096]]",vllm/worker/model_runner.py:1234,6.5,9.8,98.69,102.69,0.21,0.58
0,RmsNorm,"[[1,1024],[1024,4096]]",vllm/worker/model_runner.py:1234,6.5,9.8,24.115,28.115,0.21,0.58
0,AllReduce,"[[1,1024],[1024,4096]]",vllm/worker/model_runner.py:1234,6.5,9.8,44.568,48.568,0.21,0.58
0,MatMulV2,"[[1,1024],[1024,4096]]",vllm/worker/model_runner.py:1234,6.5,9.8,158.483,162.483,0.21,0.58
0,FusedInferAttentionScore,"[[1,1024],[1024,4096]]",vllm/worker/model_runner.py:1234,6.5,9.8,98.193,102.193,0.21,0.58
0,RmsNorm,"[[1,1024],[1024,4096]]",vllm/worker/model_runner.py:1234,6.5,9.8,23.649,27.649,0.21,0.58
0,AllReduce,"[[1,1024],[1024,4096]]",vllm/worker/model_runner.py:1234,6.5,9.8,51.267,55.267,0.21,0.58
0,MatMulV2,"[[1,1024],[1024,4096]]",vllm/worker/model_runner.py:1234,6.5,9.8,185.984,189.984,0.21,0.58
0,FusedInferAttentionScore,"[[1,1024],[1024,4096]]",vllm/worker/model_runner.py:1234,6.5,9.8,83.876,87.876,0.21,0.58
0,RmsNorm,"[[1,1024],[1024,4096]]",vllm/worker/model_runner.py:1234,6.5,9.8,18.324,22.324,0.21,0.58
0,AllReduce,"[[1,1024],[1024,4096]]",vllm/worker/model_runner.py:1234,6.5,9.8,47.78,51.78,0.21,0.58
0,MatMulV2,"[[1,1024],[1024,4096]]",vllm/worker/model_runner.py:1234,6.5,9.8,164.776,168.776,0.21,0.58
0,FusedInferAttentionScore,"[[1,1024],[1024,4096]]",vllm/worker/model_runner.py:1234,6.5,9.8,94.643,98.643,0.21,0.58
0,RmsNorm,"[[1,1024],[1024,4096]]",vllm/worker/model_runner.py:1234,6.5,9.8,24.919,28.919,0.21,0.58
0,AllReduce,"[[1,1024],[1024,4096]]",vllm/worker/model_runner.py:1234,6.5,9.8,47.348,51.348,0.21,0.58
0,aclrtMemcpyAsync_D2H,"[[1,1024],[1024,4096]]",vllm/worker/model_runner.py:1234,6.5,9.8,180,184,0.21,0.58
0,MatMulV2,"[[1,1024],[1024,4096]]",vllm/worker/model_runner.py:1234,6.5,9.8,155.664,159.664,0.21,0.58
0,FusedInferAttentionScore,"[[1,1024],[1024,4096]]",vllm/worker/model_runner.py:1234,6.5,9.8,90.125,94.125,0.21,0.58
0,RmsNorm,"[[1,1024],[1024,4096]]",vllm/worker/model_runner.py:1234,6.5,9.8,19.749,23.749,0.21,0.58
0,AllReduce,"[[1,1024],[1024,4096]]",vllm/worker/model_runner.py:1234,6.5,9.8,47.189,51.189,0.21,0.58
0,MatMulV2,"[[1,1024],[1024,4096]]",vllm/worker/model_runner.py:1234,6.5,9.8,175.009,179.009,0.21,0.58
0,FusedInferAttentionScore,"[[1,1024],[1024,4096]]",vllm/worker/model_runner.py:1234,6.5,9.8,93.096,97.096,0.21,0.58
0,RmsNorm,"[[1,1024],[1024,4096]]",vllm/worker/model_runner.py:1234,6.5,9.8,23.418,27.418,0.21,0.58
0,AllReduce,"[[1,1024],[1024,4096]]",vllm/worker/model_runner.py:1234,6.5,9.8,46.727,50.727,0.21,0.58
0,MatMulV2,"[[1,1024],[1024,4096]]",vllm/worker/model_runner.py:1234,6.5,9.8,184.47,188.47,0.21,0.58
0,FusedInferAttentionScore,"[[1,1024],[1024,4096]]",vllm/worker/model_runner.py:1234,6.5,9.8,86.629,90.629,0.21,0.58
0,RmsNorm,"[[1,1024],[1024,4096]]",vllm/worker/model_runner.py:1234,6.5,9.8,24.356,28.356,0.21,0.58
0,AllReduce,"[[1,1024],[1024,4096]]",vllm/worker/model_runner.py:1234,6.5,9.8,46.572,50.572,0.21,0.58
0,MatMulV2,"[[1,1024],[1024,4096]]",vllm/worker/model_runner.py:1234,6.5,9.8,181.014,185.014,0.21,0.58
0,FusedInferAttentionScore,"[[1,1024],[1024,4096]]",vllm/worker/model_runner.py:1234,6.5,9.8,84.564,88.564,0.21,0.58
0,RmsNorm,"[[1,1024],[1024,4096]]",vllm/worker/model_runner.py:1234,6.5,9.8,19.246,23.246,0.21,0.58
0,AllReduce,"[[1,1024],[1024,4096]]",vllm/worker/model_runner.py:1234,6.5,9.8,52.228,56.228,0.21,0.58
0,MatMulV2,"[[1,1024],[1024,4096]]",vllm/worker/model_runner.py:1234,6.5,9.8,153.69,157.69,0.21,0.58
0,FusedInferAttentionScore,"[[1,1024],[1024,4096]]",vllm/worker/model_runner.py:1234,6.5,9.8,96.683,100.683,0.21,0.58
0,RmsNorm,"[[1,1024],[1024,4096]]",vllm/worker/model_runner.py:1234,6.5,9.8,18.013,22.013,0.21,0.58
0,AllReduce,"[[1,1024],[1024,4096]]",vllm/worker/model_runner.py:1234,6.5,9.8,52.149,56.149,0.21,0.58
0,MatMulV2,"[[1,1024],[1024,4096]]",vllm/worker/model_runner.py:1234,6.5,9.8,177.229,181.229,0.21,0.58
0,FusedInferAttentionScore,"[[1,1024],[1024,4096]]",vllm/worker/model_runner.py:1234,6.5,9.8,90.595,94.595,0.21,0.58
0,RmsNorm,"[[1,1024],[1024,4096]]",vllm/worker/model_runner.py:1234,6.5,9.8,23.521,27.521,0.21,0.58
0,AllReduce,"[[1,1024],[1024,4096]]",vllm/worker/model_runner.py:1234,6.5,9.8,45.119,49.119,0.21,0.58
0,MatMulV2,"[[1,1024],[1024,4096]]",vllm/worker/model_runner.py:1234,6.5,9.8,175.505,179.505,0.21,0.58
0,FusedInferAttentionScore,"[[1,1024],[1024,4096]]",vllm/worker/model_runner.py:1234,6.5,9.8,84.498,88.498,0.21,0.58
0,RmsNorm,"[[1,1024],[1024,4096]]",vllm/worker/model_runner.py:1234,6.5,9.8,20.217,24.217,0.21,0.58
0,AllReduce,"[[1,1024],[1024,4096]]",vllm/worker/model_runner.py:1234,6.5,9.8,45.701,49.701,0.21,0.58
0,MatMulV2,"[[1,1024],[1024,4096]]",vllm/worker/model_runner.py:1234,6.5,9.8,154.393,158.393,0.21,0.58
0,FusedInferAttentionScore,"[[1,1024],[1024,4096]]",vllm/worker/model_runner.py:1234,6.5,9.8,95.455,99.455,0.21,0.58
0,RmsNorm,"[[1,1024],[1024,4096]]",vllm/worker/model_runner.py:1234,6.5,9.8,25.761,29.761,0.21,0.58
0,AllReduce,"[[1,1024],[1024,4096]]",vllm/worker/model_runner.py:1234,6.5,9.8,46.908,50.908,0.21,0.58
0,MatMulV2,"[[1,1024],[1024,4096]]",vllm/worker/model_runner.py:1234,6.5,9.8,182.049,186.049,0.21,0.58
0,FusedInferAttentionScore,"[[1,1024],[1024,4096]]",vllm/worker/model_runner.py:1234,6.5,9.8,86.363,90.363,0.21,0.58
0,RmsNorm,"[[1,1024],[1024,4096]]",vllm/worker/model_runner.py:1234,6.5,9.8,24.271,28.271,0.21,0.58
0,AllReduce,"[[1,1024],[1024,4096]]",vllm/worker/model_runner.py:1234,6.5,9.8,46.444,50.444,0.21,0.58
0,MatMulV2,"[[1,1024],[1024,4096]]",vllm/worker/model_runner.py:1234,6.5,9.8,185.143,189.143,0.21,0.58
0,FusedInferAttentionScore,"[[1,1024],[1024,4096]]",vllm/worker/model_runner.py:1234,6.5,9.8,95.25,99.25,0.21,0.58
0,RmsNorm,"[[1,1024],[1024,4096]]",vllm/worker/model_runner.py:1234,6.5,9.8,24.434,28.434,0.21,0.58
0,AllReduce,"[[1,1024],[1024,4096]]",vllm/worker/model_runner.py:1234,6.5,9.8,43.678,47.678,0.21,0.58
0,MatMulV2,"[[1,1024],[1024,4096]]",vllm/worker/model_runner.py:1234,6.5,9.8,182.079,186.079,0.21,0.58
0,FusedInferAttentionScore,"[[1,1024],[1024,4096]]",vllm/worker/model_runner.py:1234,6.5,9.8,87.071,91.071,0.21,0.58
0,RmsNorm,"[[1,1024],[1024,4096]]",vllm/worker/model_runner.py:1234,6.5,9.8,21.504,25.504,0.21,0.58
0,AllReduce,"[[1,1024],[1024,4096]]",vllm/worker/model_runner.py:1234,6.5,9.8,51.27,55.27,0.21,0.58
0,MatMulV2,"[[1,1024],[1024,4096]]",vllm/worker/model_runner.py:1234,6.5,9.8,154.736,158.736,0.21,0.58
0,FusedInferAttentionScore,"[[1,1024],[1024,4096]]",vllm/worker/model_runner.py:1234,6.5,9.8,98.656,102.656,0.21,0.58
0,RmsNorm,"[[1,1024],[1024,4096]]",vllm/worker/model_runner.py:1234,6.5,9.8,22.845,26.845,0.21,0.58
0,AllReduce,"[[1,1024],[1024,4096]]",vllm/worker/model_runner.py:1234,6.5,9.8,52.638,56.638,0.21,0.58
0,MatMulV2,"[[1,1024],[1024,4096]]",vllm/worker/model_runner.py:1234,6.5,9.8,162.753,166.753,0.21,0.58
0,FusedInferAttentionScore,"[[1,1024],[1024,4096]]",vllm/worker/model_runner.py:1234,6.5,9.8,81.962,85.962,0.21,0.58
0,RmsNorm,"[[1,1024],[1024,4096]]",vllm/worker/model_runner.py:1234,6.5,9.8,26.035,30.035,0.21,0.58
0,AllReduce,"[[1,1024],[1024,4096]]",vllm/worker/model_runner.py:1234,6.5,9.8,49.988,53.988,0.21,0.58
0,MatMulV2,"[[1,1024],[1024,4096]]",vllm/worker/model_runner.py:1234,6.5,9.8,156.896,160.896,0.21,0.58
0,FusedInferAttentionScore,"[[1,1024],[1024,4096]]",vllm/worker/model_runner.py:1234,6.5,9.8,97.289,101.289,0.21,0.58
0,RmsNorm,"[[1,1024],[1024,4096]]",vllm/worker/model_runner.py:1234,6.5,9.8,25.582,29.582,0.21,0.58
0,AllReduce,"[[1,1024],[1024,4096]]",vllm/worker/model_runner.py:1234,6.5,9.8,52.464,56.464,0.21,0.58
0,MatMulV2,"[[1,1024],[1024,4096]]",vllm/worker/model_runner.py:1234,6.5,9.8,180.541,184.541,0.21,0.58
0,FusedInferAttentionScore,"[[1,1024],[1024,4096]]",vllm/worker/model_runner.py:1234,6.5,9.8,90.61,94.61,0.21,0.58
0,RmsNorm,"[[1,1024],[1024,4096]]",vllm/worker/model_runner.py:1234,6.5,9.8,20.89,24.89,0.21,0.58
0,AllReduce,"[[1,1024],[1024,4096]]",vllm/worker/model_runner.py:1234,6.5,9.8,48.375,52.375,0.21,0.58
0,MatMulV2,"[[1,1024],[1024,4096]]",vllm/worker/model_runner.py:1234,6.5,9.8,160.789,164.789,0.21,0.58
0,FusedInferAttentionScore,"[[1,1024],[1024,4096]]",vllm/worker/model_runner.py:1234,6.5,9.8,95.688,99.688,0.21,0.58
0,RmsNorm,"[[1,1024],[1024,4096]]",vllm/worker/model_runner.py:1234,6.5,9.8,17.903,21.903,0.21,0.58
0,AllReduce,"[[1,1024],[1024,4096]]",vllm/worker/model_runner.py:1234,6.5,9.8,46.242,50.242,0.21,0.58
0,MatMulV2,"[[1,1024],[1024,4096]]",vllm/worker/model_runner.py:1234,6.5,9.8,165.266,169.266,0.21,0.58
0,FusedInferAttentionScore,"[[1,1024],[1024,4096]]",vllm/worker/model_runner.py:1234,6.5,9.8,86.114,90.114,0.21,0.58
0,RmsNorm,"[[1,1024],[1024,4096]]",vllm/worker/model_runner.py:1234,6.5,9.8,19.072,23.072,0.21,0.58
0,AllReduce,"[[1,1024],[1024,4096]]",vllm/worker/model_runner.py:1234,6.5,9.8,51.014,55.014,0.21,0.58
0,MatMulV2,"[[1,1024],[1024,4096]]",vllm/worker/model_runner.py:1234,6.5,9.8,173.119,177.119,0.21,0.58
0,FusedInferAttentionScore,"[[1,1024],[1024,4096]]",vllm/worker/model_runner.py:1234,6.5,9.8,92.934,96.934,0.21,0.58
0,RmsNorm,"[[1,1024],[1024,4096]]",vllm/worker/model_runner.py:1234,6.5,9.8,24.884,28.884,0.21,0.58
0,AllReduce,"[[1,1024],[1024,4096]]",vllm/worker/model_runner.py:1234,6.5,9.8,45.812,49.812,0.21,0.58
0,MatMulV2,"[[1,1024],[1024,4096]]",vllm/worker/model_runner.py:1234,6.5,9.8,185.256,189.256,0.21,0.58
0,FusedInferAttentionScore,"[[1,1024],[1024,4096]]",vllm/worker/model_runner.py:1234,6.5,9.8,92.028,96.028,0.21,0.58
0,RmsNorm,"[[1,1024],[1024,4096]]",vllm/worker/model_runner.py:1234,6.5,9.8,19.578,23.578,0.21,0.58
0,AllReduce,"[[1,1024],[1024,4096]]",vllm/worker/model_runner.py:1234,6.5,9.8,51.938,55.938,0.21,0.58
0,MatMulV2,"[[1,1024],[1024,4096]]",vllm/worker/model_runner.py:1234,6.5,9.8,181.348,185.348,0.21,0.58
0,FusedInferAttentionScore,"[[1,1024],[1024,4096]]",vllm/worker/model_runner.py:1234,6.5,9.8,87.881,91.881,0.21,0.58
0,RmsNorm,"[[1,1024],[1024,4096]]",vllm/worker/model_runner.py:1234,6.5,9.8,21.508,25.508,0.21,0.58
0,AllReduce,"[[1,1024],[1024,4096]]",vllm/worker/model_runner.py:1234,6.5,9.8,44.713,48.713,0.21,0.58
0,MatMulV2,"[[1,1024],[1024,4096]]",vllm/worker/model_runner.py:1234,6.5,9.8,153.634,157.634,0.21,0.58
0,FusedInferAttentionScore,"[[1,1024],[1024,4096]]",vllm/worker/model_runner.py:1234,6.5,9.8,86.914,90.914,0.21,0.58
0,RmsNorm,"[[1,1024],[1024,4096]]",vllm/worker/model_runner.py:1234,6.5,9.8,25.563,29.563,0.21,0.58
0,AllReduce,"[[1,1024],[1024,4096]]",vllm/worker/model_runner.py:1234,6.5,9.8,52.278,56.278,0.21,0.58
0,MatMulV2,"[[1,1024],[1024,4096]]",vllm/worker/model_runner.py:1234,6.5,9.8,184.051,188.051,0.21,0.58
0,FusedInferAttentionScore,"[[1,1024],[1024,4096]]",vllm/worker/model_runner.py:1234,6.5,9.8,90.027,94.027,0.21,0.58
0,RmsNorm,"[[1,1024],[1024,4096]]",vllm/worker/model_runner.py:1234,6.5,9.8,19.308,23.308,0.21,0.58
0,AllReduce,"[[1,1024],[1024,4096]]",vllm/worker/model_runner.py:1234,6.5,9.8,46.926,50.926,0.21,0.58
0,MatMulV2,"[[1,1024],[1024,4096]]",vllm/worker/model_runner.py:1234,6.5,9.8,165.73,169.73,0.21,0.58
0,FusedInferAttentionScore,"[[1,1024],[1024,4096]]",vllm/worker/model_runner.py:1234,6.5,9.8,94.512,98.512,0.21,0.58
0,RmsNorm,"[[1,1024],[1024,4096]]",vllm/worker/model_runner.py:1234,6.5,9.8,19.06,23.06,0.21,0.58
0,AllReduce,"[[1,1024],[1024,4096]]",vllm/worker/model_runner.py:1234,6.5,9.8,47.3,51.3,0.21,0.58
0,MatMulV2,"[[1,1024],[1024,4096]]",vllm/worker/model_runner.py:1234,6.5,9.8,172.382,176.382,0.21,0.58
0,FusedInferAttentionScore,"[[1,1024],[1024,4096]]",vllm/worker/model_runner.py:1234,6.5,9.8,81.995,85.995,0.21,0.58
0,RmsNorm,"[[1,1024],[1024,4096]]",vllm/worker/model_runner.py:1234,6.5,9.8,21.557,25.557,0.21,0.58
0,AllReduce,"[[1,1024],[1024,4096]]",vllm/worker/model_runner.py:1234,6.5,9.8,45.817,49.817,0.21,0.58
0,MatMulV2,"[[1,1024],[1024,4096]]",vllm/worker/model_runner.py:1234,6.5,9.8,175.609,179.609,0.21,0.58
0,FusedInferAttentionScore,"[[1,1024],[1024,4096]]",vllm/worker/model_runner.py:1234,6.5,9.8,81.547,85.547,0.21,0.58
0,RmsNorm,"[[1,1024],[1024,4096]]",vllm/worker/model_runner.py:1234,6.5,9.8,24.245,28.245,0.21,0.58
0,AllReduce,"[[1,1024],[1024,4096]]",vllm/worker/model_runner.py:1234,6.5,9.8,50.057,54.057,0.21,0.58
0,MatMulV2,"[[1,1024],[1024,4096]]",vllm/worker/model_runner.py:1234,6.5,9.8,164.672,168.672,0.21,0.58
0,FusedInferAttentionScore,"[[1,1024],[1024,4096]]",vllm/worker/model_runner.py:1234,6.5,9.8,95.652,99.652,0.21,0.58
0,RmsNorm,"[[1,1024],[1024,4096]]",vllm/worker/model_runner.py:1234,6.5,9.8,23.016,27.016,0.21,0.58
0,AllReduce,"[[1,1024],[1024,4096]]",vllm/worker/model_runner.py:1234,6.5,9.8,49.283,53.283,0.21,0.58
0,MatMulV2,"[[1,1024],[1024,4096]]",vllm/worker/model_runner.py:1234,6.5,9.8,167.739,171.739,0.21,0.58
0,FusedInferAttentionScore,"[[1,1024],[1024,4096]]",vllm/worker/model_runner.py:1234,6.5,9.8,95.15,99.15,0.21,0.58
0,RmsNorm,"[[1,1024],[1024,4096]]",vllm/worker/model_runner.py:1234,6.5,9.8,21.656,25.656,0.21,0.58
0,AllReduce,"[[1,1024],[1024,4096]]",vllm/worker/model_runner.py:1234,6.5,9.8,46.025,50.025,0.21,0.58
0,MatMulV2,"[[1,1024],[1024,4096]]",vllm/worker/model_runner.py:1234,6.5,9.8,158.157,162.157,0.21,0.58
0,FusedInferAttentionScore,"[[1,1024],[1024,4096]]",vllm/worker/model_runner.py:1234,6.5,9.8,95.845,99.845,0.21,0.58
0,RmsNorm,"[[1,1024],[1024,4096]]",vllm/worker/model_runner.py:1234,6.5,9.8,19.017,23.017,0.21,0.58
0,AllReduce,"[[1,1024],[1024,4096]]",vllm/worker/model_runner.py:1234,6.5,9.8,45.492,49.492,0.21,0.58
0,MatMulV2,"[[1,1024],[1024,4096]]",vllm/worker/model_runner.py:1234,6.5,9.8,177.771,181.771,0.21,0.58
0,FusedInferAttentionScore,"[[1,1024],[1024,4096]]",vllm/worker/model_runner.py:1234,6.5,9.8,81.911,85.911,0.21,0.58
0,RmsNorm,"[[1,1024],[1024,4096]]",vllm/worker/model_runner.py:1234,6.5,9.8,21.362,25.362,0.21,0.58
0,AllReduce,"[[1,1024],[1024,4096]]",vllm/worker/model_runner.py:1234,6.5,9.8,51.551,55.551,0.21,0.58
0,MatMulV2,"[[1,1024],[1024,4096]]",vllm/worker/model_runner.py:1234,6.5,9.8,167.82,171.82,0.21,0.58
0,FusedInferAttentionScore,"[[1,1024],[1024,4096]]",vllm/worker/model_runner.py:1234,6.5,9.8,85.765,89.765,0.21,0.58
0,RmsNorm,"[[1,1024],[1024,4096]]",vllm/worker/model_runner.py:1234,6.5,9.8,23.916,27.916,0.21,0.58
0,AllReduce,"[[1,1024],[1024,4096]]",vllm/worker/model_runner.py:1234,6.5,9.8,43.631,47.631,0.21,0.58
0,MatMulV2,"[[1,1024],[1024,4096]]",vllm/worker/model_runner.py:1234,6.5,9.8,162.451,166.451,0.21,0.58
0,FusedInferAttentionScore,"[[1,1024],[1024,4096]]",vllm/worker/model_runner.py:1234,6.5,9.8,90.555,94.555,0.21,0.58
0,RmsNorm,"[[1,1024],[1024,4096]]",vllm/worker/model_runner.py:1234,6.5,9.8,22.274,26.274,0.21,0.58
0,AllReduce,"[[1,1024],[1024,4096]]",vllm/worker/model_runner.py:1234,6.5,9.8,45.697,49.697,0.21,0.58
0,MatMulV2,"[[1,1024],[1024,4096]]",vllm/worker/model_runner.py:1234,6.5,9.8,156.018,160.018,0.21,0.58
0,FusedInferAttentionScore,"[[1,1024],[1024,4096]]",vllm/worker/model_runner.py:1234,6.5,9.8,95.121,99.121,0.21,0.58
0,RmsNorm,"[[1,1024],[1024,4096]]",vllm/worker/model_runner.py:1234,6.5,9.8,20.66,24.66,0.21,0.58
0,AllReduce,"[[1,1024],[1024,4096]]",vllm/worker/model_runner.py:1234,6.5,9.8,47.985,51.985,0.21,0.58
0,aclrtMemcpyAsync_D2H,"[[1,1024],[1024,4096]]",vllm/worker/model_runner.py:1234,6.5,9.8,180,184,0.21,0.58
0,MatMulV2,"[[1,1024],[1024,4096]]",vllm/worker/model_runner.py:1234,6.5,9.8,185.225,189.225,0.21,0.58
0,FusedInferAttentionScore,"[[1,1024],[1024,4096]]",vllm/worker/model_runner.py:1234,6.5,9.8,98.885,102.885,0.21,0.58
0,RmsNorm,"[[1,1024],[1024,4096]]",vllm/worker/model_runner.py:1234,6.5,9.8,26.188,30.188,0.21,0.58
0,AllReduce,"[[1,1024],[1024,4096]]",vllm/worker/model_runner.py:1234,6.5,9.8,44.158,48.158,0.21,0.58
0,MatMulV2,"[[1,1024],[1024,4096]]",vllm/worker/model_runner.py:1234,6.5,9.8,179.267,183.267,0.21,0.58
0,FusedInferAttentionScore,"[[1,1024],[1024,4096]]",vllm/worker/model_runner.py:1234,6.5,9.8,85.426,89.426,0.21,0.58
0,RmsNorm,"[[1,1024],[1024,4096]]",vllm/worker/model_runner.py:1234,6.5,9.8,19.284,23.284,0.21,0.58
0,AllReduce,"[[1,1024],[1024,4096]]",vllm/worker/model_runner.py:1234,6.5,9.8,47.668,51.668,0.21,0.58
0,MatMulV2,"[[1,1024],[1024,4096]]",vllm/worker/model_runner.py:1234,6.5,9.8,167.554,171.554,0.21,0.58
0,FusedInferAttentionScore,"[[1,1024],[1024,4096]]",vllm/worker/model_runner.py:1234,6.5,9.8,92.146,96.146,0.21,0.58
0,RmsNorm,"[[1,1024],[1024,4096]]",vllm/worker/model_runner.py:1234,6.5,9.8,18.897,22.897,0.21,0.58
0,AllReduce,"[[1,1024],[1024,4096]]",vllm/worker/model_runner.py:1234,6.5,9.8,47.726,51.726,0.21,0.58
0,MatMulV2,"[[1,1024],[1024,4096]]",vllm/worker/model_runner.py:1234,6.5,9.8,173.082,177.082,0.21,0.58
0,FusedInferAttentionScore,"[[1,1024],[1024,4096]]",vllm/worker/model_runner.py:1234,6.5,9.8,84.71,88.71,0.21,0.58
0,RmsNorm,"[[1,1024],[1024,4096]]",vllm/worker/model_runner.py:1234,6.5,9.8,19.834,23.834,0.21,0.58
0,AllReduce,"[[1,1024],[1024,4096]]",vllm/worker/model_runner.py:1234,6.5,9.8,45.279,49.279,0.21,0.58
0,MatMulV2,"[[1,1024],[1024,4096]]",vllm/worker/model_runner.py:1234,6.5,9.8,166.044,170.044,0.21,0.58
0,FusedInferAttentionScore,"[[1,1024],[1024,4096]]",vllm/worker/model_runner.py:1234,6.5,9.8,82.699,86.699,0.21,0.58
0,RmsNorm,"[[1,1024],[1024,4096]]",vllm/worker/model_runner.py:1234,6.5,9.8,20.01,24.01,0.21,0.58
0,AllReduce,"[[1,1024],[1024,4096]]",vllm/worker/model_runner.py:1234,6.5,9.8,50.416,54.416,0.21,0.58
0,MatMulV2,"[[1,1024],[1024,4096]]",vllm/worker/model_runner.py:1234,6.5,9.8,185.477,189.477,0.21,0.58
0,FusedInferAttentionScore,"[[1,1024],[1024,4096]]",vllm/worker/model_runner.py:1234,6.5,9.8,82.79,86.79,0.21,0.58
0,RmsNorm,"[[1,1024],[1024,4096]]",vllm/worker/model_runner.py:1234,6.5,9.8,23.619,27.619,0.21,0.58
0,AllReduce,"[[1,1024],[1024,4096]]",vllm/worker/model_runner.py:1234,6.5,9.8,50.154,54.154,0.21,0.58
0,MatMulV2,"[[1,1024],[1024,4096]]",vllm/worker/model_runner.py:1234,6.5,9.8,168.358,172.358,0.21,0.58
0,FusedInferAttentionScore,"[[1,1024],[1024,4096]]",vllm/worker/model_runner.py:1234,6.5,9.8,83.479,87.479,0.21,0.58
0,RmsNorm,"[[1,1024],[1024,4096]]",vllm/worker/model_runner.py:1234,6.5,9.8,25.292,29.292,0.21,0.58
0,AllReduce,"[[1,1024],[1024,4096]]",vllm/worker/model_runner.py:1234,6.5,9.8,47.563,51.563,0.21,0.58
0,MatMulV2,"[[1,1024],[1024,4096]]",vllm/worker/model_runner.py:1234,6.5,9.8,156.063,160.063,0.21,0.58
0,FusedInferAttentionScore,"[[1,1024],[1024,4096]]",vllm/worker/model_runner.py:1234,6.5,9.8,87.888,91.888,0.21,0.58
0,RmsNorm,"[[1,1024],[1024,4096]]",vllm/worker/model_runner.py:1234,6.5,9.8,17.751,21.751,0.21,0.58
0,AllReduce,"[[1,1024],[1024,4096]]",vllm/worker/model_runner.py:1234,6.5,9.8,45.168,49.168,0.21,0.58
0,MatMulV2,"[[1,1024],[1024,4096]]",vllm/worker/model_runner.py:1234,6.5,9.8,162.566,166.566,0.21,0.58
0,FusedInferAttentionScore,"[[1,1024],[1024,4096]]",vllm/worker/model_runner.py:1234,6.5,9.8,91.677,95.677,0.21,0.58
0,RmsNorm,"[[1,1024],[1024,4096]]",vllm/worker/model_runner.py:1234,6.5,9.8,23.637,27.637,0.21,0.58
0,AllReduce,"[[1,1024],[1024,4096]]",vllm/worker/model_runner.py:1234,6.5,9.8,49.598,53.598,0.21,0.58
0,MatMulV2,"[[1,1024],[1024,4096]]",vllm/worker/model_runner.py:1234,6.5,9.8,153.325,157.325,0.21,0.58
0,FusedInferAttentionScore,"[[1,1024],[1024,4096]]",vllm/worker/model_runner.py:1234,6.5,9.8,85.605,89.605,0.21,0.58
0,RmsNorm,"[[1,1024],[1024,4096]]",vllm/worker/model_runner.py:1234,6.5,9.8,22.391,26.391,0.21,0.58
0,AllReduce,"[[1,1024],[1024,4096]]",vllm/worker/model_runner.py:1234,6.5,9.8,52.005,56.005,0.21,0.58
0,MatMulV2,"[[1,1024],[1024,4096]]",vllm/worker/model_runner.py:1234,6.5,9.8,184.227,188.227,0.21,0.58
0,FusedInferAttentionScore,"[[1,1024],[1024,4096]]",vllm/worker/model_runner.py:1234,6.5,9.8,88.766,92.766,0.21,0.58
0,RmsNorm,"[[1,1024],[1024,4096]]",vllm/worker/model_runner.py:1234,6.5,9.8,23.696,27.696,0.21,0.58
0,AllReduce,"[[1,1024],[1024,4096]]",vllm/worker/model_runner.py:1234,6.5,9.8,46.825,50.825,0.21,0.58
0,MatMulV2,"[[1,1024],[1024,4096]]",vllm/worker/model_runner.py:1234,6.5,9.8,180.515,184.515,0.21,0.58
0,FusedInferAttentionScore,"[[1,1024],[1024,4096]]",vllm/worker/model_runner.py:1234,6.5,9.8,89.019,93.019,0.21,0.58
0,RmsNorm,"[[1,1024],[1024,4096]]",vllm/worker/model_runner.py:1234,6.5,9.8,21.947,25.947,0.21,0.58
0,AllReduce,"[[1,1024],[1024,4096]]",vllm/worker/model_runner.py:1234,6.5,9.8,48.225,52.225,0.21,0.58
0,MatMulV2,"[[1,1024],[1024,4096]]",vllm/worker/model_runner.py:1234,6.5,9.8,170.102,174.102,0.21,0.58
0,FusedInferAttentionScore,"[[1,1024],[1024,4096]]",vllm/worker/model_runner.py:1234,6.5,9.8,95.668,99.668,0.21,0.58
0,RmsNorm,"[[1,1024],[1024,4096]]",vllm/worker/model_runner.py:1234,6.5,9.8,26.049,30.049,0.21,0.58
0,AllReduce,"[[1,1024],[1024,4096]]",vllm/worker/model_runner.py:1234,6.5,9.8,46.78,50.78,0.21,0.58
0,MatMulV2,"[[1,1024],[1024,4096]]",vllm/worker/model_runner.py:1234,6.5,9.8,162.17,166.17,0.21,0.58
0,FusedInferAttentionScore,"[[1,1024],[1024,4096]]",vllm/worker/model_runner.py:1234,6.5,9.8,81.903,85.903,0.21,0.58
0,RmsNorm,"[[1,1024],[1024,4096]]",vllm/worker/model_runner.py:1234,6.5,9.8,17.826,21.826,0.21,0.58
0,AllReduce,"[[1,1024],[1024,4096]]",vllm/worker/model_runner.py:1234,6.5,9.8,43.335,47.335,0.21,0.58
0,MatMulV2,"[[1,1024],[1024,4096]]",vllm/worker/model_runner.py:1234,6.5,9.8,162.477,166.477,0.21,0.58
0,FusedInferAttentionScore,"[[1,1024],[1024,4096]]",vllm/worker/model_runner.py:1234,6.5,9.8,85.037,89.037,0.21,0.58
0,RmsNorm,"[[1,1024],[1024,4096]]",vllm/worker/model_runner.py:1234,6.5,9.8,20.128,24.128,0.21,0.58
0,AllReduce,"[[1,1024],[1024,4096]]",vllm/worker/model_runner.py:1234,6.5,9.8,49.806,53.806,0.21,0.58
0,MatMulV2,"[[1,1024],[1024,4096]]",vllm/worker/model_runner.py:1234,6.5,9.8,179.257,183.257,0.21,0.58
0,FusedInferAttentionScore,"[[1,1024],[1024,4096]]",vllm/worker/model_runner.py:1234,6.5,9.8,89.079,93.079,0.21,0.58
0,RmsNorm,"[[1,1024],[1024,4096]]",vllm/worker/model_runner.py:1234,6.5,9.8,17.929,21.929,0.21,0.58
0,AllReduce,"[[1,1024],[1024,4096]]",vllm/worker/model_runner.py:1234,6.5,9.8,45.057,49.057,0.21,0.58
0,MatMulV2,"[[1,1024],[1024,4096]]",vllm/worker/model_runner.py:1234,6.5,9.8,184.13,188.13,0.21,0.58
0,FusedInferAttentionScore,"[[1,1024],[1024,4096]]",vllm/worker/model_runner.py:1234,6.5,9.8,92.665,96.665,0.21,0.58
0,RmsNorm,"[[1,1024],[1024,4096]]",vllm/worker/model_runner.py:1234,6.5,9.8,23.492,27.492,0.21,0.58
0,AllReduce,"[[1,1024],[1024,4096]]",vllm/worker/model_runner.py:1234,6.5,9.8,49.22,53.22,0.21,0.58
0,MatMulV2,"[[1,1024],[1024,4096]]",vllm/worker/model_runner.py:1234,6.5,9.8,170.942,174.942,0.21,0.58
0,FusedInferAttentionScore,"[[1,1024],[1024,4096]]",vllm/worker/model_runner.py:1234,6.5,9.8,85.885,89.885,0.21,0.58
0,RmsNorm,"[[1,1024],[1024,4096]]",vllm/worker/model_runner.py:1234,6.5,9.8,24.501,28.501,0.21,0.58
0,AllReduce,"[[1,1024],[1024,4096]]",vllm/worker/model_runner.py:1234,6.5,9.8,50.194,54.194,0.21,0.58
0,MatMulV2,"[[1,1024],[1024,4096]]",vllm/worker/model_runner.py:1234,6.5,9.8,157.905,161.905,0.21,0.58
0,FusedInferAttentionScore,"[[1,1024],[1024,4096]]",vllm/worker/model_runner.py:1234,6.5,9.8,96.026,100.026,0.21,0.58
0,RmsNorm,"[[1,1024],[1024,4096]]",vllm/worker/model_runner.py:1234,6.5,9.8,22.646,26.646,0.21,0.58
0,AllReduce,"[[1,1024],[1024,4096]]",vllm/worker/model_runner.py:1234,6.5,9.8,46.482,50.482,0.21,0.58
0,MatMulV2,"[[1,1024],[1024,4096]]",vllm/worker/model_runner.py:1234,6.5,9.8,156.987,160.987,0.21,0.58
0,FusedInferAttentionScore,"[[1,1024],[1024,4096]]",vllm/worker/model_runner.py:1234,6.5,9.8,88.779,92.779,0.21,0.58
0,RmsNorm,"[[1,1024],[1024,4096]]",vllm/worker/model_runner.py:1234,6.5,9.8,20.33,24.33,0.21,0.58
0,AllReduce,"[[1,1024],[1024,4096]]",vllm/worker/model_runner.py:1234,6.5,9.8,50.505,54.505,0.21,0.58
0,MatMulV2,"[[1,1024],[1024,4096]]",vllm/worker/model_runner.py:1234,6.5,9.8,176.922,180.922,0.21,0.58
0,FusedInferAttentionScore,"[[1,1024],[1024,4096]]",vllm/worker/model_runner.py:1234,6.5,9.8,91.928,95.928,0.21,0.58
0,RmsNorm,"[[1,1024],[1024,4096]]",vllm/worker/model_runner.py:1234,6.5,9.8,17.82,21.82,0.21,0.58
0,AllReduce,"[[1,1024],[1024,4096]]",vllm/worker/model_runner.py:1234,6.5,9.8,52.563,56.563,0.21,0.58
0,MatMulV2,"[[1,1024],[1024,4096]]",vllm/worker/model_runner.py:1234,6.5,9.8,164.768,168.768,0.21,0.58
0,FusedInferAttentionScore,"[[1,1024],[1024,4096]]",vllm/worker/model_runner.py:1234,6.5,9.8,85.055,89.055,0.21,0.58
0,RmsNorm,"[[1,1024],[1024,4096]]",vllm/worker/model_runner.py:1234,6.5,9.8,23.693,27.693,0.21,0.58
0,AllReduce,"[[1,1024],[1024,4096]]",vllm/worker/model_runner.py:1234,6.5,9.8,43.967,47.967,0.21,0.58
0,MatMulV2,"[[1,1024],[1024,4096]]",vllm/worker/model_runner.py:1234,6.5,9.8,173.41,177.41,0.21,0.58
0,FusedInferAttentionScore,"[[1,1024],[1024,4096]]",vllm/worker/model_runner.py:1234,6.5,9.8,85.301,89.301,0.21,0.58
0,RmsNorm,"[[1,1024],[1024,4096]]",vllm/worker/model_runner.py:1234,6.5,9.8,22.091,26.091,0.21,0.58
0,AllReduce,"[[1,1024],[1024,4096]]",vllm/worker/model_runner.py:1234,6.5,9.8,46.715,50.715,0.21,0.58
0,MatMulV2,"[[1,1024],[1024,4096]]",vllm/worker/model_runner.py:1234,6.5,9.8,166.918,170.918,0.21,0.58
0,FusedInferAttentionScore,"[[1,1024],[1024,4096]]",vllm/worker/model_runner.py:1234,6.5,9.8,89.695,93.695,0.21,0.58
0,RmsNorm,"[[1,1024],[1024,4096]]",vllm/worker/model_runner.py:1234,6.5,9.8,18.457,22.457,0.21,0.58
0,AllReduce,"[[1,1024],[1024,4096]]",vllm/worker/model_runner.py:1234,6.5,9.8,51.447,55.447,0.21,0.58
0,MatMulV2,"[[1,1024],[1024,4096]]",vllm/worker/model_runner.py:1234,6.5,9.8,176.162,180.162,0.21,0.58
0,FusedInferAttentionScore,"[[1,1024],[1024,4096]]",vllm/worker/model_runner.py:1234,6.5,9.8,97.108,101.108,0.21,0.58
0,RmsNorm,"[[1,1024],[1024,4096]]",vllm/worker/model_runner.py:1234,6.5,9.8,23.653,27.653,0.21,0.58
0,AllReduce,"[[1,1024],[1024,4096]]",vllm/worker/model_runner.py:1234,6.5,9.8,46.238,50.238,0.21,0.58
0,MatMulV2,"[[1,1024],[1024,4096]]",vllm/worker/model_runner.py:1234,6.5,9.8,165.598,169.598,0.21,0.58
0,FusedInferAttentionScore,"[[1,1024],[1024,4096]]",vllm/worker/model_runner.py:1234,6.5,9.8,95.339,99.339,0.21,0.58
0,RmsNorm,"[[1,1024],[1024,4096]]",vllm/worker/model_runner.py:1234,6.5,9.8,23.327,27.327,0.21,0.58
0,AllReduce,"[[1,1024],[1024,4096]]",vllm/worker/model_runner.py:1234,6.5,9.8,52.372,56.372,0.21,0.58
0,MatMulV2,"[[1,1024],[1024,4096]]",vllm/worker/model_runner.py:1234,6.5,9.8,170.62,174.62,0.21,0.58
0,FusedInferAttentionScore,"[[1,1024],[1024,4096]]",vllm/worker/model_runner.py:1234,6.5,9.8,83.38,87.38,0.21,0.58
0,RmsNorm,"[[1,1024],[1024,4096]]",vllm/worker/model_runner.py:1234,6.5,9.8,25.644,29.644,0.21,0.58
0,AllReduce,"[[1,1024],[1024,4096]]",vllm/worker/model_runner.py:1234,6.5,9.8,47.251,51.251,0.21,0.58
0,MatMulV2,"[[1,1024],[1024,4096]]",vllm/worker/model_runner.py:1234,6.5,9.8,185.393,189.393,0.21,0.58
0,FusedInferAttentionScore,"[[1,1024],[1024,4096]]",vllm/worker/model_runner.py:1234,6.5,9.8,95.385,99.385,0.21,0.58
0,RmsNorm,"[[1,1024],[1024,4096]]",vllm/worker/model_runner.py:1234,6.5,9.8,18.641,22.641,0.21,0.58
0,AllReduce,"[[1,1024],[1024,4096]]",vllm/worker/model_runner.py:1234,6.5,9.8,50.594,54.594,0.21,0.58
0,MatMulV2,"[[1,1024],[1024,4096]]",vllm/worker/model_runner.py:1234,6.5,9.8,173.577,177.577,0.21,0.58
0,FusedInferAttentionScore,"[[1,1024],[1024,4096]]",vllm/worker/model_runner.py:1234,6.5,9.8,89.375,93.375,0.21,0.58
0,RmsNorm,"[[1,1024],[1024,4096]]",vllm/worker/model_runner.py:1234,6.5,9.8,22.718,26.718,0.21,0.58
0,AllReduce,"[[1,1024],[1024,4096]]",vllm/worker/model_runner.py:1234,6.5,9.8,47.659,51.659,0.21,0.58
0,MatMulV2,"[[1,1024],[1024,4096]]",vllm/worker/model_runner.py:1234,6.5,9.8,174.83,178.83,0.21,0.58
0,FusedInferAttentionScore,"[[1,1024],[1024,4096]]",vllm/worker/model_runner.py:1234,6.5,9.8,90.211,94.211,0.21,0.58
0,RmsNorm,"[[1,1024],[1024,4096]]",vllm/worker/model_runner.py:1234,6.5,9.8,21.126,25.126,0.21,0.58
0,AllReduce,"[[1,1024],[1024,4096]]",vllm/worker/model_runner.py:1234,6.5,9.8,49.661,53.661,0.21,0.58
0,MatMulV2,"[[1,1024],[1024,4096]]",vllm/worker/model_runner.py:1234,6.5,9.8,182.516,186.516,0.21,0.58
0,FusedInferAttentionScore,"[[1,1024],[1024,4096]]",vllm/worker/model_runner.py:1234,6.5,9.8,98.864,102.864,0.21,0.58
0,RmsNorm,"[[1,1024],[1024,4096]]",vllm/worker/model_runner.py:1234,6.5,9.8,19.97,23.97,0.21,0.58
0,AllReduce,"[[1,1024],[1024,4096]]",vllm/worker/model_runner.py:1234,6.5,9.8,46.72,50.72,0.21,0.58
0,MatMulV2,"[[1,1024],[1024,4096]]",vllm/worker/model_runner.py:1234,6.5,9.8,163.159,167.159,0.21,0.58
0,FusedInferAttentionScore,"[[1,1024],[1024,4096]]",vllm/worker/model_runner.py:1234,6.5,9.8,86.665,90.665,0.21,0.58
0,RmsNorm,"[[1,1024],[1024,4096]]",vllm/worker/model_runner.py:1234,6.5,9.8,21.011,25.011,0.21,0.58
0,AllReduce,"[[1,1024],[1024,4096]]",vllm/worker/model_runner.py:1234,6.5,9.8,44.278,48.278,0.21,0.58
0,aclrtMemcpyAsync_D2H,"[[1,1024],[1024,4096]]",vllm/worker/model_runner.py:1234,6.5,9.8,180,184,0.21,0.58
0,MatMulV2,"[[1,1024],[1024,4096]]",vllm/worker/model_runner.py:1234,6.5,9.8,175.381,179.381,0.21,0.58
0,FusedInferAttentionScore,"[[1,1024],[1024,4096]]",vllm/worker/model_runner.py:1234,6.5,9.8,87.371,91.371,0.21,0.58
0,RmsNorm,"[[1,1024],[1024,4096]]",vllm/worker/model_runner.py:1234,6.5,9.8,21.485,25.485,0.21,0.58
0,AllReduce,"[[1,1024],[1024,4096]]",vllm/worker/model_runner.py:1234,6.5,9.8,47.461,51.461,0.21,0.58
0,MatMulV2,"[[1,1024],[1024,4096]]",vllm/worker/model_runner.py:1234,6.5,9.8,163.854,167.854,0.21,0.58
0,FusedInferAttentionScore,"[[1,1024],[1024,4096]]",vllm/worker/model_runner.py:1234,6.5,9.8,96.645,100.645,0.21,0.58
0,RmsNorm,"[[1,1024],[1024,4096]]",vllm/worker/model_runner.py:1234,6.5,9.8,23.466,27.466,0.21,0.58
0,AllReduce,"[[1,1024],[1024,4096]]",vllm/worker/model_runner.py:1234,6.5,9.8,48.82,52.82,0.21,0.58
0,MatMulV2,"[[1,1024],[1024,4096]]",vllm/worker/model_runner.py:1234,6.5,9.8,170.814,174.814,0.21,0.58
0,FusedInferAttentionScore,"[[1,1024],[1024,4096]]",vllm/worker/model_runner.py:1234,6.5,9.8,98.244,102.244,0.21,0.58
0,RmsNorm,"[[1,1024],[1024,4096]]",vllm/worker/model_runner.py:1234,6.5,9.8,19.71,23.71,0.21,0.58
0,AllReduce,"[[1,1024],[1024,4096]]",vllm/worker/model_runner.py:1234,6.5,9.8,52.242,56.242,0.21,0.58
0,MatMulV2,"[[1,1024],[1024,4096]]",vllm/worker/model_runner.py:1234,6.5,9.8,185.683,189.683,0.21,0.58
0,FusedInferAttentionScore,"[[1,1024],[1024,4096]]",vllm/worker/model_runner.py:1234,6.5,9.8,97.619,101.619,0.21,0.58
0,RmsNorm,"[[1,1024],[1024,4096]]",vllm/worker/model_runner.py:1234,6.5,9.8,18.988,22.988,0.21,0.58
0,AllReduce,"[[1,1024],[1024,4096]]",vllm/worker/model_runner.py:1234,6.5,9.8,48.777,52.777,0.21,0.58
0,MatMulV2,"[[1,1024],[1024,4096]]",vllm/worker/model_runner.py:1234,6.5,9.8,153.449,157.449,0.21,0.58
0,FusedInferAttentionScore,"[[1,1024],[1024,4096]]",vllm/worker/model_runner.py:1234,6.5,9.8,82.195,86.195,0.21,0.58
0,RmsNorm,"[[1,1024],[1024,4096]]",vllm/worker/model_runner.py:1234,6.5,9.8,20.016,24.016,0.21,0.58
0,AllReduce,"[[1,1024],[1024,4096]]",vllm/worker/model_runner.py:1234,6.5,9.8,43.838,47.838,0.21,0.58
0,MatMulV2,"[[1,1024],[1024,4096]]",vllm/worker/model_runner.py:1234,6.5,9.8,154.921,158.921,0.21,0.58
0,FusedInferAttentionScore,"[[1,1024],[1024,4096]]",vllm/worker/model_runner.py:1234,6.5,9.8,93.693,97.693,0.21,0.58
0,RmsNorm,"[[1,1024],[1024,4096]]",vllm/worker/model_runner.py:1234,6.5,9.8,24.171,28.171,0.21,0.58
0,AllReduce,"[[1,1024],[1024,4096]]",vllm/worker/model_runner.py:1234,6.5,9.8,44.022,48.022,0.21,0.58
0,MatMulV2,"[[1,1024],[1024,4096]]",vllm/worker/model_runner.py:1234,6.5,9.8,172.914,176.914,0.21,0.58
0,FusedInferAttentionScore,"[[1,1024],[1024,4096]]",vllm/worker/model_runner.py:1234,6.5,9.8,87.616,91.616,0.21,0.58
0,RmsNorm,"[[1,1024],[1024,4096]]",vllm/worker/model_runner.py:1234,6.5,9.8,20.026,24.026,0.21,0.58
0,AllReduce,"[[1,1024],[1024,4096]]",vllm/worker/model_runner.py:1234,6.5,9.8,52.305,56.305,0.21,0.58
0,MatMulV2,"[[1,1024],[1024,4096]]",vllm/worker/model_runner.py:1234,6.5,9.8,158.896,162.896,0.21,0.58
0,FusedInferAttentionScore,"[[1,1024],[1024,4096]]",vllm/worker/model_runner.py:1234,6.5,9.8,87.588,91.588,0.21,0.58
0,RmsNorm,"[[1,1024],[1024,4096]]",vllm/worker/model_runner.py:1234,6.5,9.8,24.545,28.545,0.21,0.58
0,AllReduce,"[[1,1024],[1024,4096]]",vllm/worker/model_runner.py:1234,6.5,9.8,45.957,49.957,0.21,0.58
0,MatMulV2,"[[1,1024],[1024,4096]]",vllm/worker/model_runner.py:1234,6.5,9.8,171.108,175.108,0.21,0.58
0,FusedInferAttentionScore,"[[1,1024],[1024,4096]]",vllm/worker/model_runner.py:1234,6.5,9.8,84.679,88.679,0.21,0.58
0,RmsNorm,"[[1,1024],[1024,4096]]",vllm/worker/model_runner.py:1234,6.5,9.8,21.574,25.574,0.21,0.58
0,AllReduce,"[[1,1024],[1024,4096]]",vllm/worker/model_runner.py:1234,6.5,9.8,48.328,52.328,0.21,0.58
0,MatMulV2,"[[1,1024],[1024,4096]]",vllm/worker/model_runner.py:1234,6.5,9.8,159.713,163.713,0.21,0.58
0,FusedInferAttentionScore,"[[1,1024],[1024,4096]]",vllm/worker/model_runner.py:1234,6.5,9.8,90.382,94.382,0.21,0.58
0,RmsNorm,"[[1,1024],[1024,4096]]",vllm/worker/model_runner.py:1234,6.5,9.8,18.865,22.865,0.21,0.58
0,AllReduce,"[[1,1024],[1024,4096]]",vllm/worker/model_runner.py:1234,6.5,9.8,43.258,47.258,0.21,0.58
0,MatMulV2,"[[1,1024],[1024,4096]]",vllm/worker/model_runner.py:1234,6.5,9.8,172.99,176.99,0.21,0.58
0,FusedInferAttentionScore,"[[1,1024],[1024,4096]]",vllm/worker/model_runner.py:1234,6.5,9.8,90.395,94.395,0.21,0.58
0,RmsNorm,"[[1,1024],[1024,4096]]",vllm/worker/model_runner.py:1234,6.5,9.8,24.672,28.672,0.21,0.58
0,AllReduce,"[[1,1024],[1024,4096]]",vllm/worker/model_runner.py:1234,6.5,9.8,49.659,53.659,0.21,0.58
0,MatMulV2,"[[1,1024],[1024,4096]]",vllm/worker/model_runner.py:1234,6.5,9.8,169.103,173.103,0.21,0.58
0,FusedInferAttentionScore,"[[1,1024],[1024,4096]]",vllm/worker/model_runner.py:1234,6.5,9.8,82.87,86.87,0.21,0.58
0,RmsNorm,"[[1,1024],[1024,4096]]",vllm/worker/model_runner.py:1234,6.5,9.8,19.954,23.954,0.21,0.58
0,AllReduce,"[[1,1024],[1024,4096]]",vllm/worker/model_runner.py:1234,6.5,9.8,52.217,56.217,0.21,0.58
0,MatMulV2,"[[1,1024],[1024,4096]]",vllm/worker/model_runner.py:1234,6.5,9.8,156.491,160.491,0.21,0.58
0,FusedInferAttentionScore,"[[1,1024],[1024,4096]]",vllm/worker/model_runner.py:1234,6.5,9.8,83.279,87.279,0.21,0.58
0,RmsNorm,"[[1,1024],[1024,4096]]",vllm/worker/model_runner.py:1234,6.5,9.8,22.028,26.028,0.21,0.58
0,AllReduce,"[[1,1024],[1024,4096]]",vllm/worker/model_runner.py:1234,6.5,9.8,43.366,47.366,0.21,0.58
0,MatMulV2,"[[1,1024],[1024,4096]]",vllm/worker/model_runner.py:1234,6.5,9.8,170.392,174.392,0.21,0.58
0,FusedInferAttentionScore,"[[1,1024],[1024,4096]]",vllm/worker/model_runner.py:1234,6.5,9.8,90.554,94.554,0.21,0.58
0,RmsNorm,"[[1,1024],[1024,4096]]",vllm/worker/model_runner.py:1234,6.5,9.8,20.898,24.898,0.21,0.58
0,AllReduce,"[[1,1024],[1024,4096]]",vllm/worker/model_runner.py:1234,6.5,9.8,50.088,54.088,0.21,0.58
0,MatMulV2,"[[1,1024],[1024,4096]]",vllm/worker/model_runner.py:1234,6.5,9.8,179.546,183.546,0.21,0.58
0,FusedInferAttentionScore,"[[1,1024],[1024,4096]]",vllm/worker/model_runner.py:1234,6.5,9.8,85.66,89.66,0.21,0.58
0,RmsNorm,"[[1,1024],[1024,4096]]",vllm/worker/model_runner.py:1234,6.5,9.8,20.513,24.513,0.21,0.58
0,AllReduce,"[[1,1024],[1024,4096]]",vllm/worker/model_runner.py:1234,6.5,9.8,50.275,54.275,0.21,0.58
0,MatMulV2,"[[1,1024],[1024,4096]]",vllm/worker/model_runner.py:1234,6.5,9.8,161.601,165.601,0.21,0.58
0,FusedInferAttentionScore,"[[1,1024],[1024,4096]]",vllm/worker/model_runner.py:1234,6.5,9.8,84.257,88.257,0.21,0.58
0,RmsNorm,"[[1,1024],[1024,4096]]",vllm/worker/model_runner.py:1234,6.5,9.8,23.382,27.382,0.21,0.58
0,AllReduce,"[[1,1024],[1024,4096]]",vllm/worker/model_runner.py:1234,6.5,9.8,50.628,54.628,0.21,0.58
0,MatMulV2,"[[1,1024],[1024,4096]]",vllm/worker/model_runner.py:1234,6.5,9.8,186.255,190.255,0.21,0.58
0,FusedInferAttentionScore,"[[1,1024],[1024,4096]]",vllm/worker/model_runner.py:1234,6.5,9.8,89.602,93.602,0.21,0.58
0,RmsNorm,"[[1,1024],[1024,4096]]",vllm/worker/model_runner.py:1234,6.5,9.8,19.179,23.179,0.21,0.58
0,AllReduce,"[[1,1024],[1024,4096]]",vllm/worker/model_runner.py:1234,6.5,9.8,43.611,47.611,0.21,0.58
0,MatMulV2,"[[1,1024],[1024,4096]]",vllm/worker/model_runner.py:1234,6.5,9.8,183.667,187.667,0.21,0.58
0,FusedInferAttentionScore,"[[1,1024],[1024,4096]]",vllm/worker/model_runner.py:1234,6.5,9.8,84.359,88.359,0.21,0.58
0,RmsNorm,"[[1,1024],[1024,4096]]",vllm/worker/model_runner.py:1234,6.5,9.8,22.59,26.59,0.21,0.58
0,AllReduce,"[[1,1024],[1024,4096]]",vllm/worker/model_runner.py:1234,6.5,9.8,43.443,47.443,0.21,0.58
0,MatMulV2,"[[1,1024],[1024,4096]]",vllm/worker/model_runner.py:1234,6.5,9.8,172.168,176.168,0.21,0.58
0,FusedInferAttentionScore,"[[1,1024],[1024,4096]]",vllm/worker/model_runner.py:1234,6.5,9.8,96.455,100.455,0.21,0.58
0,RmsNorm,"[[1,1024],[1024,4096]]",vllm/worker/model_runner.py:1234,6.5,9.8,23.025,27.025,0.21,0.58
0,AllReduce,"[[1,1024],[1024,4096]]",vllm/worker/model_runner.py:1234,6.5,9.8,48.247,52.247,0.21,0.58
0,MatMulV2,"[[1,1024],[1024,4096]]",vllm/worker/model_runner.py:1234,6.5,9.8,163.794,167.794,0.21,0.58
0,FusedInferAttentionScore,"[[1,1024],[1024,4096]]",vllm/worker/model_runner.py:1234,6.5,9.8,90.661,94.661,0.21,0.58
0,RmsNorm,"[[1,1024],[1024,4096]]",vllm/worker/model_runner.py:1234,6.5,9.8,19.042,23.042,0.21,0.58
0,AllReduce,"[[1,1024],[1024,4096]]",vllm/worker/model_runner.py:1234,6.5,9.8,46.732,50.732,0.21,0.58
0,MatMulV2,"[[1,1024],[1024,4096]]",vllm/worker/model_runner.py:1234,6.5,9.8,164.695,168.695,0.21,0.58
0,FusedInferAttentionScore,"[[1,1024],[1024,4096]]",vllm/worker/model_runner.py:1234,6.5,9.8,90.032,94.032,0.21,0.58
0,RmsNorm,"[[1,1024],[1024,4096]]",vllm/worker/model_runner.py:1234,6.5,9.8,22.115,26.115,0.21,0.58
0,AllReduce,"[[1,1024],[1024,4096]]",vllm/worker/model_runner.py:1234,6.5,9.8,46.142,50.142,0.21,0.58
0,MatMulV2,"[[1,1024],[1024,4096]]",vllm/worker/model_runner.py:1234,6.5,9.8,185.921,189.921,0.21,0.58
0,FusedInferAttentionScore,"[[1,1024],[1024,4096]]",vllm/worker/model_runner.py:1234,6.5,9.8,89.876,93.876,0.21,0.58
0,RmsNorm,"[[1,1024],[1024,4096]]",vllm/worker/model_runner.py:1234,6.5,9.8,22.187,26.187,0.21,0.58
0,AllReduce,"[[1,1024],[1024,4096]]",vllm/worker/model_runner.py:1234,6.5,9.8,52.628,56.628,0.21,0.58
0,MatMulV2,"[[1,1024],[1024,4096]]",vllm/worker/model_runner.py:1234,6.5,9.8,154.644,158.644,0.21,0.58
0,FusedInferAttentionScore,"[[1,1024],[1024,4096]]",vllm/worker/model_runner.py:1234,6.5,9.8,87.408,91.408,0.21,0.58
0,RmsNorm,"[[1,1024],[1024,4096]]",vllm/worker/model_runner.py:1234,6.5,9.8,24.043,28.043,0.21,0.58
0,AllReduce,"[[1,1024],[1024,4096]]",vllm/worker/model_runner.py:1234,6.5,9.8,52.789,56.789,0.21,0.58
0,MatMulV2,"[[1,1024],[1024,4096]]",vllm/worker/model_runner.py:1234,6.5,9.8,168.324,172.324,0.21,0.58
0,FusedInferAttentionScore,"[[1,1024],[1024,4096]]",vllm/worker/model_runner.py:1234,6.5,9.8,86.738,90.738,0.21,0.58
0,RmsNorm,"[[1,1024],[1024,4096]]",vllm/worker/model_runner.py:1234,6.5,9.8,19.344,23.344,0.21,0.58
0,AllReduce,"[[1,1024],[1024,4096]]",vllm/worker/model_runner.py:1234,6.5,9.8,47.544,51.544,0.21,0.58
0,MatMulV2,"[[1,1024],[1024,4096]]",vllm/worker/model_runner.py:1234,6.5,9.8,182.876,186.876,0.21,0.58
0,FusedInferAttentionScore,"[[1,1024],[1024,4096]]",vllm/worker/model_runner.py:1234,6.5,9.8,87.35,91.35,0.21,0.58
0,RmsNorm,"[[1,1024],[1024,4096]]",vllm/worker/model_runner.py:1234,6.5,9.8,25.354,29.354,0.21,0.58
0,AllReduce,"[[1,1024],[1024,4096]]",vllm/worker/model_runner.py:1234,6.5,9.8,47.859,51.859,0.21,0.58
0,MatMulV2,"[[1,1024],[1024,4096]]",vllm/worker/model_runner.py:1234,6.5,9.8,172.336,176.336,0.21,0.58
0,FusedInferAttentionScore,"[[1,1024],[1024,4096]]",vllm/worker/model_runner.py:1234,6.5,9.8,86.743,90.743,0.21,0.58
0,RmsNorm,"[[1,1024],[1024,4096]]",vllm/worker/model_runner.py:1234,6.5,9.8,24.4,28.4,0.21,0.58
0,AllReduce,"[[1,1024],[1024,4096]]",vllm/worker/model_runner.py:1234,6.5,9.8,49.916,53.916,0.21,0.58
0,MatMulV2,"[[1,1024],[1024,4096]]",vllm/worker/model_runner.py:1234,6.5,9.8,174.095,178.095,0.21,0.58
0,FusedInferAttentionScore,"[[1,1024],[1024,4096]]",vllm/worker/model_runner.py:1234,6.5,9.8,96.363,100.363,0.21,0.58
0,RmsNorm,"[[1,1024],[1024,4096]]",vllm/worker/model_runner.py:1234,6.5,9.8,18.708,22.708,0.21,0.58
0,AllReduce,"[[1,1024],[1024,4096]]",vllm/worker/model_runner.py:1234,6.5,9.8,48.04,52.04,0.21,0.58
0,MatMulV2,"[[1,1024],[1024,4096]]",vllm/worker/model_runner.py:1234,6.5,9.8,186.195,190.195,0.21,0.58
0,FusedInferAttentionScore,"[[1,1024],[1024,4096]]",vllm/worker/model_runner.py:1234,6.5,9.8,84.512,88.512,0.21,0.58
0,RmsNorm,"[[1,1024],[1024,4096]]",vllm/worker/model_runner.py:1234,6.5,9.8,21.443,25.443,0.21,0.58
0,AllReduce,"[[1,1024],[1024,4096]]",vllm/worker/model_runner.py:1234,6.5,9.8,50.149,54.149,0.21,0.58
0,MatMulV2,"[[1,1024],[1024,4096]]",vllm/worker/model_runner.py:1234,6.5,9.8,163.754,167.754,0.21,0.58
0,FusedInferAttentionScore,"[[1,1024],[1024,4096]]",vllm/worker/model_runner.py:1234,6.5,9.8,88.367,92.367,0.21,0.58
0,RmsNorm,"[[1,1024],[1024,4096]]",vllm/worker/model_runner.py:1234,6.5,9.8,18.199,22.199,0.21,0.58
0,AllReduce,"[[1,1024],[1024,4096]]",vllm/worker/model_runner.py:1234,6.5,9.8,43.686,47.686,0.21,0.58
0,MatMulV2,"[[1,1024],[1024,4096]]",vllm/worker/model_runner.py:1234,6.5,9.8,166.018,170.018,0.21,0.58
0,FusedInferAttentionScore,"[[1,1024],[1024,4096]]",vllm/worker/model_runner.py:1234,6.5,9.8,93.778,97.778,0.21,0.58
0,RmsNorm,"[[1,1024],[1024,4096]]",vllm/worker/model_runner.py:1234,6.5,9.8,23.364,27.364,0.21,0.58
0,AllReduce,"[[1,1024],[1024,4096]]",vllm/worker/model_runner.py:1234,6.5,9.8,44.757,48.757,0.21,0.58
0,MatMulV2,"[[1,1024],[1024,4096]]",vllm/worker/model_runner.py:1234,6.5,9.8,170.095,174.095,0.21,0.58
0,FusedInferAttentionScore,"[[1,1024],[1024,4096]]",vllm/worker/model_runner.py:1234,6.5,9.8,95.999,99.999,0.21,0.58
0,RmsNorm,"[[1,1024],[1024,4096]]",vllm/worker/model_runner.py:1234,6.5,9.8,23.621,27.621,0.21,0.58
0,AllReduce,"[[1,1024],[1024,4096]]",vllm/worker/model_runner.py:1234,6.5,9.8,48.857,52.857,0.21,0.58
0,MatMulV2,"[[1,1024],[1024,4096]]",vllm/worker/model_runner.py:1234,6.5,9.8,169.658,173.658,0.21,0.58
0,FusedInferAttentionScore,"[[1,1024],[1024,4096]]",vllm/worker/model_runner.py:1234,6.5,9.8,83.089,87.089,0.21,0.58
0,RmsNorm,"[[1,1024],[1024,4096]]",vllm/worker/model_runner.py:1234,6.5,9.8,23.209,27.209,0.21,0.58
0,AllReduce,"[[1,1024],[1024,4096]]",vllm/worker/model_runner.py:1234,6.5,9.8,50.022,54.022,0.21,0.58
0,aclrtMemcpyAsync_D2H,"[[1,1024],[1024,4096]]",vllm/worker/model_runner.py:1234,6.5,9.8,180,184,0.21,0.58
0,MatMulV2,"[[1,1024],[1024,4096]]",vllm/worker/model_runner.py:1234,6.5,9.8,184.79,188.79,0.21,0.58
0,FusedInferAttentionScore,"[[1,1024],[1024,4096]]",vllm/worker/model_runner.py:1234,6.5,9.8,98.558,102.558,0.21,0.58
0,RmsNorm,"[[1,1024],[1024,4096]]",vllm/worker/model_runner.py:1234,6.5,9.8,19.025,23.025,0.21,0.58
0,AllReduce,"[[1,1024],[1024,4096]]",vllm/worker/model_runner.py:1234,6.5,9.8,43.936,47.936,0.21,0.58
0,MatMulV2,"[[1,1024],[1024,4096]]",vllm/worker/model_runner.py:1234,6.5,9.8,179.488,183.488,0.21,0.58
0,FusedInferAttentionScore,"[[1,1024],[1024,4096]]",vllm/worker/model_runner.py:1234,6.5,9.8,91.29,95.29,0.21,0.58
0,RmsNorm,"[[1,1024],[1024,4096]]",vllm/worker/model_runner.py:1234,6.5,9.8,17.812,21.812,0.21,0.58
0,AllReduce,"[[1,1024],[1024,4096]]",vllm/worker/model_runner.py:1234,6.5,9.8,49.661,53.661,0.21,0.58
0,MatMulV2,"[[1,1024],[1024,4096]]",vllm/worker/model_runner.py:1234,6.5,9.8,159.338,163.338,0.21,0.58
0,FusedInferAttentionScore,"[[1,1024],[1024,4096]]",vllm/worker/model_runner.py:1234,6.5,9.8,85.934,89.934,0.21,0.58
0,RmsNorm,"[[1,1024],[1024,4096]]",vllm/worker/model_runner.py:1234,6.5,9.8,20.868,24.868,0.21,0.58
0,AllReduce,"[[1,1024],[1024,4096]]",vllm/worker/model_runner.py:1234,6.5,9.8,52.45,56.45,0.21,0.58
0,MatMulV2,"[[1,1024],[1024,4096]]",vllm/worker/model_runner.py:1234,6.5,9.8,157.53,161.53,0.21,0.58
0,FusedInferAttentionScore,"[[1,1024],[1024,4096]]",vllm/worker/model_runner.py:1234,6.5,9.8,92.313,96.313,0.21,0.58
0,RmsNorm,"[[1,1024],[1024,4096]]",vllm/worker/model_runner.py:1234,6.5,9.8,24.13,28.13,0.21,0.58
0,AllReduce,"[[1,1024],[1024,4096]]",vllm/worker/model_runner.py:1234,6.5,9.8,50.804,54.804,0.21,0.58
0,MatMulV2,"[[1,1024],[1024,4096]]",vllm/worker/model_runner.py:1234,6.5,9.8,165.583,169.583,0.21,0.58
0,FusedInferAttentionScore,"[[1,1024],[1024,4096]]",vllm/worker/model_runner.py:1234,6.5,9.8,82.631,86.631,0.21,0.58
0,RmsNorm,"[[1,1024],[1024,4096]]",vllm/worker/model_runner.py:1234,6.5,9.8,21.568,25.568,0.21,0.58
0,AllReduce,"[[1,1024],[1024,4096]]",vllm/worker/model_runner.py:1234,6.5,9.8,46.631,50.631,0.21,0.58
0,MatMulV2,"[[1,1024],[1024,4096]]",vllm/worker/model_runner.py:1234,6.5,9.8,176.342,180.342,0.21,0.58
0,FusedInferAttentionScore,"[[1,1024],[1024,4096]]",vllm/worker/model_runner.py:1234,6.5,9.8,84.302,88.302,0.21,0.58
0,RmsNorm,"[[1,1024],[1024,4096]]",vllm/worker/model_runner.py:1234,6.5,9.8,26.146,30.146,0.21,0.58
0,AllReduce,"[[1,1024],[1024,4096]]",vllm/worker/model_runner.py:1234,6.5,9.8,49.433,53.433,0.21,0.58
0,MatMulV2,"[[1,1024],[1024,4096]]",vllm/worker/model_runner.py:1234,6.5,9.8,176.134,180.134,0.21,0.58
0,FusedInferAttentionScore,"[[1,1024],[1024,4096]]",vllm/worker/model_runner.py:1234,6.5,9.8,93.91,97.91,0.21,0.58
0,RmsNorm,"[[1,1024],[1024,4096]]",vllm/worker/model_runner.py:1234,6.5,9.8,23.245,27.245,0.21,0.58
0,AllReduce,"[[1,1024],[1024,4096]]",vllm/worker/model_runner.py:1234,6.5,9.8,49.087,53.087,0.21,0.58
0,MatMulV2,"[[1,1024],[1024,4096]]",vllm/worker/model_runner.py:1234,6.5,9.8,169.499,173.499,0.21,0.58
0,FusedInferAttentionScore,"[[1,1024],[1024,4096]]",vllm/worker/model_runner.py:1234,6.5,9.8,98.349,102.349,0.21,0.58
0,RmsNorm,"[[1,1024],[1024,4096]]",vllm/worker/model_runner.py:1234,6.5,9.8,20.038,24.038,0.21,0.58
0,AllReduce,"[[1,1024],[1024,4096]]",vllm/worker/model_runner.py:1234,6.5,9.8,48.549,52.549,0.21,0.58
0,MatMulV2,"[[1,1024],[1024,4096]]",vllm/worker/model_runner.py:1234,6.5,9.8,158.399,162.399,0.21,0.58
0,FusedInferAttentionScore,"[[1,1024],[1024,4096]]",vllm/worker/model_runner.py:1234,6.5,9.8,97.665,101.665,0.21,0.58
0,RmsNorm,"[[1,1024],[1024,4096]]",vllm/worker/model_runner.py:1234,6.5,9.8,22.102,26.102,0.21,0.58
0,AllReduce,"[[1,1024],[1024,4096]]",vllm/worker/model_runner.py:1234,6.5,9.8,48.652,52.652,0.21,0.58
0,MatMulV2,"[[1,1024],[1024,4096]]",vllm/worker/model_runner.py:1234,6.5,9.8,176.31,180.31,0.21,0.58
0,FusedInferAttentionScore,"[[1,1024],[1024,4096]]",vllm/worker/model_runner.py:1234,6.5,9.8,82.643,86.643,0.21,0.58
0,RmsNorm,"[[1,1024],[1024,4096]]",vllm/worker/model_runner.py:1234,6.5,9.8,25.949,29.949,0.21,0.58
0,AllReduce,"[[1,1024],[1024,4096]]",vllm/worker/model_runner.py:1234,6.5,9.8,52.336,56.336,0.21,0.58
0,MatMulV2,"[[1,1024],[1024,4096]]",vllm/worker/model_runner.py:1234,6.5,9.8,180.105,184.105,0.21,0.58
0,FusedInferAttentionScore,"[[1,1024],[1024,4096]]",vllm/worker/model_runner.py:1234,6.5,9.8,86.646,90.646,0.21,0.58
0,RmsNorm,"[[1,1024],[1024,4096]]",vllm/worker/model_runner.py:1234,6.5,9.8,21.578,25.578,0.21,0.58
0,AllReduce,"[[1,1024],[1024,4096]]",vllm/worker/model_runner.py:1234,6.5,9.8,52.457,56.457,0.21,0.58
0,MatMulV2,"[[1,1024],[1024,4096]]",vllm/worker/model_runner.py:1234,6.5,9.8,155.141,159.141,0.21,0.58
0,FusedInferAttentionScore,"[[1,1024],[1024,4096]]",vllm/worker/model_runner.py:1234,6.5,9.8,93.766,97.766,0.21,0.58
0,RmsNorm,"[[1,1024],[1024,4096]]",vllm/worker/model_runner.py:1234,6.5,9.8,18.913,22.913,0.21,0.58
0,AllReduce,"[[1,1024],[1024,4096]]",vllm/worker/model_runner.py:1234,6.5,9.8,46.537,50.537,0.21,0.58
0,MatMulV2,"[[1,1024],[1024,4096]]",vllm/worker/model_runner.py:1234,6.5,9.8,185.438,189.438,0.21,0.58
0,FusedInferAttentionScore,"[[1,1024],[1024,4096]]",vllm/worker/model_runner.py:1234,6.5,9.8,93.801,97.801,0.21,0.58
0,RmsNorm,"[[1,1024],[1024,4096]]",vllm/worker/model_runner.py:1234,6.5,9.8,26.243,30.243,0.21,0.58
0,AllReduce,"[[1,1024],[1024,4096]]",vllm/worker/model_runner.py:1234,6.5,9.8,47.395,51.395,0.21,0.58
0,MatMulV2,"[[1,1024],[1024,4096]]",vllm/worker/model_runner.py:1234,6.5,9.8,181.378,185.378,0.21,0.58
0,FusedInferAttentionScore,"[[1,1024],[1024,4096]]",vllm/worker/model_runner.py:1234,6.5,9.8,93.094,97.094,0.21,0.58
0,RmsNorm,"[[1,1024],[1024,4096]]",vllm/worker/model_runner.py:1234,6.5,9.8,25.325,29.325,0.21,0.58
0,AllReduce,"[[1,1024],[1024,4096]]",vllm/worker/model_runner.py:1234,6.5,9.8,51.416,55.416,0.21,0.58
0,MatMulV2,"[[1,1024],[1024,4096]]",vllm/worker/model_runner.py:1234,6.5,9.8,155.816,159.816,0.21,0.58
0,FusedInferAttentionScore,"[[1,1024],[1024,4096]]",vllm/worker/model_runner.py:1234,6.5,9.8,92.758,96.758,0.21,0.58
0,RmsNorm,"[[1,1024],[1024,4096]]",vllm/worker/model_runner.py:1234,6.5,9.8,25.251,29.251,0.21,0.58
0,AllReduce,"[[1,1024],[1024,4096]]",vllm/worker/model_runner.py:1234,6.5,9.8,43.796,47.796,0.21,0.58
0,MatMulV2,"[[1,1024],[1024,4096]]",vllm/worker/model_runner.py:1234,6.5,9.8,180.009,184.009,0.21,0.58
0,FusedInferAttentionScore,"[[1,1024],[1024,4096]]",vllm/worker/model_runner.py:1234,6.5,9.8,86.338,90.338,0.21,0.58
0,RmsNorm,"[[1,1024],[1024,4096]]",vllm/worker/model_runner.py:1234,6.5,9.8,24.169,28.169,0.21,0.58
0,AllReduce,"[[1,1024],[1024,4096]]",vllm/worker/model_runner.py:1234,6.5,9.8,45.732,49.732,0.21,0.58
0,MatMulV2,"[[1,1024],[1024,4096]]",vllm/worker/model_runner.py:1234,6.5,9.8,179.282,183.282,0.21,0.58
0,FusedInferAttentionScore,"[[1,1024],[1024,4096]]",vllm/worker/model_runner.py:1234,6.5,9.8,97.415,101.415,0.21,0.58
0,RmsNorm,"[[1,1024],[1024,4096]]",vllm/worker/model_runner.py:1234,6.5,9.8,18.134,22.134,0.21,0.58
0,AllReduce,"[[1,1024],[1024,4096]]",vllm/worker/model_runner.py:1234,6.5,9.8,47.69,51.69,0.21,0.58
0,MatMulV2,"[[1,1024],[1024,4096]]",vllm/worker/model_runner.py:1234,6.5,9.8,178.825,182.825,0.21,0.58
0,FusedInferAttentionScore,"[[1,1024],[1024,4096]]",vllm/worker/model_runner.py:1234,6.5,9.8,84.203,88.203,0.21,0.58
0,RmsNorm,"[[1,1024],[1024,4096]]",vllm/worker/model_runner.py:1234,6.5,9.8,22.588,26.588,0.21,0.58
0,AllReduce,"[[1,1024],[1024,4096]]",vllm/worker/model_runner.py:1234,6.5,9.8,49.705,53.705,0.21,0.58
0,MatMulV2,"[[1,1024],[1024,4096]]",vllm/worker/model_runner.py:1234,6.5,9.8,156.526,160.526,0.21,0.58
0,FusedInferAttentionScore,"[[1,1024],[1024,4096]]",vllm/worker/model_runner.py:1234,6.5,9.8,82.664,86.664,0.21,0.58
0,RmsNorm,"[[1,1024],[1024,4096]]",vllm/worker/model_runner.py:1234,6.5,9.8,21.352,25.352,0.21,0.58
0,AllReduce,"[[1,1024],[1024,4096]]",vllm/worker/model_runner.py:1234,6.5,9.8,48.077,52.077,0.21,0.58
0,MatMulV2,"[[1,1024],[1024,4096]]",vllm/worker/model_runner.py:1234,6.5,9.8,164.26,168.26,0.21,0.58
0,FusedInferAttentionScore,"[[1,1024],[1024,4096]]",vllm/worker/model_runner.py:1234,6.5,9.8,82.17,86.17,0.21,0.58
0,RmsNorm,"[[1,1024],[1024,4096]]",vllm/worker/model_runner.py:1234,6.5,9.8,24.21,28.21,0.21,0.58
0,AllReduce,"[[1,1024],[1024,4096]]",vllm/worker/model_runner.py:1234,6.5,9.8,50.185,54.185,0.21,0.58
0,MatMulV2,"[[1,1024],[1024,4096]]",vllm/worker/model_runner.py:1234,6.5,9.8,163.526,167.526,0.21,0.58
0,FusedInferAttentionScore,"[[1,1024],[1024,4096]]",vllm/worker/model_runner.py:1234,6.5,9.8,86.243,90.243,0.21,0.58
0,RmsNorm,"[[1,1024],[1024,4096]]",vllm/worker/model_runner.py:1234,6.5,9.8,20.391,24.391,0.21,0.58
0,AllReduce,"[[1,1024],[1024,4096]]",vllm/worker/model_runner.py:1234,6.5,9.8,47.999,51.999,0.21,0.58
0,MatMulV2,"[[1,1024],[1024,4096]]",vllm/worker/model_runner.py:1234,6.5,9.8,185.844,189.844,0.21,0.58
0,FusedInferAttentionScore,"[[1,1024],[1024,4096]]",vllm/worker/model_runner.py:1234,6.5,9.8,95.411,99.411,0.21,0.58
0,RmsNorm,"[[1,1024],[1024,4096]]",vllm/worker/model_runner.py:1234,6.5,9.8,22.217,26.217,0.21,0.58
0,AllReduce,"[[1,1024],[1024,4096]]",vllm/worker/model_runner.py:1234,6.5,9.8,46.42,50.42,0.21,0.58
0,MatMulV2,"[[1,1024],[1024,4096]]",vllm/worker/model_runner.py:1234,6.5,9.8,178.819,182.819,0.21,0.58
0,FusedInferAttentionScore,"[[1,1024],[1024,4096]]",vllm/worker/model_runner.py:1234,6.5,9.8,95.704,99.704,0.21,0.58
0,RmsNorm,"[[1,1024],[1024,4096]]",vllm/worker/model_runner.py:1234,6.5,9.8,25.813,29.813,0.21,0.58
0,AllReduce,"[[1,1024],[1024,4096]]",vllm/worker/model_runner.py:1234,6.5,9.8,43.405,47.405,0.21,0.58
0,MatMulV2,"[[1,1024],[1024,4096]]",vllm/worker/model_runner.py:1234,6.5,9.8,165.282,169.282,0.21,0.58
0,FusedInferAttentionScore,"[[1,1024],[1024,4096]]",vllm/worker/model_runner.py:1234,6.5,9.8,86.821,90.821,0.21,0.58
0,RmsNorm,"[[1,1024],[1024,4096]]",vllm/worker/model_runner.py:1234,6.5,9.8,25.973,29.973,0.21,0.58
0,AllReduce,"[[1,1024],[1024,4096]]",vllm/worker/model_runner.py:1234,6.5,9.8,43.628,47.628,0.21,0.58
0,MatMulV2,"[[1,1024],[1024,4096]]",vllm/worker/model_runner.py:1234,6.5,9.8,161.397,165.397,0.21,0.58
0,FusedInferAttentionScore,"[[1,1024],[1024,4096]]",vllm/worker/model_runner.py:1234,6.5,9.8,98.511,102.511,0.21,0.58
0,RmsNorm,"[[1,1024],[1024,4096]]",vllm/worker/model_runner.py:1234,6.5,9.8,22.054,26.054,0.21,0.58
0,AllReduce,"[[1,1024],[1024,4096]]",vllm/worker/model_runner.py:1234,6.5,9.8,45.822,49.822,0.21,0.58
0,MatMulV2,"[[1,1024],[1024,4096]]",vllm/worker/model_runner.py:1234,6.5,9.8,158.168,162.168,0.21,0.58
0,FusedInferAttentionScore,"[[1,1024],[1024,4096]]",vllm/worker/model_runner.py:1234,6.5,9.8,94.178,98.178,0.21,0.58
0,RmsNorm,"[[1,1024],[1024,4096]]",vllm/worker/model_runner.py:1234,6.5,9.8,24.398,28.398,0.21,0.58
0,AllReduce,"[[1,1024],[1024,4096]]",vllm/worker/model_runner.py:1234,6.5,9.8,51.961,55.961,0.21,0.58
0,MatMulV2,"[[1,1024],[1024,4096]]",vllm/worker/model_runner.py:1234,6.5,9.8,173.225,177.225,0.21,0.58
0,FusedInferAttentionScore,"[[1,1024],[1024,4096]]",vllm/worker/model_runner.py:1234,6.5,9.8,97.266,101.266,0.21,0.58
0,RmsNorm,"[[1,1024],[1024,4096]]",vllm/worker/model_runner.py:1234,6.5,9.8,20.17,24.17,0.21,0.58
0,AllReduce,"[[1,1024],[1024,4096]]",vllm/worker/model_runner.py:1234,6.5,9.8,43.221,47.221,0.21,0.58
0,MatMulV2,"[[1,1024],[1024,4096]]",vllm/worker/model_runner.py:1234,6.5,9.8,184.313,188.313,0.21,0.58
0,FusedInferAttentionScore,"[[1,1024],[1024,4096]]",vllm/worker/model_runner.py:1234,6.5,9.8,88.431,92.431,0.21,0.58
0,RmsNorm,"[[1,1024],[1024,4096]]",vllm/worker/model_runner.py:1234,6.5,9.8,18.086,22.086,0.21,0.58
0,AllReduce,"[[1,1024],[1024,4096]]",vllm/worker/model_runner.py:1234,6.5,9.8,52.479,56.479,0.21,0.58
0,MatMulV2,"[[1,1024],[1024,4096]]",vllm/worker/model_runner.py:1234,6.5,9.8,172.384,176.384,0.21,0.58
0,FusedInferAttentionScore,"[[1,1024],[1024,4096]]",vllm/worker/model_runner.py:1234,6.5,9.8,90.053,94.053,0.21,0.58
0,RmsNorm,"[[1,1024],[1024,4096]]",vllm/worker/model_runner.py:1234,6.5,9.8,20.938,24.938,0.21,0.58
0,AllReduce,"[[1,1024],[1024,4096]]",vllm/worker/model_runner.py:1234,6.5,9.8,52.691,56.691,0.21,0.58
0,MatMulV2,"[[1,1024],[1024,4096]]",vllm/worker/model_runner.py:1234,6.5,9.8,170.7,174.7,0.21,0.58
0,FusedInferAttentionScore,"[[1,1024],[1024,4096]]",vllm/worker/model_runner.py:1234,6.5,9.8,85.105,89.105,0.21,0.58
0,RmsNorm,"[[1,1024],[1024,4096]]",vllm/worker/model_runner.py:1234,6.5,9.8,23.383,27.383,0.21,0.58
0,AllReduce,"[[1,1024],[1024,4096]]",vllm/worker/model_runner.py:1234,6.5,9.8,45.313,49.313,0.21,0.58
0,MatMulV2,"[[1,1024],[1024,4096]]",vllm/worker/model_runner.py:1234,6.5,9.8,156.845,160.845,0.21,0.58
0,FusedInferAttentionScore,"[[1,1024],[1024,4096]]",vllm/worker/model_runner.py:1234,6.5,9.8,87.913,91.913,0.21,0.58
0,RmsNorm,"[[1,1024],[1024,4096]]",vllm/worker/model_runner.py:1234,6.5,9.8,20.304,24.304,0.21,0.58
0,AllReduce,"[[1,1024],[1024,4096]]",vllm/worker/model_runner.py:1234,6.5,9.8,44.1,48.1,0.21,0.58
