Device_id,Name,Type,Accelerator Core,Start Time(us),Duration(us),Wait Time(us),Block Num,Input Shapes,Output Shapes,mac_ratio,mte2_ratio
0,MatMulV2,AI_CORE,AI_CORE,1704161511421400.000,118.123,9.450,24,"[[1,1024],[1024,4096]]","[[1,4096]]",0.18,0.44
0,FusedInferAttentionScore,AI_CORE,AI_CORE,1704161511421518.000,67.934,5.435,24,"[[1,1024],[1024,4096]]","[[1,4096]]",0.18,0.44
0,RmsNorm,AI_VECTOR_CORE,AI_VECTOR_CORE,1704161511421586.000,28.006,2.240,24,"[[1,1024],[1024,4096]]","[[1,4096]]",0.05,0.3
0,MatMulV2,AI_CORE,AI_CORE,1704161511421874.000,131.483,10.519,24,"[[1,1024],[1024,4096]]","[[1,4096]]",0.18,0.44
0,FusedInferAttentionScore,AI_CORE,AI_CORE,1704161511422005.500,68.137,5.451,24,"[[1,1024],[1024,4096]]","[[1,4096]]",0.18,0.44
0,RmsNorm,AI_VECTOR_CORE,AI_VECTOR_CORE,1704161511422073.750,25.973,2.078,24,"[[1,1024],[1024,4096]]","[[1,4096]]",0.05,0.3
0,MatMulV2,AI_CORE,AI_CORE,1704161511422099.750,124.786,9.983,24,"[[1,1024],[1024,4096]]","[[1,4096]]",0.18,0.44
0,FusedInferAttentionScore,AI_CORE,AI_CORE,1704161511422224.500,74.562,5.965,24,"[[1,1024],[1024,4096]]","[[1,4096]]",0.18,0.44
0,RmsNorm,AI_VECTOR_CORE,AI_VECTOR_CORE,1704161511422299.000,22.990,1.839,24,"[[1,1024],[1024,4096]]","[[1,4096]]",0.05,0.3
0,MatMulV2,AI_CORE,AI_CORE,1704161511422322.000,127.519,10.201,24,"[[1,1024],[1024,4096]]","[[1,4096]]",0.18,0.44
0,FusedInferAttentionScore,AI_CORE,AI_CORE,1704161511422449.500,76.302,6.104,24,"[[1,1024],[1024,4096]]","[[1,4096]]",0.18,0.44
0,RmsNorm,AI_VECTOR_CORE,AI_VECTOR_CORE,1704161511422525.750,23.093,1.847,24,"[[1,1024],[1024,4096]]","[[1,4096]]",0.05,0.3
0,MatMulV2,AI_CORE,AI_CORE,1704161511422548.750,110.312,8.825,24,"[[1,1024],[1024,4096]]","[[1,4096]]",0.18,0.44
0,FusedInferAttentionScore,AI_CORE,AI_CORE,1704161511422659.000,76.341,6.107,24,"[[1,1024],[1024,4096]]","[[1,4096]]",0.18,0.44
0,RmsNorm,AI_VECTOR_CORE,AI_VECTOR_CORE,1704161511422735.250,23.099,1.848,24,"[[1,1024],[1024,4096]]","[[1,4096]]",0.05,0.3
0,MatMulV2,AI_CORE,AI_CORE,1704161511422758.250,118.105,9.448,24,"[[1,1024],[1024,4096]]","[[1,4096]]",0.18,0.44
0,FusedInferAttentionScore,AI_CORE,AI_CORE,1704161511422876.250,68.470,5.478,24,"[[1,1024],[1024,4096]]","[[1,4096]]",0.18,0.44
0,RmsNorm,AI_VECTOR_CORE,AI_VECTOR_CORE,1704161511422944.750,26.128,2.090,24,"[[1,1024],[1024,4096]]","[[1,4096]]",0.05,0.3
0,MatMulV2,AI_CORE,AI_CORE,1704161511422971.000,131.560,10.525,24,"[[1,1024],[1024,4096]]","[[1,4096]]",0.18,0.44
0,FusedInferAttentionScore,AI_CORE,AI_CORE,1704161511423102.500,74.370,5.950,24,"[[1,1024],[1024,4096]]","[[1,4096]]",0.18,0.44
0,RmsNorm,AI_VECTOR_CORE,AI_VECTOR_CORE,1704161511423176.750,20.299,1.624,24,"[[1,1024],[1024,4096]]","[[1,4096]]",0.05,0.3
0,MatMulV2,AI_CORE,AI_CORE,1704161511423197.000,117.583,9.407,24,"[[1,1024],[1024,4096]]","[[1,4096]]",0.18,0.44
0,FusedInferAttentionScore,AI_CORE,AI_CORE,1704161511423314.500,67.843,5.427,24,"[[1,1024],[1024,4096]]","[[1,4096]]",0.18,0.44
0,RmsNorm,AI_VECTOR_CORE,AI_VECTOR_CORE,1704161511423382.250,21.740,1.739,24,"[[1,1024],[1024,4096]]","[[1,4096]]",0.05,0.3
0,MatMulV2,AI_CORE,AI_CORE,1704161511423404.000,111.849,8.948,24,"[[1,1024],[1024,4096]]","[[1,4096]]",0.18,0.44
0,FusedInferAttentionScore,AI_CORE,AI_CORE,1704161511423515.750,64.635,5.171,24,"[[1,1024],[1024,4096]]","[[1,4096]]",0.18,0.44
0,RmsNorm,AI_VECTOR_CORE,AI_VECTOR_CORE,1704161511423580.500,24.282,1.943,24,"[[1,1024],[1024,4096]]","[[1,4096]]",0.05,0.3
0,MatMulV2,AI_CORE,AI_CORE,1704161511423604.750,110.182,8.815,24,"[[1,1024],[1024,4096]]","[[1,4096]]",0.18,0.44
0,FusedInferAttentionScore,AI_CORE,AI_CORE,1704161511423715.000,71.852,5.748,24,"[[1,1024],[1024,4096]]","[[1,4096]]",0.18,0.44
0,RmsNorm,AI_VECTOR_CORE,AI_VECTOR_CORE,1704161511423786.750,26.963,2.157,24,"[[1,1024],[1024,4096]]","[[1,4096]]",0.05,0.3
0,MatMulV2,AI_CORE,AI_CORE,1704161511423813.750,127.691,10.215,24,"[[1,1024],[1024,4096]]","[[1,4096]]",0.18,0.44
0,FusedInferAttentionScore,AI_CORE,AI_CORE,1704161511423941.500,70.410,5.633,24,"[[1,1024],[1024,4096]]","[[1,4096]]",0.18,0.44
0,RmsNorm,AI_VECTOR_CORE,AI_VECTOR_CORE,1704161511424012.000,24.911,1.993,24,"[[1,1024],[1024,4096]]","[[1,4096]]",0.05,0.3
0,MatMulV2,AI_CORE,AI_CORE,1704161511424037.000,118.508,9.481,24,"[[1,1024],[1024,4096]]","[[1,4096]]",0.18,0.44
0,FusedInferAttentionScore,AI_CORE,AI_CORE,1704161511424155.500,67.500,5.400,24,"[[1,1024],[1024,4096]]","[[1,4096]]",0.18,0.44
0,RmsNorm,AI_VECTOR_CORE,AI_VECTOR_CORE,1704161511424223.000,24.349,1.948,24,"[[1,1024],[1024,4096]]","[[1,4096]]",0.05,0.3
0,MatMulV2,AI_CORE,AI_CORE,1704161511424247.250,127.030,10.162,24,"[[1,1024],[1024,4096]]","[[1,4096]]",0.18,0.44
0,FusedInferAttentionScore,AI_CORE,AI_CORE,1704161511424374.250,63.540,5.083,24,"[[1,1024],[1024,4096]]","[[1,4096]]",0.18,0.44
0,RmsNorm,AI_VECTOR_CORE,AI_VECTOR_CORE,1704161511424437.750,20.064,1.605,24,"[[1,1024],[1024,4096]]","[[1,4096]]",0.05,0.3
0,MatMulV2,AI_CORE,AI_CORE,1704161511424457.750,111.524,8.922,24,"[[1,1024],[1024,4096]]","[[1,4096]]",0.18,0.44
0,FusedInferAttentionScore,AI_CORE,AI_CORE,1704161511424569.250,75.571,6.046,24,"[[1,1024],[1024,4096]]","[[1,4096]]",0.18,0.44
0,RmsNorm,AI_VECTOR_CORE,AI_VECTOR_CORE,1704161511424644.750,20.111,1.609,24,"[[1,1024],[1024,4096]]","[[1,4096]]",0.05,0.3
0,MatMulV2,AI_CORE,AI_CORE,1704161511424664.750,110.972,8.878,24,"[[1,1024],[1024,4096]]","[[1,4096]]",0.18,0.44
0,FusedInferAttentionScore,AI_CORE,AI_CORE,1704161511424775.750,68.585,5.487,24,"[[1,1024],[1024,4096]]","[[1,4096]]",0.18,0.44
0,RmsNorm,AI_VECTOR_CORE,AI_VECTOR_CORE,1704161511424844.250,22.475,1.798,24,"[[1,1024],[1024,4096]]","[[1,4096]]",0.05,0.3
0,MatMulV2,AI_CORE,AI_CORE,1704161511424866.750,112.037,8.963,24,"[[1,1024],[1024,4096]]","[[1,4096]]",0.18,0.44
0,FusedInferAttentionScore,AI_CORE,AI_CORE,1704161511424978.750,69.725,5.578,24,"[[1,1024],[1024,4096]]","[[1,4096]]",0.18,0.44
0,RmsNorm,AI_VECTOR_CORE,AI_VECTOR_CORE,1704161511425048.500,23.666,1.893,24,"[[1,1024],[1024,4096]]","[[1,4096]]",0.05,0.3
0,MatMulV2,AI_CORE,AI_CORE,1704161511425072.250,131.020,10.482,24,"[[1,1024],[1024,4096]]","[[1,4096]]",0.18,0.44
0,FusedInferAttentionScore,AI_CORE,AI_CORE,1704161511425203.250,71.856,5.748,24,"[[1,1024],[1024,4096]]","[[1,4096]]",0.18,0.44
0,RmsNorm,AI_VECTOR_CORE,AI_VECTOR_CORE,1704161511425275.000,26.379,2.110,24,"[[1,1024],[1024,4096]]","[[1,4096]]",0.05,0.3
0,MatMulV2,AI_CORE,AI_CORE,1704161511425301.500,119.682,9.575,24,"[[1,1024],[1024,4096]]","[[1,4096]]",0.18,0.44
0,FusedInferAttentionScore,AI_CORE,AI_CORE,1704161511425421.250,64.458,5.157,24,"[[1,1024],[1024,4096]]","[[1,4096]]",0.18,0.44
0,RmsNorm,AI_VECTOR_CORE,AI_VECTOR_CORE,1704161511425485.750,25.380,2.030,24,"[[1,1024],[1024,4096]]","[[1,4096]]",0.05,0.3
0,MatMulV2,AI_CORE,AI_CORE,1704161511425511.250,125.812,10.065,24,"[[1,1024],[1024,4096]]","[[1,4096]]",0.18,0.44
0,FusedInferAttentionScore,AI_CORE,AI_CORE,1704161511425637.000,71.311,5.705,24,"[[1,1024],[1024,4096]]","[[1,4096]]",0.18,0.44
0,RmsNorm,AI_VECTOR_CORE,AI_VECTOR_CORE,1704161511425708.250,20.358,1.629,24,"[[1,1024],[1024,4096]]","[[1,4096]]",0.05,0.3
0,MatMulV2,AI_CORE,AI_CORE,1704161511425728.500,113.406,9.073,24,"[[1,1024],[1024,4096]]","[[1,4096]]",0.18,0.44
0,FusedInferAttentionScore,AI_CORE,AI_CORE,1704161511425842.000,63.947,5.116,24,"[[1,1024],[1024,4096]]","[[1,4096]]",0.18,0.44
0,RmsNorm,AI_VECTOR_CORE,AI_VECTOR_CORE,1704161511425906.000,20.509,1.641,24,"[[1,1024],[1024,4096]]","[[1,4096]]",0.05,0.3
0,MatMulV2,AI_CORE,AI_CORE,1704161511425926.500,125.350,10.028,24,"[[1,1024],[1024,4096]]","[[1,4096]]",0.18,0.44
0,FusedInferAttentionScore,AI_CORE,AI_CORE,1704161511426051.750,71.335,5.707,24,"[[1,1024],[1024,4096]]","[[1,4096]]",0.18,0.44
0,RmsNorm,AI_VECTOR_CORE,AI_VECTOR_CORE,1704161511426123.000,27.181,2.174,24,"[[1,1024],[1024,4096]]","[[1,4096]]",0.05,0.3
0,MatMulV2,AI_CORE,AI_CORE,1704161511426150.250,109.453,8.756,24,"[[1,1024],[1024,4096]]","[[1,4096]]",0.18,0.44
0,FusedInferAttentionScore,AI_CORE,AI_CORE,1704161511426259.750,67.763,5.421,24,"[[1,1024],[1024,4096]]","[[1,4096]]",0.18,0.44
0,RmsNorm,AI_VECTOR_CORE,AI_VECTOR_CORE,1704161511426327.500,21.747,1.740,24,"[[1,1024],[1024,4096]]","[[1,4096]]",0.05,0.3
0,MatMulV2,AI_CORE,AI_CORE,1704161511426349.250,126.738,10.139,24,"[[1,1024],[1024,4096]]","[[1,4096]]",0.18,0.44
0,FusedInferAttentionScore,AI_CORE,AI_CORE,1704161511426476.000,64.394,5.151,24,"[[1,1024],[1024,4096]]","[[1,4096]]",0.18,0.44
0,RmsNorm,AI_VECTOR_CORE,AI_VECTOR_CORE,1704161511426540.500,26.651,2.132,24,"[[1,1024],[1024,4096]]","[[1,4096]]",0.05,0.3
0,MatMulV2,AI_CORE,AI_CORE,1704161511426567.250,130.845,10.468,24,"[[1,1024],[1024,4096]]","[[1,4096]]",0.18,0.44
0,FusedInferAttentionScore,AI_CORE,AI_CORE,1704161511426698.000,63.458,5.077,24,"[[1,1024],[1024,4096]]","[[1,4096]]",0.18,0.44
0,RmsNorm,AI_VECTOR_CORE,AI_VECTOR_CORE,1704161511426761.500,21.967,1.757,24,"[[1,1024],[1024,4096]]","[[1,4096]]",0.05,0.3
0,MatMulV2,AI_CORE,AI_CORE,1704161511426783.500,121.418,9.713,24,"[[1,1024],[1024,4096]]","[[1,4096]]",0.18,0.44
0,FusedInferAttentionScore,AI_CORE,AI_CORE,1704161511426905.000,69.556,5.564,24,"[[1,1024],[1024,4096]]","[[1,4096]]",0.18,0.44
0,RmsNorm,AI_VECTOR_CORE,AI_VECTOR_CORE,1704161511426974.500,20.645,1.652,24,"[[1,1024],[1024,4096]]","[[1,4096]]",0.05,0.3
0,MatMulV2,AI_CORE,AI_CORE,1704161511426995.250,112.372,8.990,24,"[[1,1024],[1024,4096]]","[[1,4096]]",0.18,0.44
0,FusedInferAttentionScore,AI_CORE,AI_CORE,1704161511427107.500,76.033,6.083,24,"[[1,1024],[1024,4096]]","[[1,4096]]",0.18,0.44
0,RmsNorm,AI_VECTOR_CORE,AI_VECTOR_CORE,1704161511427183.500,22.364,1.789,24,"[[1,1024],[1024,4096]]","[[1,4096]]",0.05,0.3
0,MatMulV2,AI_CORE,AI_CORE,1704161511427205.750,129.896,10.392,24,"[[1,1024],[1024,4096]]","[[1,4096]]",0.18,0.44
0,FusedInferAttentionScore,AI_CORE,AI_CORE,1704161511427335.750,73.902,5.912,24,"[[1,1024],[1024,4096]]","[[1,4096]]",0.18,0.44
0,RmsNorm,AI_VECTOR_CORE,AI_VECTOR_CORE,1704161511427409.750,19.565,1.565,24,"[[1,1024],[1024,4096]]","[[1,4096]]",0.05,0.3
0,MatMulV2,AI_CORE,AI_CORE,1704161511427429.250,125.073,10.006,24,"[[1,1024],[1024,4096]]","[[1,4096]]",0.18,0.44
0,FusedInferAttentionScore,AI_CORE,AI_CORE,1704161511427554.250,64.278,5.142,24,"[[1,1024],[1024,4096]]","[[1,4096]]",0.18,0.44
0,RmsNorm,AI_VECTOR_CORE,AI_VECTOR_CORE,1704161511427618.500,20.402,1.632,24,"[[1,1024],[1024,4096]]","[[1,4096]]",0.05,0.3
0,MatMulV2,AI_CORE,AI_CORE,1704161511427639.000,123.989,9.919,24,"[[1,1024],[1024,4096]]","[[1,4096]]",0.18,0.44
0,FusedInferAttentionScore,AI_CORE,AI_CORE,1704161511427763.000,72.797,5.824,24,"[[1,1024],[1024,4096]]","[[1,4096]]",0.18,0.44
0,RmsNorm,AI_VECTOR_CORE,AI_VECTOR_CORE,1704161511427835.750,26.971,2.158,24,"[[1,1024],[1024,4096]]","[[1,4096]]",0.05,0.3
0,MatMulV2,AI_CORE,AI_CORE,1704161511427862.750,128.219,10.258,24,"[[1,1024],[1024,4096]]","[[1,4096]]",0.18,0.44
0,FusedInferAttentionScore,AI_CORE,AI_CORE,1704161511427991.000,69.984,5.599,24,"[[1,1024],[1024,4096]]","[[1,4096]]",0.18,0.44
0,RmsNorm,AI_VECTOR_CORE,AI_VECTOR_CORE,1704161511428061.000,24.753,1.980,24,"[[1,1024],[1024,4096]]","[[1,4096]]",0.05,0.3
0,MatMulV2,AI_CORE,AI_CORE,1704161511428085.750,124.547,9.964,24,"[[1,1024],[1024,4096]]","[[1,4096]]",0.18,0.44
0,FusedInferAttentionScore,AI_CORE,AI_CORE,1704161511428210.250,69.044,5.524,24,"[[1,1024],[1024,4096]]","[[1,4096]]",0.18,0.44
0,RmsNorm,AI_VECTOR_CORE,AI_VECTOR_CORE,1704161511428279.250,22.434,1.795,24,"[[1,1024],[1024,4096]]","[[1,4096]]",0.05,0.3
0,MatMulV2,AI_CORE,AI_CORE,1704161511428301.750,112.803,9.024,24,"[[1,1024],[1024,4096]]","[[1,4096]]",0.18,0.44
0,FusedInferAttentionScore,AI_CORE,AI_CORE,1704161511428414.500,74.037,5.923,24,"[[1,1024],[1024,4096]]","[[1,4096]]",0.18,0.44
0,RmsNorm,AI_VECTOR_CORE,AI_VECTOR_CORE,1704161511428488.500,20.446,1.636,24,"[[1,1024],[1024,4096]]","[[1,4096]]",0.05,0.3
0,MatMulV2,AI_CORE,AI_CORE,1704161511433400.000,112.435,8.995,24,"[[1,1024],[1024,4096]]","[[1,4096]]",0.18,0.44
0,FusedInferAttentionScore,AI_CORE,AI_CORE,1704161511433512.500,65.792,5.263,24,"[[1,1024],[1024,4096]]","[[1,4096]]",0.18,0.44
0,RmsNorm,AI_VECTOR_CORE,AI_VECTOR_CORE,1704161511433578.250,27.141,2.171,24,"[[1,1024],[1024,4096]]","[[1,4096]]",0.05,0.3
0,MatMulV2,AI_CORE,AI_CORE,1704161511433865.500,128.745,10.300,24,"[[1,1024],[1024,4096]]","[[1,4096]]",0.18,0.44
0,FusedInferAttentionScore,AI_CORE,AI_CORE,1704161511433994.250,68.979,5.518,24,"[[1,1024],[1024,4096]]","[[1,4096]]",0.18,0.44
0,RmsNorm,AI_VECTOR_CORE,AI_VECTOR_CORE,1704161511434063.250,19.996,1.600,24,"[[1,1024],[1024,4096]]","[[1,4096]]",0.05,0.3
0,MatMulV2,AI_CORE,AI_CORE,1704161511434083.250,109.787,8.783,24,"[[1,1024],[1024,4096]]","[[1,4096]]",0.18,0.44
0,FusedInferAttentionScore,AI_CORE,AI_CORE,1704161511434193.000,75.068,6.005,24,"[[1,1024],[1024,4096]]","[[1,4096]]",0.18,0.44
0,RmsNorm,AI_VECTOR_CORE,AI_VECTOR_CORE,1704161511434268.000,24.453,1.956,24,"[[1,1024],[1024,4096]]","[[1,4096]]",0.05,0.3
0,MatMulV2,AI_CORE,AI_CORE,1704161511434292.500,123.536,9.883,24,"[[1,1024],[1024,4096]]","[[1,4096]]",0.18,0.44
0,FusedInferAttentionScore,AI_CORE,AI_CORE,1704161511434416.000,75.206,6.017,24,"[[1,1024],[1024,4096]]","[[1,4096]]",0.18,0.44
0,RmsNorm,AI_VECTOR_CORE,AI_VECTOR_CORE,1704161511434491.250,21.010,1.681,24,"[[1,1024],[1024,4096]]","[[1,4096]]",0.05,0.3
0,MatMulV2,AI_CORE,AI_CORE,1704161511434512.250,130.527,10.442,24,"[[1,1024],[1024,4096]]","[[1,4096]]",0.18,0.44
0,FusedInferAttentionScore,AI_CORE,AI_CORE,1704161511434642.750,76.702,6.136,24,"[[1,1024],[1024,4096]]","[[1,4096]]",0.18,0.44
0,RmsNorm,AI_VECTOR_CORE,AI_VECTOR_CORE,1704161511434719.500,24.258,1.941,24,"[[1,1024],[1024,4096]]","[[1,4096]]",0.05,0.3
0,MatMulV2,AI_CORE,AI_CORE,1704161511434743.750,124.289,9.943,24,"[[1,1024],[1024,4096]]","[[1,4096]]",0.18,0.44
0,FusedInferAttentionScore,AI_CORE,AI_CORE,1704161511434868.000,73.743,5.899,24,"[[1,1024],[1024,4096]]","[[1,4096]]",0.18,0.44
0,RmsNorm,AI_VECTOR_CORE,AI_VECTOR_CORE,1704161511434941.750,23.164,1.853,24,"[[1,1024],[1024,4096]]","[[1,4096]]",0.05,0.3
0,MatMulV2,AI_CORE,AI_CORE,1704161511434965.000,110.913,8.873,24,"[[1,1024],[1024,4096]]","[[1,4096]]",0.18,0.44
0,FusedInferAttentionScore,AI_CORE,AI_CORE,1704161511435076.000,65.324,5.226,24,"[[1,1024],[1024,4096]]","[[1,4096]]",0.18,0.44
0,RmsNorm,AI_VECTOR_CORE,AI_VECTOR_CORE,1704161511435141.250,20.586,1.647,24,"[[1,1024],[1024,4096]]","[[1,4096]]",0.05,0.3
0,MatMulV2,AI_CORE,AI_CORE,1704161511435161.750,111.156,8.892,24,"[[1,1024],[1024,4096]]","[[1,4096]]",0.18,0.44
0,FusedInferAttentionScore,AI_CORE,AI_CORE,1704161511435273.000,68.979,5.518,24,"[[1,1024],[1024,4096]]","[[1,4096]]",0.18,0.44
0,RmsNorm,AI_VECTOR_CORE,AI_VECTOR_CORE,1704161511435342.000,20.976,1.678,24,"[[1,1024],[1024,4096]]","[[1,4096]]",0.05,0.3
0,MatMulV2,AI_CORE,AI_CORE,1704161511435363.000,110.437,8.835,24,"[[1,1024],[1024,4096]]","[[1,4096]]",0.18,0.44
0,FusedInferAttentionScore,AI_CORE,AI_CORE,1704161511435473.500,68.411,5.473,24,"[[1,1024],[1024,4096]]","[[1,4096]]",0.18,0.44
0,RmsNorm,AI_VECTOR_CORE,AI_VECTOR_CORE,1704161511435542.000,19.210,1.537,24,"[[1,1024],[1024,4096]]","[[1,4096]]",0.05,0.3
0,MatMulV2,AI_CORE,AI_CORE,1704161511435561.250,128.108,10.249,24,"[[1,1024],[1024,4096]]","[[1,4096]]",0.18,0.44
0,FusedInferAttentionScore,AI_CORE,AI_CORE,1704161511435689.250,74.603,5.968,24,"[[1,1024],[1024,4096]]","[[1,4096]]",0.18,0.44
0,RmsNorm,AI_VECTOR_CORE,AI_VECTOR_CORE,1704161511435763.750,26.714,2.137,24,"[[1,1024],[1024,4096]]","[[1,4096]]",0.05,0.3
0,MatMulV2,AI_CORE,AI_CORE,1704161511435790.500,127.375,10.190,24,"[[1,1024],[1024,4096]]","[[1,4096]]",0.18,0.44
0,FusedInferAttentionScore,AI_CORE,AI_CORE,1704161511435917.750,63.525,5.082,24,"[[1,1024],[1024,4096]]","[[1,4096]]",0.18,0.44
0,RmsNorm,AI_VECTOR_CORE,AI_VECTOR_CORE,1704161511435981.250,19.812,1.585,24,"[[1,1024],[1024,4096]]","[[1,4096]]",0.05,0.3
0,MatMulV2,AI_CORE,AI_CORE,1704161511436001.000,117.237,9.379,24,"[[1,1024],[1024,4096]]","[[1,4096]]",0.18,0.44
0,FusedInferAttentionScore,AI_CORE,AI_CORE,1704161511436118.250,75.012,6.001,24,"[[1,1024],[1024,4096]]","[[1,4096]]",0.18,0.44
0,RmsNorm,AI_VECTOR_CORE,AI_VECTOR_CORE,1704161511436193.250,24.069,1.925,24,"[[1,1024],[1024,4096]]","[[1,4096]]",0.05,0.3
0,MatMulV2,AI_CORE,AI_CORE,1704161511436217.250,131.833,10.547,24,"[[1,1024],[1024,4096]]","[[1,4096]]",0.18,0.44
0,FusedInferAttentionScore,AI_CORE,AI_CORE,1704161511436349.000,74.913,5.993,24,"[[1,1024],[1024,4096]]","[[1,4096]]",0.18,0.44
0,RmsNorm,AI_VECTOR_CORE,AI_VECTOR_CORE,1704161511436424.000,22.757,1.821,24,"[[1,1024],[1024,4096]]","[[1,4096]]",0.05,0.3
0,MatMulV2,AI_CORE,AI_CORE,1704161511436446.750,114.550,9.164,24,"[[1,1024],[1024,4096]]","[[1,4096]]",0.18,0.44
0,FusedInferAttentionScore,AI_CORE,AI_CORE,1704161511436561.250,68.109,5.449,24,"[[1,1024],[1024,4096]]","[[1,4096]]",0.18,0.44
0,RmsNorm,AI_VECTOR_CORE,AI_VECTOR_CORE,1704161511436629.250,23.220,1.858,24,"[[1,1024],[1024,4096]]","[[1,4096]]",0.05,0.3
0,MatMulV2,AI_CORE,AI_CORE,1704161511436652.500,124.293,9.943,24,"[[1,1024],[1024,4096]]","[[1,4096]]",0.18,0.44
0,FusedInferAttentionScore,AI_CORE,AI_CORE,1704161511436776.750,71.489,5.719,24,"[[1,1024],[1024,4096]]","[[1,4096]]",0.18,0.44
0,RmsNorm,AI_VECTOR_CORE,AI_VECTOR_CORE,1704161511436848.250,22.059,1.765,24,"[[1,1024],[1024,4096]]","[[1,4096]]",0.05,0.3
0,MatMulV2,AI_CORE,AI_CORE,1704161511436870.250,111.266,8.901,24,"[[1,1024],[1024,4096]]","[[1,4096]]",0.18,0.44
0,FusedInferAttentionScore,AI_CORE,AI_CORE,1704161511436981.500,63.474,5.078,24,"[[1,1024],[1024,4096]]","[[1,4096]]",0.18,0.44
0,RmsNorm,AI_VECTOR_CORE,AI_VECTOR_CORE,1704161511437045.000,25.307,2.025,24,"[[1,1024],[1024,4096]]","[[1,4096]]",0.05,0.3
0,MatMulV2,AI_CORE,AI_CORE,1704161511437070.250,123.661,9.893,24,"[[1,1024],[1024,4096]]","[[1,4096]]",0.18,0.44
0,FusedInferAttentionScore,AI_CORE,AI_CORE,1704161511437194.000,72.192,5.775,24,"[[1,1024],[1024,4096]]","[[1,4096]]",0.18,0.44
0,RmsNorm,AI_VECTOR_CORE,AI_VECTOR_CORE,1704161511437266.250,22.947,1.836,24,"[[1,1024],[1024,4096]]","[[1,4096]]",0.05,0.3
0,MatMulV2,AI_CORE,AI_CORE,1704161511437289.250,108.613,8.689,24,"[[1,1024],[1024,4096]]","[[1,4096]]",0.18,0.44
0,FusedInferAttentionScore,AI_CORE,AI_CORE,1704161511437397.750,63.897,5.112,24,"[[1,1024],[1024,4096]]","[[1,4096]]",0.18,0.44
0,RmsNorm,AI_VECTOR_CORE,AI_VECTOR_CORE,1704161511437461.750,21.095,1.688,24,"[[1,1024],[1024,4096]]","[[1,4096]]",0.05,0.3
0,MatMulV2,AI_CORE,AI_CORE,1704161511437482.750,108.811,8.705,24,"[[1,1024],[1024,4096]]","[[1,4096]]",0.18,0.44
0,FusedInferAttentionScore,AI_CORE,AI_CORE,1704161511437591.500,66.712,5.337,24,"[[1,1024],[1024,4096]]","[[1,4096]]",0.18,0.44
0,RmsNorm,AI_VECTOR_CORE,AI_VECTOR_CORE,1704161511437658.250,26.439,2.115,24,"[[1,1024],[1024,4096]]","[[1,4096]]",0.05,0.3
0,MatMulV2,AI_CORE,AI_CORE,1704161511437684.750,126.125,10.090,24,"[[1,1024],[1024,4096]]","[[1,4096]]",0.18,0.44
0,FusedInferAttentionScore,AI_CORE,AI_CORE,1704161511437810.750,72.308,5.785,24,"[[1,1024],[1024,4096]]","[[1,4096]]",0.18,0.44
0,RmsNorm,AI_VECTOR_CORE,AI_VECTOR_CORE,1704161511437883.000,23.845,1.908,24,"[[1,1024],[1024,4096]]","[[1,4096]]",0.05,0.3
0,MatMulV2,AI_CORE,AI_CORE,1704161511437906.750,129.636,10.371,24,"[[1,1024],[1024,4096]]","[[1,4096]]",0.18,0.44
0,FusedInferAttentionScore,AI_CORE,AI_CORE,1704161511438036.500,73.599,5.888,24,"[[1,1024],[1024,4096]]","[[1,4096]]",0.18,0.44
0,RmsNorm,AI_VECTOR_CORE,AI_VECTOR_CORE,1704161511438110.000,19.308,1.545,24,"[[1,1024],[1024,4096]]","[[1,4096]]",0.05,0.3
0,MatMulV2,AI_CORE,AI_CORE,1704161511438129.250,115.440,9.235,24,"[[1,1024],[1024,4096]]","[[1,4096]]",0.18,0.44
0,FusedInferAttentionScore,AI_CORE,AI_CORE,1704161511438244.750,68.060,5.445,24,"[[1,1024],[1024,4096]]","[[1,4096]]",0.18,0.44
0,RmsNorm,AI_VECTOR_CORE,AI_VECTOR_CORE,1704161511438312.750,21.183,1.695,24,"[[1,1024],[1024,4096]]","[[1,4096]]",0.05,0.3
0,MatMulV2,AI_CORE,AI_CORE,1704161511438334.000,131.594,10.528,24,"[[1,1024],[1024,4096]]","[[1,4096]]",0.18,0.44
0,FusedInferAttentionScore,AI_CORE,AI_CORE,1704161511438465.500,69.742,5.579,24,"[[1,1024],[1024,4096]]","[[1,4096]]",0.18,0.44
0,RmsNorm,AI_VECTOR_CORE,AI_VECTOR_CORE,1704161511438535.250,27.051,2.164,24,"[[1,1024],[1024,4096]]","[[1,4096]]",0.05,0.3
0,MatMulV2,AI_CORE,AI_CORE,1704161511438562.250,115.595,9.248,24,"[[1,1024],[1024,4096]]","[[1,4096]]",0.18,0.44
0,FusedInferAttentionScore,AI_CORE,AI_CORE,1704161511438677.750,64.603,5.168,24,"[[1,1024],[1024,4096]]","[[1,4096]]",0.18,0.44
0,RmsNorm,AI_VECTOR_CORE,AI_VECTOR_CORE,1704161511438742.250,28.369,2.270,24,"[[1,1024],[1024,4096]]","[[1,4096]]",0.05,0.3
0,MatMulV2,AI_CORE,AI_CORE,1704161511438770.500,117.751,9.420,24,"[[1,1024],[1024,4096]]","[[1,4096]]",0.18,0.44
0,FusedInferAttentionScore,AI_CORE,AI_CORE,1704161511438888.250,71.224,5.698,24,"[[1,1024],[1024,4096]]","[[1,4096]]",0.18,0.44
0,RmsNorm,AI_VECTOR_CORE,AI_VECTOR_CORE,1704161511438959.500,28.257,2.261,24,"[[1,1024],[1024,4096]]","[[1,4096]]",0.05,0.3
0,MatMulV2,AI_CORE,AI_CORE,1704161511438987.750,121.825,9.746,24,"[[1,1024],[1024,4096]]","[[1,4096]]",0.18,0.44
0,FusedInferAttentionScore,AI_CORE,AI_CORE,1704161511439109.500,66.525,5.322,24,"[[1,1024],[1024,4096]]","[[1,4096]]",0.18,0.44
0,RmsNorm,AI_VECTOR_CORE,AI_VECTOR_CORE,1704161511439176.000,22.164,1.773,24,"[[1,1024],[1024,4096]]","[[1,4096]]",0.05,0.3
0,MatMulV2,AI_CORE,AI_CORE,1704161511439198.250,120.332,9.627,24,"[[1,1024],[1024,4096]]","[[1,4096]]",0.18,0.44
0,FusedInferAttentionScore,AI_CORE,AI_CORE,1704161511439318.500,71.555,5.724,24,"[[1,1024],[1024,4096]]","[[1,4096]]",0.18,0.44
0,RmsNorm,AI_VECTOR_CORE,AI_VECTOR_CORE,1704161511439390.000,27.976,2.238,24,"[[1,1024],[1024,4096]]","[[1,4096]]",0.05,0.3
0,MatMulV2,AI_CORE,AI_CORE,1704161511439418.000,123.857,9.909,24,"[[1,1024],[1024,4096]]","[[1,4096]]",0.18,0.44
0,FusedInferAttentionScore,AI_CORE,AI_CORE,1704161511439541.750,65.969,5.278,24,"[[1,1024],[1024,4096]]","[[1,4096]]",0.18,0.44
0,RmsNorm,AI_VECTOR_CORE,AI_VECTOR_CORE,1704161511439607.750,24.101,1.928,24,"[[1,1024],[1024,4096]]","[[1,4096]]",0.05,0.3
0,MatMulV2,AI_CORE,AI_CORE,1704161511439631.750,125.768,10.061,24,"[[1,1024],[1024,4096]]","[[1,4096]]",0.18,0.44
0,FusedInferAttentionScore,AI_CORE,AI_CORE,1704161511439757.500,75.272,6.022,24,"[[1,1024],[1024,4096]]","[[1,4096]]",0.18,0.44
0,RmsNorm,AI_VECTOR_CORE,AI_VECTOR_CORE,1704161511439832.750,21.291,1.703,24,"[[1,1024],[1024,4096]]","[[1,4096]]",0.05,0.3
0,MatMulV2,AI_CORE,AI_CORE,1704161511439854.000,121.710,9.737,24,"[[1,1024],[1024,4096]]","[[1,4096]]",0.18,0.44
0,FusedInferAttentionScore,AI_CORE,AI_CORE,1704161511439975.750,64.428,5.154,24,"[[1,1024],[1024,4096]]","[[1,4096]]",0.18,0.44
0,RmsNorm,AI_VECTOR_CORE,AI_VECTOR_CORE,1704161511440040.250,25.952,2.076,24,"[[1,1024],[1024,4096]]","[[1,4096]]",0.05,0.3
0,MatMulV2,AI_CORE,AI_CORE,1704161511440066.250,121.240,9.699,24,"[[1,1024],[1024,4096]]","[[1,4096]]",0.18,0.44
0,FusedInferAttentionScore,AI_CORE,AI_CORE,1704161511440187.500,72.928,5.834,24,"[[1,1024],[1024,4096]]","[[1,4096]]",0.18,0.44
0,RmsNorm,AI_VECTOR_CORE,AI_VECTOR_CORE,1704161511440260.500,19.881,1.590,24,"[[1,1024],[1024,4096]]","[[1,4096]]",0.05,0.3
0,MatMulV2,AI_CORE,AI_CORE,1704161511440280.500,118.989,9.519,24,"[[1,1024],[1024,4096]]","[[1,4096]]",0.18,0.44
0,FusedInferAttentionScore,AI_CORE,AI_CORE,1704161511440399.500,63.913,5.113,24,"[[1,1024],[1024,4096]]","[[1,4096]]",0.18,0.44
0,RmsNorm,AI_VECTOR_CORE,AI_VECTOR_CORE,1704161511440463.500,26.197,2.096,24,"[[1,1024],[1024,4096]]","[[1,4096]]",0.05,0.3
0,MatMulV2,AI_CORE,AI_CORE,1704161511445400.000,119.282,9.543,24,"[[1,1024],[1024,4096]]","[[1,4096]]",0.18,0.44
0,FusedInferAttentionScore,AI_CORE,AI_CORE,1704161511445519.250,72.495,5.800,24,"[[1,1024],[1024,4096]]","[[1,4096]]",0.18,0.44
0,RmsNorm,AI_VECTOR_CORE,AI_VECTOR_CORE,1704161511445591.750,22.580,1.806,24,"[[1,1024],[1024,4096]]","[[1,4096]]",0.05,0.3
0,MatMulV2,AI_CORE,AI_CORE,1704161511445874.250,127.514,10.201,24,"[[1,1024],[1024,4096]]","[[1,4096]]",0.18,0.44
0,FusedInferAttentionScore,AI_CORE,AI_CORE,1704161511446001.750,66.964,5.357,24,"[[1,1024],[1024,4096]]","[[1,4096]]",0.18,0.44
0,RmsNorm,AI_VECTOR_CORE,AI_VECTOR_CORE,1704161511446068.750,28.092,2.247,24,"[[1,1024],[1024,4096]]","[[1,4096]]",0.05,0.3
0,MatMulV2,AI_CORE,AI_CORE,1704161511446096.750,111.061,8.885,24,"[[1,1024],[1024,4096]]","[[1,4096]]",0.18,0.44
0,FusedInferAttentionScore,AI_CORE,AI_CORE,1704161511446207.750,67.333,5.387,24,"[[1,1024],[1024,4096]]","[[1,4096]]",0.18,0.44
0,RmsNorm,AI_VECTOR_CORE,AI_VECTOR_CORE,1704161511446275.000,25.376,2.030,24,"[[1,1024],[1024,4096]]","[[1,4096]]",0.05,0.3
0,MatMulV2,AI_CORE,AI_CORE,1704161511446300.500,111.550,8.924,24,"[[1,1024],[1024,4096]]","[[1,4096]]",0.18,0.44
0,FusedInferAttentionScore,AI_CORE,AI_CORE,1704161511446412.000,68.019,5.441,24,"[[1,1024],[1024,4096]]","[[1,4096]]",0.18,0.44
0,RmsNorm,AI_VECTOR_CORE,AI_VECTOR_CORE,1704161511446480.000,22.348,1.788,24,"[[1,1024],[1024,4096]]","[[1,4096]]",0.05,0.3
0,MatMulV2,AI_CORE,AI_CORE,1704161511446502.250,126.873,10.150,24,"[[1,1024],[1024,4096]]","[[1,4096]]",0.18,0.44
0,FusedInferAttentionScore,AI_CORE,AI_CORE,1704161511446629.000,64.263,5.141,24,"[[1,1024],[1024,4096]]","[[1,4096]]",0.18,0.44
0,RmsNorm,AI_VECTOR_CORE,AI_VECTOR_CORE,1704161511446693.250,22.027,1.762,24,"[[1,1024],[1024,4096]]","[[1,4096]]",0.05,0.3
0,MatMulV2,AI_CORE,AI_CORE,1704161511446715.250,122.574,9.806,24,"[[1,1024],[1024,4096]]","[[1,4096]]",0.18,0.44
0,FusedInferAttentionScore,AI_CORE,AI_CORE,1704161511446837.750,71.537,5.723,24,"[[1,1024],[1024,4096]]","[[1,4096]]",0.18,0.44
0,RmsNorm,AI_VECTOR_CORE,AI_VECTOR_CORE,1704161511446909.250,21.237,1.699,24,"[[1,1024],[1024,4096]]","[[1,4096]]",0.05,0.3
0,MatMulV2,AI_CORE,AI_CORE,1704161511446930.500,114.980,9.198,24,"[[1,1024],[1024,4096]]","[[1,4096]]",0.18,0.44
0,FusedInferAttentionScore,AI_CORE,AI_CORE,1704161511447045.500,65.998,5.280,24,"[[1,1024],[1024,4096]]","[[1,4096]]",0.18,0.44
0,RmsNorm,AI_VECTOR_CORE,AI_VECTOR_CORE,1704161511447111.500,20.696,1.656,24,"[[1,1024],[1024,4096]]","[[1,4096]]",0.05,0.3
0,MatMulV2,AI_CORE,AI_CORE,1704161511447132.250,114.943,9.195,24,"[[1,1024],[1024,4096]]","[[1,4096]]",0.18,0.44
0,FusedInferAttentionScore,AI_CORE,AI_CORE,1704161511447247.250,64.956,5.197,24,"[[1,1024],[1024,4096]]","[[1,4096]]",0.18,0.44
0,RmsNorm,AI_VECTOR_CORE,AI_VECTOR_CORE,1704161511447312.250,20.812,1.665,24,"[[1,1024],[1024,4096]]","[[1,4096]]",0.05,0.3
0,MatMulV2,AI_CORE,AI_CORE,1704161511447333.000,111.077,8.886,24,"[[1,1024],[1024,4096]]","[[1,4096]]",0.18,0.44
0,FusedInferAttentionScore,AI_CORE,AI_CORE,1704161511447444.000,65.820,5.266,24,"[[1,1024],[1024,4096]]","[[1,4096]]",0.18,0.44
0,RmsNorm,AI_VECTOR_CORE,AI_VECTOR_CORE,1704161511447509.750,27.961,2.237,24,"[[1,1024],[1024,4096]]","[[1,4096]]",0.05,0.3
0,MatMulV2,AI_CORE,AI_CORE,1704161511447537.750,109.368,8.749,24,"[[1,1024],[1024,4096]]","[[1,4096]]",0.18,0.44
0,FusedInferAttentionScore,AI_CORE,AI_CORE,1704161511447647.000,69.501,5.560,24,"[[1,1024],[1024,4096]]","[[1,4096]]",0.18,0.44
0,RmsNorm,AI_VECTOR_CORE,AI_VECTOR_CORE,1704161511447716.500,21.584,1.727,24,"[[1,1024],[1024,4096]]","[[1,4096]]",0.05,0.3
0,MatMulV2,AI_CORE,AI_CORE,1704161511447738.000,108.018,8.641,24,"[[1,1024],[1024,4096]]","[[1,4096]]",0.18,0.44
0,FusedInferAttentionScore,AI_CORE,AI_CORE,1704161511447846.000,67.729,5.418,24,"[[1,1024],[1024,4096]]","[[1,4096]]",0.18,0.44
0,RmsNorm,AI_VECTOR_CORE,AI_VECTOR_CORE,1704161511447913.750,26.855,2.148,24,"[[1,1024],[1024,4096]]","[[1,4096]]",0.05,0.3
0,MatMulV2,AI_CORE,AI_CORE,1704161511447940.500,108.409,8.673,24,"[[1,1024],[1024,4096]]","[[1,4096]]",0.18,0.44
0,FusedInferAttentionScore,AI_CORE,AI_CORE,1704161511448049.000,73.266,5.861,24,"[[1,1024],[1024,4096]]","[[1,4096]]",0.18,0.44
0,RmsNorm,AI_VECTOR_CORE,AI_VECTOR_CORE,1704161511448122.250,27.271,2.182,24,"[[1,1024],[1024,4096]]","[[1,4096]]",0.05,0.3
0,MatMulV2,AI_CORE,AI_CORE,1704161511448149.500,125.059,10.005,24,"[[1,1024],[1024,4096]]","[[1,4096]]",0.18,0.44
0,FusedInferAttentionScore,AI_CORE,AI_CORE,1704161511448274.500,65.470,5.238,24,"[[1,1024],[1024,4096]]","[[1,4096]]",0.18,0.44
0,RmsNorm,AI_VECTOR_CORE,AI_VECTOR_CORE,1704161511448340.000,20.315,1.625,24,"[[1,1024],[1024,4096]]","[[1,4096]]",0.05,0.3
0,MatMulV2,AI_CORE,AI_CORE,1704161511448360.250,115.448,9.236,24,"[[1,1024],[1024,4096]]","[[1,4096]]",0.18,0.44
0,FusedInferAttentionScore,AI_CORE,AI_CORE,1704161511448475.750,63.187,5.055,24,"[[1,1024],[1024,4096]]","[[1,4096]]",0.18,0.44
0,RmsNorm,AI_VECTOR_CORE,AI_VECTOR_CORE,1704161511448539.000,22.538,1.803,24,"[[1,1024],[1024,4096]]","[[1,4096]]",0.05,0.3
0,MatMulV2,AI_CORE,AI_CORE,1704161511448561.500,116.584,9.327,24,"[[1,1024],[1024,4096]]","[[1,4096]]",0.18,0.44
0,FusedInferAttentionScore,AI_CORE,AI_CORE,1704161511448678.000,64.440,5.155,24,"[[1,1024],[1024,4096]]","[[1,4096]]",0.18,0.44
0,RmsNorm,AI_VECTOR_CORE,AI_VECTOR_CORE,1704161511448742.500,24.821,1.986,24,"[[1,1024],[1024,4096]]","[[1,4096]]",0.05,0.3
0,MatMulV2,AI_CORE,AI_CORE,1704161511448767.250,113.184,9.055,24,"[[1,1024],[1024,4096]]","[[1,4096]]",0.18,0.44
0,FusedInferAttentionScore,AI_CORE,AI_CORE,1704161511448880.500,71.878,5.750,24,"[[1,1024],[1024,4096]]","[[1,4096]]",0.18,0.44
0,RmsNorm,AI_VECTOR_CORE,AI_VECTOR_CORE,1704161511448952.500,25.743,2.059,24,"[[1,1024],[1024,4096]]","[[1,4096]]",0.05,0.3
0,MatMulV2,AI_CORE,AI_CORE,1704161511448978.250,128.349,10.268,24,"[[1,1024],[1024,4096]]","[[1,4096]]",0.18,0.44
0,FusedInferAttentionScore,AI_CORE,AI_CORE,1704161511449106.500,76.462,6.117,24,"[[1,1024],[1024,4096]]","[[1,4096]]",0.18,0.44
0,RmsNorm,AI_VECTOR_CORE,AI_VECTOR_CORE,1704161511449183.000,23.843,1.907,24,"[[1,1024],[1024,4096]]","[[1,4096]]",0.05,0.3
0,MatMulV2,AI_CORE,AI_CORE,1704161511449206.750,121.609,9.729,24,"[[1,1024],[1024,4096]]","[[1,4096]]",0.18,0.44
0,FusedInferAttentionScore,AI_CORE,AI_CORE,1704161511449328.250,71.346,5.708,24,"[[1,1024],[1024,4096]]","[[1,4096]]",0.18,0.44
0,RmsNorm,AI_VECTOR_CORE,AI_VECTOR_CORE,1704161511449399.500,24.679,1.974,24,"[[1,1024],[1024,4096]]","[[1,4096]]",0.05,0.3
0,MatMulV2,AI_CORE,AI_CORE,1704161511449424.250,125.206,10.016,24,"[[1,1024],[1024,4096]]","[[1,4096]]",0.18,0.44
0,FusedInferAttentionScore,AI_CORE,AI_CORE,1704161511449549.500,73.437,5.875,24,"[[1,1024],[1024,4096]]","[[1,4096]]",0.18,0.44
0,RmsNorm,AI_VECTOR_CORE,AI_VECTOR_CORE,1704161511449623.000,25.083,2.007,24,"[[1,1024],[1024,4096]]","[[1,4096]]",0.05,0.3
0,MatMulV2,AI_CORE,AI_CORE,1704161511449648.000,119.497,9.560,24,"[[1,1024],[1024,4096]]","[[1,4096]]",0.18,0.44
0,FusedInferAttentionScore,AI_CORE,AI_CORE,1704161511449767.500,63.583,5.087,24,"[[1,1024],[1024,4096]]","[[1,4096]]",0.18,0.44
0,RmsNorm,AI_VECTOR_CORE,AI_VECTOR_CORE,1704161511449831.000,25.718,2.057,24,"[[1,1024],[1024,4096]]","[[1,4096]]",0.05,0.3
0,MatMulV2,AI_CORE,AI_CORE,1704161511449856.750,114.346,9.148,24,"[[1,1024],[1024,4096]]","[[1,4096]]",0.18,0.44
0,FusedInferAttentionScore,AI_CORE,AI_CORE,1704161511449971.000,67.875,5.430,24,"[[1,1024],[1024,4096]]","[[1,4096]]",0.18,0.44
0,RmsNorm,AI_VECTOR_CORE,AI_VECTOR_CORE,1704161511450038.750,19.921,1.594,24,"[[1,1024],[1024,4096]]","[[1,4096]]",0.05,0.3
0,MatMulV2,AI_CORE,AI_CORE,1704161511450058.750,117.387,9.391,24,"[[1,1024],[1024,4096]]","[[1,4096]]",0.18,0.44
0,FusedInferAttentionScore,AI_CORE,AI_CORE,1704161511450176.250,74.026,5.922,24,"[[1,1024],[1024,4096]]","[[1,4096]]",0.18,0.44
0,RmsNorm,AI_VECTOR_CORE,AI_VECTOR_CORE,1704161511450250.250,24.357,1.949,24,"[[1,1024],[1024,4096]]","[[1,4096]]",0.05,0.3
0,MatMulV2,AI_CORE,AI_CORE,1704161511450274.500,108.028,8.642,24,"[[1,1024],[1024,4096]]","[[1,4096]]",0.18,0.44
0,FusedInferAttentionScore,AI_CORE,AI_CORE,1704161511450382.500,68.290,5.463,24,"[[1,1024],[1024,4096]]","[[1,4096]]",0.18,0.44
0,RmsNorm,AI_VECTOR_CORE,AI_VECTOR_CORE,1704161511450450.750,27.455,2.196,24,"[[1,1024],[1024,4096]]","[[1,4096]]",0.05,0.3
0,MatMulV2,AI_CORE,AI_CORE,1704161511450478.250,118.068,9.445,24,"[[1,1024],[1024,4096]]","[[1,4096]]",0.18,0.44
0,FusedInferAttentionScore,AI_CORE,AI_CORE,1704161511450596.250,75.902,6.072,24,"[[1,1024],[1024,4096]]","[[1,4096]]",0.18,0.44
0,RmsNorm,AI_VECTOR_CORE,AI_VECTOR_CORE,1704161511450672.250,21.957,1.757,24,"[[1,1024],[1024,4096]]","[[1,4096]]",0.05,0.3
0,MatMulV2,AI_CORE,AI_CORE,1704161511450694.250,117.815,9.425,24,"[[1,1024],[1024,4096]]","[[1,4096]]",0.18,0.44
0,FusedInferAttentionScore,AI_CORE,AI_CORE,1704161511450812.000,63.487,5.079,24,"[[1,1024],[1024,4096]]","[[1,4096]]",0.18,0.44
0,RmsNorm,AI_VECTOR_CORE,AI_VECTOR_CORE,1704161511450875.500,21.548,1.724,24,"[[1,1024],[1024,4096]]","[[1,4096]]",0.05,0.3
0,MatMulV2,AI_CORE,AI_CORE,1704161511450897.000,108.562,8.685,24,"[[1,1024],[1024,4096]]","[[1,4096]]",0.18,0.44
0,FusedInferAttentionScore,AI_CORE,AI_CORE,1704161511451005.500,69.440,5.555,24,"[[1,1024],[1024,4096]]","[[1,4096]]",0.18,0.44
0,RmsNorm,AI_VECTOR_CORE,AI_VECTOR_CORE,1704161511451075.000,21.494,1.719,24,"[[1,1024],[1024,4096]]","[[1,4096]]",0.05,0.3
0,MatMulV2,AI_CORE,AI_CORE,1704161511451096.500,108.311,8.665,24,"[[1,1024],[1024,4096]]","[[1,4096]]",0.18,0.44
0,FusedInferAttentionScore,AI_CORE,AI_CORE,1704161511451204.750,63.707,5.097,24,"[[1,1024],[1024,4096]]","[[1,4096]]",0.18,0.44
0,RmsNorm,AI_VECTOR_CORE,AI_VECTOR_CORE,1704161511451268.500,19.269,1.542,24,"[[1,1024],[1024,4096]]","[[1,4096]]",0.05,0.3
0,MatMulV2,AI_CORE,AI_CORE,1704161511451287.750,131.610,10.529,24,"[[1,1024],[1024,4096]]","[[1,4096]]",0.18,0.44
0,FusedInferAttentionScore,AI_CORE,AI_CORE,1704161511451419.250,63.964,5.117,24,"[[1,1024],[1024,4096]]","[[1,4096]]",0.18,0.44
0,RmsNorm,AI_VECTOR_CORE,AI_VECTOR_CORE,1704161511451483.250,21.494,1.719,24,"[[1,1024],[1024,4096]]","[[1,4096]]",0.05,0.3
0,MatMulV2,AI_CORE,AI_CORE,1704161511451504.750,126.389,10.111,24,"[[1,1024],[1024,4096]]","[[1,4096]]",0.18,0.44
0,FusedInferAttentionScore,AI_CORE,AI_CORE,1704161511451631.250,72.655,5.812,24,"[[1,1024],[1024,4096]]","[[1,4096]]",0.18,0.44
0,RmsNorm,AI_VECTOR_CORE,AI_VECTOR_CORE,1704161511451704.000,23.542,1.883,24,"[[1,1024],[1024,4096]]","[[1,4096]]",0.05,0.3
0,MatMulV2,AI_CORE,AI_CORE,1704161511451727.500,124.655,9.972,24,"[[1,1024],[1024,4096]]","[[1,4096]]",0.18,0.44
0,FusedInferAttentionScore,AI_CORE,AI_CORE,1704161511451852.250,74.852,5.988,24,"[[1,1024],[1024,4096]]","[[1,4096]]",0.18,0.44
0,RmsNorm,AI_VECTOR_CORE,AI_VECTOR_CORE,1704161511451927.000,27.383,2.191,24,"[[1,1024],[1024,4096]]","[[1,4096]]",0.05,0.3
0,MatMulV2,AI_CORE,AI_CORE,1704161511451954.500,125.934,10.075,24,"[[1,1024],[1024,4096]]","[[1,4096]]",0.18,0.44
0,FusedInferAttentionScore,AI_CORE,AI_CORE,1704161511452080.500,74.408,5.953,24,"[[1,1024],[1024,4096]]","[[1,4096]]",0.18,0.44
0,RmsNorm,AI_VECTOR_CORE,AI_VECTOR_CORE,1704161511452155.000,21.583,1.727,24,"[[1,1024],[1024,4096]]","[[1,4096]]",0.05,0.3
0,MatMulV2,AI_CORE,AI_CORE,1704161511452176.500,126.328,10.106,24,"[[1,1024],[1024,4096]]","[[1,4096]]",0.18,0.44
0,FusedInferAttentionScore,AI_CORE,AI_CORE,1704161511452302.750,65.381,5.230,24,"[[1,1024],[1024,4096]]","[[1,4096]]",0.18,0.44
0,RmsNorm,AI_VECTOR_CORE,AI_VECTOR_CORE,1704161511452368.250,22.632,1.811,24,"[[1,1024],[1024,4096]]","[[1,4096]]",0.05,0.3
0,MatMulV2,AI_CORE,AI_CORE,1704161511457400.000,117.035,9.363,24,"[[1,1024],[1024,4096]]","[[1,4096]]",0.18,0.44
0,FusedInferAttentionScore,AI_CORE,AI_CORE,1704161511457517.000,70.650,5.652,24,"[[1,1024],[1024,4096]]","[[1,4096]]",0.18,0.44
0,RmsNorm,AI_VECTOR_CORE,AI_VECTOR_CORE,1704161511457587.750,20.847,1.668,24,"[[1,1024],[1024,4096]]","[[1,4096]]",0.05,0.3
0,MatMulV2,AI_CORE,AI_CORE,1704161511457868.500,108.645,8.692,24,"[[1,1024],[1024,4096]]","[[1,4096]]",0.18,0.44
0,FusedInferAttentionScore,AI_CORE,AI_CORE,1704161511457977.250,76.538,6.123,24,"[[1,1024],[1024,4096]]","[[1,4096]]",0.18,0.44
0,RmsNorm,AI_VECTOR_CORE,AI_VECTOR_CORE,1704161511458053.750,20.667,1.653,24,"[[1,1024],[1024,4096]]","[[1,4096]]",0.05,0.3
0,MatMulV2,AI_CORE,AI_CORE,1704161511458074.500,109.986,8.799,24,"[[1,1024],[1024,4096]]","[[1,4096]]",0.18,0.44
0,FusedInferAttentionScore,AI_CORE,AI_CORE,1704161511458184.500,66.544,5.324,24,"[[1,1024],[1024,4096]]","[[1,4096]]",0.18,0.44
0,RmsNorm,AI_VECTOR_CORE,AI_VECTOR_CORE,1704161511458251.000,28.402,2.272,24,"[[1,1024],[1024,4096]]","[[1,4096]]",0.05,0.3
0,MatMulV2,AI_CORE,AI_CORE,1704161511458279.500,130.754,10.460,24,"[[1,1024],[1024,4096]]","[[1,4096]]",0.18,0.44
0,FusedInferAttentionScore,AI_CORE,AI_CORE,1704161511458410.250,76.425,6.114,24,"[[1,1024],[1024,4096]]","[[1,4096]]",0.18,0.44
0,RmsNorm,AI_VECTOR_CORE,AI_VECTOR_CORE,1704161511458486.750,26.717,2.137,24,"[[1,1024],[1024,4096]]","[[1,4096]]",0.05,0.3
0,MatMulV2,AI_CORE,AI_CORE,1704161511458513.500,125.999,10.080,24,"[[1,1024],[1024,4096]]","[[1,4096]]",0.18,0.44
0,FusedInferAttentionScore,AI_CORE,AI_CORE,1704161511458639.500,76.299,6.104,24,"[[1,1024],[1024,4096]]","[[1,4096]]",0.18,0.44
0,RmsNorm,AI_VECTOR_CORE,AI_VECTOR_CORE,1704161511458715.750,26.171,2.094,24,"[[1,1024],[1024,4096]]","[[1,4096]]",0.05,0.3
0,MatMulV2,AI_CORE,AI_CORE,1704161511458742.000,122.064,9.765,24,"[[1,1024],[1024,4096]]","[[1,4096]]",0.18,0.44
0,FusedInferAttentionScore,AI_CORE,AI_CORE,1704161511458864.000,69.525,5.562,24,"[[1,1024],[1024,4096]]","[[1,4096]]",0.18,0.44
0,RmsNorm,AI_VECTOR_CORE,AI_VECTOR_CORE,1704161511458933.500,24.768,1.981,24,"[[1,1024],[1024,4096]]","[[1,4096]]",0.05,0.3
0,MatMulV2,AI_CORE,AI_CORE,1704161511458958.250,123.931,9.914,24,"[[1,1024],[1024,4096]]","[[1,4096]]",0.18,0.44
0,FusedInferAttentionScore,AI_CORE,AI_CORE,1704161511459082.250,66.850,5.348,24,"[[1,1024],[1024,4096]]","[[1,4096]]",0.18,0.44
0,RmsNorm,AI_VECTOR_CORE,AI_VECTOR_CORE,1704161511459149.000,22.018,1.761,24,"[[1,1024],[1024,4096]]","[[1,4096]]",0.05,0.3
0,MatMulV2,AI_CORE,AI_CORE,1704161511459171.000,119.331,9.546,24,"[[1,1024],[1024,4096]]","[[1,4096]]",0.18,0.44
0,FusedInferAttentionScore,AI_CORE,AI_CORE,1704161511459290.250,73.429,5.874,24,"[[1,1024],[1024,4096]]","[[1,4096]]",0.18,0.44
0,RmsNorm,AI_VECTOR_CORE,AI_VECTOR_CORE,1704161511459363.750,27.701,2.216,24,"[[1,1024],[1024,4096]]","[[1,4096]]",0.05,0.3
0,MatMulV2,AI_CORE,AI_CORE,1704161511459391.500,117.013,9.361,24,"[[1,1024],[1024,4096]]","[[1,4096]]",0.18,0.44
0,FusedInferAttentionScore,AI_CORE,AI_CORE,1704161511459508.500,75.798,6.064,24,"[[1,1024],[1024,4096]]","[[1,4096]]",0.18,0.44
0,RmsNorm,AI_VECTOR_CORE,AI_VECTOR_CORE,1704161511459584.250,27.055,2.164,24,"[[1,1024],[1024,4096]]","[[1,4096]]",0.05,0.3
0,MatMulV2,AI_CORE,AI_CORE,1704161511459611.250,114.524,9.162,24,"[[1,1024],[1024,4096]]","[[1,4096]]",0.18,0.44
0,FusedInferAttentionScore,AI_CORE,AI_CORE,1704161511459725.750,75.402,6.032,24,"[[1,1024],[1024,4096]]","[[1,4096]]",0.18,0.44
0,RmsNorm,AI_VECTOR_CORE,AI_VECTOR_CORE,1704161511459801.250,20.153,1.612,24,"[[1,1024],[1024,4096]]","[[1,4096]]",0.05,0.3
0,MatMulV2,AI_CORE,AI_CORE,1704161511459821.500,112.900,9.032,24,"[[1,1024],[1024,4096]]","[[1,4096]]",0.18,0.44
0,FusedInferAttentionScore,AI_CORE,AI_CORE,1704161511459934.500,64.770,5.182,24,"[[1,1024],[1024,4096]]","[[1,4096]]",0.18,0.44
0,RmsNorm,AI_VECTOR_CORE,AI_VECTOR_CORE,1704161511459999.250,25.213,2.017,24,"[[1,1024],[1024,4096]]","[[1,4096]]",0.05,0.3
0,MatMulV2,AI_CORE,AI_CORE,1704161511460024.500,109.621,8.770,24,"[[1,1024],[1024,4096]]","[[1,4096]]",0.18,0.44
0,FusedInferAttentionScore,AI_CORE,AI_CORE,1704161511460134.000,69.925,5.594,24,"[[1,1024],[1024,4096]]","[[1,4096]]",0.18,0.44
0,RmsNorm,AI_VECTOR_CORE,AI_VECTOR_CORE,1704161511460204.000,24.390,1.951,24,"[[1,1024],[1024,4096]]","[[1,4096]]",0.05,0.3
0,MatMulV2,AI_CORE,AI_CORE,1704161511460228.500,127.219,10.178,24,"[[1,1024],[1024,4096]]","[[1,4096]]",0.18,0.44
0,FusedInferAttentionScore,AI_CORE,AI_CORE,1704161511460355.750,64.142,5.131,24,"[[1,1024],[1024,4096]]","[[1,4096]]",0.18,0.44
0,RmsNorm,AI_VECTOR_CORE,AI_VECTOR_CORE,1704161511460420.000,25.009,2.001,24,"[[1,1024],[1024,4096]]","[[1,4096]]",0.05,0.3
0,MatMulV2,AI_CORE,AI_CORE,1704161511460445.000,124.908,9.993,24,"[[1,1024],[1024,4096]]","[[1,4096]]",0.18,0.44
0,FusedInferAttentionScore,AI_CORE,AI_CORE,1704161511460570.000,65.613,5.249,24,"[[1,1024],[1024,4096]]","[[1,4096]]",0.18,0.44
0,RmsNorm,AI_VECTOR_CORE,AI_VECTOR_CORE,1704161511460635.500,27.574,2.206,24,"[[1,1024],[1024,4096]]","[[1,4096]]",0.05,0.3
0,MatMulV2,AI_CORE,AI_CORE,1704161511460663.000,126.612,10.129,24,"[[1,1024],[1024,4096]]","[[1,4096]]",0.18,0.44
0,FusedInferAttentionScore,AI_CORE,AI_CORE,1704161511460789.500,63.153,5.052,24,"[[1,1024],[1024,4096]]","[[1,4096]]",0.18,0.44
0,RmsNorm,AI_VECTOR_CORE,AI_VECTOR_CORE,1704161511460852.750,20.717,1.657,24,"[[1,1024],[1024,4096]]","[[1,4096]]",0.05,0.3
0,MatMulV2,AI_CORE,AI_CORE,1704161511460873.500,112.770,9.022,24,"[[1,1024],[1024,4096]]","[[1,4096]]",0.18,0.44
0,FusedInferAttentionScore,AI_CORE,AI_CORE,1704161511460986.250,75.507,6.041,24,"[[1,1024],[1024,4096]]","[[1,4096]]",0.18,0.44
0,RmsNorm,AI_VECTOR_CORE,AI_VECTOR_CORE,1704161511461061.750,20.030,1.602,24,"[[1,1024],[1024,4096]]","[[1,4096]]",0.05,0.3
0,MatMulV2,AI_CORE,AI_CORE,1704161511461081.750,117.285,9.383,24,"[[1,1024],[1024,4096]]","[[1,4096]]",0.18,0.44
0,FusedInferAttentionScore,AI_CORE,AI_CORE,1704161511461199.000,65.378,5.230,24,"[[1,1024],[1024,4096]]","[[1,4096]]",0.18,0.44
0,RmsNorm,AI_VECTOR_CORE,AI_VECTOR_CORE,1704161511461264.500,26.133,2.091,24,"[[1,1024],[1024,4096]]","[[1,4096]]",0.05,0.3
0,MatMulV2,AI_CORE,AI_CORE,1704161511461290.750,112.997,9.040,24,"[[1,1024],[1024,4096]]","[[1,4096]]",0.18,0.44
0,FusedInferAttentionScore,AI_CORE,AI_CORE,1704161511461403.750,76.745,6.140,24,"[[1,1024],[1024,4096]]","[[1,4096]]",0.18,0.44
0,RmsNorm,AI_VECTOR_CORE,AI_VECTOR_CORE,1704161511461480.500,19.719,1.578,24,"[[1,1024],[1024,4096]]","[[1,4096]]",0.05,0.3
0,MatMulV2,AI_CORE,AI_CORE,1704161511461500.250,115.056,9.204,24,"[[1,1024],[1024,4096]]","[[1,4096]]",0.18,0.44
0,FusedInferAttentionScore,AI_CORE,AI_CORE,1704161511461615.250,71.589,5.727,24,"[[1,1024],[1024,4096]]","[[1,4096]]",0.18,0.44
0,RmsNorm,AI_VECTOR_CORE,AI_VECTOR_CORE,1704161511461686.750,27.346,2.188,24,"[[1,1024],[1024,4096]]","[[1,4096]]",0.05,0.3
0,MatMulV2,AI_CORE,AI_CORE,1704161511461714.000,121.571,9.726,24,"[[1,1024],[1024,4096]]","[[1,4096]]",0.18,0.44
0,FusedInferAttentionScore,AI_CORE,AI_CORE,1704161511461835.500,65.602,5.248,24,"[[1,1024],[1024,4096]]","[[1,4096]]",0.18,0.44
0,RmsNorm,AI_VECTOR_CORE,AI_VECTOR_CORE,1704161511461901.000,25.301,2.024,24,"[[1,1024],[1024,4096]]","[[1,4096]]",0.05,0.3
0,MatMulV2,AI_CORE,AI_CORE,1704161511461926.250,116.900,9.352,24,"[[1,1024],[1024,4096]]","[[1,4096]]",0.18,0.44
0,FusedInferAttentionScore,AI_CORE,AI_CORE,1704161511462043.250,73.983,5.919,24,"[[1,1024],[1024,4096]]","[[1,4096]]",0.18,0.44
0,RmsNorm,AI_VECTOR_CORE,AI_VECTOR_CORE,1704161511462117.250,27.307,2.185,24,"[[1,1024],[1024,4096]]","[[1,4096]]",0.05,0.3
0,MatMulV2,AI_CORE,AI_CORE,1704161511462144.500,128.971,10.318,24,"[[1,1024],[1024,4096]]","[[1,4096]]",0.18,0.44
0,FusedInferAttentionScore,AI_CORE,AI_CORE,1704161511462273.500,67.910,5.433,24,"[[1,1024],[1024,4096]]","[[1,4096]]",0.18,0.44
0,RmsNorm,AI_VECTOR_CORE,AI_VECTOR_CORE,1704161511462341.500,22.609,1.809,24,"[[1,1024],[1024,4096]]","[[1,4096]]",0.05,0.3
0,MatMulV2,AI_CORE,AI_CORE,1704161511462364.000,121.997,9.760,24,"[[1,1024],[1024,4096]]","[[1,4096]]",0.18,0.44
0,FusedInferAttentionScore,AI_CORE,AI_CORE,1704161511462486.000,75.785,6.063,24,"[[1,1024],[1024,4096]]","[[1,4096]]",0.18,0.44
0,RmsNorm,AI_VECTOR_CORE,AI_VECTOR_CORE,1704161511462561.750,28.598,2.288,24,"[[1,1024],[1024,4096]]","[[1,4096]]",0.05,0.3
0,MatMulV2,AI_CORE,AI_CORE,1704161511462590.250,111.965,8.957,24,"[[1,1024],[1024,4096]]","[[1,4096]]",0.18,0.44
0,FusedInferAttentionScore,AI_CORE,AI_CORE,1704161511462702.250,76.847,6.148,24,"[[1,1024],[1024,4096]]","[[1,4096]]",0.18,0.44
0,RmsNorm,AI_VECTOR_CORE,AI_VECTOR_CORE,1704161511462779.000,25.315,2.025,24,"[[1,1024],[1024,4096]]","[[1,4096]]",0.05,0.3
0,MatMulV2,AI_CORE,AI_CORE,1704161511462804.250,130.277,10.422,24,"[[1,1024],[1024,4096]]","[[1,4096]]",0.18,0.44
0,FusedInferAttentionScore,AI_CORE,AI_CORE,1704161511462934.500,66.235,5.299,24,"[[1,1024],[1024,4096]]","[[1,4096]]",0.18,0.44
0,RmsNorm,AI_VECTOR_CORE,AI_VECTOR_CORE,1704161511463000.750,21.598,1.728,24,"[[1,1024],[1024,4096]]","[[1,4096]]",0.05,0.3
0,MatMulV2,AI_CORE,AI_CORE,1704161511463022.250,122.909,9.833,24,"[[1,1024],[1024,4096]]","[[1,4096]]",0.18,0.44
0,FusedInferAttentionScore,AI_CORE,AI_CORE,1704161511463145.250,72.113,5.769,24,"[[1,1024],[1024,4096]]","[[1,4096]]",0.18,0.44
0,RmsNorm,AI_VECTOR_CORE,AI_VECTOR_CORE,1704161511463217.250,25.000,2.000,24,"[[1,1024],[1024,4096]]","[[1,4096]]",0.05,0.3
0,MatMulV2,AI_CORE,AI_CORE,1704161511463242.250,118.471,9.478,24,"[[1,1024],[1024,4096]]","[[1,4096]]",0.18,0.44
0,FusedInferAttentionScore,AI_CORE,AI_CORE,1704161511463360.750,76.936,6.155,24,"[[1,1024],[1024,4096]]","[[1,4096]]",0.18,0.44
0,RmsNorm,AI_VECTOR_CORE,AI_VECTOR_CORE,1704161511463437.750,26.056,2.084,24,"[[1,1024],[1024,4096]]","[[1,4096]]",0.05,0.3
0,MatMulV2,AI_CORE,AI_CORE,1704161511463463.750,116.543,9.323,24,"[[1,1024],[1024,4096]]","[[1,4096]]",0.18,0.44
0,FusedInferAttentionScore,AI_CORE,AI_CORE,1704161511463580.250,64.463,5.157,24,"[[1,1024],[1024,4096]]","[[1,4096]]",0.18,0.44
0,RmsNorm,AI_VECTOR_CORE,AI_VECTOR_CORE,1704161511463644.750,23.422,1.874,24,"[[1,1024],[1024,4096]]","[[1,4096]]",0.05,0.3
0,MatMulV2,AI_CORE,AI_CORE,1704161511463668.250,113.654,9.092,24,"[[1,1024],[1024,4096]]","[[1,4096]]",0.18,0.44
0,FusedInferAttentionScore,AI_CORE,AI_CORE,1704161511463782.000,67.591,5.407,24,"[[1,1024],[1024,4096]]","[[1,4096]]",0.18,0.44
0,RmsNorm,AI_VECTOR_CORE,AI_VECTOR_CORE,1704161511463849.500,22.857,1.829,24,"[[1,1024],[1024,4096]]","[[1,4096]]",0.05,0.3
0,MatMulV2,AI_CORE,AI_CORE,1704161511463872.250,114.288,9.143,24,"[[1,1024],[1024,4096]]","[[1,4096]]",0.18,0.44
0,FusedInferAttentionScore,AI_CORE,AI_CORE,1704161511463986.500,67.633,5.411,24,"[[1,1024],[1024,4096]]","[[1,4096]]",0.18,0.44
0,RmsNorm,AI_VECTOR_CORE,AI_VECTOR_CORE,1704161511464054.250,22.184,1.775,24,"[[1,1024],[1024,4096]]","[[1,4096]]",0.05,0.3
0,MatMulV2,AI_CORE,AI_CORE,1704161511464076.500,124.291,9.943,24,"[[1,1024],[1024,4096]]","[[1,4096]]",0.18,0.44
0,FusedInferAttentionScore,AI_CORE,AI_CORE,1704161511464200.750,75.103,6.008,24,"[[1,1024],[1024,4096]]","[[1,4096]]",0.18,0.44
0,RmsNorm,AI_VECTOR_CORE,AI_VECTOR_CORE,1704161511464275.750,25.589,2.047,24,"[[1,1024],[1024,4096]]","[[1,4096]]",0.05,0.3
0,MatMulV2,AI_CORE,AI_CORE,1704161511464301.250,130.044,10.403,24,"[[1,1024],[1024,4096]]","[[1,4096]]",0.18,0.44
0,FusedInferAttentionScore,AI_CORE,AI_CORE,1704161511464431.250,67.628,5.410,24,"[[1,1024],[1024,4096]]","[[1,4096]]",0.18,0.44
0,RmsNorm,AI_VECTOR_CORE,AI_VECTOR_CORE,1704161511464499.000,27.403,2.192,24,"[[1,1024],[1024,4096]]","[[1,4096]]",0.05,0.3
0,MatMulV2,AI_CORE,AI_CORE,1704161511469400.000,120.796,9.664,24,"[[1,1024],[1024,4096]]","[[1,4096]]",0.18,0.44
0,FusedInferAttentionScore,AI_CORE,AI_CORE,1704161511469520.750,69.867,5.589,24,"[[1,1024],[1024,4096]]","[[1,4096]]",0.18,0.44
0,RmsNorm,AI_VECTOR_CORE,AI_VECTOR_CORE,1704161511469590.500,19.960,1.597,24,"[[1,1024],[1024,4096]]","[[1,4096]]",0.05,0.3
0,MatMulV2,AI_CORE,AI_CORE,1704161511469870.500,130.263,10.421,24,"[[1,1024],[1024,4096]]","[[1,4096]]",0.18,0.44
0,FusedInferAttentionScore,AI_CORE,AI_CORE,1704161511470000.750,69.324,5.546,24,"[[1,1024],[1024,4096]]","[[1,4096]]",0.18,0.44
0,RmsNorm,AI_VECTOR_CORE,AI_VECTOR_CORE,1704161511470070.000,27.387,2.191,24,"[[1,1024],[1024,4096]]","[[1,4096]]",0.05,0.3
0,MatMulV2,AI_CORE,AI_CORE,1704161511470097.500,128.811,10.305,24,"[[1,1024],[1024,4096]]","[[1,4096]]",0.18,0.44
0,FusedInferAttentionScore,AI_CORE,AI_CORE,1704161511470226.250,67.751,5.420,24,"[[1,1024],[1024,4096]]","[[1,4096]]",0.18,0.44
0,RmsNorm,AI_VECTOR_CORE,AI_VECTOR_CORE,1704161511470294.000,23.181,1.854,24,"[[1,1024],[1024,4096]]","[[1,4096]]",0.05,0.3
0,MatMulV2,AI_CORE,AI_CORE,1704161511470317.250,125.644,10.051,24,"[[1,1024],[1024,4096]]","[[1,4096]]",0.18,0.44
0,FusedInferAttentionScore,AI_CORE,AI_CORE,1704161511470443.000,76.564,6.125,24,"[[1,1024],[1024,4096]]","[[1,4096]]",0.18,0.44
0,RmsNorm,AI_VECTOR_CORE,AI_VECTOR_CORE,1704161511470519.500,26.147,2.092,24,"[[1,1024],[1024,4096]]","[[1,4096]]",0.05,0.3
0,MatMulV2,AI_CORE,AI_CORE,1704161511470545.750,129.310,10.345,24,"[[1,1024],[1024,4096]]","[[1,4096]]",0.18,0.44
0,FusedInferAttentionScore,AI_CORE,AI_CORE,1704161511470675.000,70.583,5.647,24,"[[1,1024],[1024,4096]]","[[1,4096]]",0.18,0.44
0,RmsNorm,AI_VECTOR_CORE,AI_VECTOR_CORE,1704161511470745.500,22.848,1.828,24,"[[1,1024],[1024,4096]]","[[1,4096]]",0.05,0.3
0,MatMulV2,AI_CORE,AI_CORE,1704161511470768.250,122.886,9.831,24,"[[1,1024],[1024,4096]]","[[1,4096]]",0.18,0.44
0,FusedInferAttentionScore,AI_CORE,AI_CORE,1704161511470891.250,67.135,5.371,24,"[[1,1024],[1024,4096]]","[[1,4096]]",0.18,0.44
0,RmsNorm,AI_VECTOR_CORE,AI_VECTOR_CORE,1704161511470958.500,22.045,1.764,24,"[[1,1024],[1024,4096]]","[[1,4096]]",0.05,0.3
0,MatMulV2,AI_CORE,AI_CORE,1704161511470980.500,121.867,9.749,24,"[[1,1024],[1024,4096]]","[[1,4096]]",0.18,0.44
0,FusedInferAttentionScore,AI_CORE,AI_CORE,1704161511471102.250,69.382,5.551,24,"[[1,1024],[1024,4096]]","[[1,4096]]",0.18,0.44
0,RmsNorm,AI_VECTOR_CORE,AI_VECTOR_CORE,1704161511471171.750,26.805,2.144,24,"[[1,1024],[1024,4096]]","[[1,4096]]",0.05,0.3
0,MatMulV2,AI_CORE,AI_CORE,1704161511471198.500,123.147,9.852,24,"[[1,1024],[1024,4096]]","[[1,4096]]",0.18,0.44
0,FusedInferAttentionScore,AI_CORE,AI_CORE,1704161511471321.750,72.716,5.817,24,"[[1,1024],[1024,4096]]","[[1,4096]]",0.18,0.44
0,RmsNorm,AI_VECTOR_CORE,AI_VECTOR_CORE,1704161511471394.500,26.417,2.113,24,"[[1,1024],[1024,4096]]","[[1,4096]]",0.05,0.3
0,MatMulV2,AI_CORE,AI_CORE,1704161511471421.000,119.454,9.556,24,"[[1,1024],[1024,4096]]","[[1,4096]]",0.18,0.44
0,FusedInferAttentionScore,AI_CORE,AI_CORE,1704161511471540.500,70.567,5.645,24,"[[1,1024],[1024,4096]]","[[1,4096]]",0.18,0.44
0,RmsNorm,AI_VECTOR_CORE,AI_VECTOR_CORE,1704161511471611.000,26.264,2.101,24,"[[1,1024],[1024,4096]]","[[1,4096]]",0.05,0.3
0,MatMulV2,AI_CORE,AI_CORE,1704161511471637.250,119.629,9.570,24,"[[1,1024],[1024,4096]]","[[1,4096]]",0.18,0.44
0,FusedInferAttentionScore,AI_CORE,AI_CORE,1704161511471757.000,69.469,5.557,24,"[[1,1024],[1024,4096]]","[[1,4096]]",0.18,0.44
0,RmsNorm,AI_VECTOR_CORE,AI_VECTOR_CORE,1704161511471826.500,21.007,1.681,24,"[[1,1024],[1024,4096]]","[[1,4096]]",0.05,0.3
0,MatMulV2,AI_CORE,AI_CORE,1704161511471847.500,121.110,9.689,24,"[[1,1024],[1024,4096]]","[[1,4096]]",0.18,0.44
0,FusedInferAttentionScore,AI_CORE,AI_CORE,1704161511471968.500,70.719,5.657,24,"[[1,1024],[1024,4096]]","[[1,4096]]",0.18,0.44
0,RmsNorm,AI_VECTOR_CORE,AI_VECTOR_CORE,1704161511472039.250,20.426,1.634,24,"[[1,1024],[1024,4096]]","[[1,4096]]",0.05,0.3
0,MatMulV2,AI_CORE,AI_CORE,1704161511472059.750,131.001,10.480,24,"[[1,1024],[1024,4096]]","[[1,4096]]",0.18,0.44
0,FusedInferAttentionScore,AI_CORE,AI_CORE,1704161511472190.750,63.488,5.079,24,"[[1,1024],[1024,4096]]","[[1,4096]]",0.18,0.44
0,RmsNorm,AI_VECTOR_CORE,AI_VECTOR_CORE,1704161511472254.250,28.476,2.278,24,"[[1,1024],[1024,4096]]","[[1,4096]]",0.05,0.3
0,MatMulV2,AI_CORE,AI_CORE,1704161511472282.750,122.112,9.769,24,"[[1,1024],[1024,4096]]","[[1,4096]]",0.18,0.44
0,FusedInferAttentionScore,AI_CORE,AI_CORE,1704161511472404.750,63.713,5.097,24,"[[1,1024],[1024,4096]]","[[1,4096]]",0.18,0.44
0,RmsNorm,AI_VECTOR_CORE,AI_VECTOR_CORE,1704161511472468.500,22.496,1.800,24,"[[1,1024],[1024,4096]]","[[1,4096]]",0.05,0.3
0,MatMulV2,AI_CORE,AI_CORE,1704161511472491.000,128.319,10.266,24,"[[1,1024],[1024,4096]]","[[1,4096]]",0.18,0.44
0,FusedInferAttentionScore,AI_CORE,AI_CORE,1704161511472619.250,68.623,5.490,24,"[[1,1024],[1024,4096]]","[[1,4096]]",0.18,0.44
0,RmsNorm,AI_VECTOR_CORE,AI_VECTOR_CORE,1704161511472687.750,20.330,1.626,24,"[[1,1024],[1024,4096]]","[[1,4096]]",0.05,0.3
0,MatMulV2,AI_CORE,AI_CORE,1704161511472708.000,113.650,9.092,24,"[[1,1024],[1024,4096]]","[[1,4096]]",0.18,0.44
0,FusedInferAttentionScore,AI_CORE,AI_CORE,1704161511472821.750,66.237,5.299,24,"[[1,1024],[1024,4096]]","[[1,4096]]",0.18,0.44
0,RmsNorm,AI_VECTOR_CORE,AI_VECTOR_CORE,1704161511472888.000,27.908,2.233,24,"[[1,1024],[1024,4096]]","[[1,4096]]",0.05,0.3
0,MatMulV2,AI_CORE,AI_CORE,1704161511472916.000,119.449,9.556,24,"[[1,1024],[1024,4096]]","[[1,4096]]",0.18,0.44
0,FusedInferAttentionScore,AI_CORE,AI_CORE,1704161511473035.500,74.681,5.974,24,"[[1,1024],[1024,4096]]","[[1,4096]]",0.18,0.44
0,RmsNorm,AI_VECTOR_CORE,AI_VECTOR_CORE,1704161511473110.250,27.035,2.163,24,"[[1,1024],[1024,4096]]","[[1,4096]]",0.05,0.3
0,MatMulV2,AI_CORE,AI_CORE,1704161511473137.250,120.000,9.600,24,"[[1,1024],[1024,4096]]","[[1,4096]]",0.18,0.44
0,FusedInferAttentionScore,AI_CORE,AI_CORE,1704161511473257.250,63.670,5.094,24,"[[1,1024],[1024,4096]]","[[1,4096]]",0.18,0.44
0,RmsNorm,AI_VECTOR_CORE,AI_VECTOR_CORE,1704161511473321.000,21.540,1.723,24,"[[1,1024],[1024,4096]]","[[1,4096]]",0.05,0.3
0,MatMulV2,AI_CORE,AI_CORE,1704161511473342.500,126.991,10.159,24,"[[1,1024],[1024,4096]]","[[1,4096]]",0.18,0.44
0,FusedInferAttentionScore,AI_CORE,AI_CORE,1704161511473469.500,75.995,6.080,24,"[[1,1024],[1024,4096]]","[[1,4096]]",0.18,0.44
0,RmsNorm,AI_VECTOR_CORE,AI_VECTOR_CORE,1704161511473545.500,27.934,2.235,24,"[[1,1024],[1024,4096]]","[[1,4096]]",0.05,0.3
0,MatMulV2,AI_CORE,AI_CORE,1704161511473573.500,129.189,10.335,24,"[[1,1024],[1024,4096]]","[[1,4096]]",0.18,0.44
0,FusedInferAttentionScore,AI_CORE,AI_CORE,1704161511473702.750,72.353,5.788,24,"[[1,1024],[1024,4096]]","[[1,4096]]",0.18,0.44
0,RmsNorm,AI_VECTOR_CORE,AI_VECTOR_CORE,1704161511473775.000,23.930,1.914,24,"[[1,1024],[1024,4096]]","[[1,4096]]",0.05,0.3
0,MatMulV2,AI_CORE,AI_CORE,1704161511473799.000,131.696,10.536,24,"[[1,1024],[1024,4096]]","[[1,4096]]",0.18,0.44
0,FusedInferAttentionScore,AI_CORE,AI_CORE,1704161511473930.750,76.381,6.110,24,"[[1,1024],[1024,4096]]","[[1,4096]]",0.18,0.44
0,RmsNorm,AI_VECTOR_CORE,AI_VECTOR_CORE,1704161511474007.250,24.167,1.933,24,"[[1,1024],[1024,4096]]","[[1,4096]]",0.05,0.3
0,MatMulV2,AI_CORE,AI_CORE,1704161511474031.500,109.173,8.734,24,"[[1,1024],[1024,4096]]","[[1,4096]]",0.18,0.44
0,FusedInferAttentionScore,AI_CORE,AI_CORE,1704161511474140.750,66.218,5.297,24,"[[1,1024],[1024,4096]]","[[1,4096]]",0.18,0.44
0,RmsNorm,AI_VECTOR_CORE,AI_VECTOR_CORE,1704161511474207.000,22.901,1.832,24,"[[1,1024],[1024,4096]]","[[1,4096]]",0.05,0.3
0,MatMulV2,AI_CORE,AI_CORE,1704161511474230.000,125.393,10.031,24,"[[1,1024],[1024,4096]]","[[1,4096]]",0.18,0.44
0,FusedInferAttentionScore,AI_CORE,AI_CORE,1704161511474355.500,70.455,5.636,24,"[[1,1024],[1024,4096]]","[[1,4096]]",0.18,0.44
0,RmsNorm,AI_VECTOR_CORE,AI_VECTOR_CORE,1704161511474426.000,25.793,2.063,24,"[[1,1024],[1024,4096]]","[[1,4096]]",0.05,0.3
0,MatMulV2,AI_CORE,AI_CORE,1704161511474451.750,109.509,8.761,24,"[[1,1024],[1024,4096]]","[[1,4096]]",0.18,0.44
0,FusedInferAttentionScore,AI_CORE,AI_CORE,1704161511474561.250,75.804,6.064,24,"[[1,1024],[1024,4096]]","[[1,4096]]",0.18,0.44
0,RmsNorm,AI_VECTOR_CORE,AI_VECTOR_CORE,1704161511474637.000,20.975,1.678,24,"[[1,1024],[1024,4096]]","[[1,4096]]",0.05,0.3
0,MatMulV2,AI_CORE,AI_CORE,1704161511474658.000,129.407,10.353,24,"[[1,1024],[1024,4096]]","[[1,4096]]",0.18,0.44
0,FusedInferAttentionScore,AI_CORE,AI_CORE,1704161511474787.500,71.337,5.707,24,"[[1,1024],[1024,4096]]","[[1,4096]]",0.18,0.44
0,RmsNorm,AI_VECTOR_CORE,AI_VECTOR_CORE,1704161511474858.750,20.304,1.624,24,"[[1,1024],[1024,4096]]","[[1,4096]]",0.05,0.3
0,MatMulV2,AI_CORE,AI_CORE,1704161511474879.000,112.522,9.002,24,"[[1,1024],[1024,4096]]","[[1,4096]]",0.18,0.44
0,FusedInferAttentionScore,AI_CORE,AI_CORE,1704161511474991.500,67.642,5.411,24,"[[1,1024],[1024,4096]]","[[1,4096]]",0.18,0.44
0,RmsNorm,AI_VECTOR_CORE,AI_VECTOR_CORE,1704161511475059.250,25.794,2.064,24,"[[1,1024],[1024,4096]]","[[1,4096]]",0.05,0.3
0,MatMulV2,AI_CORE,AI_CORE,1704161511475085.000,130.483,10.439,24,"[[1,1024],[1024,4096]]","[[1,4096]]",0.18,0.44
0,FusedInferAttentionScore,AI_CORE,AI_CORE,1704161511475215.500,72.724,5.818,24,"[[1,1024],[1024,4096]]","[[1,4096]]",0.18,0.44
0,RmsNorm,AI_VECTOR_CORE,AI_VECTOR_CORE,1704161511475288.250,28.145,2.252,24,"[[1,1024],[1024,4096]]","[[1,4096]]",0.05,0.3
0,MatMulV2,AI_CORE,AI_CORE,1704161511475316.500,113.981,9.118,24,"[[1,1024],[1024,4096]]","[[1,4096]]",0.18,0.44
0,FusedInferAttentionScore,AI_CORE,AI_CORE,1704161511475430.500,66.018,5.281,24,"[[1,1024],[1024,4096]]","[[1,4096]]",0.18,0.44
0,RmsNorm,AI_VECTOR_CORE,AI_VECTOR_CORE,1704161511475496.500,21.938,1.755,24,"[[1,1024],[1024,4096]]","[[1,4096]]",0.05,0.3
0,MatMulV2,AI_CORE,AI_CORE,1704161511475518.500,126.208,10.097,24,"[[1,1024],[1024,4096]]","[[1,4096]]",0.18,0.44
0,FusedInferAttentionScore,AI_CORE,AI_CORE,1704161511475644.750,71.337,5.707,24,"[[1,1024],[1024,4096]]","[[1,4096]]",0.18,0.44
0,RmsNorm,AI_VECTOR_CORE,AI_VECTOR_CORE,1704161511475716.000,24.436,1.955,24,"[[1,1024],[1024,4096]]","[[1,4096]]",0.05,0.3
0,MatMulV2,AI_CORE,AI_CORE,1704161511475740.500,121.271,9.702,24,"[[1,1024],[1024,4096]]","[[1,4096]]",0.18,0.44
0,FusedInferAttentionScore,AI_CORE,AI_CORE,1704161511475861.750,69.109,5.529,24,"[[1,1024],[1024,4096]]","[[1,4096]]",0.18,0.44
0,RmsNorm,AI_VECTOR_CORE,AI_VECTOR_CORE,1704161511475930.750,20.144,1.612,24,"[[1,1024],[1024,4096]]","[[1,4096]]",0.05,0.3
0,MatMulV2,AI_CORE,AI_CORE,1704161511475951.000,111.931,8.955,24,"[[1,1024],[1024,4096]]","[[1,4096]]",0.18,0.44
0,FusedInferAttentionScore,AI_CORE,AI_CORE,1704161511476063.000,65.747,5.260,24,"[[1,1024],[1024,4096]]","[[1,4096]]",0.18,0.44
0,RmsNorm,AI_VECTOR_CORE,AI_VECTOR_CORE,1704161511476128.750,24.485,1.959,24,"[[1,1024],[1024,4096]]","[[1,4096]]",0.05,0.3
0,MatMulV2,AI_CORE,AI_CORE,1704161511476153.250,117.062,9.365,24,"[[1,1024],[1024,4096]]","[[1,4096]]",0.18,0.44
0,FusedInferAttentionScore,AI_CORE,AI_CORE,1704161511476270.250,67.493,5.399,24,"[[1,1024],[1024,4096]]","[[1,4096]]",0.18,0.44
0,RmsNorm,AI_VECTOR_CORE,AI_VECTOR_CORE,1704161511476337.750,20.724,1.658,24,"[[1,1024],[1024,4096]]","[[1,4096]]",0.05,0.3
0,MatMulV2,AI_CORE,AI_CORE,1704161511476358.500,129.187,10.335,24,"[[1,1024],[1024,4096]]","[[1,4096]]",0.18,0.44
0,FusedInferAttentionScore,AI_CORE,AI_CORE,1704161511476487.750,73.577,5.886,24,"[[1,1024],[1024,4096]]","[[1,4096]]",0.18,0.44
0,RmsNorm,AI_VECTOR_CORE,AI_VECTOR_CORE,1704161511476561.250,25.912,2.073,24,"[[1,1024],[1024,4096]]","[[1,4096]]",0.05,0.3
0,MatMulV2,AI_CORE,AI_CORE,1704161511481400.000,121.573,9.726,24,"[[1,1024],[1024,4096]]","[[1,4096]]",0.18,0.44
0,FusedInferAttentionScore,AI_CORE,AI_CORE,1704161511481521.500,70.410,5.633,24,"[[1,1024],[1024,4096]]","[[1,4096]]",0.18,0.44
0,RmsNorm,AI_VECTOR_CORE,AI_VECTOR_CORE,1704161511481592.000,25.144,2.012,24,"[[1,1024],[1024,4096]]","[[1,4096]]",0.05,0.3
0,MatMulV2,AI_CORE,AI_CORE,1704161511481877.250,108.655,8.692,24,"[[1,1024],[1024,4096]]","[[1,4096]]",0.18,0.44
0,FusedInferAttentionScore,AI_CORE,AI_CORE,1704161511481986.000,63.609,5.089,24,"[[1,1024],[1024,4096]]","[[1,4096]]",0.18,0.44
0,RmsNorm,AI_VECTOR_CORE,AI_VECTOR_CORE,1704161511482049.500,26.665,2.133,24,"[[1,1024],[1024,4096]]","[[1,4096]]",0.05,0.3
0,MatMulV2,AI_CORE,AI_CORE,1704161511482076.250,129.654,10.372,24,"[[1,1024],[1024,4096]]","[[1,4096]]",0.18,0.44
0,FusedInferAttentionScore,AI_CORE,AI_CORE,1704161511482206.000,75.000,6.000,24,"[[1,1024],[1024,4096]]","[[1,4096]]",0.18,0.44
0,RmsNorm,AI_VECTOR_CORE,AI_VECTOR_CORE,1704161511482281.000,20.760,1.661,24,"[[1,1024],[1024,4096]]","[[1,4096]]",0.05,0.3
0,MatMulV2,AI_CORE,AI_CORE,1704161511482301.750,121.873,9.750,24,"[[1,1024],[1024,4096]]","[[1,4096]]",0.18,0.44
0,FusedInferAttentionScore,AI_CORE,AI_CORE,1704161511482423.500,66.399,5.312,24,"[[1,1024],[1024,4096]]","[[1,4096]]",0.18,0.44
0,RmsNorm,AI_VECTOR_CORE,AI_VECTOR_CORE,1704161511482490.000,20.642,1.651,24,"[[1,1024],[1024,4096]]","[[1,4096]]",0.05,0.3
0,MatMulV2,AI_CORE,AI_CORE,1704161511482510.750,130.202,10.416,24,"[[1,1024],[1024,4096]]","[[1,4096]]",0.18,0.44
0,FusedInferAttentionScore,AI_CORE,AI_CORE,1704161511482641.000,69.709,5.577,24,"[[1,1024],[1024,4096]]","[[1,4096]]",0.18,0.44
0,RmsNorm,AI_VECTOR_CORE,AI_VECTOR_CORE,1704161511482710.750,26.093,2.087,24,"[[1,1024],[1024,4096]]","[[1,4096]]",0.05,0.3
0,MatMulV2,AI_CORE,AI_CORE,1704161511482736.750,124.586,9.967,24,"[[1,1024],[1024,4096]]","[[1,4096]]",0.18,0.44
0,FusedInferAttentionScore,AI_CORE,AI_CORE,1704161511482861.250,76.341,6.107,24,"[[1,1024],[1024,4096]]","[[1,4096]]",0.18,0.44
0,RmsNorm,AI_VECTOR_CORE,AI_VECTOR_CORE,1704161511482937.500,22.653,1.812,24,"[[1,1024],[1024,4096]]","[[1,4096]]",0.05,0.3
0,MatMulV2,AI_CORE,AI_CORE,1704161511482960.250,127.184,10.175,24,"[[1,1024],[1024,4096]]","[[1,4096]]",0.18,0.44
0,FusedInferAttentionScore,AI_CORE,AI_CORE,1704161511483087.500,70.041,5.603,24,"[[1,1024],[1024,4096]]","[[1,4096]]",0.18,0.44
0,RmsNorm,AI_VECTOR_CORE,AI_VECTOR_CORE,1704161511483157.500,25.545,2.044,24,"[[1,1024],[1024,4096]]","[[1,4096]]",0.05,0.3
0,MatMulV2,AI_CORE,AI_CORE,1704161511483183.000,117.081,9.366,24,"[[1,1024],[1024,4096]]","[[1,4096]]",0.18,0.44
0,FusedInferAttentionScore,AI_CORE,AI_CORE,1704161511483300.000,73.843,5.907,24,"[[1,1024],[1024,4096]]","[[1,4096]]",0.18,0.44
0,RmsNorm,AI_VECTOR_CORE,AI_VECTOR_CORE,1704161511483373.750,23.904,1.912,24,"[[1,1024],[1024,4096]]","[[1,4096]]",0.05,0.3
0,MatMulV2,AI_CORE,AI_CORE,1704161511483397.750,122.426,9.794,24,"[[1,1024],[1024,4096]]","[[1,4096]]",0.18,0.44
0,FusedInferAttentionScore,AI_CORE,AI_CORE,1704161511483520.250,71.355,5.708,24,"[[1,1024],[1024,4096]]","[[1,4096]]",0.18,0.44
0,RmsNorm,AI_VECTOR_CORE,AI_VECTOR_CORE,1704161511483591.500,19.246,1.540,24,"[[1,1024],[1024,4096]]","[[1,4096]]",0.05,0.3
0,MatMulV2,AI_CORE,AI_CORE,1704161511483610.750,123.878,9.910,24,"[[1,1024],[1024,4096]]","[[1,4096]]",0.18,0.44
0,FusedInferAttentionScore,AI_CORE,AI_CORE,1704161511483734.750,72.119,5.769,24,"[[1,1024],[1024,4096]]","[[1,4096]]",0.18,0.44
0,RmsNorm,AI_VECTOR_CORE,AI_VECTOR_CORE,1704161511483806.750,28.145,2.252,24,"[[1,1024],[1024,4096]]","[[1,4096]]",0.05,0.3
0,MatMulV2,AI_CORE,AI_CORE,1704161511483835.000,119.228,9.538,24,"[[1,1024],[1024,4096]]","[[1,4096]]",0.18,0.44
0,FusedInferAttentionScore,AI_CORE,AI_CORE,1704161511483954.250,76.235,6.099,24,"[[1,1024],[1024,4096]]","[[1,4096]]",0.18,0.44
0,RmsNorm,AI_VECTOR_CORE,AI_VECTOR_CORE,1704161511484030.500,27.043,2.163,24,"[[1,1024],[1024,4096]]","[[1,4096]]",0.05,0.3
0,MatMulV2,AI_CORE,AI_CORE,1704161511484057.500,129.083,10.327,24,"[[1,1024],[1024,4096]]","[[1,4096]]",0.18,0.44
0,FusedInferAttentionScore,AI_CORE,AI_CORE,1704161511484186.500,74.998,6.000,24,"[[1,1024],[1024,4096]]","[[1,4096]]",0.18,0.44
0,RmsNorm,AI_VECTOR_CORE,AI_VECTOR_CORE,1704161511484261.500,21.169,1.694,24,"[[1,1024],[1024,4096]]","[[1,4096]]",0.05,0.3
0,MatMulV2,AI_CORE,AI_CORE,1704161511484282.750,121.471,9.718,24,"[[1,1024],[1024,4096]]","[[1,4096]]",0.18,0.44
0,FusedInferAttentionScore,AI_CORE,AI_CORE,1704161511484404.250,73.739,5.899,24,"[[1,1024],[1024,4096]]","[[1,4096]]",0.18,0.44
0,RmsNorm,AI_VECTOR_CORE,AI_VECTOR_CORE,1704161511484478.000,28.296,2.264,24,"[[1,1024],[1024,4096]]","[[1,4096]]",0.05,0.3
0,MatMulV2,AI_CORE,AI_CORE,1704161511484506.250,127.254,10.180,24,"[[1,1024],[1024,4096]]","[[1,4096]]",0.18,0.44
0,FusedInferAttentionScore,AI_CORE,AI_CORE,1704161511484633.500,70.610,5.649,24,"[[1,1024],[1024,4096]]","[[1,4096]]",0.18,0.44
0,RmsNorm,AI_VECTOR_CORE,AI_VECTOR_CORE,1704161511484704.000,20.101,1.608,24,"[[1,1024],[1024,4096]]","[[1,4096]]",0.05,0.3
0,MatMulV2,AI_CORE,AI_CORE,1704161511484724.000,128.226,10.258,24,"[[1,1024],[1024,4096]]","[[1,4096]]",0.18,0.44
0,FusedInferAttentionScore,AI_CORE,AI_CORE,1704161511484852.250,68.519,5.482,24,"[[1,1024],[1024,4096]]","[[1,4096]]",0.18,0.44
0,RmsNorm,AI_VECTOR_CORE,AI_VECTOR_CORE,1704161511484920.750,19.870,1.590,24,"[[1,1024],[1024,4096]]","[[1,4096]]",0.05,0.3
0,MatMulV2,AI_CORE,AI_CORE,1704161511484940.500,121.755,9.740,24,"[[1,1024],[1024,4096]]","[[1,4096]]",0.18,0.44
0,FusedInferAttentionScore,AI_CORE,AI_CORE,1704161511485062.250,74.940,5.995,24,"[[1,1024],[1024,4096]]","[[1,4096]]",0.18,0.44
0,RmsNorm,AI_VECTOR_CORE,AI_VECTOR_CORE,1704161511485137.250,20.096,1.608,24,"[[1,1024],[1024,4096]]","[[1,4096]]",0.05,0.3
0,MatMulV2,AI_CORE,AI_CORE,1704161511485157.250,123.866,9.909,24,"[[1,1024],[1024,4096]]","[[1,4096]]",0.18,0.44
0,FusedInferAttentionScore,AI_CORE,AI_CORE,1704161511485281.000,75.815,6.065,24,"[[1,1024],[1024,4096]]","[[1,4096]]",0.18,0.44
0,RmsNorm,AI_VECTOR_CORE,AI_VECTOR_CORE,1704161511485356.750,19.531,1.562,24,"[[1,1024],[1024,4096]]","[[1,4096]]",0.05,0.3
0,MatMulV2,AI_CORE,AI_CORE,1704161511485376.250,118.619,9.489,24,"[[1,1024],[1024,4096]]","[[1,4096]]",0.18,0.44
0,FusedInferAttentionScore,AI_CORE,AI_CORE,1704161511485494.750,71.264,5.701,24,"[[1,1024],[1024,4096]]","[[1,4096]]",0.18,0.44
0,RmsNorm,AI_VECTOR_CORE,AI_VECTOR_CORE,1704161511485566.000,20.828,1.666,24,"[[1,1024],[1024,4096]]","[[1,4096]]",0.05,0.3
0,MatMulV2,AI_CORE,AI_CORE,1704161511485586.750,111.673,8.934,24,"[[1,1024],[1024,4096]]","[[1,4096]]",0.18,0.44
0,FusedInferAttentionScore,AI_CORE,AI_CORE,1704161511485698.500,68.329,5.466,24,"[[1,1024],[1024,4096]]","[[1,4096]]",0.18,0.44
0,RmsNorm,AI_VECTOR_CORE,AI_VECTOR_CORE,1704161511485766.750,24.337,1.947,24,"[[1,1024],[1024,4096]]","[[1,4096]]",0.05,0.3
0,MatMulV2,AI_CORE,AI_CORE,1704161511485791.000,115.903,9.272,24,"[[1,1024],[1024,4096]]","[[1,4096]]",0.18,0.44
0,FusedInferAttentionScore,AI_CORE,AI_CORE,1704161511485907.000,69.459,5.557,24,"[[1,1024],[1024,4096]]","[[1,4096]]",0.18,0.44
0,RmsNorm,AI_VECTOR_CORE,AI_VECTOR_CORE,1704161511485976.500,27.189,2.175,24,"[[1,1024],[1024,4096]]","[[1,4096]]",0.05,0.3
0,MatMulV2,AI_CORE,AI_CORE,1704161511486003.750,118.947,9.516,24,"[[1,1024],[1024,4096]]","[[1,4096]]",0.18,0.44
0,FusedInferAttentionScore,AI_CORE,AI_CORE,1704161511486122.750,70.970,5.678,24,"[[1,1024],[1024,4096]]","[[1,4096]]",0.18,0.44
0,RmsNorm,AI_VECTOR_CORE,AI_VECTOR_CORE,1704161511486193.750,20.035,1.603,24,"[[1,1024],[1024,4096]]","[[1,4096]]",0.05,0.3
0,MatMulV2,AI_CORE,AI_CORE,1704161511486213.750,112.554,9.004,24,"[[1,1024],[1024,4096]]","[[1,4096]]",0.18,0.44
0,FusedInferAttentionScore,AI_CORE,AI_CORE,1704161511486326.250,75.183,6.015,24,"[[1,1024],[1024,4096]]","[[1,4096]]",0.18,0.44
0,RmsNorm,AI_VECTOR_CORE,AI_VECTOR_CORE,1704161511486401.500,24.178,1.934,24,"[[1,1024],[1024,4096]]","[[1,4096]]",0.05,0.3
0,MatMulV2,AI_CORE,AI_CORE,1704161511486425.750,125.618,10.049,24,"[[1,1024],[1024,4096]]","[[1,4096]]",0.18,0.44
0,FusedInferAttentionScore,AI_CORE,AI_CORE,1704161511486551.250,67.474,5.398,24,"[[1,1024],[1024,4096]]","[[1,4096]]",0.18,0.44
0,RmsNorm,AI_VECTOR_CORE,AI_VECTOR_CORE,1704161511486618.750,22.252,1.780,24,"[[1,1024],[1024,4096]]","[[1,4096]]",0.05,0.3
0,MatMulV2,AI_CORE,AI_CORE,1704161511486641.000,112.762,9.021,24,"[[1,1024],[1024,4096]]","[[1,4096]]",0.18,0.44
0,FusedInferAttentionScore,AI_CORE,AI_CORE,1704161511486753.750,66.938,5.355,24,"[[1,1024],[1024,4096]]","[[1,4096]]",0.18,0.44
0,RmsNorm,AI_VECTOR_CORE,AI_VECTOR_CORE,1704161511486820.750,21.999,1.760,24,"[[1,1024],[1024,4096]]","[[1,4096]]",0.05,0.3
0,MatMulV2,AI_CORE,AI_CORE,1704161511486842.750,108.353,8.668,24,"[[1,1024],[1024,4096]]","[[1,4096]]",0.18,0.44
0,FusedInferAttentionScore,AI_CORE,AI_CORE,1704161511486951.000,68.903,5.512,24,"[[1,1024],[1024,4096]]","[[1,4096]]",0.18,0.44
0,RmsNorm,AI_VECTOR_CORE,AI_VECTOR_CORE,1704161511487020.000,24.690,1.975,24,"[[1,1024],[1024,4096]]","[[1,4096]]",0.05,0.3
0,MatMulV2,AI_CORE,AI_CORE,1704161511487044.750,125.822,10.066,24,"[[1,1024],[1024,4096]]","[[1,4096]]",0.18,0.44
0,FusedInferAttentionScore,AI_CORE,AI_CORE,1704161511487170.500,64.999,5.200,24,"[[1,1024],[1024,4096]]","[[1,4096]]",0.18,0.44
0,RmsNorm,AI_VECTOR_CORE,AI_VECTOR_CORE,1704161511487235.500,27.351,2.188,24,"[[1,1024],[1024,4096]]","[[1,4096]]",0.05,0.3
0,MatMulV2,AI_CORE,AI_CORE,1704161511487262.750,128.166,10.253,24,"[[1,1024],[1024,4096]]","[[1,4096]]",0.18,0.44
0,FusedInferAttentionScore,AI_CORE,AI_CORE,1704161511487391.000,64.012,5.121,24,"[[1,1024],[1024,4096]]","[[1,4096]]",0.18,0.44
0,RmsNorm,AI_VECTOR_CORE,AI_VECTOR_CORE,1704161511487455.000,27.121,2.170,24,"[[1,1024],[1024,4096]]","[[1,4096]]",0.05,0.3
0,MatMulV2,AI_CORE,AI_CORE,1704161511487482.000,113.496,9.080,24,"[[1,1024],[1024,4096]]","[[1,4096]]",0.18,0.44
0,FusedInferAttentionScore,AI_CORE,AI_CORE,1704161511487595.500,68.226,5.458,24,"[[1,1024],[1024,4096]]","[[1,4096]]",0.18,0.44
0,RmsNorm,AI_VECTOR_CORE,AI_VECTOR_CORE,1704161511487663.750,27.324,2.186,24,"[[1,1024],[1024,4096]]","[[1,4096]]",0.05,0.3
0,MatMulV2,AI_CORE,AI_CORE,1704161511487691.000,125.528,10.042,24,"[[1,1024],[1024,4096]]","[[1,4096]]",0.18,0.44
0,FusedInferAttentionScore,AI_CORE,AI_CORE,1704161511487816.500,75.498,6.040,24,"[[1,1024],[1024,4096]]","[[1,4096]]",0.18,0.44
0,RmsNorm,AI_VECTOR_CORE,AI_VECTOR_CORE,1704161511487892.000,27.977,2.238,24,"[[1,1024],[1024,4096]]","[[1,4096]]",0.05,0.3
0,MatMulV2,AI_CORE,AI_CORE,1704161511487920.000,124.866,9.989,24,"[[1,1024],[1024,4096]]","[[1,4096]]",0.18,0.44
0,FusedInferAttentionScore,AI_CORE,AI_CORE,1704161511488044.750,68.748,5.500,24,"[[1,1024],[1024,4096]]","[[1,4096]]",0.18,0.44
0,RmsNorm,AI_VECTOR_CORE,AI_VECTOR_CORE,1704161511488113.500,24.294,1.943,24,"[[1,1024],[1024,4096]]","[[1,4096]]",0.05,0.3
0,MatMulV2,AI_CORE,AI_CORE,1704161511488137.750,118.976,9.518,24,"[[1,1024],[1024,4096]]","[[1,4096]]",0.18,0.44
0,FusedInferAttentionScore,AI_CORE,AI_CORE,1704161511488256.750,70.121,5.610,24,"[[1,1024],[1024,4096]]","[[1,4096]]",0.18,0.44
0,RmsNorm,AI_VECTOR_CORE,AI_VECTOR_CORE,1704161511488326.750,19.946,1.596,24,"[[1,1024],[1024,4096]]","[[1,4096]]",0.05,0.3
0,MatMulV2,AI_CORE,AI_CORE,1704161511488346.750,114.701,9.176,24,"[[1,1024],[1024,4096]]","[[1,4096]]",0.18,0.44
0,FusedInferAttentionScore,AI_CORE,AI_CORE,1704161511488461.500,74.516,5.961,24,"[[1,1024],[1024,4096]]","[[1,4096]]",0.18,0.44
0,RmsNorm,AI_VECTOR_CORE,AI_VECTOR_CORE,1704161511488536.000,25.811,2.065,24,"[[1,1024],[1024,4096]]","[[1,4096]]",0.05,0.3
0,MatMulV2,AI_CORE,AI_CORE,1704161511493400.000,129.949,10.396,24,"[[1,1024],[1024,4096]]","[[1,4096]]",0.18,0.44
0,FusedInferAttentionScore,AI_CORE,AI_CORE,1704161511493530.000,75.326,6.026,24,"[[1,1024],[1024,4096]]","[[1,4096]]",0.18,0.44
0,RmsNorm,AI_VECTOR_CORE,AI_VECTOR_CORE,1704161511493605.250,23.895,1.912,24,"[[1,1024],[1024,4096]]","[[1,4096]]",0.05,0.3
0,MatMulV2,AI_CORE,AI_CORE,1704161511493889.250,127.661,10.213,24,"[[1,1024],[1024,4096]]","[[1,4096]]",0.18,0.44
0,FusedInferAttentionScore,AI_CORE,AI_CORE,1704161511494017.000,68.075,5.446,24,"[[1,1024],[1024,4096]]","[[1,4096]]",0.18,0.44
0,RmsNorm,AI_VECTOR_CORE,AI_VECTOR_CORE,1704161511494085.000,21.111,1.689,24,"[[1,1024],[1024,4096]]","[[1,4096]]",0.05,0.3
0,MatMulV2,AI_CORE,AI_CORE,1704161511494106.000,118.826,9.506,24,"[[1,1024],[1024,4096]]","[[1,4096]]",0.18,0.44
0,FusedInferAttentionScore,AI_CORE,AI_CORE,1704161511494224.750,70.367,5.629,24,"[[1,1024],[1024,4096]]","[[1,4096]]",0.18,0.44
0,RmsNorm,AI_VECTOR_CORE,AI_VECTOR_CORE,1704161511494295.000,23.504,1.880,24,"[[1,1024],[1024,4096]]","[[1,4096]]",0.05,0.3
0,MatMulV2,AI_CORE,AI_CORE,1704161511494318.500,119.087,9.527,24,"[[1,1024],[1024,4096]]","[[1,4096]]",0.18,0.44
0,FusedInferAttentionScore,AI_CORE,AI_CORE,1704161511494437.500,72.541,5.803,24,"[[1,1024],[1024,4096]]","[[1,4096]]",0.18,0.44
0,RmsNorm,AI_VECTOR_CORE,AI_VECTOR_CORE,1704161511494510.000,28.242,2.259,24,"[[1,1024],[1024,4096]]","[[1,4096]]",0.05,0.3
0,MatMulV2,AI_CORE,AI_CORE,1704161511494538.250,110.764,8.861,24,"[[1,1024],[1024,4096]]","[[1,4096]]",0.18,0.44
0,FusedInferAttentionScore,AI_CORE,AI_CORE,1704161511494649.000,66.155,5.292,24,"[[1,1024],[1024,4096]]","[[1,4096]]",0.18,0.44
0,RmsNorm,AI_VECTOR_CORE,AI_VECTOR_CORE,1704161511494715.250,22.302,1.784,24,"[[1,1024],[1024,4096]]","[[1,4096]]",0.05,0.3
0,MatMulV2,AI_CORE,AI_CORE,1704161511494737.500,122.989,9.839,24,"[[1,1024],[1024,4096]]","[[1,4096]]",0.18,0.44
0,FusedInferAttentionScore,AI_CORE,AI_CORE,1704161511494860.500,70.285,5.623,24,"[[1,1024],[1024,4096]]","[[1,4096]]",0.18,0.44
0,RmsNorm,AI_VECTOR_CORE,AI_VECTOR_CORE,1704161511494930.750,25.746,2.060,24,"[[1,1024],[1024,4096]]","[[1,4096]]",0.05,0.3
0,MatMulV2,AI_CORE,AI_CORE,1704161511494956.500,123.155,9.852,24,"[[1,1024],[1024,4096]]","[[1,4096]]",0.18,0.44
0,FusedInferAttentionScore,AI_CORE,AI_CORE,1704161511495079.750,63.873,5.110,24,"[[1,1024],[1024,4096]]","[[1,4096]]",0.18,0.44
0,RmsNorm,AI_VECTOR_CORE,AI_VECTOR_CORE,1704161511495143.500,22.389,1.791,24,"[[1,1024],[1024,4096]]","[[1,4096]]",0.05,0.3
0,MatMulV2,AI_CORE,AI_CORE,1704161511495166.000,117.539,9.403,24,"[[1,1024],[1024,4096]]","[[1,4096]]",0.18,0.44
0,FusedInferAttentionScore,AI_CORE,AI_CORE,1704161511495283.500,69.360,5.549,24,"[[1,1024],[1024,4096]]","[[1,4096]]",0.18,0.44
0,RmsNorm,AI_VECTOR_CORE,AI_VECTOR_CORE,1704161511495352.750,24.618,1.969,24,"[[1,1024],[1024,4096]]","[[1,4096]]",0.05,0.3
0,MatMulV2,AI_CORE,AI_CORE,1704161511495377.250,120.982,9.679,24,"[[1,1024],[1024,4096]]","[[1,4096]]",0.18,0.44
0,FusedInferAttentionScore,AI_CORE,AI_CORE,1704161511495498.250,76.318,6.105,24,"[[1,1024],[1024,4096]]","[[1,4096]]",0.18,0.44
0,RmsNorm,AI_VECTOR_CORE,AI_VECTOR_CORE,1704161511495574.500,22.306,1.785,24,"[[1,1024],[1024,4096]]","[[1,4096]]",0.05,0.3
0,MatMulV2,AI_CORE,AI_CORE,1704161511495596.750,117.496,9.400,24,"[[1,1024],[1024,4096]]","[[1,4096]]",0.18,0.44
0,FusedInferAttentionScore,AI_CORE,AI_CORE,1704161511495714.250,71.292,5.703,24,"[[1,1024],[1024,4096]]","[[1,4096]]",0.18,0.44
0,RmsNorm,AI_VECTOR_CORE,AI_VECTOR_CORE,1704161511495785.500,19.370,1.550,24,"[[1,1024],[1024,4096]]","[[1,4096]]",0.05,0.3
0,MatMulV2,AI_CORE,AI_CORE,1704161511495804.750,115.678,9.254,24,"[[1,1024],[1024,4096]]","[[1,4096]]",0.18,0.44
0,FusedInferAttentionScore,AI_CORE,AI_CORE,1704161511495920.500,65.588,5.247,24,"[[1,1024],[1024,4096]]","[[1,4096]]",0.18,0.44
0,RmsNorm,AI_VECTOR_CORE,AI_VECTOR_CORE,1704161511495986.000,27.931,2.234,24,"[[1,1024],[1024,4096]]","[[1,4096]]",0.05,0.3
0,MatMulV2,AI_CORE,AI_CORE,1704161511496014.000,120.805,9.664,24,"[[1,1024],[1024,4096]]","[[1,4096]]",0.18,0.44
0,FusedInferAttentionScore,AI_CORE,AI_CORE,1704161511496134.750,72.202,5.776,24,"[[1,1024],[1024,4096]]","[[1,4096]]",0.18,0.44
0,RmsNorm,AI_VECTOR_CORE,AI_VECTOR_CORE,1704161511496207.000,26.817,2.145,24,"[[1,1024],[1024,4096]]","[[1,4096]]",0.05,0.3
0,MatMulV2,AI_CORE,AI_CORE,1704161511496233.750,115.480,9.238,24,"[[1,1024],[1024,4096]]","[[1,4096]]",0.18,0.44
0,FusedInferAttentionScore,AI_CORE,AI_CORE,1704161511496349.250,70.637,5.651,24,"[[1,1024],[1024,4096]]","[[1,4096]]",0.18,0.44
0,RmsNorm,AI_VECTOR_CORE,AI_VECTOR_CORE,1704161511496420.000,27.966,2.237,24,"[[1,1024],[1024,4096]]","[[1,4096]]",0.05,0.3
0,MatMulV2,AI_CORE,AI_CORE,1704161511496448.000,122.713,9.817,24,"[[1,1024],[1024,4096]]","[[1,4096]]",0.18,0.44
0,FusedInferAttentionScore,AI_CORE,AI_CORE,1704161511496570.750,71.800,5.744,24,"[[1,1024],[1024,4096]]","[[1,4096]]",0.18,0.44
0,RmsNorm,AI_VECTOR_CORE,AI_VECTOR_CORE,1704161511496642.500,22.273,1.782,24,"[[1,1024],[1024,4096]]","[[1,4096]]",0.05,0.3
0,MatMulV2,AI_CORE,AI_CORE,1704161511496664.750,119.298,9.544,24,"[[1,1024],[1024,4096]]","[[1,4096]]",0.18,0.44
0,FusedInferAttentionScore,AI_CORE,AI_CORE,1704161511496784.000,76.712,6.137,24,"[[1,1024],[1024,4096]]","[[1,4096]]",0.18,0.44
0,RmsNorm,AI_VECTOR_CORE,AI_VECTOR_CORE,1704161511496860.750,20.437,1.635,24,"[[1,1024],[1024,4096]]","[[1,4096]]",0.05,0.3
0,MatMulV2,AI_CORE,AI_CORE,1704161511496881.250,125.378,10.030,24,"[[1,1024],[1024,4096]]","[[1,4096]]",0.18,0.44
0,FusedInferAttentionScore,AI_CORE,AI_CORE,1704161511497006.750,76.254,6.100,24,"[[1,1024],[1024,4096]]","[[1,4096]]",0.18,0.44
0,RmsNorm,AI_VECTOR_CORE,AI_VECTOR_CORE,1704161511497083.000,22.749,1.820,24,"[[1,1024],[1024,4096]]","[[1,4096]]",0.05,0.3
0,MatMulV2,AI_CORE,AI_CORE,1704161511497105.750,130.063,10.405,24,"[[1,1024],[1024,4096]]","[[1,4096]]",0.18,0.44
0,FusedInferAttentionScore,AI_CORE,AI_CORE,1704161511497235.750,74.655,5.972,24,"[[1,1024],[1024,4096]]","[[1,4096]]",0.18,0.44
0,RmsNorm,AI_VECTOR_CORE,AI_VECTOR_CORE,1704161511497310.500,22.985,1.839,24,"[[1,1024],[1024,4096]]","[[1,4096]]",0.05,0.3
0,MatMulV2,AI_CORE,AI_CORE,1704161511497333.500,118.975,9.518,24,"[[1,1024],[1024,4096]]","[[1,4096]]",0.18,0.44
0,FusedInferAttentionScore,AI_CORE,AI_CORE,1704161511497452.500,66.945,5.356,24,"[[1,1024],[1024,4096]]","[[1,4096]]",0.18,0.44
0,RmsNorm,AI_VECTOR_CORE,AI_VECTOR_CORE,1704161511497519.500,19.540,1.563,24,"[[1,1024],[1024,4096]]","[[1,4096]]",0.05,0.3
0,MatMulV2,AI_CORE,AI_CORE,1704161511497539.000,115.598,9.248,24,"[[1,1024],[1024,4096]]","[[1,4096]]",0.18,0.44
0,FusedInferAttentionScore,AI_CORE,AI_CORE,1704161511497654.500,72.096,5.768,24,"[[1,1024],[1024,4096]]","[[1,4096]]",0.18,0.44
0,RmsNorm,AI_VECTOR_CORE,AI_VECTOR_CORE,1704161511497726.500,28.560,2.285,24,"[[1,1024],[1024,4096]]","[[1,4096]]",0.05,0.3
0,MatMulV2,AI_CORE,AI_CORE,1704161511497755.000,130.309,10.425,24,"[[1,1024],[1024,4096]]","[[1,4096]]",0.18,0.44
0,FusedInferAttentionScore,AI_CORE,AI_CORE,1704161511497885.250,75.075,6.006,24,"[[1,1024],[1024,4096]]","[[1,4096]]",0.18,0.44
0,RmsNorm,AI_VECTOR_CORE,AI_VECTOR_CORE,1704161511497960.250,19.423,1.554,24,"[[1,1024],[1024,4096]]","[[1,4096]]",0.05,0.3
0,MatMulV2,AI_CORE,AI_CORE,1704161511497979.750,108.967,8.717,24,"[[1,1024],[1024,4096]]","[[1,4096]]",0.18,0.44
0,FusedInferAttentionScore,AI_CORE,AI_CORE,1704161511498088.750,70.504,5.640,24,"[[1,1024],[1024,4096]]","[[1,4096]]",0.18,0.44
0,RmsNorm,AI_VECTOR_CORE,AI_VECTOR_CORE,1704161511498159.250,21.715,1.737,24,"[[1,1024],[1024,4096]]","[[1,4096]]",0.05,0.3
0,MatMulV2,AI_CORE,AI_CORE,1704161511498181.000,122.922,9.834,24,"[[1,1024],[1024,4096]]","[[1,4096]]",0.18,0.44
0,FusedInferAttentionScore,AI_CORE,AI_CORE,1704161511498304.000,68.176,5.454,24,"[[1,1024],[1024,4096]]","[[1,4096]]",0.18,0.44
0,RmsNorm,AI_VECTOR_CORE,AI_VECTOR_CORE,1704161511498372.250,21.652,1.732,24,"[[1,1024],[1024,4096]]","[[1,4096]]",0.05,0.3
0,MatMulV2,AI_CORE,AI_CORE,1704161511498394.000,112.341,8.987,24,"[[1,1024],[1024,4096]]","[[1,4096]]",0.18,0.44
0,FusedInferAttentionScore,AI_CORE,AI_CORE,1704161511498506.250,64.124,5.130,24,"[[1,1024],[1024,4096]]","[[1,4096]]",0.18,0.44
0,RmsNorm,AI_VECTOR_CORE,AI_VECTOR_CORE,1704161511498570.250,26.700,2.136,24,"[[1,1024],[1024,4096]]","[[1,4096]]",0.05,0.3
0,MatMulV2,AI_CORE,AI_CORE,1704161511498597.000,108.703,8.696,24,"[[1,1024],[1024,4096]]","[[1,4096]]",0.18,0.44
0,FusedInferAttentionScore,AI_CORE,AI_CORE,1704161511498705.750,68.472,5.478,24,"[[1,1024],[1024,4096]]","[[1,4096]]",0.18,0.44
0,RmsNorm,AI_VECTOR_CORE,AI_VECTOR_CORE,1704161511498774.250,26.746,2.140,24,"[[1,1024],[1024,4096]]","[[1,4096]]",0.05,0.3
0,MatMulV2,AI_CORE,AI_CORE,1704161511498801.000,116.355,9.308,24,"[[1,1024],[1024,4096]]","[[1,4096]]",0.18,0.44
0,FusedInferAttentionScore,AI_CORE,AI_CORE,1704161511498917.250,74.784,5.983,24,"[[1,1024],[1024,4096]]","[[1,4096]]",0.18,0.44
0,RmsNorm,AI_VECTOR_CORE,AI_VECTOR_CORE,1704161511498992.000,24.155,1.932,24,"[[1,1024],[1024,4096]]","[[1,4096]]",0.05,0.3
0,MatMulV2,AI_CORE,AI_CORE,1704161511499016.250,110.997,8.880,24,"[[1,1024],[1024,4096]]","[[1,4096]]",0.18,0.44
0,FusedInferAttentionScore,AI_CORE,AI_CORE,1704161511499127.250,69.129,5.530,24,"[[1,1024],[1024,4096]]","[[1,4096]]",0.18,0.44
0,RmsNorm,AI_VECTOR_CORE,AI_VECTOR_CORE,1704161511499196.500,19.488,1.559,24,"[[1,1024],[1024,4096]]","[[1,4096]]",0.05,0.3
0,MatMulV2,AI_CORE,AI_CORE,1704161511499216.000,114.969,9.197,24,"[[1,1024],[1024,4096]]","[[1,4096]]",0.18,0.44
0,FusedInferAttentionScore,AI_CORE,AI_CORE,1704161511499331.000,68.580,5.486,24,"[[1,1024],[1024,4096]]","[[1,4096]]",0.18,0.44
0,RmsNorm,AI_VECTOR_CORE,AI_VECTOR_CORE,1704161511499399.500,24.404,1.952,24,"[[1,1024],[1024,4096]]","[[1,4096]]",0.05,0.3
0,MatMulV2,AI_CORE,AI_CORE,1704161511499424.000,123.217,9.857,24,"[[1,1024],[1024,4096]]","[[1,4096]]",0.18,0.44
0,FusedInferAttentionScore,AI_CORE,AI_CORE,1704161511499547.250,70.375,5.630,24,"[[1,1024],[1024,4096]]","[[1,4096]]",0.18,0.44
0,RmsNorm,AI_VECTOR_CORE,AI_VECTOR_CORE,1704161511499617.500,22.118,1.769,24,"[[1,1024],[1024,4096]]","[[1,4096]]",0.05,0.3
0,MatMulV2,AI_CORE,AI_CORE,1704161511499639.500,115.823,9.266,24,"[[1,1024],[1024,4096]]","[[1,4096]]",0.18,0.44
0,FusedInferAttentionScore,AI_CORE,AI_CORE,1704161511499755.250,76.435,6.115,24,"[[1,1024],[1024,4096]]","[[1,4096]]",0.18,0.44
0,RmsNorm,AI_VECTOR_CORE,AI_VECTOR_CORE,1704161511499831.750,28.549,2.284,24,"[[1,1024],[1024,4096]]","[[1,4096]]",0.05,0.3
0,MatMulV2,AI_CORE,AI_CORE,1704161511499860.250,110.950,8.876,24,"[[1,1024],[1024,4096]]","[[1,4096]]",0.18,0.44
0,FusedInferAttentionScore,AI_CORE,AI_CORE,1704161511499971.250,67.497,5.400,24,"[[1,1024],[1024,4096]]","[[1,4096]]",0.18,0.44
0,RmsNorm,AI_VECTOR_CORE,AI_VECTOR_CORE,1704161511500038.750,25.724,2.058,24,"[[1,1024],[1024,4096]]","[[1,4096]]",0.05,0.3
0,MatMulV2,AI_CORE,AI_CORE,1704161511500064.500,122.103,9.768,24,"[[1,1024],[1024,4096]]","[[1,4096]]",0.18,0.44
0,FusedInferAttentionScore,AI_CORE,AI_CORE,1704161511500186.500,70.531,5.642,24,"[[1,1024],[1024,4096]]","[[1,4096]]",0.18,0.44
0,RmsNorm,AI_VECTOR_CORE,AI_VECTOR_CORE,1704161511500257.000,21.365,1.709,24,"[[1,1024],[1024,4096]]","[[1,4096]]",0.05,0.3
0,MatMulV2,AI_CORE,AI_CORE,1704161511500278.250,129.567,10.365,24,"[[1,1024],[1024,4096]]","[[1,4096]]",0.18,0.44
0,FusedInferAttentionScore,AI_CORE,AI_CORE,1704161511500407.750,74.711,5.977,24,"[[1,1024],[1024,4096]]","[[1,4096]]",0.18,0.44
0,RmsNorm,AI_VECTOR_CORE,AI_VECTOR_CORE,1704161511500482.500,20.639,1.651,24,"[[1,1024],[1024,4096]]","[[1,4096]]",0.05,0.3
0,MatMulV2,AI_CORE,AI_CORE,1704161511505400.000,111.291,8.903,24,"[[1,1024],[1024,4096]]","[[1,4096]]",0.18,0.44
0,FusedInferAttentionScore,AI_CORE,AI_CORE,1704161511505511.250,74.763,5.981,24,"[[1,1024],[1024,4096]]","[[1,4096]]",0.18,0.44
0,RmsNorm,AI_VECTOR_CORE,AI_VECTOR_CORE,1704161511505586.000,23.514,1.881,24,"[[1,1024],[1024,4096]]","[[1,4096]]",0.05,0.3
0,MatMulV2,AI_CORE,AI_CORE,1704161511505869.500,127.358,10.189,24,"[[1,1024],[1024,4096]]","[[1,4096]]",0.18,0.44
0,FusedInferAttentionScore,AI_CORE,AI_CORE,1704161511505996.750,67.961,5.437,24,"[[1,1024],[1024,4096]]","[[1,4096]]",0.18,0.44
0,RmsNorm,AI_VECTOR_CORE,AI_VECTOR_CORE,1704161511506064.750,25.684,2.055,24,"[[1,1024],[1024,4096]]","[[1,4096]]",0.05,0.3
0,MatMulV2,AI_CORE,AI_CORE,1704161511506090.500,115.316,9.225,24,"[[1,1024],[1024,4096]]","[[1,4096]]",0.18,0.44
0,FusedInferAttentionScore,AI_CORE,AI_CORE,1704161511506205.750,76.279,6.102,24,"[[1,1024],[1024,4096]]","[[1,4096]]",0.18,0.44
0,RmsNorm,AI_VECTOR_CORE,AI_VECTOR_CORE,1704161511506282.000,26.066,2.085,24,"[[1,1024],[1024,4096]]","[[1,4096]]",0.05,0.3
0,MatMulV2,AI_CORE,AI_CORE,1704161511506308.000,109.219,8.738,24,"[[1,1024],[1024,4096]]","[[1,4096]]",0.18,0.44
0,FusedInferAttentionScore,AI_CORE,AI_CORE,1704161511506417.250,75.344,6.028,24,"[[1,1024],[1024,4096]]","[[1,4096]]",0.18,0.44
0,RmsNorm,AI_VECTOR_CORE,AI_VECTOR_CORE,1704161511506492.500,27.108,2.169,24,"[[1,1024],[1024,4096]]","[[1,4096]]",0.05,0.3
0,MatMulV2,AI_CORE,AI_CORE,1704161511506519.500,109.581,8.766,24,"[[1,1024],[1024,4096]]","[[1,4096]]",0.18,0.44
0,FusedInferAttentionScore,AI_CORE,AI_CORE,1704161511506629.000,75.599,6.048,24,"[[1,1024],[1024,4096]]","[[1,4096]]",0.18,0.44
0,RmsNorm,AI_VECTOR_CORE,AI_VECTOR_CORE,1704161511506704.500,20.060,1.605,24,"[[1,1024],[1024,4096]]","[[1,4096]]",0.05,0.3
0,MatMulV2,AI_CORE,AI_CORE,1704161511506724.500,114.049,9.124,24,"[[1,1024],[1024,4096]]","[[1,4096]]",0.18,0.44
0,FusedInferAttentionScore,AI_CORE,AI_CORE,1704161511506838.500,70.985,5.679,24,"[[1,1024],[1024,4096]]","[[1,4096]]",0.18,0.44
0,RmsNorm,AI_VECTOR_CORE,AI_VECTOR_CORE,1704161511506909.500,20.428,1.634,24,"[[1,1024],[1024,4096]]","[[1,4096]]",0.05,0.3
0,MatMulV2,AI_CORE,AI_CORE,1704161511506930.000,123.452,9.876,24,"[[1,1024],[1024,4096]]","[[1,4096]]",0.18,0.44
0,FusedInferAttentionScore,AI_CORE,AI_CORE,1704161511507053.500,73.824,5.906,24,"[[1,1024],[1024,4096]]","[[1,4096]]",0.18,0.44
0,RmsNorm,AI_VECTOR_CORE,AI_VECTOR_CORE,1704161511507127.250,22.240,1.779,24,"[[1,1024],[1024,4096]]","[[1,4096]]",0.05,0.3
0,MatMulV2,AI_CORE,AI_CORE,1704161511507149.500,122.078,9.766,24,"[[1,1024],[1024,4096]]","[[1,4096]]",0.18,0.44
0,FusedInferAttentionScore,AI_CORE,AI_CORE,1704161511507271.500,73.379,5.870,24,"[[1,1024],[1024,4096]]","[[1,4096]]",0.18,0.44
0,RmsNorm,AI_VECTOR_CORE,AI_VECTOR_CORE,1704161511507345.000,25.496,2.040,24,"[[1,1024],[1024,4096]]","[[1,4096]]",0.05,0.3
0,MatMulV2,AI_CORE,AI_CORE,1704161511507370.500,109.080,8.726,24,"[[1,1024],[1024,4096]]","[[1,4096]]",0.18,0.44
0,FusedInferAttentionScore,AI_CORE,AI_CORE,1704161511507479.500,67.039,5.363,24,"[[1,1024],[1024,4096]]","[[1,4096]]",0.18,0.44
0,RmsNorm,AI_VECTOR_CORE,AI_VECTOR_CORE,1704161511507546.500,24.728,1.978,24,"[[1,1024],[1024,4096]]","[[1,4096]]",0.05,0.3
0,MatMulV2,AI_CORE,AI_CORE,1704161511507571.250,119.869,9.590,24,"[[1,1024],[1024,4096]]","[[1,4096]]",0.18,0.44
0,FusedInferAttentionScore,AI_CORE,AI_CORE,1704161511507691.000,64.628,5.170,24,"[[1,1024],[1024,4096]]","[[1,4096]]",0.18,0.44
0,RmsNorm,AI_VECTOR_CORE,AI_VECTOR_CORE,1704161511507755.750,21.841,1.747,24,"[[1,1024],[1024,4096]]","[[1,4096]]",0.05,0.3
0,MatMulV2,AI_CORE,AI_CORE,1704161511507777.500,110.378,8.830,24,"[[1,1024],[1024,4096]]","[[1,4096]]",0.18,0.44
0,FusedInferAttentionScore,AI_CORE,AI_CORE,1704161511507888.000,67.776,5.422,24,"[[1,1024],[1024,4096]]","[[1,4096]]",0.18,0.44
0,RmsNorm,AI_VECTOR_CORE,AI_VECTOR_CORE,1704161511507955.750,23.170,1.854,24,"[[1,1024],[1024,4096]]","[[1,4096]]",0.05,0.3
0,MatMulV2,AI_CORE,AI_CORE,1704161511507979.000,111.058,8.885,24,"[[1,1024],[1024,4096]]","[[1,4096]]",0.18,0.44
0,FusedInferAttentionScore,AI_CORE,AI_CORE,1704161511508090.000,71.843,5.747,24,"[[1,1024],[1024,4096]]","[[1,4096]]",0.18,0.44
0,RmsNorm,AI_VECTOR_CORE,AI_VECTOR_CORE,1704161511508161.750,21.512,1.721,24,"[[1,1024],[1024,4096]]","[[1,4096]]",0.05,0.3
0,MatMulV2,AI_CORE,AI_CORE,1704161511508183.250,127.509,10.201,24,"[[1,1024],[1024,4096]]","[[1,4096]]",0.18,0.44
0,FusedInferAttentionScore,AI_CORE,AI_CORE,1704161511508310.750,71.355,5.708,24,"[[1,1024],[1024,4096]]","[[1,4096]]",0.18,0.44
0,RmsNorm,AI_VECTOR_CORE,AI_VECTOR_CORE,1704161511508382.000,23.878,1.910,24,"[[1,1024],[1024,4096]]","[[1,4096]]",0.05,0.3
0,MatMulV2,AI_CORE,AI_CORE,1704161511508406.000,110.584,8.847,24,"[[1,1024],[1024,4096]]","[[1,4096]]",0.18,0.44
0,FusedInferAttentionScore,AI_CORE,AI_CORE,1704161511508516.500,67.421,5.394,24,"[[1,1024],[1024,4096]]","[[1,4096]]",0.18,0.44
0,RmsNorm,AI_VECTOR_CORE,AI_VECTOR_CORE,1704161511508584.000,24.921,1.994,24,"[[1,1024],[1024,4096]]","[[1,4096]]",0.05,0.3
0,MatMulV2,AI_CORE,AI_CORE,1704161511508609.000,108.872,8.710,24,"[[1,1024],[1024,4096]]","[[1,4096]]",0.18,0.44
0,FusedInferAttentionScore,AI_CORE,AI_CORE,1704161511508717.750,65.100,5.208,24,"[[1,1024],[1024,4096]]","[[1,4096]]",0.18,0.44
0,RmsNorm,AI_VECTOR_CORE,AI_VECTOR_CORE,1704161511508782.750,20.377,1.630,24,"[[1,1024],[1024,4096]]","[[1,4096]]",0.05,0.3
0,MatMulV2,AI_CORE,AI_CORE,1704161511508803.250,122.422,9.794,24,"[[1,1024],[1024,4096]]","[[1,4096]]",0.18,0.44
0,FusedInferAttentionScore,AI_CORE,AI_CORE,1704161511508925.750,66.195,5.296,24,"[[1,1024],[1024,4096]]","[[1,4096]]",0.18,0.44
0,RmsNorm,AI_VECTOR_CORE,AI_VECTOR_CORE,1704161511508992.000,22.889,1.831,24,"[[1,1024],[1024,4096]]","[[1,4096]]",0.05,0.3
0,MatMulV2,AI_CORE,AI_CORE,1704161511509015.000,118.581,9.487,24,"[[1,1024],[1024,4096]]","[[1,4096]]",0.18,0.44
0,FusedInferAttentionScore,AI_CORE,AI_CORE,1704161511509133.500,66.427,5.314,24,"[[1,1024],[1024,4096]]","[[1,4096]]",0.18,0.44
0,RmsNorm,AI_VECTOR_CORE,AI_VECTOR_CORE,1704161511509200.000,25.744,2.060,24,"[[1,1024],[1024,4096]]","[[1,4096]]",0.05,0.3
0,MatMulV2,AI_CORE,AI_CORE,1704161511509225.750,124.825,9.986,24,"[[1,1024],[1024,4096]]","[[1,4096]]",0.18,0.44
0,FusedInferAttentionScore,AI_CORE,AI_CORE,1704161511509350.500,69.468,5.557,24,"[[1,1024],[1024,4096]]","[[1,4096]]",0.18,0.44
0,RmsNorm,AI_VECTOR_CORE,AI_VECTOR_CORE,1704161511509420.000,25.688,2.055,24,"[[1,1024],[1024,4096]]","[[1,4096]]",0.05,0.3
0,MatMulV2,AI_CORE,AI_CORE,1704161511509445.750,127.456,10.196,24,"[[1,1024],[1024,4096]]","[[1,4096]]",0.18,0.44
0,FusedInferAttentionScore,AI_CORE,AI_CORE,1704161511509573.250,63.808,5.105,24,"[[1,1024],[1024,4096]]","[[1,4096]]",0.18,0.44
0,RmsNorm,AI_VECTOR_CORE,AI_VECTOR_CORE,1704161511509637.000,26.356,2.108,24,"[[1,1024],[1024,4096]]","[[1,4096]]",0.05,0.3
0,MatMulV2,AI_CORE,AI_CORE,1704161511509663.250,111.048,8.884,24,"[[1,1024],[1024,4096]]","[[1,4096]]",0.18,0.44
0,FusedInferAttentionScore,AI_CORE,AI_CORE,1704161511509774.250,65.906,5.273,24,"[[1,1024],[1024,4096]]","[[1,4096]]",0.18,0.44
0,RmsNorm,AI_VECTOR_CORE,AI_VECTOR_CORE,1704161511509840.250,23.084,1.847,24,"[[1,1024],[1024,4096]]","[[1,4096]]",0.05,0.3
0,MatMulV2,AI_CORE,AI_CORE,1704161511509863.250,123.501,9.880,24,"[[1,1024],[1024,4096]]","[[1,4096]]",0.18,0.44
0,FusedInferAttentionScore,AI_CORE,AI_CORE,1704161511509986.750,70.614,5.649,24,"[[1,1024],[1024,4096]]","[[1,4096]]",0.18,0.44
0,RmsNorm,AI_VECTOR_CORE,AI_VECTOR_CORE,1704161511510057.250,20.231,1.618,24,"[[1,1024],[1024,4096]]","[[1,4096]]",0.05,0.3
0,MatMulV2,AI_CORE,AI_CORE,1704161511510077.500,113.593,9.087,24,"[[1,1024],[1024,4096]]","[[1,4096]]",0.18,0.44
0,FusedInferAttentionScore,AI_CORE,AI_CORE,1704161511510191.000,75.325,6.026,24,"[[1,1024],[1024,4096]]","[[1,4096]]",0.18,0.44
0,RmsNorm,AI_VECTOR_CORE,AI_VECTOR_CORE,1704161511510266.250,19.383,1.551,24,"[[1,1024],[1024,4096]]","[[1,4096]]",0.05,0.3
0,MatMulV2,AI_CORE,AI_CORE,1704161511510285.750,109.894,8.792,24,"[[1,1024],[1024,4096]]","[[1,4096]]",0.18,0.44
0,FusedInferAttentionScore,AI_CORE,AI_CORE,1704161511510395.750,67.829,5.426,24,"[[1,1024],[1024,4096]]","[[1,4096]]",0.18,0.44
0,RmsNorm,AI_VECTOR_CORE,AI_VECTOR_CORE,1704161511510463.500,24.773,1.982,24,"[[1,1024],[1024,4096]]","[[1,4096]]",0.05,0.3
0,MatMulV2,AI_CORE,AI_CORE,1704161511510488.250,115.933,9.275,24,"[[1,1024],[1024,4096]]","[[1,4096]]",0.18,0.44
0,FusedInferAttentionScore,AI_CORE,AI_CORE,1704161511510604.250,67.336,5.387,24,"[[1,1024],[1024,4096]]","[[1,4096]]",0.18,0.44
0,RmsNorm,AI_VECTOR_CORE,AI_VECTOR_CORE,1704161511510671.500,28.274,2.262,24,"[[1,1024],[1024,4096]]","[[1,4096]]",0.05,0.3
0,MatMulV2,AI_CORE,AI_CORE,1704161511510699.750,110.466,8.837,24,"[[1,1024],[1024,4096]]","[[1,4096]]",0.18,0.44
0,FusedInferAttentionScore,AI_CORE,AI_CORE,1704161511510810.250,73.637,5.891,24,"[[1,1024],[1024,4096]]","[[1,4096]]",0.18,0.44
0,RmsNorm,AI_VECTOR_CORE,AI_VECTOR_CORE,1704161511510884.000,25.116,2.009,24,"[[1,1024],[1024,4096]]","[[1,4096]]",0.05,0.3
0,MatMulV2,AI_CORE,AI_CORE,1704161511510909.000,115.754,9.260,24,"[[1,1024],[1024,4096]]","[[1,4096]]",0.18,0.44
0,FusedInferAttentionScore,AI_CORE,AI_CORE,1704161511511024.750,76.876,6.150,24,"[[1,1024],[1024,4096]]","[[1,4096]]",0.18,0.44
0,RmsNorm,AI_VECTOR_CORE,AI_VECTOR_CORE,1704161511511101.750,27.471,2.198,24,"[[1,1024],[1024,4096]]","[[1,4096]]",0.05,0.3
0,MatMulV2,AI_CORE,AI_CORE,1704161511511129.250,110.691,8.855,24,"[[1,1024],[1024,4096]]","[[1,4096]]",0.18,0.44
0,FusedInferAttentionScore,AI_CORE,AI_CORE,1704161511511240.000,73.891,5.911,24,"[[1,1024],[1024,4096]]","[[1,4096]]",0.18,0.44
0,RmsNorm,AI_VECTOR_CORE,AI_VECTOR_CORE,1704161511511314.000,26.266,2.101,24,"[[1,1024],[1024,4096]]","[[1,4096]]",0.05,0.3
0,MatMulV2,AI_CORE,AI_CORE,1704161511511340.250,123.688,9.895,24,"[[1,1024],[1024,4096]]","[[1,4096]]",0.18,0.44
0,FusedInferAttentionScore,AI_CORE,AI_CORE,1704161511511464.000,68.609,5.489,24,"[[1,1024],[1024,4096]]","[[1,4096]]",0.18,0.44
0,RmsNorm,AI_VECTOR_CORE,AI_VECTOR_CORE,1704161511511532.500,26.759,2.141,24,"[[1,1024],[1024,4096]]","[[1,4096]]",0.05,0.3
0,MatMulV2,AI_CORE,AI_CORE,1704161511511559.250,126.166,10.093,24,"[[1,1024],[1024,4096]]","[[1,4096]]",0.18,0.44
0,FusedInferAttentionScore,AI_CORE,AI_CORE,1704161511511685.500,65.447,5.236,24,"[[1,1024],[1024,4096]]","[[1,4096]]",0.18,0.44
0,RmsNorm,AI_VECTOR_CORE,AI_VECTOR_CORE,1704161511511751.000,26.647,2.132,24,"[[1,1024],[1024,4096]]","[[1,4096]]",0.05,0.3
0,MatMulV2,AI_CORE,AI_CORE,1704161511511777.750,121.544,9.724,24,"[[1,1024],[1024,4096]]","[[1,4096]]",0.18,0.44
0,FusedInferAttentionScore,AI_CORE,AI_CORE,1704161511511899.250,68.203,5.456,24,"[[1,1024],[1024,4096]]","[[1,4096]]",0.18,0.44
0,RmsNorm,AI_VECTOR_CORE,AI_VECTOR_CORE,1704161511511967.500,28.637,2.291,24,"[[1,1024],[1024,4096]]","[[1,4096]]",0.05,0.3
0,MatMulV2,AI_CORE,AI_CORE,1704161511511996.250,110.596,8.848,24,"[[1,1024],[1024,4096]]","[[1,4096]]",0.18,0.44
0,FusedInferAttentionScore,AI_CORE,AI_CORE,1704161511512106.750,72.388,5.791,24,"[[1,1024],[1024,4096]]","[[1,4096]]",0.18,0.44
0,RmsNorm,AI_VECTOR_CORE,AI_VECTOR_CORE,1704161511512179.250,28.244,2.260,24,"[[1,1024],[1024,4096]]","[[1,4096]]",0.05,0.3
0,MatMulV2,AI_CORE,AI_CORE,1704161511512207.500,124.045,9.924,24,"[[1,1024],[1024,4096]]","[[1,4096]]",0.18,0.44
0,FusedInferAttentionScore,AI_CORE,AI_CORE,1704161511512331.500,70.486,5.639,24,"[[1,1024],[1024,4096]]","[[1,4096]]",0.18,0.44
0,RmsNorm,AI_VECTOR_CORE,AI_VECTOR_CORE,1704161511512402.000,25.560,2.045,24,"[[1,1024],[1024,4096]]","[[1,4096]]",0.05,0.3
0,MatMulV2,AI_CORE,AI_CORE,1704161511517400.000,118.256,9.460,24,"[[1,1024],[1024,4096]]","[[1,4096]]",0.18,0.44
0,FusedInferAttentionScore,AI_CORE,AI_CORE,1704161511517518.250,64.031,5.123,24,"[[1,1024],[1024,4096]]","[[1,4096]]",0.18,0.44
0,RmsNorm,AI_VECTOR_CORE,AI_VECTOR_CORE,1704161511517582.250,20.163,1.613,24,"[[1,1024],[1024,4096]]","[[1,4096]]",0.05,0.3
0,MatMulV2,AI_CORE,AI_CORE,1704161511517862.500,117.236,9.379,24,"[[1,1024],[1024,4096]]","[[1,4096]]",0.18,0.44
0,FusedInferAttentionScore,AI_CORE,AI_CORE,1704161511517979.750,66.282,5.303,24,"[[1,1024],[1024,4096]]","[[1,4096]]",0.18,0.44
0,RmsNorm,AI_VECTOR_CORE,AI_VECTOR_CORE,1704161511518046.000,24.309,1.945,24,"[[1,1024],[1024,4096]]","[[1,4096]]",0.05,0.3
0,MatMulV2,AI_CORE,AI_CORE,1704161511518070.250,124.463,9.957,24,"[[1,1024],[1024,4096]]","[[1,4096]]",0.18,0.44
0,FusedInferAttentionScore,AI_CORE,AI_CORE,1704161511518194.750,76.522,6.122,24,"[[1,1024],[1024,4096]]","[[1,4096]]",0.18,0.44
0,RmsNorm,AI_VECTOR_CORE,AI_VECTOR_CORE,1704161511518271.250,23.370,1.870,24,"[[1,1024],[1024,4096]]","[[1,4096]]",0.05,0.3
0,MatMulV2,AI_CORE,AI_CORE,1704161511518294.500,118.551,9.484,24,"[[1,1024],[1024,4096]]","[[1,4096]]",0.18,0.44
0,FusedInferAttentionScore,AI_CORE,AI_CORE,1704161511518413.000,70.267,5.621,24,"[[1,1024],[1024,4096]]","[[1,4096]]",0.18,0.44
0,RmsNorm,AI_VECTOR_CORE,AI_VECTOR_CORE,1704161511518483.250,26.398,2.112,24,"[[1,1024],[1024,4096]]","[[1,4096]]",0.05,0.3
0,MatMulV2,AI_CORE,AI_CORE,1704161511518509.750,112.285,8.983,24,"[[1,1024],[1024,4096]]","[[1,4096]]",0.18,0.44
0,FusedInferAttentionScore,AI_CORE,AI_CORE,1704161511518622.000,74.132,5.931,24,"[[1,1024],[1024,4096]]","[[1,4096]]",0.18,0.44
0,RmsNorm,AI_VECTOR_CORE,AI_VECTOR_CORE,1704161511518696.250,25.661,2.053,24,"[[1,1024],[1024,4096]]","[[1,4096]]",0.05,0.3
0,MatMulV2,AI_CORE,AI_CORE,1704161511518722.000,112.770,9.022,24,"[[1,1024],[1024,4096]]","[[1,4096]]",0.18,0.44
0,FusedInferAttentionScore,AI_CORE,AI_CORE,1704161511518834.750,66.121,5.290,24,"[[1,1024],[1024,4096]]","[[1,4096]]",0.18,0.44
0,RmsNorm,AI_VECTOR_CORE,AI_VECTOR_CORE,1704161511518900.750,20.706,1.657,24,"[[1,1024],[1024,4096]]","[[1,4096]]",0.05,0.3
0,MatMulV2,AI_CORE,AI_CORE,1704161511518921.500,108.866,8.709,24,"[[1,1024],[1024,4096]]","[[1,4096]]",0.18,0.44
0,FusedInferAttentionScore,AI_CORE,AI_CORE,1704161511519030.250,75.982,6.079,24,"[[1,1024],[1024,4096]]","[[1,4096]]",0.18,0.44
0,RmsNorm,AI_VECTOR_CORE,AI_VECTOR_CORE,1704161511519106.250,25.838,2.067,24,"[[1,1024],[1024,4096]]","[[1,4096]]",0.05,0.3
0,MatMulV2,AI_CORE,AI_CORE,1704161511519132.000,123.818,9.905,24,"[[1,1024],[1024,4096]]","[[1,4096]]",0.18,0.44
0,FusedInferAttentionScore,AI_CORE,AI_CORE,1704161511519255.750,72.836,5.827,24,"[[1,1024],[1024,4096]]","[[1,4096]]",0.18,0.44
0,RmsNorm,AI_VECTOR_CORE,AI_VECTOR_CORE,1704161511519328.500,19.731,1.578,24,"[[1,1024],[1024,4096]]","[[1,4096]]",0.05,0.3
0,MatMulV2,AI_CORE,AI_CORE,1704161511519348.250,112.937,9.035,24,"[[1,1024],[1024,4096]]","[[1,4096]]",0.18,0.44
0,FusedInferAttentionScore,AI_CORE,AI_CORE,1704161511519461.250,70.808,5.665,24,"[[1,1024],[1024,4096]]","[[1,4096]]",0.18,0.44
0,RmsNorm,AI_VECTOR_CORE,AI_VECTOR_CORE,1704161511519532.000,28.743,2.299,24,"[[1,1024],[1024,4096]]","[[1,4096]]",0.05,0.3
0,MatMulV2,AI_CORE,AI_CORE,1704161511519560.750,116.202,9.296,24,"[[1,1024],[1024,4096]]","[[1,4096]]",0.18,0.44
0,FusedInferAttentionScore,AI_CORE,AI_CORE,1704161511519677.000,74.875,5.990,24,"[[1,1024],[1024,4096]]","[[1,4096]]",0.18,0.44
0,RmsNorm,AI_VECTOR_CORE,AI_VECTOR_CORE,1704161511519751.750,19.481,1.558,24,"[[1,1024],[1024,4096]]","[[1,4096]]",0.05,0.3
0,MatMulV2,AI_CORE,AI_CORE,1704161511519771.250,121.681,9.734,24,"[[1,1024],[1024,4096]]","[[1,4096]]",0.18,0.44
0,FusedInferAttentionScore,AI_CORE,AI_CORE,1704161511519893.000,66.645,5.332,24,"[[1,1024],[1024,4096]]","[[1,4096]]",0.18,0.44
0,RmsNorm,AI_VECTOR_CORE,AI_VECTOR_CORE,1704161511519959.750,27.352,2.188,24,"[[1,1024],[1024,4096]]","[[1,4096]]",0.05,0.3
0,MatMulV2,AI_CORE,AI_CORE,1704161511519987.000,109.618,8.769,24,"[[1,1024],[1024,4096]]","[[1,4096]]",0.18,0.44
0,FusedInferAttentionScore,AI_CORE,AI_CORE,1704161511520096.500,65.295,5.224,24,"[[1,1024],[1024,4096]]","[[1,4096]]",0.18,0.44
0,RmsNorm,AI_VECTOR_CORE,AI_VECTOR_CORE,1704161511520161.750,28.673,2.294,24,"[[1,1024],[1024,4096]]","[[1,4096]]",0.05,0.3
0,MatMulV2,AI_CORE,AI_CORE,1704161511520190.500,129.087,10.327,24,"[[1,1024],[1024,4096]]","[[1,4096]]",0.18,0.44
0,FusedInferAttentionScore,AI_CORE,AI_CORE,1704161511520319.500,64.383,5.151,24,"[[1,1024],[1024,4096]]","[[1,4096]]",0.18,0.44
0,RmsNorm,AI_VECTOR_CORE,AI_VECTOR_CORE,1704161511520384.000,26.268,2.101,24,"[[1,1024],[1024,4096]]","[[1,4096]]",0.05,0.3
0,MatMulV2,AI_CORE,AI_CORE,1704161511520410.250,121.064,9.685,24,"[[1,1024],[1024,4096]]","[[1,4096]]",0.18,0.44
0,FusedInferAttentionScore,AI_CORE,AI_CORE,1704161511520531.250,68.745,5.500,24,"[[1,1024],[1024,4096]]","[[1,4096]]",0.18,0.44
0,RmsNorm,AI_VECTOR_CORE,AI_VECTOR_CORE,1704161511520600.000,24.121,1.930,24,"[[1,1024],[1024,4096]]","[[1,4096]]",0.05,0.3
0,MatMulV2,AI_CORE,AI_CORE,1704161511520624.000,119.812,9.585,24,"[[1,1024],[1024,4096]]","[[1,4096]]",0.18,0.44
0,FusedInferAttentionScore,AI_CORE,AI_CORE,1704161511520743.750,67.208,5.377,24,"[[1,1024],[1024,4096]]","[[1,4096]]",0.18,0.44
0,RmsNorm,AI_VECTOR_CORE,AI_VECTOR_CORE,1704161511520811.000,20.217,1.617,24,"[[1,1024],[1024,4096]]","[[1,4096]]",0.05,0.3
0,MatMulV2,AI_CORE,AI_CORE,1704161511520831.250,126.445,10.116,24,"[[1,1024],[1024,4096]]","[[1,4096]]",0.18,0.44
0,FusedInferAttentionScore,AI_CORE,AI_CORE,1704161511520957.750,74.332,5.947,24,"[[1,1024],[1024,4096]]","[[1,4096]]",0.18,0.44
0,RmsNorm,AI_VECTOR_CORE,AI_VECTOR_CORE,1704161511521032.000,24.336,1.947,24,"[[1,1024],[1024,4096]]","[[1,4096]]",0.05,0.3
0,MatMulV2,AI_CORE,AI_CORE,1704161511521056.250,130.540,10.443,24,"[[1,1024],[1024,4096]]","[[1,4096]]",0.18,0.44
0,FusedInferAttentionScore,AI_CORE,AI_CORE,1704161511521186.750,69.899,5.592,24,"[[1,1024],[1024,4096]]","[[1,4096]]",0.18,0.44
0,RmsNorm,AI_VECTOR_CORE,AI_VECTOR_CORE,1704161511521256.750,23.540,1.883,24,"[[1,1024],[1024,4096]]","[[1,4096]]",0.05,0.3
0,MatMulV2,AI_CORE,AI_CORE,1704161511521280.250,113.689,9.095,24,"[[1,1024],[1024,4096]]","[[1,4096]]",0.18,0.44
0,FusedInferAttentionScore,AI_CORE,AI_CORE,1704161511521394.000,74.370,5.950,24,"[[1,1024],[1024,4096]]","[[1,4096]]",0.18,0.44
0,RmsNorm,AI_VECTOR_CORE,AI_VECTOR_CORE,1704161511521468.250,22.113,1.769,24,"[[1,1024],[1024,4096]]","[[1,4096]]",0.05,0.3
0,MatMulV2,AI_CORE,AI_CORE,1704161511521490.250,114.842,9.187,24,"[[1,1024],[1024,4096]]","[[1,4096]]",0.18,0.44
0,FusedInferAttentionScore,AI_CORE,AI_CORE,1704161511521605.000,70.024,5.602,24,"[[1,1024],[1024,4096]]","[[1,4096]]",0.18,0.44
0,RmsNorm,AI_VECTOR_CORE,AI_VECTOR_CORE,1704161511521675.000,25.887,2.071,24,"[[1,1024],[1024,4096]]","[[1,4096]]",0.05,0.3
0,MatMulV2,AI_CORE,AI_CORE,1704161511521701.000,131.348,10.508,24,"[[1,1024],[1024,4096]]","[[1,4096]]",0.18,0.44
0,FusedInferAttentionScore,AI_CORE,AI_CORE,1704161511521832.250,69.004,5.520,24,"[[1,1024],[1024,4096]]","[[1,4096]]",0.18,0.44
0,RmsNorm,AI_VECTOR_CORE,AI_VECTOR_CORE,1704161511521901.250,25.729,2.058,24,"[[1,1024],[1024,4096]]","[[1,4096]]",0.05,0.3
0,MatMulV2,AI_CORE,AI_CORE,1704161511521927.000,115.533,9.243,24,"[[1,1024],[1024,4096]]","[[1,4096]]",0.18,0.44
0,FusedInferAttentionScore,AI_CORE,AI_CORE,1704161511522042.500,72.988,5.839,24,"[[1,1024],[1024,4096]]","[[1,4096]]",0.18,0.44
0,RmsNorm,AI_VECTOR_CORE,AI_VECTOR_CORE,1704161511522115.500,27.711,2.217,24,"[[1,1024],[1024,4096]]","[[1,4096]]",0.05,0.3
0,MatMulV2,AI_CORE,AI_CORE,1704161511522143.250,116.717,9.337,24,"[[1,1024],[1024,4096]]","[[1,4096]]",0.18,0.44
0,FusedInferAttentionScore,AI_CORE,AI_CORE,1704161511522260.000,64.700,5.176,24,"[[1,1024],[1024,4096]]","[[1,4096]]",0.18,0.44
0,RmsNorm,AI_VECTOR_CORE,AI_VECTOR_CORE,1704161511522324.750,26.337,2.107,24,"[[1,1024],[1024,4096]]","[[1,4096]]",0.05,0.3
0,MatMulV2,AI_CORE,AI_CORE,1704161511522351.000,120.534,9.643,24,"[[1,1024],[1024,4096]]","[[1,4096]]",0.18,0.44
0,FusedInferAttentionScore,AI_CORE,AI_CORE,1704161511522471.500,76.975,6.158,24,"[[1,1024],[1024,4096]]","[[1,4096]]",0.18,0.44
0,RmsNorm,AI_VECTOR_CORE,AI_VECTOR_CORE,1704161511522548.500,21.161,1.693,24,"[[1,1024],[1024,4096]]","[[1,4096]]",0.05,0.3
0,MatMulV2,AI_CORE,AI_CORE,1704161511522569.750,127.433,10.195,24,"[[1,1024],[1024,4096]]","[[1,4096]]",0.18,0.44
0,FusedInferAttentionScore,AI_CORE,AI_CORE,1704161511522697.250,66.619,5.330,24,"[[1,1024],[1024,4096]]","[[1,4096]]",0.18,0.44
0,RmsNorm,AI_VECTOR_CORE,AI_VECTOR_CORE,1704161511522763.750,25.957,2.077,24,"[[1,1024],[1024,4096]]","[[1,4096]]",0.05,0.3
0,MatMulV2,AI_CORE,AI_CORE,1704161511522789.750,130.230,10.418,24,"[[1,1024],[1024,4096]]","[[1,4096]]",0.18,0.44
0,FusedInferAttentionScore,AI_CORE,AI_CORE,1704161511522920.000,65.750,5.260,24,"[[1,1024],[1024,4096]]","[[1,4096]]",0.18,0.44
0,RmsNorm,AI_VECTOR_CORE,AI_VECTOR_CORE,1704161511522985.750,21.979,1.758,24,"[[1,1024],[1024,4096]]","[[1,4096]]",0.05,0.3
0,MatMulV2,AI_CORE,AI_CORE,1704161511523007.750,112.592,9.007,24,"[[1,1024],[1024,4096]]","[[1,4096]]",0.18,0.44
0,FusedInferAttentionScore,AI_CORE,AI_CORE,1704161511523120.250,64.867,5.189,24,"[[1,1024],[1024,4096]]","[[1,4096]]",0.18,0.44
0,RmsNorm,AI_VECTOR_CORE,AI_VECTOR_CORE,1704161511523185.000,20.473,1.638,24,"[[1,1024],[1024,4096]]","[[1,4096]]",0.05,0.3
0,MatMulV2,AI_CORE,AI_CORE,1704161511523205.500,124.329,9.946,24,"[[1,1024],[1024,4096]]","[[1,4096]]",0.18,0.44
0,FusedInferAttentionScore,AI_CORE,AI_CORE,1704161511523329.750,65.348,5.228,24,"[[1,1024],[1024,4096]]","[[1,4096]]",0.18,0.44
0,RmsNorm,AI_VECTOR_CORE,AI_VECTOR_CORE,1704161511523395.000,27.587,2.207,24,"[[1,1024],[1024,4096]]","[[1,4096]]",0.05,0.3
0,MatMulV2,AI_CORE,AI_CORE,1704161511523422.500,111.357,8.909,24,"[[1,1024],[1024,4096]]","[[1,4096]]",0.18,0.44
0,FusedInferAttentionScore,AI_CORE,AI_CORE,1704161511523533.750,70.608,5.649,24,"[[1,1024],[1024,4096]]","[[1,4096]]",0.18,0.44
0,RmsNorm,AI_VECTOR_CORE,AI_VECTOR_CORE,1704161511523604.250,24.023,1.922,24,"[[1,1024],[1024,4096]]","[[1,4096]]",0.05,0.3
0,MatMulV2,AI_CORE,AI_CORE,1704161511523628.250,120.225,9.618,24,"[[1,1024],[1024,4096]]","[[1,4096]]",0.18,0.44
0,FusedInferAttentionScore,AI_CORE,AI_CORE,1704161511523748.500,68.626,5.490,24,"[[1,1024],[1024,4096]]","[[1,4096]]",0.18,0.44
0,RmsNorm,AI_VECTOR_CORE,AI_VECTOR_CORE,1704161511523817.250,26.189,2.095,24,"[[1,1024],[1024,4096]]","[[1,4096]]",0.05,0.3
0,MatMulV2,AI_CORE,AI_CORE,1704161511523843.500,111.064,8.885,24,"[[1,1024],[1024,4096]]","[[1,4096]]",0.18,0.44
0,FusedInferAttentionScore,AI_CORE,AI_CORE,1704161511523954.500,76.067,6.085,24,"[[1,1024],[1024,4096]]","[[1,4096]]",0.18,0.44
0,RmsNorm,AI_VECTOR_CORE,AI_VECTOR_CORE,1704161511524030.500,19.596,1.568,24,"[[1,1024],[1024,4096]]","[[1,4096]]",0.05,0.3
0,MatMulV2,AI_CORE,AI_CORE,1704161511524050.000,130.850,10.468,24,"[[1,1024],[1024,4096]]","[[1,4096]]",0.18,0.44
0,FusedInferAttentionScore,AI_CORE,AI_CORE,1704161511524180.750,65.706,5.257,24,"[[1,1024],[1024,4096]]","[[1,4096]]",0.18,0.44
0,RmsNorm,AI_VECTOR_CORE,AI_VECTOR_CORE,1704161511524246.500,28.057,2.245,24,"[[1,1024],[1024,4096]]","[[1,4096]]",0.05,0.3
0,MatMulV2,AI_CORE,AI_CORE,1704161511524274.500,116.835,9.347,24,"[[1,1024],[1024,4096]]","[[1,4096]]",0.18,0.44
0,FusedInferAttentionScore,AI_CORE,AI_CORE,1704161511524391.250,64.398,5.152,24,"[[1,1024],[1024,4096]]","[[1,4096]]",0.18,0.44
0,RmsNorm,AI_VECTOR_CORE,AI_VECTOR_CORE,1704161511524455.750,27.825,2.226,24,"[[1,1024],[1024,4096]]","[[1,4096]]",0.05,0.3
0,MatMulV2,AI_CORE,AI_CORE,1704161511529400.000,129.747,10.380,24,"[[1,1024],[1024,4096]]","[[1,4096]]",0.18,0.44
0,FusedInferAttentionScore,AI_CORE,AI_CORE,1704161511529529.750,70.802,5.664,24,"[[1,1024],[1024,4096]]","[[1,4096]]",0.18,0.44
0,RmsNorm,AI_VECTOR_CORE,AI_VECTOR_CORE,1704161511529600.500,21.992,1.759,24,"[[1,1024],[1024,4096]]","[[1,4096]]",0.05,0.3
0,MatMulV2,AI_CORE,AI_CORE,1704161511529882.500,108.219,8.658,24,"[[1,1024],[1024,4096]]","[[1,4096]]",0.18,0.44
0,FusedInferAttentionScore,AI_CORE,AI_CORE,1704161511529990.750,64.992,5.199,24,"[[1,1024],[1024,4096]]","[[1,4096]]",0.18,0.44
0,RmsNorm,AI_VECTOR_CORE,AI_VECTOR_CORE,1704161511530055.750,28.003,2.240,24,"[[1,1024],[1024,4096]]","[[1,4096]]",0.05,0.3
0,MatMulV2,AI_CORE,AI_CORE,1704161511530083.750,126.385,10.111,24,"[[1,1024],[1024,4096]]","[[1,4096]]",0.18,0.44
0,FusedInferAttentionScore,AI_CORE,AI_CORE,1704161511530210.250,75.686,6.055,24,"[[1,1024],[1024,4096]]","[[1,4096]]",0.18,0.44
0,RmsNorm,AI_VECTOR_CORE,AI_VECTOR_CORE,1704161511530286.000,28.336,2.267,24,"[[1,1024],[1024,4096]]","[[1,4096]]",0.05,0.3
0,MatMulV2,AI_CORE,AI_CORE,1704161511530314.250,122.488,9.799,24,"[[1,1024],[1024,4096]]","[[1,4096]]",0.18,0.44
0,FusedInferAttentionScore,AI_CORE,AI_CORE,1704161511530436.750,71.810,5.745,24,"[[1,1024],[1024,4096]]","[[1,4096]]",0.18,0.44
0,RmsNorm,AI_VECTOR_CORE,AI_VECTOR_CORE,1704161511530508.500,22.779,1.822,24,"[[1,1024],[1024,4096]]","[[1,4096]]",0.05,0.3
0,MatMulV2,AI_CORE,AI_CORE,1704161511530531.250,109.352,8.748,24,"[[1,1024],[1024,4096]]","[[1,4096]]",0.18,0.44
0,FusedInferAttentionScore,AI_CORE,AI_CORE,1704161511530640.500,66.124,5.290,24,"[[1,1024],[1024,4096]]","[[1,4096]]",0.18,0.44
0,RmsNorm,AI_VECTOR_CORE,AI_VECTOR_CORE,1704161511530706.500,22.890,1.831,24,"[[1,1024],[1024,4096]]","[[1,4096]]",0.05,0.3
0,MatMulV2,AI_CORE,AI_CORE,1704161511530729.500,111.860,8.949,24,"[[1,1024],[1024,4096]]","[[1,4096]]",0.18,0.44
0,FusedInferAttentionScore,AI_CORE,AI_CORE,1704161511530841.250,74.650,5.972,24,"[[1,1024],[1024,4096]]","[[1,4096]]",0.18,0.44
0,RmsNorm,AI_VECTOR_CORE,AI_VECTOR_CORE,1704161511530916.000,22.384,1.791,24,"[[1,1024],[1024,4096]]","[[1,4096]]",0.05,0.3
0,MatMulV2,AI_CORE,AI_CORE,1704161511530938.500,126.110,10.089,24,"[[1,1024],[1024,4096]]","[[1,4096]]",0.18,0.44
0,FusedInferAttentionScore,AI_CORE,AI_CORE,1704161511531064.500,65.494,5.239,24,"[[1,1024],[1024,4096]]","[[1,4096]]",0.18,0.44
0,RmsNorm,AI_VECTOR_CORE,AI_VECTOR_CORE,1704161511531130.000,21.858,1.749,24,"[[1,1024],[1024,4096]]","[[1,4096]]",0.05,0.3
0,MatMulV2,AI_CORE,AI_CORE,1704161511531151.750,120.124,9.610,24,"[[1,1024],[1024,4096]]","[[1,4096]]",0.18,0.44
0,FusedInferAttentionScore,AI_CORE,AI_CORE,1704161511531271.750,75.796,6.064,24,"[[1,1024],[1024,4096]]","[[1,4096]]",0.18,0.44
0,RmsNorm,AI_VECTOR_CORE,AI_VECTOR_CORE,1704161511531347.500,21.022,1.682,24,"[[1,1024],[1024,4096]]","[[1,4096]]",0.05,0.3
0,MatMulV2,AI_CORE,AI_CORE,1704161511531368.500,125.989,10.079,24,"[[1,1024],[1024,4096]]","[[1,4096]]",0.18,0.44
0,FusedInferAttentionScore,AI_CORE,AI_CORE,1704161511531494.500,63.028,5.042,24,"[[1,1024],[1024,4096]]","[[1,4096]]",0.18,0.44
0,RmsNorm,AI_VECTOR_CORE,AI_VECTOR_CORE,1704161511531557.500,28.368,2.269,24,"[[1,1024],[1024,4096]]","[[1,4096]]",0.05,0.3
0,MatMulV2,AI_CORE,AI_CORE,1704161511531585.750,119.299,9.544,24,"[[1,1024],[1024,4096]]","[[1,4096]]",0.18,0.44
0,FusedInferAttentionScore,AI_CORE,AI_CORE,1704161511531705.000,68.338,5.467,24,"[[1,1024],[1024,4096]]","[[1,4096]]",0.18,0.44
0,RmsNorm,AI_VECTOR_CORE,AI_VECTOR_CORE,1704161511531773.250,25.444,2.036,24,"[[1,1024],[1024,4096]]","[[1,4096]]",0.05,0.3
0,MatMulV2,AI_CORE,AI_CORE,1704161511531798.750,131.786,10.543,24,"[[1,1024],[1024,4096]]","[[1,4096]]",0.18,0.44
0,FusedInferAttentionScore,AI_CORE,AI_CORE,1704161511531930.500,69.187,5.535,24,"[[1,1024],[1024,4096]]","[[1,4096]]",0.18,0.44
0,RmsNorm,AI_VECTOR_CORE,AI_VECTOR_CORE,1704161511531999.750,26.868,2.149,24,"[[1,1024],[1024,4096]]","[[1,4096]]",0.05,0.3
0,MatMulV2,AI_CORE,AI_CORE,1704161511532026.500,112.992,9.039,24,"[[1,1024],[1024,4096]]","[[1,4096]]",0.18,0.44
0,FusedInferAttentionScore,AI_CORE,AI_CORE,1704161511532139.500,63.979,5.118,24,"[[1,1024],[1024,4096]]","[[1,4096]]",0.18,0.44
0,RmsNorm,AI_VECTOR_CORE,AI_VECTOR_CORE,1704161511532203.500,24.443,1.955,24,"[[1,1024],[1024,4096]]","[[1,4096]]",0.05,0.3
0,MatMulV2,AI_CORE,AI_CORE,1704161511532228.000,118.884,9.511,24,"[[1,1024],[1024,4096]]","[[1,4096]]",0.18,0.44
0,FusedInferAttentionScore,AI_CORE,AI_CORE,1704161511532347.000,66.904,5.352,24,"[[1,1024],[1024,4096]]","[[1,4096]]",0.18,0.44
0,RmsNorm,AI_VECTOR_CORE,AI_VECTOR_CORE,1704161511532414.000,28.518,2.281,24,"[[1,1024],[1024,4096]]","[[1,4096]]",0.05,0.3
0,MatMulV2,AI_CORE,AI_CORE,1704161511532442.500,115.261,9.221,24,"[[1,1024],[1024,4096]]","[[1,4096]]",0.18,0.44
0,FusedInferAttentionScore,AI_CORE,AI_CORE,1704161511532557.750,72.724,5.818,24,"[[1,1024],[1024,4096]]","[[1,4096]]",0.18,0.44
0,RmsNorm,AI_VECTOR_CORE,AI_VECTOR_CORE,1704161511532630.500,28.544,2.284,24,"[[1,1024],[1024,4096]]","[[1,4096]]",0.05,0.3
0,MatMulV2,AI_CORE,AI_CORE,1704161511532659.000,129.853,10.388,24,"[[1,1024],[1024,4096]]","[[1,4096]]",0.18,0.44
0,FusedInferAttentionScore,AI_CORE,AI_CORE,1704161511532788.750,68.705,5.496,24,"[[1,1024],[1024,4096]]","[[1,4096]]",0.18,0.44
0,RmsNorm,AI_VECTOR_CORE,AI_VECTOR_CORE,1704161511532857.500,23.582,1.887,24,"[[1,1024],[1024,4096]]","[[1,4096]]",0.05,0.3
0,MatMulV2,AI_CORE,AI_CORE,1704161511532881.000,124.968,9.997,24,"[[1,1024],[1024,4096]]","[[1,4096]]",0.18,0.44
0,FusedInferAttentionScore,AI_CORE,AI_CORE,1704161511533006.000,76.432,6.115,24,"[[1,1024],[1024,4096]]","[[1,4096]]",0.18,0.44
0,RmsNorm,AI_VECTOR_CORE,AI_VECTOR_CORE,1704161511533082.500,26.301,2.104,24,"[[1,1024],[1024,4096]]","[[1,4096]]",0.05,0.3
0,MatMulV2,AI_CORE,AI_CORE,1704161511533108.750,120.567,9.645,24,"[[1,1024],[1024,4096]]","[[1,4096]]",0.18,0.44
0,FusedInferAttentionScore,AI_CORE,AI_CORE,1704161511533229.250,69.706,5.576,24,"[[1,1024],[1024,4096]]","[[1,4096]]",0.18,0.44
0,RmsNorm,AI_VECTOR_CORE,AI_VECTOR_CORE,1704161511533299.000,23.227,1.858,24,"[[1,1024],[1024,4096]]","[[1,4096]]",0.05,0.3
0,MatMulV2,AI_CORE,AI_CORE,1704161511533322.250,119.647,9.572,24,"[[1,1024],[1024,4096]]","[[1,4096]]",0.18,0.44
0,FusedInferAttentionScore,AI_CORE,AI_CORE,1704161511533442.000,66.256,5.301,24,"[[1,1024],[1024,4096]]","[[1,4096]]",0.18,0.44
0,RmsNorm,AI_VECTOR_CORE,AI_VECTOR_CORE,1704161511533508.250,20.389,1.631,24,"[[1,1024],[1024,4096]]","[[1,4096]]",0.05,0.3
0,MatMulV2,AI_CORE,AI_CORE,1704161511533528.750,113.807,9.105,24,"[[1,1024],[1024,4096]]","[[1,4096]]",0.18,0.44
0,FusedInferAttentionScore,AI_CORE,AI_CORE,1704161511533642.500,64.484,5.159,24,"[[1,1024],[1024,4096]]","[[1,4096]]",0.18,0.44
0,RmsNorm,AI_VECTOR_CORE,AI_VECTOR_CORE,1704161511533707.000,27.511,2.201,24,"[[1,1024],[1024,4096]]","[[1,4096]]",0.05,0.3
0,MatMulV2,AI_CORE,AI_CORE,1704161511533734.500,116.857,9.349,24,"[[1,1024],[1024,4096]]","[[1,4096]]",0.18,0.44
0,FusedInferAttentionScore,AI_CORE,AI_CORE,1704161511533851.250,73.947,5.916,24,"[[1,1024],[1024,4096]]","[[1,4096]]",0.18,0.44
0,RmsNorm,AI_VECTOR_CORE,AI_VECTOR_CORE,1704161511533925.250,28.299,2.264,24,"[[1,1024],[1024,4096]]","[[1,4096]]",0.05,0.3
0,MatMulV2,AI_CORE,AI_CORE,1704161511533953.500,108.373,8.670,24,"[[1,1024],[1024,4096]]","[[1,4096]]",0.18,0.44
0,FusedInferAttentionScore,AI_CORE,AI_CORE,1704161511534061.750,71.822,5.746,24,"[[1,1024],[1024,4096]]","[[1,4096]]",0.18,0.44
0,RmsNorm,AI_VECTOR_CORE,AI_VECTOR_CORE,1704161511534133.500,25.180,2.014,24,"[[1,1024],[1024,4096]]","[[1,4096]]",0.05,0.3
0,MatMulV2,AI_CORE,AI_CORE,1704161511534158.750,111.043,8.883,24,"[[1,1024],[1024,4096]]","[[1,4096]]",0.18,0.44
0,FusedInferAttentionScore,AI_CORE,AI_CORE,1704161511534269.750,71.039,5.683,24,"[[1,1024],[1024,4096]]","[[1,4096]]",0.18,0.44
0,RmsNorm,AI_VECTOR_CORE,AI_VECTOR_CORE,1704161511534340.750,28.432,2.275,24,"[[1,1024],[1024,4096]]","[[1,4096]]",0.05,0.3
0,MatMulV2,AI_CORE,AI_CORE,1704161511534369.250,127.696,10.216,24,"[[1,1024],[1024,4096]]","[[1,4096]]",0.18,0.44
0,FusedInferAttentionScore,AI_CORE,AI_CORE,1704161511534497.000,69.332,5.547,24,"[[1,1024],[1024,4096]]","[[1,4096]]",0.18,0.44
0,RmsNorm,AI_VECTOR_CORE,AI_VECTOR_CORE,1704161511534566.250,25.263,2.021,24,"[[1,1024],[1024,4096]]","[[1,4096]]",0.05,0.3
0,MatMulV2,AI_CORE,AI_CORE,1704161511534591.500,125.894,10.072,24,"[[1,1024],[1024,4096]]","[[1,4096]]",0.18,0.44
0,FusedInferAttentionScore,AI_CORE,AI_CORE,1704161511534717.500,71.906,5.753,24,"[[1,1024],[1024,4096]]","[[1,4096]]",0.18,0.44
0,RmsNorm,AI_VECTOR_CORE,AI_VECTOR_CORE,1704161511534789.500,24.390,1.951,24,"[[1,1024],[1024,4096]]","[[1,4096]]",0.05,0.3
0,MatMulV2,AI_CORE,AI_CORE,1704161511534814.000,119.942,9.595,24,"[[1,1024],[1024,4096]]","[[1,4096]]",0.18,0.44
0,FusedInferAttentionScore,AI_CORE,AI_CORE,1704161511534934.000,75.950,6.076,24,"[[1,1024],[1024,4096]]","[[1,4096]]",0.18,0.44
0,RmsNorm,AI_VECTOR_CORE,AI_VECTOR_CORE,1704161511535010.000,24.461,1.957,24,"[[1,1024],[1024,4096]]","[[1,4096]]",0.05,0.3
0,MatMulV2,AI_CORE,AI_CORE,1704161511535034.500,118.209,9.457,24,"[[1,1024],[1024,4096]]","[[1,4096]]",0.18,0.44
0,FusedInferAttentionScore,AI_CORE,AI_CORE,1704161511535152.750,76.702,6.136,24,"[[1,1024],[1024,4096]]","[[1,4096]]",0.18,0.44
0,RmsNorm,AI_VECTOR_CORE,AI_VECTOR_CORE,1704161511535229.500,25.873,2.070,24,"[[1,1024],[1024,4096]]","[[1,4096]]",0.05,0.3
0,MatMulV2,AI_CORE,AI_CORE,1704161511535255.250,117.626,9.410,24,"[[1,1024],[1024,4096]]","[[1,4096]]",0.18,0.44
0,FusedInferAttentionScore,AI_CORE,AI_CORE,1704161511535373.000,74.306,5.945,24,"[[1,1024],[1024,4096]]","[[1,4096]]",0.18,0.44
0,RmsNorm,AI_VECTOR_CORE,AI_VECTOR_CORE,1704161511535447.250,25.544,2.044,24,"[[1,1024],[1024,4096]]","[[1,4096]]",0.05,0.3
0,MatMulV2,AI_CORE,AI_CORE,1704161511535472.750,117.245,9.380,24,"[[1,1024],[1024,4096]]","[[1,4096]]",0.18,0.44
0,FusedInferAttentionScore,AI_CORE,AI_CORE,1704161511535590.000,64.159,5.133,24,"[[1,1024],[1024,4096]]","[[1,4096]]",0.18,0.44
0,RmsNorm,AI_VECTOR_CORE,AI_VECTOR_CORE,1704161511535654.250,22.972,1.838,24,"[[1,1024],[1024,4096]]","[[1,4096]]",0.05,0.3
0,MatMulV2,AI_CORE,AI_CORE,1704161511535677.250,128.718,10.297,24,"[[1,1024],[1024,4096]]","[[1,4096]]",0.18,0.44
0,FusedInferAttentionScore,AI_CORE,AI_CORE,1704161511535806.000,66.974,5.358,24,"[[1,1024],[1024,4096]]","[[1,4096]]",0.18,0.44
0,RmsNorm,AI_VECTOR_CORE,AI_VECTOR_CORE,1704161511535873.000,20.347,1.628,24,"[[1,1024],[1024,4096]]","[[1,4096]]",0.05,0.3
0,MatMulV2,AI_CORE,AI_CORE,1704161511535893.250,119.588,9.567,24,"[[1,1024],[1024,4096]]","[[1,4096]]",0.18,0.44
0,FusedInferAttentionScore,AI_CORE,AI_CORE,1704161511536012.750,76.282,6.103,24,"[[1,1024],[1024,4096]]","[[1,4096]]",0.18,0.44
0,RmsNorm,AI_VECTOR_CORE,AI_VECTOR_CORE,1704161511536089.000,21.060,1.685,24,"[[1,1024],[1024,4096]]","[[1,4096]]",0.05,0.3
0,MatMulV2,AI_CORE,AI_CORE,1704161511536110.000,119.255,9.540,24,"[[1,1024],[1024,4096]]","[[1,4096]]",0.18,0.44
0,FusedInferAttentionScore,AI_CORE,AI_CORE,1704161511536229.250,70.588,5.647,24,"[[1,1024],[1024,4096]]","[[1,4096]]",0.18,0.44
0,RmsNorm,AI_VECTOR_CORE,AI_VECTOR_CORE,1704161511536299.750,23.757,1.901,24,"[[1,1024],[1024,4096]]","[[1,4096]]",0.05,0.3
0,MatMulV2,AI_CORE,AI_CORE,1704161511536323.500,123.503,9.880,24,"[[1,1024],[1024,4096]]","[[1,4096]]",0.18,0.44
0,FusedInferAttentionScore,AI_CORE,AI_CORE,1704161511536447.000,72.898,5.832,24,"[[1,1024],[1024,4096]]","[[1,4096]]",0.18,0.44
0,RmsNorm,AI_VECTOR_CORE,AI_VECTOR_CORE,1704161511536520.000,21.089,1.687,24,"[[1,1024],[1024,4096]]","[[1,4096]]",0.05,0.3
0,MatMulV2,AI_CORE,AI_CORE,1704161511541400.000,110.703,8.856,24,"[[1,1024],[1024,4096]]","[[1,4096]]",0.18,0.44
0,FusedInferAttentionScore,AI_CORE,AI_CORE,1704161511541510.750,68.128,5.450,24,"[[1,1024],[1024,4096]]","[[1,4096]]",0.18,0.44
0,RmsNorm,AI_VECTOR_CORE,AI_VECTOR_CORE,1704161511541579.000,19.887,1.591,24,"[[1,1024],[1024,4096]]","[[1,4096]]",0.05,0.3
0,MatMulV2,AI_CORE,AI_CORE,1704161511541859.000,117.266,9.381,24,"[[1,1024],[1024,4096]]","[[1,4096]]",0.18,0.44
0,FusedInferAttentionScore,AI_CORE,AI_CORE,1704161511541976.250,71.470,5.718,24,"[[1,1024],[1024,4096]]","[[1,4096]]",0.18,0.44
0,RmsNorm,AI_VECTOR_CORE,AI_VECTOR_CORE,1704161511542047.750,28.357,2.269,24,"[[1,1024],[1024,4096]]","[[1,4096]]",0.05,0.3
0,MatMulV2,AI_CORE,AI_CORE,1704161511542076.000,116.590,9.327,24,"[[1,1024],[1024,4096]]","[[1,4096]]",0.18,0.44
0,FusedInferAttentionScore,AI_CORE,AI_CORE,1704161511542192.500,70.669,5.653,24,"[[1,1024],[1024,4096]]","[[1,4096]]",0.18,0.44
0,RmsNorm,AI_VECTOR_CORE,AI_VECTOR_CORE,1704161511542263.250,28.355,2.268,24,"[[1,1024],[1024,4096]]","[[1,4096]]",0.05,0.3
0,MatMulV2,AI_CORE,AI_CORE,1704161511542291.500,118.337,9.467,24,"[[1,1024],[1024,4096]]","[[1,4096]]",0.18,0.44
0,FusedInferAttentionScore,AI_CORE,AI_CORE,1704161511542409.750,66.880,5.350,24,"[[1,1024],[1024,4096]]","[[1,4096]]",0.18,0.44
0,RmsNorm,AI_VECTOR_CORE,AI_VECTOR_CORE,1704161511542476.750,28.573,2.286,24,"[[1,1024],[1024,4096]]","[[1,4096]]",0.05,0.3
0,MatMulV2,AI_CORE,AI_CORE,1704161511542505.250,113.407,9.073,24,"[[1,1024],[1024,4096]]","[[1,4096]]",0.18,0.44
0,FusedInferAttentionScore,AI_CORE,AI_CORE,1704161511542618.750,70.506,5.640,24,"[[1,1024],[1024,4096]]","[[1,4096]]",0.18,0.44
0,RmsNorm,AI_VECTOR_CORE,AI_VECTOR_CORE,1704161511542689.250,21.606,1.728,24,"[[1,1024],[1024,4096]]","[[1,4096]]",0.05,0.3
0,MatMulV2,AI_CORE,AI_CORE,1704161511542710.750,113.615,9.089,24,"[[1,1024],[1024,4096]]","[[1,4096]]",0.18,0.44
0,FusedInferAttentionScore,AI_CORE,AI_CORE,1704161511542824.250,72.714,5.817,24,"[[1,1024],[1024,4096]]","[[1,4096]]",0.18,0.44
0,RmsNorm,AI_VECTOR_CORE,AI_VECTOR_CORE,1704161511542897.000,28.599,2.288,24,"[[1,1024],[1024,4096]]","[[1,4096]]",0.05,0.3
0,MatMulV2,AI_CORE,AI_CORE,1704161511542925.500,117.438,9.395,24,"[[1,1024],[1024,4096]]","[[1,4096]]",0.18,0.44
0,FusedInferAttentionScore,AI_CORE,AI_CORE,1704161511543043.000,65.206,5.216,24,"[[1,1024],[1024,4096]]","[[1,4096]]",0.18,0.44
0,RmsNorm,AI_VECTOR_CORE,AI_VECTOR_CORE,1704161511543108.250,21.982,1.759,24,"[[1,1024],[1024,4096]]","[[1,4096]]",0.05,0.3
0,MatMulV2,AI_CORE,AI_CORE,1704161511543130.250,123.686,9.895,24,"[[1,1024],[1024,4096]]","[[1,4096]]",0.18,0.44
0,FusedInferAttentionScore,AI_CORE,AI_CORE,1704161511543254.000,66.459,5.317,24,"[[1,1024],[1024,4096]]","[[1,4096]]",0.18,0.44
0,RmsNorm,AI_VECTOR_CORE,AI_VECTOR_CORE,1704161511543320.500,25.858,2.069,24,"[[1,1024],[1024,4096]]","[[1,4096]]",0.05,0.3
0,MatMulV2,AI_CORE,AI_CORE,1704161511543346.250,128.975,10.318,24,"[[1,1024],[1024,4096]]","[[1,4096]]",0.18,0.44
0,FusedInferAttentionScore,AI_CORE,AI_CORE,1704161511543475.250,74.145,5.932,24,"[[1,1024],[1024,4096]]","[[1,4096]]",0.18,0.44
0,RmsNorm,AI_VECTOR_CORE,AI_VECTOR_CORE,1704161511543549.500,23.985,1.919,24,"[[1,1024],[1024,4096]]","[[1,4096]]",0.05,0.3
0,MatMulV2,AI_CORE,AI_CORE,1704161511543573.500,122.889,9.831,24,"[[1,1024],[1024,4096]]","[[1,4096]]",0.18,0.44
0,FusedInferAttentionScore,AI_CORE,AI_CORE,1704161511543696.500,76.962,6.157,24,"[[1,1024],[1024,4096]]","[[1,4096]]",0.18,0.44
0,RmsNorm,AI_VECTOR_CORE,AI_VECTOR_CORE,1704161511543773.500,27.705,2.216,24,"[[1,1024],[1024,4096]]","[[1,4096]]",0.05,0.3
0,MatMulV2,AI_CORE,AI_CORE,1704161511543801.250,124.682,9.975,24,"[[1,1024],[1024,4096]]","[[1,4096]]",0.18,0.44
0,FusedInferAttentionScore,AI_CORE,AI_CORE,1704161511543926.000,66.578,5.326,24,"[[1,1024],[1024,4096]]","[[1,4096]]",0.18,0.44
0,RmsNorm,AI_VECTOR_CORE,AI_VECTOR_CORE,1704161511543992.500,24.970,1.998,24,"[[1,1024],[1024,4096]]","[[1,4096]]",0.05,0.3
0,MatMulV2,AI_CORE,AI_CORE,1704161511544017.500,119.426,9.554,24,"[[1,1024],[1024,4096]]","[[1,4096]]",0.18,0.44
0,FusedInferAttentionScore,AI_CORE,AI_CORE,1704161511544137.000,63.926,5.114,24,"[[1,1024],[1024,4096]]","[[1,4096]]",0.18,0.44
0,RmsNorm,AI_VECTOR_CORE,AI_VECTOR_CORE,1704161511544201.000,23.617,1.889,24,"[[1,1024],[1024,4096]]","[[1,4096]]",0.05,0.3
0,MatMulV2,AI_CORE,AI_CORE,1704161511544224.500,117.451,9.396,24,"[[1,1024],[1024,4096]]","[[1,4096]]",0.18,0.44
0,FusedInferAttentionScore,AI_CORE,AI_CORE,1704161511544342.000,65.560,5.245,24,"[[1,1024],[1024,4096]]","[[1,4096]]",0.18,0.44
0,RmsNorm,AI_VECTOR_CORE,AI_VECTOR_CORE,1704161511544407.500,20.438,1.635,24,"[[1,1024],[1024,4096]]","[[1,4096]]",0.05,0.3
0,MatMulV2,AI_CORE,AI_CORE,1704161511544428.000,110.972,8.878,24,"[[1,1024],[1024,4096]]","[[1,4096]]",0.18,0.44
0,FusedInferAttentionScore,AI_CORE,AI_CORE,1704161511544539.000,71.281,5.702,24,"[[1,1024],[1024,4096]]","[[1,4096]]",0.18,0.44
0,RmsNorm,AI_VECTOR_CORE,AI_VECTOR_CORE,1704161511544610.250,27.593,2.207,24,"[[1,1024],[1024,4096]]","[[1,4096]]",0.05,0.3
0,MatMulV2,AI_CORE,AI_CORE,1704161511544637.750,115.767,9.261,24,"[[1,1024],[1024,4096]]","[[1,4096]]",0.18,0.44
0,FusedInferAttentionScore,AI_CORE,AI_CORE,1704161511544753.500,63.767,5.101,24,"[[1,1024],[1024,4096]]","[[1,4096]]",0.18,0.44
0,RmsNorm,AI_VECTOR_CORE,AI_VECTOR_CORE,1704161511544817.250,21.530,1.722,24,"[[1,1024],[1024,4096]]","[[1,4096]]",0.05,0.3
0,MatMulV2,AI_CORE,AI_CORE,1704161511544838.750,131.784,10.543,24,"[[1,1024],[1024,4096]]","[[1,4096]]",0.18,0.44
0,FusedInferAttentionScore,AI_CORE,AI_CORE,1704161511544970.500,66.426,5.314,24,"[[1,1024],[1024,4096]]","[[1,4096]]",0.18,0.44
0,RmsNorm,AI_VECTOR_CORE,AI_VECTOR_CORE,1704161511545037.000,27.542,2.203,24,"[[1,1024],[1024,4096]]","[[1,4096]]",0.05,0.3
0,MatMulV2,AI_CORE,AI_CORE,1704161511545064.500,126.559,10.125,24,"[[1,1024],[1024,4096]]","[[1,4096]]",0.18,0.44
0,FusedInferAttentionScore,AI_CORE,AI_CORE,1704161511545191.000,73.170,5.854,24,"[[1,1024],[1024,4096]]","[[1,4096]]",0.18,0.44
0,RmsNorm,AI_VECTOR_CORE,AI_VECTOR_CORE,1704161511545264.250,27.523,2.202,24,"[[1,1024],[1024,4096]]","[[1,4096]]",0.05,0.3
0,MatMulV2,AI_CORE,AI_CORE,1704161511545291.750,127.307,10.185,24,"[[1,1024],[1024,4096]]","[[1,4096]]",0.18,0.44
0,FusedInferAttentionScore,AI_CORE,AI_CORE,1704161511545419.000,67.357,5.389,24,"[[1,1024],[1024,4096]]","[[1,4096]]",0.18,0.44
0,RmsNorm,AI_VECTOR_CORE,AI_VECTOR_CORE,1704161511545486.250,24.079,1.926,24,"[[1,1024],[1024,4096]]","[[1,4096]]",0.05,0.3
0,MatMulV2,AI_CORE,AI_CORE,1704161511545510.250,129.568,10.365,24,"[[1,1024],[1024,4096]]","[[1,4096]]",0.18,0.44
0,FusedInferAttentionScore,AI_CORE,AI_CORE,1704161511545639.750,70.598,5.648,24,"[[1,1024],[1024,4096]]","[[1,4096]]",0.18,0.44
0,RmsNorm,AI_VECTOR_CORE,AI_VECTOR_CORE,1704161511545710.250,20.521,1.642,24,"[[1,1024],[1024,4096]]","[[1,4096]]",0.05,0.3
0,MatMulV2,AI_CORE,AI_CORE,1704161511545730.750,112.289,8.983,24,"[[1,1024],[1024,4096]]","[[1,4096]]",0.18,0.44
0,FusedInferAttentionScore,AI_CORE,AI_CORE,1704161511545843.000,67.659,5.413,24,"[[1,1024],[1024,4096]]","[[1,4096]]",0.18,0.44
0,RmsNorm,AI_VECTOR_CORE,AI_VECTOR_CORE,1704161511545910.750,24.320,1.946,24,"[[1,1024],[1024,4096]]","[[1,4096]]",0.05,0.3
0,MatMulV2,AI_CORE,AI_CORE,1704161511545935.000,119.202,9.536,24,"[[1,1024],[1024,4096]]","[[1,4096]]",0.18,0.44
0,FusedInferAttentionScore,AI_CORE,AI_CORE,1704161511546054.250,63.172,5.054,24,"[[1,1024],[1024,4096]]","[[1,4096]]",0.18,0.44
0,RmsNorm,AI_VECTOR_CORE,AI_VECTOR_CORE,1704161511546117.500,20.748,1.660,24,"[[1,1024],[1024,4096]]","[[1,4096]]",0.05,0.3
0,MatMulV2,AI_CORE,AI_CORE,1704161511546138.250,108.387,8.671,24,"[[1,1024],[1024,4096]]","[[1,4096]]",0.18,0.44
0,FusedInferAttentionScore,AI_CORE,AI_CORE,1704161511546246.750,67.378,5.390,24,"[[1,1024],[1024,4096]]","[[1,4096]]",0.18,0.44
0,RmsNorm,AI_VECTOR_CORE,AI_VECTOR_CORE,1704161511546314.250,19.473,1.558,24,"[[1,1024],[1024,4096]]","[[1,4096]]",0.05,0.3
0,MatMulV2,AI_CORE,AI_CORE,1704161511546333.750,117.893,9.431,24,"[[1,1024],[1024,4096]]","[[1,4096]]",0.18,0.44
0,FusedInferAttentionScore,AI_CORE,AI_CORE,1704161511546451.750,63.612,5.089,24,"[[1,1024],[1024,4096]]","[[1,4096]]",0.18,0.44
0,RmsNorm,AI_VECTOR_CORE,AI_VECTOR_CORE,1704161511546515.250,20.046,1.604,24,"[[1,1024],[1024,4096]]","[[1,4096]]",0.05,0.3
0,MatMulV2,AI_CORE,AI_CORE,1704161511546535.250,125.277,10.022,24,"[[1,1024],[1024,4096]]","[[1,4096]]",0.18,0.44
0,FusedInferAttentionScore,AI_CORE,AI_CORE,1704161511546660.500,69.765,5.581,24,"[[1,1024],[1024,4096]]","[[1,4096]]",0.18,0.44
0,RmsNorm,AI_VECTOR_CORE,AI_VECTOR_CORE,1704161511546730.250,23.036,1.843,24,"[[1,1024],[1024,4096]]","[[1,4096]]",0.05,0.3
0,MatMulV2,AI_CORE,AI_CORE,1704161511546753.250,112.962,9.037,24,"[[1,1024],[1024,4096]]","[[1,4096]]",0.18,0.44
0,FusedInferAttentionScore,AI_CORE,AI_CORE,1704161511546866.250,73.420,5.874,24,"[[1,1024],[1024,4096]]","[[1,4096]]",0.18,0.44
0,RmsNorm,AI_VECTOR_CORE,AI_VECTOR_CORE,1704161511546939.750,23.964,1.917,24,"[[1,1024],[1024,4096]]","[[1,4096]]",0.05,0.3
0,MatMulV2,AI_CORE,AI_CORE,1704161511546963.750,113.263,9.061,24,"[[1,1024],[1024,4096]]","[[1,4096]]",0.18,0.44
0,FusedInferAttentionScore,AI_CORE,AI_CORE,1704161511547077.000,71.901,5.752,24,"[[1,1024],[1024,4096]]","[[1,4096]]",0.18,0.44
0,RmsNorm,AI_VECTOR_CORE,AI_VECTOR_CORE,1704161511547149.000,25.585,2.047,24,"[[1,1024],[1024,4096]]","[[1,4096]]",0.05,0.3
0,MatMulV2,AI_CORE,AI_CORE,1704161511547174.500,108.975,8.718,24,"[[1,1024],[1024,4096]]","[[1,4096]]",0.18,0.44
0,FusedInferAttentionScore,AI_CORE,AI_CORE,1704161511547283.500,73.941,5.915,24,"[[1,1024],[1024,4096]]","[[1,4096]]",0.18,0.44
0,RmsNorm,AI_VECTOR_CORE,AI_VECTOR_CORE,1704161511547357.500,20.057,1.605,24,"[[1,1024],[1024,4096]]","[[1,4096]]",0.05,0.3
0,MatMulV2,AI_CORE,AI_CORE,1704161511547377.500,127.387,10.191,24,"[[1,1024],[1024,4096]]","[[1,4096]]",0.18,0.44
0,FusedInferAttentionScore,AI_CORE,AI_CORE,1704161511547505.000,63.192,5.055,24,"[[1,1024],[1024,4096]]","[[1,4096]]",0.18,0.44
0,RmsNorm,AI_VECTOR_CORE,AI_VECTOR_CORE,1704161511547568.250,19.772,1.582,24,"[[1,1024],[1024,4096]]","[[1,4096]]",0.05,0.3
0,MatMulV2,AI_CORE,AI_CORE,1704161511547588.000,127.602,10.208,24,"[[1,1024],[1024,4096]]","[[1,4096]]",0.18,0.44
0,FusedInferAttentionScore,AI_CORE,AI_CORE,1704161511547715.500,67.295,5.384,24,"[[1,1024],[1024,4096]]","[[1,4096]]",0.18,0.44
0,RmsNorm,AI_VECTOR_CORE,AI_VECTOR_CORE,1704161511547782.750,25.973,2.078,24,"[[1,1024],[1024,4096]]","[[1,4096]]",0.05,0.3
0,MatMulV2,AI_CORE,AI_CORE,1704161511547808.750,127.038,10.163,24,"[[1,1024],[1024,4096]]","[[1,4096]]",0.18,0.44
0,FusedInferAttentionScore,AI_CORE,AI_CORE,1704161511547935.750,73.735,5.899,24,"[[1,1024],[1024,4096]]","[[1,4096]]",0.18,0.44
0,RmsNorm,AI_VECTOR_CORE,AI_VECTOR_CORE,1704161511548009.500,28.319,2.266,24,"[[1,1024],[1024,4096]]","[[1,4096]]",0.05,0.3
0,MatMulV2,AI_CORE,AI_CORE,1704161511548037.750,130.979,10.478,24,"[[1,1024],[1024,4096]]","[[1,4096]]",0.18,0.44
0,FusedInferAttentionScore,AI_CORE,AI_CORE,1704161511548168.750,69.186,5.535,24,"[[1,1024],[1024,4096]]","[[1,4096]]",0.18,0.44
0,RmsNorm,AI_VECTOR_CORE,AI_VECTOR_CORE,1704161511548238.000,25.352,2.028,24,"[[1,1024],[1024,4096]]","[[1,4096]]",0.05,0.3
0,MatMulV2,AI_CORE,AI_CORE,1704161511548263.250,131.062,10.485,24,"[[1,1024],[1024,4096]]","[[1,4096]]",0.18,0.44
0,FusedInferAttentionScore,AI_CORE,AI_CORE,1704161511548394.250,76.574,6.126,24,"[[1,1024],[1024,4096]]","[[1,4096]]",0.18,0.44
0,RmsNorm,AI_VECTOR_CORE,AI_VECTOR_CORE,1704161511548470.750,19.808,1.585,24,"[[1,1024],[1024,4096]]","[[1,4096]]",0.05,0.3
0,MatMulV2,AI_CORE,AI_CORE,1704161511553400.000,126.026,10.082,24,"[[1,1024],[1024,4096]]","[[1,4096]]",0.18,0.44
0,FusedInferAttentionScore,AI_CORE,AI_CORE,1704161511553526.000,65.732,5.259,24,"[[1,1024],[1024,4096]]","[[1,4096]]",0.18,0.44
0,RmsNorm,AI_VECTOR_CORE,AI_VECTOR_CORE,1704161511553591.750,21.516,1.721,24,"[[1,1024],[1024,4096]]","[[1,4096]]",0.05,0.3
0,MatMulV2,AI_CORE,AI_CORE,1704161511553873.250,108.261,8.661,24,"[[1,1024],[1024,4096]]","[[1,4096]]",0.18,0.44
0,FusedInferAttentionScore,AI_CORE,AI_CORE,1704161511553981.500,72.667,5.813,24,"[[1,1024],[1024,4096]]","[[1,4096]]",0.18,0.44
0,RmsNorm,AI_VECTOR_CORE,AI_VECTOR_CORE,1704161511554054.250,28.194,2.256,24,"[[1,1024],[1024,4096]]","[[1,4096]]",0.05,0.3
0,MatMulV2,AI_CORE,AI_CORE,1704161511554082.500,123.146,9.852,24,"[[1,1024],[1024,4096]]","[[1,4096]]",0.18,0.44
0,FusedInferAttentionScore,AI_CORE,AI_CORE,1704161511554205.750,73.951,5.916,24,"[[1,1024],[1024,4096]]","[[1,4096]]",0.18,0.44
0,RmsNorm,AI_VECTOR_CORE,AI_VECTOR_CORE,1704161511554279.750,27.541,2.203,24,"[[1,1024],[1024,4096]]","[[1,4096]]",0.05,0.3
0,MatMulV2,AI_CORE,AI_CORE,1704161511554307.250,118.314,9.465,24,"[[1,1024],[1024,4096]]","[[1,4096]]",0.18,0.44
0,FusedInferAttentionScore,AI_CORE,AI_CORE,1704161511554425.500,73.887,5.911,24,"[[1,1024],[1024,4096]]","[[1,4096]]",0.18,0.44
0,RmsNorm,AI_VECTOR_CORE,AI_VECTOR_CORE,1704161511554499.500,24.996,2.000,24,"[[1,1024],[1024,4096]]","[[1,4096]]",0.05,0.3
0,MatMulV2,AI_CORE,AI_CORE,1704161511554524.500,108.064,8.645,24,"[[1,1024],[1024,4096]]","[[1,4096]]",0.18,0.44
0,FusedInferAttentionScore,AI_CORE,AI_CORE,1704161511554632.500,68.483,5.479,24,"[[1,1024],[1024,4096]]","[[1,4096]]",0.18,0.44
0,RmsNorm,AI_VECTOR_CORE,AI_VECTOR_CORE,1704161511554701.000,27.249,2.180,24,"[[1,1024],[1024,4096]]","[[1,4096]]",0.05,0.3
0,MatMulV2,AI_CORE,AI_CORE,1704161511554728.250,127.107,10.169,24,"[[1,1024],[1024,4096]]","[[1,4096]]",0.18,0.44
0,FusedInferAttentionScore,AI_CORE,AI_CORE,1704161511554855.250,72.218,5.777,24,"[[1,1024],[1024,4096]]","[[1,4096]]",0.18,0.44
0,RmsNorm,AI_VECTOR_CORE,AI_VECTOR_CORE,1704161511554927.500,27.372,2.190,24,"[[1,1024],[1024,4096]]","[[1,4096]]",0.05,0.3
0,MatMulV2,AI_CORE,AI_CORE,1704161511554954.750,112.239,8.979,24,"[[1,1024],[1024,4096]]","[[1,4096]]",0.18,0.44
0,FusedInferAttentionScore,AI_CORE,AI_CORE,1704161511555067.000,67.285,5.383,24,"[[1,1024],[1024,4096]]","[[1,4096]]",0.18,0.44
0,RmsNorm,AI_VECTOR_CORE,AI_VECTOR_CORE,1704161511555134.250,23.614,1.889,24,"[[1,1024],[1024,4096]]","[[1,4096]]",0.05,0.3
0,MatMulV2,AI_CORE,AI_CORE,1704161511555157.750,127.809,10.225,24,"[[1,1024],[1024,4096]]","[[1,4096]]",0.18,0.44
0,FusedInferAttentionScore,AI_CORE,AI_CORE,1704161511555285.500,75.008,6.001,24,"[[1,1024],[1024,4096]]","[[1,4096]]",0.18,0.44
0,RmsNorm,AI_VECTOR_CORE,AI_VECTOR_CORE,1704161511555360.500,28.174,2.254,24,"[[1,1024],[1024,4096]]","[[1,4096]]",0.05,0.3
0,MatMulV2,AI_CORE,AI_CORE,1704161511555388.750,108.886,8.711,24,"[[1,1024],[1024,4096]]","[[1,4096]]",0.18,0.44
0,FusedInferAttentionScore,AI_CORE,AI_CORE,1704161511555497.750,76.673,6.134,24,"[[1,1024],[1024,4096]]","[[1,4096]]",0.18,0.44
0,RmsNorm,AI_VECTOR_CORE,AI_VECTOR_CORE,1704161511555574.500,24.739,1.979,24,"[[1,1024],[1024,4096]]","[[1,4096]]",0.05,0.3
0,MatMulV2,AI_CORE,AI_CORE,1704161511555599.250,125.958,10.077,24,"[[1,1024],[1024,4096]]","[[1,4096]]",0.18,0.44
0,FusedInferAttentionScore,AI_CORE,AI_CORE,1704161511555725.250,74.476,5.958,24,"[[1,1024],[1024,4096]]","[[1,4096]]",0.18,0.44
0,RmsNorm,AI_VECTOR_CORE,AI_VECTOR_CORE,1704161511555799.750,27.906,2.232,24,"[[1,1024],[1024,4096]]","[[1,4096]]",0.05,0.3
0,MatMulV2,AI_CORE,AI_CORE,1704161511555827.750,117.082,9.367,24,"[[1,1024],[1024,4096]]","[[1,4096]]",0.18,0.44
0,FusedInferAttentionScore,AI_CORE,AI_CORE,1704161511555944.750,68.817,5.505,24,"[[1,1024],[1024,4096]]","[[1,4096]]",0.18,0.44
0,RmsNorm,AI_VECTOR_CORE,AI_VECTOR_CORE,1704161511556013.500,25.654,2.052,24,"[[1,1024],[1024,4096]]","[[1,4096]]",0.05,0.3
0,MatMulV2,AI_CORE,AI_CORE,1704161511556039.250,127.322,10.186,24,"[[1,1024],[1024,4096]]","[[1,4096]]",0.18,0.44
0,FusedInferAttentionScore,AI_CORE,AI_CORE,1704161511556166.500,67.650,5.412,24,"[[1,1024],[1024,4096]]","[[1,4096]]",0.18,0.44
0,RmsNorm,AI_VECTOR_CORE,AI_VECTOR_CORE,1704161511556234.250,20.419,1.634,24,"[[1,1024],[1024,4096]]","[[1,4096]]",0.05,0.3
0,MatMulV2,AI_CORE,AI_CORE,1704161511556254.750,109.378,8.750,24,"[[1,1024],[1024,4096]]","[[1,4096]]",0.18,0.44
0,FusedInferAttentionScore,AI_CORE,AI_CORE,1704161511556364.250,65.116,5.209,24,"[[1,1024],[1024,4096]]","[[1,4096]]",0.18,0.44
0,RmsNorm,AI_VECTOR_CORE,AI_VECTOR_CORE,1704161511556429.250,21.906,1.752,24,"[[1,1024],[1024,4096]]","[[1,4096]]",0.05,0.3
0,MatMulV2,AI_CORE,AI_CORE,1704161511556451.250,121.260,9.701,24,"[[1,1024],[1024,4096]]","[[1,4096]]",0.18,0.44
0,FusedInferAttentionScore,AI_CORE,AI_CORE,1704161511556572.500,70.172,5.614,24,"[[1,1024],[1024,4096]]","[[1,4096]]",0.18,0.44
0,RmsNorm,AI_VECTOR_CORE,AI_VECTOR_CORE,1704161511556642.750,20.005,1.600,24,"[[1,1024],[1024,4096]]","[[1,4096]]",0.05,0.3
0,MatMulV2,AI_CORE,AI_CORE,1704161511556662.750,130.903,10.472,24,"[[1,1024],[1024,4096]]","[[1,4096]]",0.18,0.44
0,FusedInferAttentionScore,AI_CORE,AI_CORE,1704161511556793.750,73.440,5.875,24,"[[1,1024],[1024,4096]]","[[1,4096]]",0.18,0.44
0,RmsNorm,AI_VECTOR_CORE,AI_VECTOR_CORE,1704161511556867.250,26.154,2.092,24,"[[1,1024],[1024,4096]]","[[1,4096]]",0.05,0.3
0,MatMulV2,AI_CORE,AI_CORE,1704161511556893.500,131.576,10.526,24,"[[1,1024],[1024,4096]]","[[1,4096]]",0.18,0.44
0,FusedInferAttentionScore,AI_CORE,AI_CORE,1704161511557025.000,67.984,5.439,24,"[[1,1024],[1024,4096]]","[[1,4096]]",0.18,0.44
0,RmsNorm,AI_VECTOR_CORE,AI_VECTOR_CORE,1704161511557093.000,24.290,1.943,24,"[[1,1024],[1024,4096]]","[[1,4096]]",0.05,0.3
0,MatMulV2,AI_CORE,AI_CORE,1704161511557117.250,125.979,10.078,24,"[[1,1024],[1024,4096]]","[[1,4096]]",0.18,0.44
0,FusedInferAttentionScore,AI_CORE,AI_CORE,1704161511557243.250,75.251,6.020,24,"[[1,1024],[1024,4096]]","[[1,4096]]",0.18,0.44
0,RmsNorm,AI_VECTOR_CORE,AI_VECTOR_CORE,1704161511557318.500,20.563,1.645,24,"[[1,1024],[1024,4096]]","[[1,4096]]",0.05,0.3
0,MatMulV2,AI_CORE,AI_CORE,1704161511557339.000,118.887,9.511,24,"[[1,1024],[1024,4096]]","[[1,4096]]",0.18,0.44
0,FusedInferAttentionScore,AI_CORE,AI_CORE,1704161511557458.000,74.882,5.991,24,"[[1,1024],[1024,4096]]","[[1,4096]]",0.18,0.44
0,RmsNorm,AI_VECTOR_CORE,AI_VECTOR_CORE,1704161511557533.000,28.128,2.250,24,"[[1,1024],[1024,4096]]","[[1,4096]]",0.05,0.3
0,MatMulV2,AI_CORE,AI_CORE,1704161511557561.250,120.230,9.618,24,"[[1,1024],[1024,4096]]","[[1,4096]]",0.18,0.44
0,FusedInferAttentionScore,AI_CORE,AI_CORE,1704161511557681.500,76.605,6.128,24,"[[1,1024],[1024,4096]]","[[1,4096]]",0.18,0.44
0,RmsNorm,AI_VECTOR_CORE,AI_VECTOR_CORE,1704161511557758.000,27.400,2.192,24,"[[1,1024],[1024,4096]]","[[1,4096]]",0.05,0.3
0,MatMulV2,AI_CORE,AI_CORE,1704161511557785.500,118.474,9.478,24,"[[1,1024],[1024,4096]]","[[1,4096]]",0.18,0.44
0,FusedInferAttentionScore,AI_CORE,AI_CORE,1704161511557904.000,71.956,5.756,24,"[[1,1024],[1024,4096]]","[[1,4096]]",0.18,0.44
0,RmsNorm,AI_VECTOR_CORE,AI_VECTOR_CORE,1704161511557976.000,21.294,1.704,24,"[[1,1024],[1024,4096]]","[[1,4096]]",0.05,0.3
0,MatMulV2,AI_CORE,AI_CORE,1704161511557997.250,110.186,8.815,24,"[[1,1024],[1024,4096]]","[[1,4096]]",0.18,0.44
0,FusedInferAttentionScore,AI_CORE,AI_CORE,1704161511558107.500,69.014,5.521,24,"[[1,1024],[1024,4096]]","[[1,4096]]",0.18,0.44
0,RmsNorm,AI_VECTOR_CORE,AI_VECTOR_CORE,1704161511558176.500,19.423,1.554,24,"[[1,1024],[1024,4096]]","[[1,4096]]",0.05,0.3
0,MatMulV2,AI_CORE,AI_CORE,1704161511558196.000,109.647,8.772,24,"[[1,1024],[1024,4096]]","[[1,4096]]",0.18,0.44
0,FusedInferAttentionScore,AI_CORE,AI_CORE,1704161511558305.750,66.894,5.352,24,"[[1,1024],[1024,4096]]","[[1,4096]]",0.18,0.44
0,RmsNorm,AI_VECTOR_CORE,AI_VECTOR_CORE,1704161511558372.750,27.580,2.206,24,"[[1,1024],[1024,4096]]","[[1,4096]]",0.05,0.3
0,MatMulV2,AI_CORE,AI_CORE,1704161511558400.250,116.399,9.312,24,"[[1,1024],[1024,4096]]","[[1,4096]]",0.18,0.44
0,FusedInferAttentionScore,AI_CORE,AI_CORE,1704161511558516.750,68.201,5.456,24,"[[1,1024],[1024,4096]]","[[1,4096]]",0.18,0.44
0,RmsNorm,AI_VECTOR_CORE,AI_VECTOR_CORE,1704161511558585.000,25.278,2.022,24,"[[1,1024],[1024,4096]]","[[1,4096]]",0.05,0.3
0,MatMulV2,AI_CORE,AI_CORE,1704161511558610.250,120.600,9.648,24,"[[1,1024],[1024,4096]]","[[1,4096]]",0.18,0.44
0,FusedInferAttentionScore,AI_CORE,AI_CORE,1704161511558730.750,63.169,5.054,24,"[[1,1024],[1024,4096]]","[[1,4096]]",0.18,0.44
0,RmsNorm,AI_VECTOR_CORE,AI_VECTOR_CORE,1704161511558794.000,22.084,1.767,24,"[[1,1024],[1024,4096]]","[[1,4096]]",0.05,0.3
0,MatMulV2,AI_CORE,AI_CORE,1704161511558816.000,112.048,8.964,24,"[[1,1024],[1024,4096]]","[[1,4096]]",0.18,0.44
0,FusedInferAttentionScore,AI_CORE,AI_CORE,1704161511558928.000,76.714,6.137,24,"[[1,1024],[1024,4096]]","[[1,4096]]",0.18,0.44
0,RmsNorm,AI_VECTOR_CORE,AI_VECTOR_CORE,1704161511559004.750,26.694,2.135,24,"[[1,1024],[1024,4096]]","[[1,4096]]",0.05,0.3
0,MatMulV2,AI_CORE,AI_CORE,1704161511559031.500,112.773,9.022,24,"[[1,1024],[1024,4096]]","[[1,4096]]",0.18,0.44
0,FusedInferAttentionScore,AI_CORE,AI_CORE,1704161511559144.250,65.094,5.207,24,"[[1,1024],[1024,4096]]","[[1,4096]]",0.18,0.44
0,RmsNorm,AI_VECTOR_CORE,AI_VECTOR_CORE,1704161511559209.250,24.311,1.945,24,"[[1,1024],[1024,4096]]","[[1,4096]]",0.05,0.3
0,MatMulV2,AI_CORE,AI_CORE,1704161511559233.500,115.050,9.204,24,"[[1,1024],[1024,4096]]","[[1,4096]]",0.18,0.44
0,FusedInferAttentionScore,AI_CORE,AI_CORE,1704161511559348.500,68.426,5.474,24,"[[1,1024],[1024,4096]]","[[1,4096]]",0.18,0.44
0,RmsNorm,AI_VECTOR_CORE,AI_VECTOR_CORE,1704161511559417.000,21.871,1.750,24,"[[1,1024],[1024,4096]]","[[1,4096]]",0.05,0.3
0,MatMulV2,AI_CORE,AI_CORE,1704161511559438.750,124.714,9.977,24,"[[1,1024],[1024,4096]]","[[1,4096]]",0.18,0.44
0,FusedInferAttentionScore,AI_CORE,AI_CORE,1704161511559563.500,76.756,6.140,24,"[[1,1024],[1024,4096]]","[[1,4096]]",0.18,0.44
0,RmsNorm,AI_VECTOR_CORE,AI_VECTOR_CORE,1704161511559640.250,21.460,1.717,24,"[[1,1024],[1024,4096]]","[[1,4096]]",0.05,0.3
0,MatMulV2,AI_CORE,AI_CORE,1704161511559661.750,131.669,10.533,24,"[[1,1024],[1024,4096]]","[[1,4096]]",0.18,0.44
0,FusedInferAttentionScore,AI_CORE,AI_CORE,1704161511559793.500,64.907,5.193,24,"[[1,1024],[1024,4096]]","[[1,4096]]",0.18,0.44
0,RmsNorm,AI_VECTOR_CORE,AI_VECTOR_CORE,1704161511559858.500,24.681,1.974,24,"[[1,1024],[1024,4096]]","[[1,4096]]",0.05,0.3
0,MatMulV2,AI_CORE,AI_CORE,1704161511559883.250,123.432,9.875,24,"[[1,1024],[1024,4096]]","[[1,4096]]",0.18,0.44
0,FusedInferAttentionScore,AI_CORE,AI_CORE,1704161511560006.750,66.829,5.346,24,"[[1,1024],[1024,4096]]","[[1,4096]]",0.18,0.44
0,RmsNorm,AI_VECTOR_CORE,AI_VECTOR_CORE,1704161511560073.500,19.521,1.562,24,"[[1,1024],[1024,4096]]","[[1,4096]]",0.05,0.3
0,MatMulV2,AI_CORE,AI_CORE,1704161511560093.000,119.626,9.570,24,"[[1,1024],[1024,4096]]","[[1,4096]]",0.18,0.44
0,FusedInferAttentionScore,AI_CORE,AI_CORE,1704161511560212.750,65.665,5.253,24,"[[1,1024],[1024,4096]]","[[1,4096]]",0.18,0.44
0,RmsNorm,AI_VECTOR_CORE,AI_VECTOR_CORE,1704161511560278.500,28.457,2.277,24,"[[1,1024],[1024,4096]]","[[1,4096]]",0.05,0.3
0,MatMulV2,AI_CORE,AI_CORE,1704161511560307.000,115.261,9.221,24,"[[1,1024],[1024,4096]]","[[1,4096]]",0.18,0.44
0,FusedInferAttentionScore,AI_CORE,AI_CORE,1704161511560422.250,67.252,5.380,24,"[[1,1024],[1024,4096]]","[[1,4096]]",0.18,0.44
0,RmsNorm,AI_VECTOR_CORE,AI_VECTOR_CORE,1704161511560489.500,20.568,1.645,24,"[[1,1024],[1024,4096]]","[[1,4096]]",0.05,0.3
0,MatMulV2,AI_CORE,AI_CORE,1704161511565400.000,112.598,9.008,24,"[[1,1024],[1024,4096]]","[[1,4096]]",0.18,0.44
0,FusedInferAttentionScore,AI_CORE,AI_CORE,1704161511565512.500,65.336,5.227,24,"[[1,1024],[1024,4096]]","[[1,4096]]",0.18,0.44
0,RmsNorm,AI_VECTOR_CORE,AI_VECTOR_CORE,1704161511565577.750,23.476,1.878,24,"[[1,1024],[1024,4096]]","[[1,4096]]",0.05,0.3
0,MatMulV2,AI_CORE,AI_CORE,1704161511565861.250,119.553,9.564,24,"[[1,1024],[1024,4096]]","[[1,4096]]",0.18,0.44
0,FusedInferAttentionScore,AI_CORE,AI_CORE,1704161511565980.750,63.380,5.070,24,"[[1,1024],[1024,4096]]","[[1,4096]]",0.18,0.44
0,RmsNorm,AI_VECTOR_CORE,AI_VECTOR_CORE,1704161511566044.250,24.536,1.963,24,"[[1,1024],[1024,4096]]","[[1,4096]]",0.05,0.3
0,MatMulV2,AI_CORE,AI_CORE,1704161511566068.750,116.948,9.356,24,"[[1,1024],[1024,4096]]","[[1,4096]]",0.18,0.44
0,FusedInferAttentionScore,AI_CORE,AI_CORE,1704161511566185.750,70.102,5.608,24,"[[1,1024],[1024,4096]]","[[1,4096]]",0.18,0.44
0,RmsNorm,AI_VECTOR_CORE,AI_VECTOR_CORE,1704161511566255.750,19.895,1.592,24,"[[1,1024],[1024,4096]]","[[1,4096]]",0.05,0.3
0,MatMulV2,AI_CORE,AI_CORE,1704161511566275.750,125.175,10.014,24,"[[1,1024],[1024,4096]]","[[1,4096]]",0.18,0.44
0,FusedInferAttentionScore,AI_CORE,AI_CORE,1704161511566401.000,71.715,5.737,24,"[[1,1024],[1024,4096]]","[[1,4096]]",0.18,0.44
0,RmsNorm,AI_VECTOR_CORE,AI_VECTOR_CORE,1704161511566472.750,27.521,2.202,24,"[[1,1024],[1024,4096]]","[[1,4096]]",0.05,0.3
0,MatMulV2,AI_CORE,AI_CORE,1704161511566500.250,114.010,9.121,24,"[[1,1024],[1024,4096]]","[[1,4096]]",0.18,0.44
0,FusedInferAttentionScore,AI_CORE,AI_CORE,1704161511566614.250,64.010,5.121,24,"[[1,1024],[1024,4096]]","[[1,4096]]",0.18,0.44
0,RmsNorm,AI_VECTOR_CORE,AI_VECTOR_CORE,1704161511566678.250,28.796,2.304,24,"[[1,1024],[1024,4096]]","[[1,4096]]",0.05,0.3
0,MatMulV2,AI_CORE,AI_CORE,1704161511566707.000,114.734,9.179,24,"[[1,1024],[1024,4096]]","[[1,4096]]",0.18,0.44
0,FusedInferAttentionScore,AI_CORE,AI_CORE,1704161511566821.750,74.372,5.950,24,"[[1,1024],[1024,4096]]","[[1,4096]]",0.18,0.44
0,RmsNorm,AI_VECTOR_CORE,AI_VECTOR_CORE,1704161511566896.000,20.468,1.637,24,"[[1,1024],[1024,4096]]","[[1,4096]]",0.05,0.3
0,MatMulV2,AI_CORE,AI_CORE,1704161511566916.500,126.390,10.111,24,"[[1,1024],[1024,4096]]","[[1,4096]]",0.18,0.44
0,FusedInferAttentionScore,AI_CORE,AI_CORE,1704161511567043.000,71.756,5.740,24,"[[1,1024],[1024,4096]]","[[1,4096]]",0.18,0.44
0,RmsNorm,AI_VECTOR_CORE,AI_VECTOR_CORE,1704161511567114.750,23.043,1.843,24,"[[1,1024],[1024,4096]]","[[1,4096]]",0.05,0.3
0,MatMulV2,AI_CORE,AI_CORE,1704161511567137.750,119.575,9.566,24,"[[1,1024],[1024,4096]]","[[1,4096]]",0.18,0.44
0,FusedInferAttentionScore,AI_CORE,AI_CORE,1704161511567257.250,63.211,5.057,24,"[[1,1024],[1024,4096]]","[[1,4096]]",0.18,0.44
0,RmsNorm,AI_VECTOR_CORE,AI_VECTOR_CORE,1704161511567320.500,19.363,1.549,24,"[[1,1024],[1024,4096]]","[[1,4096]]",0.05,0.3
0,MatMulV2,AI_CORE,AI_CORE,1704161511567339.750,111.119,8.890,24,"[[1,1024],[1024,4096]]","[[1,4096]]",0.18,0.44
0,FusedInferAttentionScore,AI_CORE,AI_CORE,1704161511567450.750,63.059,5.045,24,"[[1,1024],[1024,4096]]","[[1,4096]]",0.18,0.44
0,RmsNorm,AI_VECTOR_CORE,AI_VECTOR_CORE,1704161511567513.750,20.315,1.625,24,"[[1,1024],[1024,4096]]","[[1,4096]]",0.05,0.3
0,MatMulV2,AI_CORE,AI_CORE,1704161511567534.000,121.051,9.684,24,"[[1,1024],[1024,4096]]","[[1,4096]]",0.18,0.44
0,FusedInferAttentionScore,AI_CORE,AI_CORE,1704161511567655.000,72.306,5.784,24,"[[1,1024],[1024,4096]]","[[1,4096]]",0.18,0.44
0,RmsNorm,AI_VECTOR_CORE,AI_VECTOR_CORE,1704161511567727.250,25.023,2.002,24,"[[1,1024],[1024,4096]]","[[1,4096]]",0.05,0.3
0,MatMulV2,AI_CORE,AI_CORE,1704161511567752.250,117.197,9.376,24,"[[1,1024],[1024,4096]]","[[1,4096]]",0.18,0.44
0,FusedInferAttentionScore,AI_CORE,AI_CORE,1704161511567869.500,69.392,5.551,24,"[[1,1024],[1024,4096]]","[[1,4096]]",0.18,0.44
0,RmsNorm,AI_VECTOR_CORE,AI_VECTOR_CORE,1704161511567939.000,19.680,1.574,24,"[[1,1024],[1024,4096]]","[[1,4096]]",0.05,0.3
0,MatMulV2,AI_CORE,AI_CORE,1704161511567958.750,130.821,10.466,24,"[[1,1024],[1024,4096]]","[[1,4096]]",0.18,0.44
0,FusedInferAttentionScore,AI_CORE,AI_CORE,1704161511568089.500,72.865,5.829,24,"[[1,1024],[1024,4096]]","[[1,4096]]",0.18,0.44
0,RmsNorm,AI_VECTOR_CORE,AI_VECTOR_CORE,1704161511568162.250,27.159,2.173,24,"[[1,1024],[1024,4096]]","[[1,4096]]",0.05,0.3
0,MatMulV2,AI_CORE,AI_CORE,1704161511568189.500,108.642,8.691,24,"[[1,1024],[1024,4096]]","[[1,4096]]",0.18,0.44
0,FusedInferAttentionScore,AI_CORE,AI_CORE,1704161511568298.250,74.084,5.927,24,"[[1,1024],[1024,4096]]","[[1,4096]]",0.18,0.44
0,RmsNorm,AI_VECTOR_CORE,AI_VECTOR_CORE,1704161511568372.250,20.362,1.629,24,"[[1,1024],[1024,4096]]","[[1,4096]]",0.05,0.3
0,MatMulV2,AI_CORE,AI_CORE,1704161511568392.500,128.647,10.292,24,"[[1,1024],[1024,4096]]","[[1,4096]]",0.18,0.44
0,FusedInferAttentionScore,AI_CORE,AI_CORE,1704161511568521.250,75.525,6.042,24,"[[1,1024],[1024,4096]]","[[1,4096]]",0.18,0.44
0,RmsNorm,AI_VECTOR_CORE,AI_VECTOR_CORE,1704161511568596.750,23.448,1.876,24,"[[1,1024],[1024,4096]]","[[1,4096]]",0.05,0.3
0,MatMulV2,AI_CORE,AI_CORE,1704161511568620.250,125.035,10.003,24,"[[1,1024],[1024,4096]]","[[1,4096]]",0.18,0.44
0,FusedInferAttentionScore,AI_CORE,AI_CORE,1704161511568745.250,67.807,5.425,24,"[[1,1024],[1024,4096]]","[[1,4096]]",0.18,0.44
0,RmsNorm,AI_VECTOR_CORE,AI_VECTOR_CORE,1704161511568813.000,26.706,2.136,24,"[[1,1024],[1024,4096]]","[[1,4096]]",0.05,0.3
0,MatMulV2,AI_CORE,AI_CORE,1704161511568839.750,121.693,9.735,24,"[[1,1024],[1024,4096]]","[[1,4096]]",0.18,0.44
0,FusedInferAttentionScore,AI_CORE,AI_CORE,1704161511568961.500,76.016,6.081,24,"[[1,1024],[1024,4096]]","[[1,4096]]",0.18,0.44
0,RmsNorm,AI_VECTOR_CORE,AI_VECTOR_CORE,1704161511569037.500,24.798,1.984,24,"[[1,1024],[1024,4096]]","[[1,4096]]",0.05,0.3
0,MatMulV2,AI_CORE,AI_CORE,1704161511569062.250,131.569,10.526,24,"[[1,1024],[1024,4096]]","[[1,4096]]",0.18,0.44
0,FusedInferAttentionScore,AI_CORE,AI_CORE,1704161511569193.750,73.424,5.874,24,"[[1,1024],[1024,4096]]","[[1,4096]]",0.18,0.44
0,RmsNorm,AI_VECTOR_CORE,AI_VECTOR_CORE,1704161511569267.250,20.152,1.612,24,"[[1,1024],[1024,4096]]","[[1,4096]]",0.05,0.3
0,MatMulV2,AI_CORE,AI_CORE,1704161511569287.500,109.318,8.745,24,"[[1,1024],[1024,4096]]","[[1,4096]]",0.18,0.44
0,FusedInferAttentionScore,AI_CORE,AI_CORE,1704161511569396.750,68.206,5.456,24,"[[1,1024],[1024,4096]]","[[1,4096]]",0.18,0.44
0,RmsNorm,AI_VECTOR_CORE,AI_VECTOR_CORE,1704161511569465.000,27.622,2.210,24,"[[1,1024],[1024,4096]]","[[1,4096]]",0.05,0.3
0,MatMulV2,AI_CORE,AI_CORE,1704161511569492.500,110.594,8.848,24,"[[1,1024],[1024,4096]]","[[1,4096]]",0.18,0.44
0,FusedInferAttentionScore,AI_CORE,AI_CORE,1704161511569603.000,70.227,5.618,24,"[[1,1024],[1024,4096]]","[[1,4096]]",0.18,0.44
0,RmsNorm,AI_VECTOR_CORE,AI_VECTOR_CORE,1704161511569673.250,23.000,1.840,24,"[[1,1024],[1024,4096]]","[[1,4096]]",0.05,0.3
0,MatMulV2,AI_CORE,AI_CORE,1704161511569696.250,121.374,9.710,24,"[[1,1024],[1024,4096]]","[[1,4096]]",0.18,0.44
0,FusedInferAttentionScore,AI_CORE,AI_CORE,1704161511569817.500,68.522,5.482,24,"[[1,1024],[1024,4096]]","[[1,4096]]",0.18,0.44
0,RmsNorm,AI_VECTOR_CORE,AI_VECTOR_CORE,1704161511569886.000,20.301,1.624,24,"[[1,1024],[1024,4096]]","[[1,4096]]",0.05,0.3
0,MatMulV2,AI_CORE,AI_CORE,1704161511569906.250,130.665,10.453,24,"[[1,1024],[1024,4096]]","[[1,4096]]",0.18,0.44
0,FusedInferAttentionScore,AI_CORE,AI_CORE,1704161511570037.000,69.536,5.563,24,"[[1,1024],[1024,4096]]","[[1,4096]]",0.18,0.44
0,RmsNorm,AI_VECTOR_CORE,AI_VECTOR_CORE,1704161511570106.500,23.583,1.887,24,"[[1,1024],[1024,4096]]","[[1,4096]]",0.05,0.3
0,MatMulV2,AI_CORE,AI_CORE,1704161511570130.000,114.004,9.120,24,"[[1,1024],[1024,4096]]","[[1,4096]]",0.18,0.44
0,FusedInferAttentionScore,AI_CORE,AI_CORE,1704161511570244.000,67.736,5.419,24,"[[1,1024],[1024,4096]]","[[1,4096]]",0.18,0.44
0,RmsNorm,AI_VECTOR_CORE,AI_VECTOR_CORE,1704161511570311.750,23.858,1.909,24,"[[1,1024],[1024,4096]]","[[1,4096]]",0.05,0.3
0,MatMulV2,AI_CORE,AI_CORE,1704161511570335.500,129.088,10.327,24,"[[1,1024],[1024,4096]]","[[1,4096]]",0.18,0.44
0,FusedInferAttentionScore,AI_CORE,AI_CORE,1704161511570464.500,75.682,6.055,24,"[[1,1024],[1024,4096]]","[[1,4096]]",0.18,0.44
0,RmsNorm,AI_VECTOR_CORE,AI_VECTOR_CORE,1704161511570540.250,22.031,1.762,24,"[[1,1024],[1024,4096]]","[[1,4096]]",0.05,0.3
0,MatMulV2,AI_CORE,AI_CORE,1704161511570562.250,130.940,10.475,24,"[[1,1024],[1024,4096]]","[[1,4096]]",0.18,0.44
0,FusedInferAttentionScore,AI_CORE,AI_CORE,1704161511570693.250,64.141,5.131,24,"[[1,1024],[1024,4096]]","[[1,4096]]",0.18,0.44
0,RmsNorm,AI_VECTOR_CORE,AI_VECTOR_CORE,1704161511570757.500,22.824,1.826,24,"[[1,1024],[1024,4096]]","[[1,4096]]",0.05,0.3
0,MatMulV2,AI_CORE,AI_CORE,1704161511570780.250,127.967,10.237,24,"[[1,1024],[1024,4096]]","[[1,4096]]",0.18,0.44
0,FusedInferAttentionScore,AI_CORE,AI_CORE,1704161511570908.250,72.364,5.789,24,"[[1,1024],[1024,4096]]","[[1,4096]]",0.18,0.44
0,RmsNorm,AI_VECTOR_CORE,AI_VECTOR_CORE,1704161511570980.500,23.841,1.907,24,"[[1,1024],[1024,4096]]","[[1,4096]]",0.05,0.3
0,MatMulV2,AI_CORE,AI_CORE,1704161511571004.250,130.296,10.424,24,"[[1,1024],[1024,4096]]","[[1,4096]]",0.18,0.44
0,FusedInferAttentionScore,AI_CORE,AI_CORE,1704161511571134.500,66.086,5.287,24,"[[1,1024],[1024,4096]]","[[1,4096]]",0.18,0.44
0,RmsNorm,AI_VECTOR_CORE,AI_VECTOR_CORE,1704161511571200.500,26.306,2.104,24,"[[1,1024],[1024,4096]]","[[1,4096]]",0.05,0.3
0,MatMulV2,AI_CORE,AI_CORE,1704161511571226.750,115.752,9.260,24,"[[1,1024],[1024,4096]]","[[1,4096]]",0.18,0.44
0,FusedInferAttentionScore,AI_CORE,AI_CORE,1704161511571342.500,76.377,6.110,24,"[[1,1024],[1024,4096]]","[[1,4096]]",0.18,0.44
0,RmsNorm,AI_VECTOR_CORE,AI_VECTOR_CORE,1704161511571419.000,19.648,1.572,24,"[[1,1024],[1024,4096]]","[[1,4096]]",0.05,0.3
0,MatMulV2,AI_CORE,AI_CORE,1704161511571438.750,124.868,9.989,24,"[[1,1024],[1024,4096]]","[[1,4096]]",0.18,0.44
0,FusedInferAttentionScore,AI_CORE,AI_CORE,1704161511571563.500,63.901,5.112,24,"[[1,1024],[1024,4096]]","[[1,4096]]",0.18,0.44
0,RmsNorm,AI_VECTOR_CORE,AI_VECTOR_CORE,1704161511571627.500,19.258,1.541,24,"[[1,1024],[1024,4096]]","[[1,4096]]",0.05,0.3
0,MatMulV2,AI_CORE,AI_CORE,1704161511571646.750,122.285,9.783,24,"[[1,1024],[1024,4096]]","[[1,4096]]",0.18,0.44
0,FusedInferAttentionScore,AI_CORE,AI_CORE,1704161511571769.000,76.719,6.138,24,"[[1,1024],[1024,4096]]","[[1,4096]]",0.18,0.44
0,RmsNorm,AI_VECTOR_CORE,AI_VECTOR_CORE,1704161511571845.750,27.991,2.239,24,"[[1,1024],[1024,4096]]","[[1,4096]]",0.05,0.3
0,MatMulV2,AI_CORE,AI_CORE,1704161511571873.750,131.932,10.555,24,"[[1,1024],[1024,4096]]","[[1,4096]]",0.18,0.44
0,FusedInferAttentionScore,AI_CORE,AI_CORE,1704161511572005.750,69.186,5.535,24,"[[1,1024],[1024,4096]]","[[1,4096]]",0.18,0.44
0,RmsNorm,AI_VECTOR_CORE,AI_VECTOR_CORE,1704161511572075.000,24.747,1.980,24,"[[1,1024],[1024,4096]]","[[1,4096]]",0.05,0.3
0,MatMulV2,AI_CORE,AI_CORE,1704161511572099.750,127.347,10.188,24,"[[1,1024],[1024,4096]]","[[1,4096]]",0.18,0.44
0,FusedInferAttentionScore,AI_CORE,AI_CORE,1704161511572227.000,69.071,5.526,24,"[[1,1024],[1024,4096]]","[[1,4096]]",0.18,0.44
0,RmsNorm,AI_VECTOR_CORE,AI_VECTOR_CORE,1704161511572296.000,28.285,2.263,24,"[[1,1024],[1024,4096]]","[[1,4096]]",0.05,0.3
0,MatMulV2,AI_CORE,AI_CORE,1704161511572324.250,124.535,9.963,24,"[[1,1024],[1024,4096]]","[[1,4096]]",0.18,0.44
0,FusedInferAttentionScore,AI_CORE,AI_CORE,1704161511572448.750,67.477,5.398,24,"[[1,1024],[1024,4096]]","[[1,4096]]",0.18,0.44
0,RmsNorm,AI_VECTOR_CORE,AI_VECTOR_CORE,1704161511572516.250,27.626,2.210,24,"[[1,1024],[1024,4096]]","[[1,4096]]",0.05,0.3
0,MatMulV2,AI_CORE,AI_CORE,1704161511577400.000,110.087,8.807,24,"[[1,1024],[1024,4096]]","[[1,4096]]",0.18,0.44
0,FusedInferAttentionScore,AI_CORE,AI_CORE,1704161511577510.000,65.768,5.261,24,"[[1,1024],[1024,4096]]","[[1,4096]]",0.18,0.44
0,RmsNorm,AI_VECTOR_CORE,AI_VECTOR_CORE,1704161511577575.750,19.768,1.581,24,"[[1,1024],[1024,4096]]","[[1,4096]]",0.05,0.3
0,MatMulV2,AI_CORE,AI_CORE,1704161511577855.500,114.599,9.168,24,"[[1,1024],[1024,4096]]","[[1,4096]]",0.18,0.44
0,FusedInferAttentionScore,AI_CORE,AI_CORE,1704161511577970.000,64.063,5.125,24,"[[1,1024],[1024,4096]]","[[1,4096]]",0.18,0.44
0,RmsNorm,AI_VECTOR_CORE,AI_VECTOR_CORE,1704161511578034.000,26.913,2.153,24,"[[1,1024],[1024,4096]]","[[1,4096]]",0.05,0.3
0,MatMulV2,AI_CORE,AI_CORE,1704161511578061.000,116.850,9.348,24,"[[1,1024],[1024,4096]]","[[1,4096]]",0.18,0.44
0,FusedInferAttentionScore,AI_CORE,AI_CORE,1704161511578177.750,66.525,5.322,24,"[[1,1024],[1024,4096]]","[[1,4096]]",0.18,0.44
0,RmsNorm,AI_VECTOR_CORE,AI_VECTOR_CORE,1704161511578244.250,23.447,1.876,24,"[[1,1024],[1024,4096]]","[[1,4096]]",0.05,0.3
0,MatMulV2,AI_CORE,AI_CORE,1704161511578267.750,109.279,8.742,24,"[[1,1024],[1024,4096]]","[[1,4096]]",0.18,0.44
0,FusedInferAttentionScore,AI_CORE,AI_CORE,1704161511578377.000,69.334,5.547,24,"[[1,1024],[1024,4096]]","[[1,4096]]",0.18,0.44
0,RmsNorm,AI_VECTOR_CORE,AI_VECTOR_CORE,1704161511578446.250,23.441,1.875,24,"[[1,1024],[1024,4096]]","[[1,4096]]",0.05,0.3
0,MatMulV2,AI_CORE,AI_CORE,1704161511578469.750,129.790,10.383,24,"[[1,1024],[1024,4096]]","[[1,4096]]",0.18,0.44
0,FusedInferAttentionScore,AI_CORE,AI_CORE,1704161511578599.500,71.303,5.704,24,"[[1,1024],[1024,4096]]","[[1,4096]]",0.18,0.44
0,RmsNorm,AI_VECTOR_CORE,AI_VECTOR_CORE,1704161511578670.750,19.200,1.536,24,"[[1,1024],[1024,4096]]","[[1,4096]]",0.05,0.3
0,MatMulV2,AI_CORE,AI_CORE,1704161511578690.000,116.719,9.337,24,"[[1,1024],[1024,4096]]","[[1,4096]]",0.18,0.44
0,FusedInferAttentionScore,AI_CORE,AI_CORE,1704161511578806.750,69.089,5.527,24,"[[1,1024],[1024,4096]]","[[1,4096]]",0.18,0.44
0,RmsNorm,AI_VECTOR_CORE,AI_VECTOR_CORE,1704161511578875.750,23.454,1.876,24,"[[1,1024],[1024,4096]]","[[1,4096]]",0.05,0.3
0,MatMulV2,AI_CORE,AI_CORE,1704161511578899.250,122.786,9.823,24,"[[1,1024],[1024,4096]]","[[1,4096]]",0.18,0.44
0,FusedInferAttentionScore,AI_CORE,AI_CORE,1704161511579022.000,65.755,5.260,24,"[[1,1024],[1024,4096]]","[[1,4096]]",0.18,0.44
0,RmsNorm,AI_VECTOR_CORE,AI_VECTOR_CORE,1704161511579087.750,24.215,1.937,24,"[[1,1024],[1024,4096]]","[[1,4096]]",0.05,0.3
0,MatMulV2,AI_CORE,AI_CORE,1704161511579112.000,112.927,9.034,24,"[[1,1024],[1024,4096]]","[[1,4096]]",0.18,0.44
0,FusedInferAttentionScore,AI_CORE,AI_CORE,1704161511579225.000,66.669,5.333,24,"[[1,1024],[1024,4096]]","[[1,4096]]",0.18,0.44
0,RmsNorm,AI_VECTOR_CORE,AI_VECTOR_CORE,1704161511579291.750,23.467,1.877,24,"[[1,1024],[1024,4096]]","[[1,4096]]",0.05,0.3
0,MatMulV2,AI_CORE,AI_CORE,1704161511579315.250,112.850,9.028,24,"[[1,1024],[1024,4096]]","[[1,4096]]",0.18,0.44
0,FusedInferAttentionScore,AI_CORE,AI_CORE,1704161511579428.000,68.183,5.455,24,"[[1,1024],[1024,4096]]","[[1,4096]]",0.18,0.44
0,RmsNorm,AI_VECTOR_CORE,AI_VECTOR_CORE,1704161511579496.250,26.020,2.082,24,"[[1,1024],[1024,4096]]","[[1,4096]]",0.05,0.3
0,MatMulV2,AI_CORE,AI_CORE,1704161511579522.250,113.226,9.058,24,"[[1,1024],[1024,4096]]","[[1,4096]]",0.18,0.44
0,FusedInferAttentionScore,AI_CORE,AI_CORE,1704161511579635.500,76.094,6.087,24,"[[1,1024],[1024,4096]]","[[1,4096]]",0.18,0.44
0,RmsNorm,AI_VECTOR_CORE,AI_VECTOR_CORE,1704161511579711.500,20.088,1.607,24,"[[1,1024],[1024,4096]]","[[1,4096]]",0.05,0.3
0,MatMulV2,AI_CORE,AI_CORE,1704161511579731.500,124.359,9.949,24,"[[1,1024],[1024,4096]]","[[1,4096]]",0.18,0.44
0,FusedInferAttentionScore,AI_CORE,AI_CORE,1704161511579855.750,68.317,5.465,24,"[[1,1024],[1024,4096]]","[[1,4096]]",0.18,0.44
0,RmsNorm,AI_VECTOR_CORE,AI_VECTOR_CORE,1704161511579924.000,22.338,1.787,24,"[[1,1024],[1024,4096]]","[[1,4096]]",0.05,0.3
0,MatMulV2,AI_CORE,AI_CORE,1704161511579946.250,110.233,8.819,24,"[[1,1024],[1024,4096]]","[[1,4096]]",0.18,0.44
0,FusedInferAttentionScore,AI_CORE,AI_CORE,1704161511580056.500,71.777,5.742,24,"[[1,1024],[1024,4096]]","[[1,4096]]",0.18,0.44
0,RmsNorm,AI_VECTOR_CORE,AI_VECTOR_CORE,1704161511580128.250,22.561,1.805,24,"[[1,1024],[1024,4096]]","[[1,4096]]",0.05,0.3
0,MatMulV2,AI_CORE,AI_CORE,1704161511580150.750,112.793,9.023,24,"[[1,1024],[1024,4096]]","[[1,4096]]",0.18,0.44
0,FusedInferAttentionScore,AI_CORE,AI_CORE,1704161511580263.500,64.963,5.197,24,"[[1,1024],[1024,4096]]","[[1,4096]]",0.18,0.44
0,RmsNorm,AI_VECTOR_CORE,AI_VECTOR_CORE,1704161511580328.500,20.719,1.657,24,"[[1,1024],[1024,4096]]","[[1,4096]]",0.05,0.3
0,MatMulV2,AI_CORE,AI_CORE,1704161511580349.250,115.348,9.228,24,"[[1,1024],[1024,4096]]","[[1,4096]]",0.18,0.44
0,FusedInferAttentionScore,AI_CORE,AI_CORE,1704161511580464.500,65.117,5.209,24,"[[1,1024],[1024,4096]]","[[1,4096]]",0.18,0.44
0,RmsNorm,AI_VECTOR_CORE,AI_VECTOR_CORE,1704161511580529.500,25.107,2.009,24,"[[1,1024],[1024,4096]]","[[1,4096]]",0.05,0.3
0,MatMulV2,AI_CORE,AI_CORE,1704161511580554.500,111.967,8.957,24,"[[1,1024],[1024,4096]]","[[1,4096]]",0.18,0.44
0,FusedInferAttentionScore,AI_CORE,AI_CORE,1704161511580666.500,76.537,6.123,24,"[[1,1024],[1024,4096]]","[[1,4096]]",0.18,0.44
0,RmsNorm,AI_VECTOR_CORE,AI_VECTOR_CORE,1704161511580743.000,26.792,2.143,24,"[[1,1024],[1024,4096]]","[[1,4096]]",0.05,0.3
0,MatMulV2,AI_CORE,AI_CORE,1704161511580769.750,111.735,8.939,24,"[[1,1024],[1024,4096]]","[[1,4096]]",0.18,0.44
0,FusedInferAttentionScore,AI_CORE,AI_CORE,1704161511580881.500,69.956,5.597,24,"[[1,1024],[1024,4096]]","[[1,4096]]",0.18,0.44
0,RmsNorm,AI_VECTOR_CORE,AI_VECTOR_CORE,1704161511580951.500,25.472,2.038,24,"[[1,1024],[1024,4096]]","[[1,4096]]",0.05,0.3
0,MatMulV2,AI_CORE,AI_CORE,1704161511580977.000,124.764,9.981,24,"[[1,1024],[1024,4096]]","[[1,4096]]",0.18,0.44
0,FusedInferAttentionScore,AI_CORE,AI_CORE,1704161511581101.750,68.462,5.477,24,"[[1,1024],[1024,4096]]","[[1,4096]]",0.18,0.44
0,RmsNorm,AI_VECTOR_CORE,AI_VECTOR_CORE,1704161511581170.250,21.107,1.689,24,"[[1,1024],[1024,4096]]","[[1,4096]]",0.05,0.3
0,MatMulV2,AI_CORE,AI_CORE,1704161511581191.250,110.807,8.865,24,"[[1,1024],[1024,4096]]","[[1,4096]]",0.18,0.44
0,FusedInferAttentionScore,AI_CORE,AI_CORE,1704161511581302.000,68.930,5.514,24,"[[1,1024],[1024,4096]]","[[1,4096]]",0.18,0.44
0,RmsNorm,AI_VECTOR_CORE,AI_VECTOR_CORE,1704161511581371.000,22.471,1.798,24,"[[1,1024],[1024,4096]]","[[1,4096]]",0.05,0.3
0,MatMulV2,AI_CORE,AI_CORE,1704161511581393.500,117.375,9.390,24,"[[1,1024],[1024,4096]]","[[1,4096]]",0.18,0.44
0,FusedInferAttentionScore,AI_CORE,AI_CORE,1704161511581510.750,63.446,5.076,24,"[[1,1024],[1024,4096]]","[[1,4096]]",0.18,0.44
0,RmsNorm,AI_VECTOR_CORE,AI_VECTOR_CORE,1704161511581574.250,20.576,1.646,24,"[[1,1024],[1024,4096]]","[[1,4096]]",0.05,0.3
0,MatMulV2,AI_CORE,AI_CORE,1704161511581594.750,120.212,9.617,24,"[[1,1024],[1024,4096]]","[[1,4096]]",0.18,0.44
0,FusedInferAttentionScore,AI_CORE,AI_CORE,1704161511581715.000,64.672,5.174,24,"[[1,1024],[1024,4096]]","[[1,4096]]",0.18,0.44
0,RmsNorm,AI_VECTOR_CORE,AI_VECTOR_CORE,1704161511581779.750,21.325,1.706,24,"[[1,1024],[1024,4096]]","[[1,4096]]",0.05,0.3
0,MatMulV2,AI_CORE,AI_CORE,1704161511581801.000,117.025,9.362,24,"[[1,1024],[1024,4096]]","[[1,4096]]",0.18,0.44
0,FusedInferAttentionScore,AI_CORE,AI_CORE,1704161511581918.000,70.636,5.651,24,"[[1,1024],[1024,4096]]","[[1,4096]]",0.18,0.44
0,RmsNorm,AI_VECTOR_CORE,AI_VECTOR_CORE,1704161511581988.750,22.920,1.834,24,"[[1,1024],[1024,4096]]","[[1,4096]]",0.05,0.3
0,MatMulV2,AI_CORE,AI_CORE,1704161511582011.750,119.316,9.545,24,"[[1,1024],[1024,4096]]","[[1,4096]]",0.18,0.44
0,FusedInferAttentionScore,AI_CORE,AI_CORE,1704161511582131.000,75.911,6.073,24,"[[1,1024],[1024,4096]]","[[1,4096]]",0.18,0.44
0,RmsNorm,AI_VECTOR_CORE,AI_VECTOR_CORE,1704161511582207.000,27.613,2.209,24,"[[1,1024],[1024,4096]]","[[1,4096]]",0.05,0.3
0,MatMulV2,AI_CORE,AI_CORE,1704161511582234.500,125.216,10.017,24,"[[1,1024],[1024,4096]]","[[1,4096]]",0.18,0.44
0,FusedInferAttentionScore,AI_CORE,AI_CORE,1704161511582359.750,71.647,5.732,24,"[[1,1024],[1024,4096]]","[[1,4096]]",0.18,0.44
0,RmsNorm,AI_VECTOR_CORE,AI_VECTOR_CORE,1704161511582431.500,26.110,2.089,24,"[[1,1024],[1024,4096]]","[[1,4096]]",0.05,0.3
0,MatMulV2,AI_CORE,AI_CORE,1704161511582457.500,114.186,9.135,24,"[[1,1024],[1024,4096]]","[[1,4096]]",0.18,0.44
0,FusedInferAttentionScore,AI_CORE,AI_CORE,1704161511582571.750,64.434,5.155,24,"[[1,1024],[1024,4096]]","[[1,4096]]",0.18,0.44
0,RmsNorm,AI_VECTOR_CORE,AI_VECTOR_CORE,1704161511582636.250,20.211,1.617,24,"[[1,1024],[1024,4096]]","[[1,4096]]",0.05,0.3
0,MatMulV2,AI_CORE,AI_CORE,1704161511582656.500,110.454,8.836,24,"[[1,1024],[1024,4096]]","[[1,4096]]",0.18,0.44
0,FusedInferAttentionScore,AI_CORE,AI_CORE,1704161511582767.000,63.459,5.077,24,"[[1,1024],[1024,4096]]","[[1,4096]]",0.18,0.44
0,RmsNorm,AI_VECTOR_CORE,AI_VECTOR_CORE,1704161511582830.500,26.813,2.145,24,"[[1,1024],[1024,4096]]","[[1,4096]]",0.05,0.3
0,MatMulV2,AI_CORE,AI_CORE,1704161511582857.250,128.078,10.246,24,"[[1,1024],[1024,4096]]","[[1,4096]]",0.18,0.44
0,FusedInferAttentionScore,AI_CORE,AI_CORE,1704161511582985.250,72.924,5.834,24,"[[1,1024],[1024,4096]]","[[1,4096]]",0.18,0.44
0,RmsNorm,AI_VECTOR_CORE,AI_VECTOR_CORE,1704161511583058.250,28.038,2.243,24,"[[1,1024],[1024,4096]]","[[1,4096]]",0.05,0.3
0,MatMulV2,AI_CORE,AI_CORE,1704161511583086.250,128.490,10.279,24,"[[1,1024],[1024,4096]]","[[1,4096]]",0.18,0.44
0,FusedInferAttentionScore,AI_CORE,AI_CORE,1704161511583214.750,74.199,5.936,24,"[[1,1024],[1024,4096]]","[[1,4096]]",0.18,0.44
0,RmsNorm,AI_VECTOR_CORE,AI_VECTOR_CORE,1704161511583289.000,26.635,2.131,24,"[[1,1024],[1024,4096]]","[[1,4096]]",0.05,0.3
0,MatMulV2,AI_CORE,AI_CORE,1704161511583315.750,127.419,10.194,24,"[[1,1024],[1024,4096]]","[[1,4096]]",0.18,0.44
0,FusedInferAttentionScore,AI_CORE,AI_CORE,1704161511583443.250,69.675,5.574,24,"[[1,1024],[1024,4096]]","[[1,4096]]",0.18,0.44
0,RmsNorm,AI_VECTOR_CORE,AI_VECTOR_CORE,1704161511583513.000,22.598,1.808,24,"[[1,1024],[1024,4096]]","[[1,4096]]",0.05,0.3
0,MatMulV2,AI_CORE,AI_CORE,1704161511583535.500,114.048,9.124,24,"[[1,1024],[1024,4096]]","[[1,4096]]",0.18,0.44
0,FusedInferAttentionScore,AI_CORE,AI_CORE,1704161511583649.500,67.790,5.423,24,"[[1,1024],[1024,4096]]","[[1,4096]]",0.18,0.44
0,RmsNorm,AI_VECTOR_CORE,AI_VECTOR_CORE,1704161511583717.250,26.963,2.157,24,"[[1,1024],[1024,4096]]","[[1,4096]]",0.05,0.3
0,MatMulV2,AI_CORE,AI_CORE,1704161511583744.250,123.292,9.863,24,"[[1,1024],[1024,4096]]","[[1,4096]]",0.18,0.44
0,FusedInferAttentionScore,AI_CORE,AI_CORE,1704161511583867.500,74.186,5.935,24,"[[1,1024],[1024,4096]]","[[1,4096]]",0.18,0.44
0,RmsNorm,AI_VECTOR_CORE,AI_VECTOR_CORE,1704161511583941.750,19.924,1.594,24,"[[1,1024],[1024,4096]]","[[1,4096]]",0.05,0.3
0,MatMulV2,AI_CORE,AI_CORE,1704161511583961.750,112.064,8.965,24,"[[1,1024],[1024,4096]]","[[1,4096]]",0.18,0.44
0,FusedInferAttentionScore,AI_CORE,AI_CORE,1704161511584073.750,73.482,5.879,24,"[[1,1024],[1024,4096]]","[[1,4096]]",0.18,0.44
0,RmsNorm,AI_VECTOR_CORE,AI_VECTOR_CORE,1704161511584147.250,22.014,1.761,24,"[[1,1024],[1024,4096]]","[[1,4096]]",0.05,0.3
0,MatMulV2,AI_CORE,AI_CORE,1704161511584169.250,112.418,8.993,24,"[[1,1024],[1024,4096]]","[[1,4096]]",0.18,0.44
0,FusedInferAttentionScore,AI_CORE,AI_CORE,1704161511584281.750,73.620,5.890,24,"[[1,1024],[1024,4096]]","[[1,4096]]",0.18,0.44
0,RmsNorm,AI_VECTOR_CORE,AI_VECTOR_CORE,1704161511584355.250,27.123,2.170,24,"[[1,1024],[1024,4096]]","[[1,4096]]",0.05,0.3
0,MatMulV2,AI_CORE,AI_CORE,1704161511589400.000,111.064,8.885,24,"[[1,1024],[1024,4096]]","[[1,4096]]",0.18,0.44
0,FusedInferAttentionScore,AI_CORE,AI_CORE,1704161511589511.000,76.619,6.129,24,"[[1,1024],[1024,4096]]","[[1,4096]]",0.18,0.44
0,RmsNorm,AI_VECTOR_CORE,AI_VECTOR_CORE,1704161511589587.500,24.846,1.988,24,"[[1,1024],[1024,4096]]","[[1,4096]]",0.05,0.3
0,MatMulV2,AI_CORE,AI_CORE,1704161511589872.250,120.170,9.614,24,"[[1,1024],[1024,4096]]","[[1,4096]]",0.18,0.44
0,FusedInferAttentionScore,AI_CORE,AI_CORE,1704161511589992.500,64.588,5.167,24,"[[1,1024],[1024,4096]]","[[1,4096]]",0.18,0.44
0,RmsNorm,AI_VECTOR_CORE,AI_VECTOR_CORE,1704161511590057.000,28.282,2.263,24,"[[1,1024],[1024,4096]]","[[1,4096]]",0.05,0.3
0,MatMulV2,AI_CORE,AI_CORE,1704161511590085.250,118.577,9.486,24,"[[1,1024],[1024,4096]]","[[1,4096]]",0.18,0.44
0,FusedInferAttentionScore,AI_CORE,AI_CORE,1704161511590203.750,72.583,5.807,24,"[[1,1024],[1024,4096]]","[[1,4096]]",0.18,0.44
0,RmsNorm,AI_VECTOR_CORE,AI_VECTOR_CORE,1704161511590276.250,28.773,2.302,24,"[[1,1024],[1024,4096]]","[[1,4096]]",0.05,0.3
0,MatMulV2,AI_CORE,AI_CORE,1704161511590305.000,127.172,10.174,24,"[[1,1024],[1024,4096]]","[[1,4096]]",0.18,0.44
0,FusedInferAttentionScore,AI_CORE,AI_CORE,1704161511590432.250,67.206,5.376,24,"[[1,1024],[1024,4096]]","[[1,4096]]",0.18,0.44
0,RmsNorm,AI_VECTOR_CORE,AI_VECTOR_CORE,1704161511590499.500,25.863,2.069,24,"[[1,1024],[1024,4096]]","[[1,4096]]",0.05,0.3
0,MatMulV2,AI_CORE,AI_CORE,1704161511590525.250,115.895,9.272,24,"[[1,1024],[1024,4096]]","[[1,4096]]",0.18,0.44
0,FusedInferAttentionScore,AI_CORE,AI_CORE,1704161511590641.250,64.531,5.162,24,"[[1,1024],[1024,4096]]","[[1,4096]]",0.18,0.44
0,RmsNorm,AI_VECTOR_CORE,AI_VECTOR_CORE,1704161511590705.750,25.233,2.019,24,"[[1,1024],[1024,4096]]","[[1,4096]]",0.05,0.3
0,MatMulV2,AI_CORE,AI_CORE,1704161511590731.000,126.421,10.114,24,"[[1,1024],[1024,4096]]","[[1,4096]]",0.18,0.44
0,FusedInferAttentionScore,AI_CORE,AI_CORE,1704161511590857.500,71.277,5.702,24,"[[1,1024],[1024,4096]]","[[1,4096]]",0.18,0.44
0,RmsNorm,AI_VECTOR_CORE,AI_VECTOR_CORE,1704161511590928.750,27.605,2.208,24,"[[1,1024],[1024,4096]]","[[1,4096]]",0.05,0.3
0,MatMulV2,AI_CORE,AI_CORE,1704161511590956.250,109.122,8.730,24,"[[1,1024],[1024,4096]]","[[1,4096]]",0.18,0.44
0,FusedInferAttentionScore,AI_CORE,AI_CORE,1704161511591065.250,64.225,5.138,24,"[[1,1024],[1024,4096]]","[[1,4096]]",0.18,0.44
0,RmsNorm,AI_VECTOR_CORE,AI_VECTOR_CORE,1704161511591129.500,27.343,2.187,24,"[[1,1024],[1024,4096]]","[[1,4096]]",0.05,0.3
0,MatMulV2,AI_CORE,AI_CORE,1704161511591156.750,131.668,10.533,24,"[[1,1024],[1024,4096]]","[[1,4096]]",0.18,0.44
0,FusedInferAttentionScore,AI_CORE,AI_CORE,1704161511591288.500,64.962,5.197,24,"[[1,1024],[1024,4096]]","[[1,4096]]",0.18,0.44
0,RmsNorm,AI_VECTOR_CORE,AI_VECTOR_CORE,1704161511591353.500,20.875,1.670,24,"[[1,1024],[1024,4096]]","[[1,4096]]",0.05,0.3
0,MatMulV2,AI_CORE,AI_CORE,1704161511591374.500,110.666,8.853,24,"[[1,1024],[1024,4096]]","[[1,4096]]",0.18,0.44
0,FusedInferAttentionScore,AI_CORE,AI_CORE,1704161511591485.250,76.561,6.125,24,"[[1,1024],[1024,4096]]","[[1,4096]]",0.18,0.44
0,RmsNorm,AI_VECTOR_CORE,AI_VECTOR_CORE,1704161511591561.750,27.513,2.201,24,"[[1,1024],[1024,4096]]","[[1,4096]]",0.05,0.3
0,MatMulV2,AI_CORE,AI_CORE,1704161511591589.250,119.680,9.574,24,"[[1,1024],[1024,4096]]","[[1,4096]]",0.18,0.44
0,FusedInferAttentionScore,AI_CORE,AI_CORE,1704161511591709.000,72.278,5.782,24,"[[1,1024],[1024,4096]]","[[1,4096]]",0.18,0.44
0,RmsNorm,AI_VECTOR_CORE,AI_VECTOR_CORE,1704161511591781.250,21.995,1.760,24,"[[1,1024],[1024,4096]]","[[1,4096]]",0.05,0.3
0,MatMulV2,AI_CORE,AI_CORE,1704161511591803.250,125.040,10.003,24,"[[1,1024],[1024,4096]]","[[1,4096]]",0.18,0.44
0,FusedInferAttentionScore,AI_CORE,AI_CORE,1704161511591928.250,75.863,6.069,24,"[[1,1024],[1024,4096]]","[[1,4096]]",0.18,0.44
0,RmsNorm,AI_VECTOR_CORE,AI_VECTOR_CORE,1704161511592004.000,26.120,2.090,24,"[[1,1024],[1024,4096]]","[[1,4096]]",0.05,0.3
0,MatMulV2,AI_CORE,AI_CORE,1704161511592030.000,118.789,9.503,24,"[[1,1024],[1024,4096]]","[[1,4096]]",0.18,0.44
0,FusedInferAttentionScore,AI_CORE,AI_CORE,1704161511592148.750,68.583,5.487,24,"[[1,1024],[1024,4096]]","[[1,4096]]",0.18,0.44
0,RmsNorm,AI_VECTOR_CORE,AI_VECTOR_CORE,1704161511592217.250,23.612,1.889,24,"[[1,1024],[1024,4096]]","[[1,4096]]",0.05,0.3
0,MatMulV2,AI_CORE,AI_CORE,1704161511592240.750,112.157,8.973,24,"[[1,1024],[1024,4096]]","[[1,4096]]",0.18,0.44
0,FusedInferAttentionScore,AI_CORE,AI_CORE,1704161511592353.000,63.549,5.084,24,"[[1,1024],[1024,4096]]","[[1,4096]]",0.18,0.44
0,RmsNorm,AI_VECTOR_CORE,AI_VECTOR_CORE,1704161511592416.500,27.173,2.174,24,"[[1,1024],[1024,4096]]","[[1,4096]]",0.05,0.3
0,MatMulV2,AI_CORE,AI_CORE,1704161511592443.750,130.937,10.475,24,"[[1,1024],[1024,4096]]","[[1,4096]]",0.18,0.44
0,FusedInferAttentionScore,AI_CORE,AI_CORE,1704161511592574.750,75.430,6.034,24,"[[1,1024],[1024,4096]]","[[1,4096]]",0.18,0.44
0,RmsNorm,AI_VECTOR_CORE,AI_VECTOR_CORE,1704161511592650.250,24.265,1.941,24,"[[1,1024],[1024,4096]]","[[1,4096]]",0.05,0.3
0,MatMulV2,AI_CORE,AI_CORE,1704161511592674.500,120.126,9.610,24,"[[1,1024],[1024,4096]]","[[1,4096]]",0.18,0.44
0,FusedInferAttentionScore,AI_CORE,AI_CORE,1704161511592794.750,67.175,5.374,24,"[[1,1024],[1024,4096]]","[[1,4096]]",0.18,0.44
0,RmsNorm,AI_VECTOR_CORE,AI_VECTOR_CORE,1704161511592862.000,20.183,1.615,24,"[[1,1024],[1024,4096]]","[[1,4096]]",0.05,0.3
0,MatMulV2,AI_CORE,AI_CORE,1704161511592882.250,127.224,10.178,24,"[[1,1024],[1024,4096]]","[[1,4096]]",0.18,0.44
0,FusedInferAttentionScore,AI_CORE,AI_CORE,1704161511593009.500,70.796,5.664,24,"[[1,1024],[1024,4096]]","[[1,4096]]",0.18,0.44
0,RmsNorm,AI_VECTOR_CORE,AI_VECTOR_CORE,1704161511593080.250,24.956,1.996,24,"[[1,1024],[1024,4096]]","[[1,4096]]",0.05,0.3
0,MatMulV2,AI_CORE,AI_CORE,1704161511593105.250,131.550,10.524,24,"[[1,1024],[1024,4096]]","[[1,4096]]",0.18,0.44
0,FusedInferAttentionScore,AI_CORE,AI_CORE,1704161511593236.750,66.853,5.348,24,"[[1,1024],[1024,4096]]","[[1,4096]]",0.18,0.44
0,RmsNorm,AI_VECTOR_CORE,AI_VECTOR_CORE,1704161511593303.500,25.034,2.003,24,"[[1,1024],[1024,4096]]","[[1,4096]]",0.05,0.3
0,MatMulV2,AI_CORE,AI_CORE,1704161511593328.500,116.956,9.356,24,"[[1,1024],[1024,4096]]","[[1,4096]]",0.18,0.44
0,FusedInferAttentionScore,AI_CORE,AI_CORE,1704161511593445.500,64.689,5.175,24,"[[1,1024],[1024,4096]]","[[1,4096]]",0.18,0.44
0,RmsNorm,AI_VECTOR_CORE,AI_VECTOR_CORE,1704161511593510.250,21.515,1.721,24,"[[1,1024],[1024,4096]]","[[1,4096]]",0.05,0.3
0,MatMulV2,AI_CORE,AI_CORE,1704161511593531.750,127.322,10.186,24,"[[1,1024],[1024,4096]]","[[1,4096]]",0.18,0.44
0,FusedInferAttentionScore,AI_CORE,AI_CORE,1704161511593659.000,73.046,5.844,24,"[[1,1024],[1024,4096]]","[[1,4096]]",0.18,0.44
0,RmsNorm,AI_VECTOR_CORE,AI_VECTOR_CORE,1704161511593732.000,27.047,2.164,24,"[[1,1024],[1024,4096]]","[[1,4096]]",0.05,0.3
0,MatMulV2,AI_CORE,AI_CORE,1704161511593759.000,122.188,9.775,24,"[[1,1024],[1024,4096]]","[[1,4096]]",0.18,0.44
0,FusedInferAttentionScore,AI_CORE,AI_CORE,1704161511593881.250,74.129,5.930,24,"[[1,1024],[1024,4096]]","[[1,4096]]",0.18,0.44
0,RmsNorm,AI_VECTOR_CORE,AI_VECTOR_CORE,1704161511593955.500,21.573,1.726,24,"[[1,1024],[1024,4096]]","[[1,4096]]",0.05,0.3
0,MatMulV2,AI_CORE,AI_CORE,1704161511593977.000,127.922,10.234,24,"[[1,1024],[1024,4096]]","[[1,4096]]",0.18,0.44
0,FusedInferAttentionScore,AI_CORE,AI_CORE,1704161511594105.000,75.732,6.059,24,"[[1,1024],[1024,4096]]","[[1,4096]]",0.18,0.44
0,RmsNorm,AI_VECTOR_CORE,AI_VECTOR_CORE,1704161511594180.750,23.053,1.844,24,"[[1,1024],[1024,4096]]","[[1,4096]]",0.05,0.3
0,MatMulV2,AI_CORE,AI_CORE,1704161511594203.750,129.775,10.382,24,"[[1,1024],[1024,4096]]","[[1,4096]]",0.18,0.44
0,FusedInferAttentionScore,AI_CORE,AI_CORE,1704161511594333.500,67.501,5.400,24,"[[1,1024],[1024,4096]]","[[1,4096]]",0.18,0.44
0,RmsNorm,AI_VECTOR_CORE,AI_VECTOR_CORE,1704161511594401.000,28.528,2.282,24,"[[1,1024],[1024,4096]]","[[1,4096]]",0.05,0.3
0,MatMulV2,AI_CORE,AI_CORE,1704161511594429.500,116.216,9.297,24,"[[1,1024],[1024,4096]]","[[1,4096]]",0.18,0.44
0,FusedInferAttentionScore,AI_CORE,AI_CORE,1704161511594545.750,74.948,5.996,24,"[[1,1024],[1024,4096]]","[[1,4096]]",0.18,0.44
0,RmsNorm,AI_VECTOR_CORE,AI_VECTOR_CORE,1704161511594620.750,24.859,1.989,24,"[[1,1024],[1024,4096]]","[[1,4096]]",0.05,0.3
0,MatMulV2,AI_CORE,AI_CORE,1704161511594645.500,116.916,9.353,24,"[[1,1024],[1024,4096]]","[[1,4096]]",0.18,0.44
0,FusedInferAttentionScore,AI_CORE,AI_CORE,1704161511594762.500,74.288,5.943,24,"[[1,1024],[1024,4096]]","[[1,4096]]",0.18,0.44
0,RmsNorm,AI_VECTOR_CORE,AI_VECTOR_CORE,1704161511594836.750,21.314,1.705,24,"[[1,1024],[1024,4096]]","[[1,4096]]",0.05,0.3
0,MatMulV2,AI_CORE,AI_CORE,1704161511594858.000,129.751,10.380,24,"[[1,1024],[1024,4096]]","[[1,4096]]",0.18,0.44
0,FusedInferAttentionScore,AI_CORE,AI_CORE,1704161511594987.750,66.712,5.337,24,"[[1,1024],[1024,4096]]","[[1,4096]]",0.18,0.44
0,RmsNorm,AI_VECTOR_CORE,AI_VECTOR_CORE,1704161511595054.500,20.120,1.610,24,"[[1,1024],[1024,4096]]","[[1,4096]]",0.05,0.3
0,MatMulV2,AI_CORE,AI_CORE,1704161511595074.500,126.204,10.096,24,"[[1,1024],[1024,4096]]","[[1,4096]]",0.18,0.44
0,FusedInferAttentionScore,AI_CORE,AI_CORE,1704161511595200.750,68.176,5.454,24,"[[1,1024],[1024,4096]]","[[1,4096]]",0.18,0.44
0,RmsNorm,AI_VECTOR_CORE,AI_VECTOR_CORE,1704161511595269.000,25.971,2.078,24,"[[1,1024],[1024,4096]]","[[1,4096]]",0.05,0.3
0,MatMulV2,AI_CORE,AI_CORE,1704161511595295.000,114.549,9.164,24,"[[1,1024],[1024,4096]]","[[1,4096]]",0.18,0.44
0,FusedInferAttentionScore,AI_CORE,AI_CORE,1704161511595409.500,68.310,5.465,24,"[[1,1024],[1024,4096]]","[[1,4096]]",0.18,0.44
0,RmsNorm,AI_VECTOR_CORE,AI_VECTOR_CORE,1704161511595477.750,25.003,2.000,24,"[[1,1024],[1024,4096]]","[[1,4096]]",0.05,0.3
0,MatMulV2,AI_CORE,AI_CORE,1704161511595502.750,126.169,10.094,24,"[[1,1024],[1024,4096]]","[[1,4096]]",0.18,0.44
0,FusedInferAttentionScore,AI_CORE,AI_CORE,1704161511595629.000,71.533,5.723,24,"[[1,1024],[1024,4096]]","[[1,4096]]",0.18,0.44
0,RmsNorm,AI_VECTOR_CORE,AI_VECTOR_CORE,1704161511595700.500,19.813,1.585,24,"[[1,1024],[1024,4096]]","[[1,4096]]",0.05,0.3
0,MatMulV2,AI_CORE,AI_CORE,1704161511595720.250,116.411,9.313,24,"[[1,1024],[1024,4096]]","[[1,4096]]",0.18,0.44
0,FusedInferAttentionScore,AI_CORE,AI_CORE,1704161511595836.750,70.969,5.678,24,"[[1,1024],[1024,4096]]","[[1,4096]]",0.18,0.44
0,RmsNorm,AI_VECTOR_CORE,AI_VECTOR_CORE,1704161511595907.750,27.059,2.165,24,"[[1,1024],[1024,4096]]","[[1,4096]]",0.05,0.3
0,MatMulV2,AI_CORE,AI_CORE,1704161511595934.750,113.329,9.066,24,"[[1,1024],[1024,4096]]","[[1,4096]]",0.18,0.44
0,FusedInferAttentionScore,AI_CORE,AI_CORE,1704161511596048.000,75.266,6.021,24,"[[1,1024],[1024,4096]]","[[1,4096]]",0.18,0.44
0,RmsNorm,AI_VECTOR_CORE,AI_VECTOR_CORE,1704161511596123.250,23.396,1.872,24,"[[1,1024],[1024,4096]]","[[1,4096]]",0.05,0.3
0,MatMulV2,AI_CORE,AI_CORE,1704161511596146.750,113.707,9.097,24,"[[1,1024],[1024,4096]]","[[1,4096]]",0.18,0.44
0,FusedInferAttentionScore,AI_CORE,AI_CORE,1704161511596260.500,73.896,5.912,24,"[[1,1024],[1024,4096]]","[[1,4096]]",0.18,0.44
0,RmsNorm,AI_VECTOR_CORE,AI_VECTOR_CORE,1704161511596334.500,19.894,1.591,24,"[[1,1024],[1024,4096]]","[[1,4096]]",0.05,0.3
0,MatMulV2,AI_CORE,AI_CORE,1704161511596354.500,119.731,9.578,24,"[[1,1024],[1024,4096]]","[[1,4096]]",0.18,0.44
0,FusedInferAttentionScore,AI_CORE,AI_CORE,1704161511596474.250,68.050,5.444,24,"[[1,1024],[1024,4096]]","[[1,4096]]",0.18,0.44
0,RmsNorm,AI_VECTOR_CORE,AI_VECTOR_CORE,1704161511596542.250,25.090,2.007,24,"[[1,1024],[1024,4096]]","[[1,4096]]",0.05,0.3
0,MatMulV2,AI_CORE,AI_CORE,1704161511601400.000,113.075,9.046,24,"[[1,1024],[1024,4096]]","[[1,4096]]",0.18,0.44
0,FusedInferAttentionScore,AI_CORE,AI_CORE,1704161511601513.000,65.629,5.250,24,"[[1,1024],[1024,4096]]","[[1,4096]]",0.18,0.44
0,RmsNorm,AI_VECTOR_CORE,AI_VECTOR_CORE,1704161511601578.750,21.654,1.732,24,"[[1,1024],[1024,4096]]","[[1,4096]]",0.05,0.3
0,MatMulV2,AI_CORE,AI_CORE,1704161511601860.500,127.564,10.205,24,"[[1,1024],[1024,4096]]","[[1,4096]]",0.18,0.44
0,FusedInferAttentionScore,AI_CORE,AI_CORE,1704161511601988.000,66.278,5.302,24,"[[1,1024],[1024,4096]]","[[1,4096]]",0.18,0.44
0,RmsNorm,AI_VECTOR_CORE,AI_VECTOR_CORE,1704161511602054.250,21.028,1.682,24,"[[1,1024],[1024,4096]]","[[1,4096]]",0.05,0.3
0,MatMulV2,AI_CORE,AI_CORE,1704161511602075.250,120.221,9.618,24,"[[1,1024],[1024,4096]]","[[1,4096]]",0.18,0.44
0,FusedInferAttentionScore,AI_CORE,AI_CORE,1704161511602195.500,75.191,6.015,24,"[[1,1024],[1024,4096]]","[[1,4096]]",0.18,0.44
0,RmsNorm,AI_VECTOR_CORE,AI_VECTOR_CORE,1704161511602270.750,20.451,1.636,24,"[[1,1024],[1024,4096]]","[[1,4096]]",0.05,0.3
0,MatMulV2,AI_CORE,AI_CORE,1704161511602291.250,113.085,9.047,24,"[[1,1024],[1024,4096]]","[[1,4096]]",0.18,0.44
0,FusedInferAttentionScore,AI_CORE,AI_CORE,1704161511602404.250,63.228,5.058,24,"[[1,1024],[1024,4096]]","[[1,4096]]",0.18,0.44
0,RmsNorm,AI_VECTOR_CORE,AI_VECTOR_CORE,1704161511602467.500,20.018,1.601,24,"[[1,1024],[1024,4096]]","[[1,4096]]",0.05,0.3
0,MatMulV2,AI_CORE,AI_CORE,1704161511602487.500,122.311,9.785,24,"[[1,1024],[1024,4096]]","[[1,4096]]",0.18,0.44
0,FusedInferAttentionScore,AI_CORE,AI_CORE,1704161511602609.750,66.435,5.315,24,"[[1,1024],[1024,4096]]","[[1,4096]]",0.18,0.44
0,RmsNorm,AI_VECTOR_CORE,AI_VECTOR_CORE,1704161511602676.250,24.389,1.951,24,"[[1,1024],[1024,4096]]","[[1,4096]]",0.05,0.3
0,MatMulV2,AI_CORE,AI_CORE,1704161511602700.750,121.024,9.682,24,"[[1,1024],[1024,4096]]","[[1,4096]]",0.18,0.44
0,FusedInferAttentionScore,AI_CORE,AI_CORE,1704161511602821.750,68.369,5.470,24,"[[1,1024],[1024,4096]]","[[1,4096]]",0.18,0.44
0,RmsNorm,AI_VECTOR_CORE,AI_VECTOR_CORE,1704161511602890.000,24.255,1.940,24,"[[1,1024],[1024,4096]]","[[1,4096]]",0.05,0.3
0,MatMulV2,AI_CORE,AI_CORE,1704161511602914.250,110.278,8.822,24,"[[1,1024],[1024,4096]]","[[1,4096]]",0.18,0.44
0,FusedInferAttentionScore,AI_CORE,AI_CORE,1704161511603024.500,65.302,5.224,24,"[[1,1024],[1024,4096]]","[[1,4096]]",0.18,0.44
0,RmsNorm,AI_VECTOR_CORE,AI_VECTOR_CORE,1704161511603089.750,19.333,1.547,24,"[[1,1024],[1024,4096]]","[[1,4096]]",0.05,0.3
0,MatMulV2,AI_CORE,AI_CORE,1704161511603109.000,117.012,9.361,24,"[[1,1024],[1024,4096]]","[[1,4096]]",0.18,0.44
0,FusedInferAttentionScore,AI_CORE,AI_CORE,1704161511603226.000,74.791,5.983,24,"[[1,1024],[1024,4096]]","[[1,4096]]",0.18,0.44
0,RmsNorm,AI_VECTOR_CORE,AI_VECTOR_CORE,1704161511603300.750,21.225,1.698,24,"[[1,1024],[1024,4096]]","[[1,4096]]",0.05,0.3
0,MatMulV2,AI_CORE,AI_CORE,1704161511603322.000,111.880,8.950,24,"[[1,1024],[1024,4096]]","[[1,4096]]",0.18,0.44
0,FusedInferAttentionScore,AI_CORE,AI_CORE,1704161511603434.000,75.570,6.046,24,"[[1,1024],[1024,4096]]","[[1,4096]]",0.18,0.44
0,RmsNorm,AI_VECTOR_CORE,AI_VECTOR_CORE,1704161511603509.500,24.901,1.992,24,"[[1,1024],[1024,4096]]","[[1,4096]]",0.05,0.3
0,MatMulV2,AI_CORE,AI_CORE,1704161511603534.500,109.810,8.785,24,"[[1,1024],[1024,4096]]","[[1,4096]]",0.18,0.44
0,FusedInferAttentionScore,AI_CORE,AI_CORE,1704161511603644.250,66.234,5.299,24,"[[1,1024],[1024,4096]]","[[1,4096]]",0.18,0.44
0,RmsNorm,AI_VECTOR_CORE,AI_VECTOR_CORE,1704161511603710.500,26.358,2.109,24,"[[1,1024],[1024,4096]]","[[1,4096]]",0.05,0.3
0,MatMulV2,AI_CORE,AI_CORE,1704161511603736.750,122.190,9.775,24,"[[1,1024],[1024,4096]]","[[1,4096]]",0.18,0.44
0,FusedInferAttentionScore,AI_CORE,AI_CORE,1704161511603859.000,69.696,5.576,24,"[[1,1024],[1024,4096]]","[[1,4096]]",0.18,0.44
0,RmsNorm,AI_VECTOR_CORE,AI_VECTOR_CORE,1704161511603928.750,22.398,1.792,24,"[[1,1024],[1024,4096]]","[[1,4096]]",0.05,0.3
0,MatMulV2,AI_CORE,AI_CORE,1704161511603951.250,115.545,9.244,24,"[[1,1024],[1024,4096]]","[[1,4096]]",0.18,0.44
0,FusedInferAttentionScore,AI_CORE,AI_CORE,1704161511604066.750,67.865,5.429,24,"[[1,1024],[1024,4096]]","[[1,4096]]",0.18,0.44
0,RmsNorm,AI_VECTOR_CORE,AI_VECTOR_CORE,1704161511604134.500,26.874,2.150,24,"[[1,1024],[1024,4096]]","[[1,4096]]",0.05,0.3
0,MatMulV2,AI_CORE,AI_CORE,1704161511604161.250,113.577,9.086,24,"[[1,1024],[1024,4096]]","[[1,4096]]",0.18,0.44
0,FusedInferAttentionScore,AI_CORE,AI_CORE,1704161511604274.750,64.533,5.163,24,"[[1,1024],[1024,4096]]","[[1,4096]]",0.18,0.44
0,RmsNorm,AI_VECTOR_CORE,AI_VECTOR_CORE,1704161511604339.250,24.968,1.997,24,"[[1,1024],[1024,4096]]","[[1,4096]]",0.05,0.3
0,MatMulV2,AI_CORE,AI_CORE,1704161511604364.250,129.448,10.356,24,"[[1,1024],[1024,4096]]","[[1,4096]]",0.18,0.44
0,FusedInferAttentionScore,AI_CORE,AI_CORE,1704161511604493.750,71.929,5.754,24,"[[1,1024],[1024,4096]]","[[1,4096]]",0.18,0.44
0,RmsNorm,AI_VECTOR_CORE,AI_VECTOR_CORE,1704161511604565.750,19.826,1.586,24,"[[1,1024],[1024,4096]]","[[1,4096]]",0.05,0.3
0,MatMulV2,AI_CORE,AI_CORE,1704161511604585.500,125.188,10.015,24,"[[1,1024],[1024,4096]]","[[1,4096]]",0.18,0.44
0,FusedInferAttentionScore,AI_CORE,AI_CORE,1704161511604710.750,71.913,5.753,24,"[[1,1024],[1024,4096]]","[[1,4096]]",0.18,0.44
0,RmsNorm,AI_VECTOR_CORE,AI_VECTOR_CORE,1704161511604782.750,21.133,1.691,24,"[[1,1024],[1024,4096]]","[[1,4096]]",0.05,0.3
0,MatMulV2,AI_CORE,AI_CORE,1704161511604804.000,129.082,10.327,24,"[[1,1024],[1024,4096]]","[[1,4096]]",0.18,0.44
0,FusedInferAttentionScore,AI_CORE,AI_CORE,1704161511604933.000,76.277,6.102,24,"[[1,1024],[1024,4096]]","[[1,4096]]",0.18,0.44
0,RmsNorm,AI_VECTOR_CORE,AI_VECTOR_CORE,1704161511605009.250,19.543,1.563,24,"[[1,1024],[1024,4096]]","[[1,4096]]",0.05,0.3
0,MatMulV2,AI_CORE,AI_CORE,1704161511605028.750,119.938,9.595,24,"[[1,1024],[1024,4096]]","[[1,4096]]",0.18,0.44
0,FusedInferAttentionScore,AI_CORE,AI_CORE,1704161511605148.750,64.121,5.130,24,"[[1,1024],[1024,4096]]","[[1,4096]]",0.18,0.44
0,RmsNorm,AI_VECTOR_CORE,AI_VECTOR_CORE,1704161511605212.750,22.140,1.771,24,"[[1,1024],[1024,4096]]","[[1,4096]]",0.05,0.3
0,MatMulV2,AI_CORE,AI_CORE,1704161511605235.000,109.083,8.727,24,"[[1,1024],[1024,4096]]","[[1,4096]]",0.18,0.44
0,FusedInferAttentionScore,AI_CORE,AI_CORE,1704161511605344.000,67.772,5.422,24,"[[1,1024],[1024,4096]]","[[1,4096]]",0.18,0.44
0,RmsNorm,AI_VECTOR_CORE,AI_VECTOR_CORE,1704161511605411.750,24.872,1.990,24,"[[1,1024],[1024,4096]]","[[1,4096]]",0.05,0.3
0,MatMulV2,AI_CORE,AI_CORE,1704161511605436.500,112.990,9.039,24,"[[1,1024],[1024,4096]]","[[1,4096]]",0.18,0.44
0,FusedInferAttentionScore,AI_CORE,AI_CORE,1704161511605549.500,66.225,5.298,24,"[[1,1024],[1024,4096]]","[[1,4096]]",0.18,0.44
0,RmsNorm,AI_VECTOR_CORE,AI_VECTOR_CORE,1704161511605615.750,21.101,1.688,24,"[[1,1024],[1024,4096]]","[[1,4096]]",0.05,0.3
0,MatMulV2,AI_CORE,AI_CORE,1704161511605636.750,123.388,9.871,24,"[[1,1024],[1024,4096]]","[[1,4096]]",0.18,0.44
0,FusedInferAttentionScore,AI_CORE,AI_CORE,1704161511605760.250,76.558,6.125,24,"[[1,1024],[1024,4096]]","[[1,4096]]",0.18,0.44
0,RmsNorm,AI_VECTOR_CORE,AI_VECTOR_CORE,1704161511605836.750,23.028,1.842,24,"[[1,1024],[1024,4096]]","[[1,4096]]",0.05,0.3
0,MatMulV2,AI_CORE,AI_CORE,1704161511605859.750,115.742,9.259,24,"[[1,1024],[1024,4096]]","[[1,4096]]",0.18,0.44
0,FusedInferAttentionScore,AI_CORE,AI_CORE,1704161511605975.500,67.300,5.384,24,"[[1,1024],[1024,4096]]","[[1,4096]]",0.18,0.44
0,RmsNorm,AI_VECTOR_CORE,AI_VECTOR_CORE,1704161511606042.750,27.140,2.171,24,"[[1,1024],[1024,4096]]","[[1,4096]]",0.05,0.3
0,MatMulV2,AI_CORE,AI_CORE,1704161511606070.000,118.976,9.518,24,"[[1,1024],[1024,4096]]","[[1,4096]]",0.18,0.44
0,FusedInferAttentionScore,AI_CORE,AI_CORE,1704161511606189.000,63.221,5.058,24,"[[1,1024],[1024,4096]]","[[1,4096]]",0.18,0.44
0,RmsNorm,AI_VECTOR_CORE,AI_VECTOR_CORE,1704161511606252.250,20.430,1.634,24,"[[1,1024],[1024,4096]]","[[1,4096]]",0.05,0.3
0,MatMulV2,AI_CORE,AI_CORE,1704161511606272.750,111.310,8.905,24,"[[1,1024],[1024,4096]]","[[1,4096]]",0.18,0.44
0,FusedInferAttentionScore,AI_CORE,AI_CORE,1704161511606384.000,72.511,5.801,24,"[[1,1024],[1024,4096]]","[[1,4096]]",0.18,0.44
0,RmsNorm,AI_VECTOR_CORE,AI_VECTOR_CORE,1704161511606456.500,20.935,1.675,24,"[[1,1024],[1024,4096]]","[[1,4096]]",0.05,0.3
0,MatMulV2,AI_CORE,AI_CORE,1704161511606477.500,113.096,9.048,24,"[[1,1024],[1024,4096]]","[[1,4096]]",0.18,0.44
0,FusedInferAttentionScore,AI_CORE,AI_CORE,1704161511606590.500,72.811,5.825,24,"[[1,1024],[1024,4096]]","[[1,4096]]",0.18,0.44
0,RmsNorm,AI_VECTOR_CORE,AI_VECTOR_CORE,1704161511606663.250,23.751,1.900,24,"[[1,1024],[1024,4096]]","[[1,4096]]",0.05,0.3
0,MatMulV2,AI_CORE,AI_CORE,1704161511606687.000,109.512,8.761,24,"[[1,1024],[1024,4096]]","[[1,4096]]",0.18,0.44
0,FusedInferAttentionScore,AI_CORE,AI_CORE,1704161511606796.500,72.081,5.766,24,"[[1,1024],[1024,4096]]","[[1,4096]]",0.18,0.44
0,RmsNorm,AI_VECTOR_CORE,AI_VECTOR_CORE,1704161511606868.500,23.663,1.893,24,"[[1,1024],[1024,4096]]","[[1,4096]]",0.05,0.3
0,MatMulV2,AI_CORE,AI_CORE,1704161511606892.250,114.006,9.121,24,"[[1,1024],[1024,4096]]","[[1,4096]]",0.18,0.44
0,FusedInferAttentionScore,AI_CORE,AI_CORE,1704161511607006.250,67.748,5.420,24,"[[1,1024],[1024,4096]]","[[1,4096]]",0.18,0.44
0,RmsNorm,AI_VECTOR_CORE,AI_VECTOR_CORE,1704161511607074.000,28.756,2.300,24,"[[1,1024],[1024,4096]]","[[1,4096]]",0.05,0.3
0,MatMulV2,AI_CORE,AI_CORE,1704161511607102.750,113.353,9.068,24,"[[1,1024],[1024,4096]]","[[1,4096]]",0.18,0.44
0,FusedInferAttentionScore,AI_CORE,AI_CORE,1704161511607216.000,67.131,5.371,24,"[[1,1024],[1024,4096]]","[[1,4096]]",0.18,0.44
0,RmsNorm,AI_VECTOR_CORE,AI_VECTOR_CORE,1704161511607283.250,20.140,1.611,24,"[[1,1024],[1024,4096]]","[[1,4096]]",0.05,0.3
0,MatMulV2,AI_CORE,AI_CORE,1704161511607303.500,121.206,9.696,24,"[[1,1024],[1024,4096]]","[[1,4096]]",0.18,0.44
0,FusedInferAttentionScore,AI_CORE,AI_CORE,1704161511607424.750,69.594,5.568,24,"[[1,1024],[1024,4096]]","[[1,4096]]",0.18,0.44
0,RmsNorm,AI_VECTOR_CORE,AI_VECTOR_CORE,1704161511607494.250,26.552,2.124,24,"[[1,1024],[1024,4096]]","[[1,4096]]",0.05,0.3
0,MatMulV2,AI_CORE,AI_CORE,1704161511607520.750,117.011,9.361,24,"[[1,1024],[1024,4096]]","[[1,4096]]",0.18,0.44
0,FusedInferAttentionScore,AI_CORE,AI_CORE,1704161511607637.750,68.395,5.472,24,"[[1,1024],[1024,4096]]","[[1,4096]]",0.18,0.44
0,RmsNorm,AI_VECTOR_CORE,AI_VECTOR_CORE,1704161511607706.250,24.172,1.934,24,"[[1,1024],[1024,4096]]","[[1,4096]]",0.05,0.3
0,MatMulV2,AI_CORE,AI_CORE,1704161511607730.500,109.170,8.734,24,"[[1,1024],[1024,4096]]","[[1,4096]]",0.18,0.44
0,FusedInferAttentionScore,AI_CORE,AI_CORE,1704161511607839.750,63.712,5.097,24,"[[1,1024],[1024,4096]]","[[1,4096]]",0.18,0.44
0,RmsNorm,AI_VECTOR_CORE,AI_VECTOR_CORE,1704161511607903.500,27.226,2.178,24,"[[1,1024],[1024,4096]]","[[1,4096]]",0.05,0.3
0,MatMulV2,AI_CORE,AI_CORE,1704161511607930.750,111.317,8.905,24,"[[1,1024],[1024,4096]]","[[1,4096]]",0.18,0.44
0,FusedInferAttentionScore,AI_CORE,AI_CORE,1704161511608042.000,67.806,5.425,24,"[[1,1024],[1024,4096]]","[[1,4096]]",0.18,0.44
0,RmsNorm,AI_VECTOR_CORE,AI_VECTOR_CORE,1704161511608109.750,26.893,2.151,24,"[[1,1024],[1024,4096]]","[[1,4096]]",0.05,0.3
0,MatMulV2,AI_CORE,AI_CORE,1704161511608136.750,114.584,9.167,24,"[[1,1024],[1024,4096]]","[[1,4096]]",0.18,0.44
0,FusedInferAttentionScore,AI_CORE,AI_CORE,1704161511608251.250,72.789,5.823,24,"[[1,1024],[1024,4096]]","[[1,4096]]",0.18,0.44
0,RmsNorm,AI_VECTOR_CORE,AI_VECTOR_CORE,1704161511608324.000,24.095,1.928,24,"[[1,1024],[1024,4096]]","[[1,4096]]",0.05,0.3
0,MatMulV2,AI_CORE,AI_CORE,1704161511613400.000,114.628,9.170,24,"[[1,1024],[1024,4096]]","[[1,4096]]",0.18,0.44
0,FusedInferAttentionScore,AI_CORE,AI_CORE,1704161511613514.750,72.800,5.824,24,"[[1,1024],[1024,4096]]","[[1,4096]]",0.18,0.44
0,RmsNorm,AI_VECTOR_CORE,AI_VECTOR_CORE,1704161511613587.500,25.562,2.045,24,"[[1,1024],[1024,4096]]","[[1,4096]]",0.05,0.3
0,MatMulV2,AI_CORE,AI_CORE,1704161511613873.000,116.588,9.327,24,"[[1,1024],[1024,4096]]","[[1,4096]]",0.18,0.44
0,FusedInferAttentionScore,AI_CORE,AI_CORE,1704161511613989.500,70.463,5.637,24,"[[1,1024],[1024,4096]]","[[1,4096]]",0.18,0.44
0,RmsNorm,AI_VECTOR_CORE,AI_VECTOR_CORE,1704161511614060.000,25.112,2.009,24,"[[1,1024],[1024,4096]]","[[1,4096]]",0.05,0.3
0,MatMulV2,AI_CORE,AI_CORE,1704161511614085.000,108.235,8.659,24,"[[1,1024],[1024,4096]]","[[1,4096]]",0.18,0.44
0,FusedInferAttentionScore,AI_CORE,AI_CORE,1704161511614193.250,73.541,5.883,24,"[[1,1024],[1024,4096]]","[[1,4096]]",0.18,0.44
0,RmsNorm,AI_VECTOR_CORE,AI_VECTOR_CORE,1704161511614266.750,22.338,1.787,24,"[[1,1024],[1024,4096]]","[[1,4096]]",0.05,0.3
0,MatMulV2,AI_CORE,AI_CORE,1704161511614289.000,124.285,9.943,24,"[[1,1024],[1024,4096]]","[[1,4096]]",0.18,0.44
0,FusedInferAttentionScore,AI_CORE,AI_CORE,1704161511614413.250,64.800,5.184,24,"[[1,1024],[1024,4096]]","[[1,4096]]",0.18,0.44
0,RmsNorm,AI_VECTOR_CORE,AI_VECTOR_CORE,1704161511614478.000,20.604,1.648,24,"[[1,1024],[1024,4096]]","[[1,4096]]",0.05,0.3
0,MatMulV2,AI_CORE,AI_CORE,1704161511614498.500,111.761,8.941,24,"[[1,1024],[1024,4096]]","[[1,4096]]",0.18,0.44
0,FusedInferAttentionScore,AI_CORE,AI_CORE,1704161511614610.250,71.828,5.746,24,"[[1,1024],[1024,4096]]","[[1,4096]]",0.18,0.44
0,RmsNorm,AI_VECTOR_CORE,AI_VECTOR_CORE,1704161511614682.000,20.731,1.659,24,"[[1,1024],[1024,4096]]","[[1,4096]]",0.05,0.3
0,MatMulV2,AI_CORE,AI_CORE,1704161511614702.750,117.153,9.372,24,"[[1,1024],[1024,4096]]","[[1,4096]]",0.18,0.44
0,FusedInferAttentionScore,AI_CORE,AI_CORE,1704161511614820.000,66.859,5.349,24,"[[1,1024],[1024,4096]]","[[1,4096]]",0.18,0.44
0,RmsNorm,AI_VECTOR_CORE,AI_VECTOR_CORE,1704161511614886.750,21.724,1.738,24,"[[1,1024],[1024,4096]]","[[1,4096]]",0.05,0.3
0,MatMulV2,AI_CORE,AI_CORE,1704161511614908.500,131.121,10.490,24,"[[1,1024],[1024,4096]]","[[1,4096]]",0.18,0.44
0,FusedInferAttentionScore,AI_CORE,AI_CORE,1704161511615039.500,76.727,6.138,24,"[[1,1024],[1024,4096]]","[[1,4096]]",0.18,0.44
0,RmsNorm,AI_VECTOR_CORE,AI_VECTOR_CORE,1704161511615116.250,27.397,2.192,24,"[[1,1024],[1024,4096]]","[[1,4096]]",0.05,0.3
0,MatMulV2,AI_CORE,AI_CORE,1704161511615143.750,120.645,9.652,24,"[[1,1024],[1024,4096]]","[[1,4096]]",0.18,0.44
0,FusedInferAttentionScore,AI_CORE,AI_CORE,1704161511615264.500,69.154,5.532,24,"[[1,1024],[1024,4096]]","[[1,4096]]",0.18,0.44
0,RmsNorm,AI_VECTOR_CORE,AI_VECTOR_CORE,1704161511615333.750,22.450,1.796,24,"[[1,1024],[1024,4096]]","[[1,4096]]",0.05,0.3
0,MatMulV2,AI_CORE,AI_CORE,1704161511615356.250,112.459,8.997,24,"[[1,1024],[1024,4096]]","[[1,4096]]",0.18,0.44
0,FusedInferAttentionScore,AI_CORE,AI_CORE,1704161511615468.750,67.108,5.369,24,"[[1,1024],[1024,4096]]","[[1,4096]]",0.18,0.44
0,RmsNorm,AI_VECTOR_CORE,AI_VECTOR_CORE,1704161511615535.750,27.937,2.235,24,"[[1,1024],[1024,4096]]","[[1,4096]]",0.05,0.3
0,MatMulV2,AI_CORE,AI_CORE,1704161511615563.750,125.684,10.055,24,"[[1,1024],[1024,4096]]","[[1,4096]]",0.18,0.44
0,FusedInferAttentionScore,AI_CORE,AI_CORE,1704161511615689.500,64.427,5.154,24,"[[1,1024],[1024,4096]]","[[1,4096]]",0.18,0.44
0,RmsNorm,AI_VECTOR_CORE,AI_VECTOR_CORE,1704161511615754.000,22.081,1.766,24,"[[1,1024],[1024,4096]]","[[1,4096]]",0.05,0.3
0,MatMulV2,AI_CORE,AI_CORE,1704161511615776.000,117.506,9.400,24,"[[1,1024],[1024,4096]]","[[1,4096]]",0.18,0.44
0,FusedInferAttentionScore,AI_CORE,AI_CORE,1704161511615893.500,75.457,6.037,24,"[[1,1024],[1024,4096]]","[[1,4096]]",0.18,0.44
0,RmsNorm,AI_VECTOR_CORE,AI_VECTOR_CORE,1704161511615969.000,23.591,1.887,24,"[[1,1024],[1024,4096]]","[[1,4096]]",0.05,0.3
0,MatMulV2,AI_CORE,AI_CORE,1704161511615992.500,111.778,8.942,24,"[[1,1024],[1024,4096]]","[[1,4096]]",0.18,0.44
0,FusedInferAttentionScore,AI_CORE,AI_CORE,1704161511616104.250,66.892,5.351,24,"[[1,1024],[1024,4096]]","[[1,4096]]",0.18,0.44
0,RmsNorm,AI_VECTOR_CORE,AI_VECTOR_CORE,1704161511616171.250,22.624,1.810,24,"[[1,1024],[1024,4096]]","[[1,4096]]",0.05,0.3
0,MatMulV2,AI_CORE,AI_CORE,1704161511616193.750,110.444,8.836,24,"[[1,1024],[1024,4096]]","[[1,4096]]",0.18,0.44
0,FusedInferAttentionScore,AI_CORE,AI_CORE,1704161511616304.250,69.559,5.565,24,"[[1,1024],[1024,4096]]","[[1,4096]]",0.18,0.44
0,RmsNorm,AI_VECTOR_CORE,AI_VECTOR_CORE,1704161511616373.750,22.937,1.835,24,"[[1,1024],[1024,4096]]","[[1,4096]]",0.05,0.3
0,MatMulV2,AI_CORE,AI_CORE,1704161511616396.750,113.623,9.090,24,"[[1,1024],[1024,4096]]","[[1,4096]]",0.18,0.44
0,FusedInferAttentionScore,AI_CORE,AI_CORE,1704161511616510.250,71.355,5.708,24,"[[1,1024],[1024,4096]]","[[1,4096]]",0.18,0.44
0,RmsNorm,AI_VECTOR_CORE,AI_VECTOR_CORE,1704161511616581.500,19.597,1.568,24,"[[1,1024],[1024,4096]]","[[1,4096]]",0.05,0.3
0,MatMulV2,AI_CORE,AI_CORE,1704161511616601.000,124.263,9.941,24,"[[1,1024],[1024,4096]]","[[1,4096]]",0.18,0.44
0,FusedInferAttentionScore,AI_CORE,AI_CORE,1704161511616725.250,66.055,5.284,24,"[[1,1024],[1024,4096]]","[[1,4096]]",0.18,0.44
0,RmsNorm,AI_VECTOR_CORE,AI_VECTOR_CORE,1704161511616791.250,26.978,2.158,24,"[[1,1024],[1024,4096]]","[[1,4096]]",0.05,0.3
0,MatMulV2,AI_CORE,AI_CORE,1704161511616818.250,115.216,9.217,24,"[[1,1024],[1024,4096]]","[[1,4096]]",0.18,0.44
0,FusedInferAttentionScore,AI_CORE,AI_CORE,1704161511616933.500,76.215,6.097,24,"[[1,1024],[1024,4096]]","[[1,4096]]",0.18,0.44
0,RmsNorm,AI_VECTOR_CORE,AI_VECTOR_CORE,1704161511617009.750,24.614,1.969,24,"[[1,1024],[1024,4096]]","[[1,4096]]",0.05,0.3
0,MatMulV2,AI_CORE,AI_CORE,1704161511617034.250,110.620,8.850,24,"[[1,1024],[1024,4096]]","[[1,4096]]",0.18,0.44
0,FusedInferAttentionScore,AI_CORE,AI_CORE,1704161511617144.750,69.879,5.590,24,"[[1,1024],[1024,4096]]","[[1,4096]]",0.18,0.44
0,RmsNorm,AI_VECTOR_CORE,AI_VECTOR_CORE,1704161511617214.750,26.839,2.147,24,"[[1,1024],[1024,4096]]","[[1,4096]]",0.05,0.3
0,MatMulV2,AI_CORE,AI_CORE,1704161511617241.500,131.463,10.517,24,"[[1,1024],[1024,4096]]","[[1,4096]]",0.18,0.44
0,FusedInferAttentionScore,AI_CORE,AI_CORE,1704161511617373.000,72.328,5.786,24,"[[1,1024],[1024,4096]]","[[1,4096]]",0.18,0.44
0,RmsNorm,AI_VECTOR_CORE,AI_VECTOR_CORE,1704161511617445.250,23.784,1.903,24,"[[1,1024],[1024,4096]]","[[1,4096]]",0.05,0.3
0,MatMulV2,AI_CORE,AI_CORE,1704161511617469.000,121.199,9.696,24,"[[1,1024],[1024,4096]]","[[1,4096]]",0.18,0.44
0,FusedInferAttentionScore,AI_CORE,AI_CORE,1704161511617590.250,63.563,5.085,24,"[[1,1024],[1024,4096]]","[[1,4096]]",0.18,0.44
0,RmsNorm,AI_VECTOR_CORE,AI_VECTOR_CORE,1704161511617653.750,23.662,1.893,24,"[[1,1024],[1024,4096]]","[[1,4096]]",0.05,0.3
0,MatMulV2,AI_CORE,AI_CORE,1704161511617677.500,117.292,9.383,24,"[[1,1024],[1024,4096]]","[[1,4096]]",0.18,0.44
0,FusedInferAttentionScore,AI_CORE,AI_CORE,1704161511617794.750,67.761,5.421,24,"[[1,1024],[1024,4096]]","[[1,4096]]",0.18,0.44
0,RmsNorm,AI_VECTOR_CORE,AI_VECTOR_CORE,1704161511617862.500,25.504,2.040,24,"[[1,1024],[1024,4096]]","[[1,4096]]",0.05,0.3
0,MatMulV2,AI_CORE,AI_CORE,1704161511617888.000,124.570,9.966,24,"[[1,1024],[1024,4096]]","[[1,4096]]",0.18,0.44
0,FusedInferAttentionScore,AI_CORE,AI_CORE,1704161511618012.500,74.422,5.954,24,"[[1,1024],[1024,4096]]","[[1,4096]]",0.18,0.44
0,RmsNorm,AI_VECTOR_CORE,AI_VECTOR_CORE,1704161511618087.000,22.696,1.816,24,"[[1,1024],[1024,4096]]","[[1,4096]]",0.05,0.3
0,MatMulV2,AI_CORE,AI_CORE,1704161511618109.750,112.255,8.980,24,"[[1,1024],[1024,4096]]","[[1,4096]]",0.18,0.44
0,FusedInferAttentionScore,AI_CORE,AI_CORE,1704161511618222.000,64.406,5.153,24,"[[1,1024],[1024,4096]]","[[1,4096]]",0.18,0.44
0,RmsNorm,AI_VECTOR_CORE,AI_VECTOR_CORE,1704161511618286.500,24.851,1.988,24,"[[1,1024],[1024,4096]]","[[1,4096]]",0.05,0.3
0,MatMulV2,AI_CORE,AI_CORE,1704161511618311.250,130.549,10.444,24,"[[1,1024],[1024,4096]]","[[1,4096]]",0.18,0.44
0,FusedInferAttentionScore,AI_CORE,AI_CORE,1704161511618441.750,67.612,5.409,24,"[[1,1024],[1024,4096]]","[[1,4096]]",0.18,0.44
0,RmsNorm,AI_VECTOR_CORE,AI_VECTOR_CORE,1704161511618509.250,20.794,1.664,24,"[[1,1024],[1024,4096]]","[[1,4096]]",0.05,0.3
0,MatMulV2,AI_CORE,AI_CORE,1704161511618530.000,116.646,9.332,24,"[[1,1024],[1024,4096]]","[[1,4096]]",0.18,0.44
0,FusedInferAttentionScore,AI_CORE,AI_CORE,1704161511618646.750,70.481,5.638,24,"[[1,1024],[1024,4096]]","[[1,4096]]",0.18,0.44
0,RmsNorm,AI_VECTOR_CORE,AI_VECTOR_CORE,1704161511618717.250,28.578,2.286,24,"[[1,1024],[1024,4096]]","[[1,4096]]",0.05,0.3
0,MatMulV2,AI_CORE,AI_CORE,1704161511618745.750,118.057,9.445,24,"[[1,1024],[1024,4096]]","[[1,4096]]",0.18,0.44
0,FusedInferAttentionScore,AI_CORE,AI_CORE,1704161511618863.750,71.068,5.685,24,"[[1,1024],[1024,4096]]","[[1,4096]]",0.18,0.44
0,RmsNorm,AI_VECTOR_CORE,AI_VECTOR_CORE,1704161511618934.750,25.707,2.057,24,"[[1,1024],[1024,4096]]","[[1,4096]]",0.05,0.3
0,MatMulV2,AI_CORE,AI_CORE,1704161511618960.500,131.103,10.488,24,"[[1,1024],[1024,4096]]","[[1,4096]]",0.18,0.44
0,FusedInferAttentionScore,AI_CORE,AI_CORE,1704161511619091.500,64.896,5.192,24,"[[1,1024],[1024,4096]]","[[1,4096]]",0.18,0.44
0,RmsNorm,AI_VECTOR_CORE,AI_VECTOR_CORE,1704161511619156.500,25.504,2.040,24,"[[1,1024],[1024,4096]]","[[1,4096]]",0.05,0.3
0,MatMulV2,AI_CORE,AI_CORE,1704161511619182.000,126.478,10.118,24,"[[1,1024],[1024,4096]]","[[1,4096]]",0.18,0.44
0,FusedInferAttentionScore,AI_CORE,AI_CORE,1704161511619308.500,70.304,5.624,24,"[[1,1024],[1024,4096]]","[[1,4096]]",0.18,0.44
0,RmsNorm,AI_VECTOR_CORE,AI_VECTOR_CORE,1704161511619378.750,20.774,1.662,24,"[[1,1024],[1024,4096]]","[[1,4096]]",0.05,0.3
0,MatMulV2,AI_CORE,AI_CORE,1704161511619399.500,119.723,9.578,24,"[[1,1024],[1024,4096]]","[[1,4096]]",0.18,0.44
0,FusedInferAttentionScore,AI_CORE,AI_CORE,1704161511619519.250,67.507,5.401,24,"[[1,1024],[1024,4096]]","[[1,4096]]",0.18,0.44
0,RmsNorm,AI_VECTOR_CORE,AI_VECTOR_CORE,1704161511619586.750,27.113,2.169,24,"[[1,1024],[1024,4096]]","[[1,4096]]",0.05,0.3
0,MatMulV2,AI_CORE,AI_CORE,1704161511619613.750,126.522,10.122,24,"[[1,1024],[1024,4096]]","[[1,4096]]",0.18,0.44
0,FusedInferAttentionScore,AI_CORE,AI_CORE,1704161511619740.250,65.104,5.208,24,"[[1,1024],[1024,4096]]","[[1,4096]]",0.18,0.44
0,RmsNorm,AI_VECTOR_CORE,AI_VECTOR_CORE,1704161511619805.250,28.619,2.290,24,"[[1,1024],[1024,4096]]","[[1,4096]]",0.05,0.3
0,MatMulV2,AI_CORE,AI_CORE,1704161511619833.750,112.666,9.013,24,"[[1,1024],[1024,4096]]","[[1,4096]]",0.18,0.44
0,FusedInferAttentionScore,AI_CORE,AI_CORE,1704161511619946.500,63.228,5.058,24,"[[1,1024],[1024,4096]]","[[1,4096]]",0.18,0.44
0,RmsNorm,AI_VECTOR_CORE,AI_VECTOR_CORE,1704161511620009.750,24.744,1.980,24,"[[1,1024],[1024,4096]]","[[1,4096]]",0.05,0.3
0,MatMulV2,AI_CORE,AI_CORE,1704161511620034.500,126.580,10.126,24,"[[1,1024],[1024,4096]]","[[1,4096]]",0.18,0.44
0,FusedInferAttentionScore,AI_CORE,AI_CORE,1704161511620161.000,64.078,5.126,24,"[[1,1024],[1024,4096]]","[[1,4096]]",0.18,0.44
0,RmsNorm,AI_VECTOR_CORE,AI_VECTOR_CORE,1704161511620225.000,24.245,1.940,24,"[[1,1024],[1024,4096]]","[[1,4096]]",0.05,0.3
0,MatMulV2,AI_CORE,AI_CORE,1704161511620249.250,112.271,8.982,24,"[[1,1024],[1024,4096]]","[[1,4096]]",0.18,0.44
0,FusedInferAttentionScore,AI_CORE,AI_CORE,1704161511620361.500,74.034,5.923,24,"[[1,1024],[1024,4096]]","[[1,4096]]",0.18,0.44
0,RmsNorm,AI_VECTOR_CORE,AI_VECTOR_CORE,1704161511620435.500,26.585,2.127,24,"[[1,1024],[1024,4096]]","[[1,4096]]",0.05,0.3
0,MatMulV2,AI_CORE,AI_CORE,1704161511625400.000,108.595,8.688,24,"[[1,1024],[1024,4096]]","[[1,4096]]",0.18,0.44
0,FusedInferAttentionScore,AI_CORE,AI_CORE,1704161511625508.500,67.211,5.377,24,"[[1,1024],[1024,4096]]","[[1,4096]]",0.18,0.44
0,RmsNorm,AI_VECTOR_CORE,AI_VECTOR_CORE,1704161511625575.750,24.687,1.975,24,"[[1,1024],[1024,4096]]","[[1,4096]]",0.05,0.3
0,MatMulV2,AI_CORE,AI_CORE,1704161511625860.500,117.847,9.428,24,"[[1,1024],[1024,4096]]","[[1,4096]]",0.18,0.44
0,FusedInferAttentionScore,AI_CORE,AI_CORE,1704161511625978.250,63.385,5.071,24,"[[1,1024],[1024,4096]]","[[1,4096]]",0.18,0.44
0,RmsNorm,AI_VECTOR_CORE,AI_VECTOR_CORE,1704161511626041.750,20.478,1.638,24,"[[1,1024],[1024,4096]]","[[1,4096]]",0.05,0.3
0,MatMulV2,AI_CORE,AI_CORE,1704161511626062.250,130.349,10.428,24,"[[1,1024],[1024,4096]]","[[1,4096]]",0.18,0.44
0,FusedInferAttentionScore,AI_CORE,AI_CORE,1704161511626192.500,72.685,5.815,24,"[[1,1024],[1024,4096]]","[[1,4096]]",0.18,0.44
0,RmsNorm,AI_VECTOR_CORE,AI_VECTOR_CORE,1704161511626265.250,23.687,1.895,24,"[[1,1024],[1024,4096]]","[[1,4096]]",0.05,0.3
0,MatMulV2,AI_CORE,AI_CORE,1704161511626289.000,110.216,8.817,24,"[[1,1024],[1024,4096]]","[[1,4096]]",0.18,0.44
0,FusedInferAttentionScore,AI_CORE,AI_CORE,1704161511626399.250,64.257,5.141,24,"[[1,1024],[1024,4096]]","[[1,4096]]",0.18,0.44
0,RmsNorm,AI_VECTOR_CORE,AI_VECTOR_CORE,1704161511626463.500,26.453,2.116,24,"[[1,1024],[1024,4096]]","[[1,4096]]",0.05,0.3
0,MatMulV2,AI_CORE,AI_CORE,1704161511626490.000,126.150,10.092,24,"[[1,1024],[1024,4096]]","[[1,4096]]",0.18,0.44
0,FusedInferAttentionScore,AI_CORE,AI_CORE,1704161511626616.250,68.580,5.486,24,"[[1,1024],[1024,4096]]","[[1,4096]]",0.18,0.44
0,RmsNorm,AI_VECTOR_CORE,AI_VECTOR_CORE,1704161511626684.750,25.485,2.039,24,"[[1,1024],[1024,4096]]","[[1,4096]]",0.05,0.3
0,MatMulV2,AI_CORE,AI_CORE,1704161511626710.250,120.908,9.673,24,"[[1,1024],[1024,4096]]","[[1,4096]]",0.18,0.44
0,FusedInferAttentionScore,AI_CORE,AI_CORE,1704161511626831.250,66.894,5.351,24,"[[1,1024],[1024,4096]]","[[1,4096]]",0.18,0.44
0,RmsNorm,AI_VECTOR_CORE,AI_VECTOR_CORE,1704161511626898.250,21.245,1.700,24,"[[1,1024],[1024,4096]]","[[1,4096]]",0.05,0.3
0,MatMulV2,AI_CORE,AI_CORE,1704161511626919.500,110.462,8.837,24,"[[1,1024],[1024,4096]]","[[1,4096]]",0.18,0.44
0,FusedInferAttentionScore,AI_CORE,AI_CORE,1704161511627030.000,66.023,5.282,24,"[[1,1024],[1024,4096]]","[[1,4096]]",0.18,0.44
0,RmsNorm,AI_VECTOR_CORE,AI_VECTOR_CORE,1704161511627096.000,23.483,1.879,24,"[[1,1024],[1024,4096]]","[[1,4096]]",0.05,0.3
0,MatMulV2,AI_CORE,AI_CORE,1704161511627119.500,112.710,9.017,24,"[[1,1024],[1024,4096]]","[[1,4096]]",0.18,0.44
0,FusedInferAttentionScore,AI_CORE,AI_CORE,1704161511627232.250,75.328,6.026,24,"[[1,1024],[1024,4096]]","[[1,4096]]",0.18,0.44
0,RmsNorm,AI_VECTOR_CORE,AI_VECTOR_CORE,1704161511627307.500,24.258,1.941,24,"[[1,1024],[1024,4096]]","[[1,4096]]",0.05,0.3
0,MatMulV2,AI_CORE,AI_CORE,1704161511627331.750,119.613,9.569,24,"[[1,1024],[1024,4096]]","[[1,4096]]",0.18,0.44
0,FusedInferAttentionScore,AI_CORE,AI_CORE,1704161511627451.250,69.998,5.600,24,"[[1,1024],[1024,4096]]","[[1,4096]]",0.18,0.44
0,RmsNorm,AI_VECTOR_CORE,AI_VECTOR_CORE,1704161511627521.250,26.812,2.145,24,"[[1,1024],[1024,4096]]","[[1,4096]]",0.05,0.3
0,MatMulV2,AI_CORE,AI_CORE,1704161511627548.000,120.642,9.651,24,"[[1,1024],[1024,4096]]","[[1,4096]]",0.18,0.44
0,FusedInferAttentionScore,AI_CORE,AI_CORE,1704161511627668.750,70.401,5.632,24,"[[1,1024],[1024,4096]]","[[1,4096]]",0.18,0.44
0,RmsNorm,AI_VECTOR_CORE,AI_VECTOR_CORE,1704161511627739.250,19.443,1.555,24,"[[1,1024],[1024,4096]]","[[1,4096]]",0.05,0.3
0,MatMulV2,AI_CORE,AI_CORE,1704161511627758.750,119.402,9.552,24,"[[1,1024],[1024,4096]]","[[1,4096]]",0.18,0.44
0,FusedInferAttentionScore,AI_CORE,AI_CORE,1704161511627878.250,64.716,5.177,24,"[[1,1024],[1024,4096]]","[[1,4096]]",0.18,0.44
0,RmsNorm,AI_VECTOR_CORE,AI_VECTOR_CORE,1704161511627943.000,25.918,2.073,24,"[[1,1024],[1024,4096]]","[[1,4096]]",0.05,0.3
0,MatMulV2,AI_CORE,AI_CORE,1704161511627969.000,115.311,9.225,24,"[[1,1024],[1024,4096]]","[[1,4096]]",0.18,0.44
0,FusedInferAttentionScore,AI_CORE,AI_CORE,1704161511628084.250,65.565,5.245,24,"[[1,1024],[1024,4096]]","[[1,4096]]",0.18,0.44
0,RmsNorm,AI_VECTOR_CORE,AI_VECTOR_CORE,1704161511628149.750,20.791,1.663,24,"[[1,1024],[1024,4096]]","[[1,4096]]",0.05,0.3
0,MatMulV2,AI_CORE,AI_CORE,1704161511628170.500,124.210,9.937,24,"[[1,1024],[1024,4096]]","[[1,4096]]",0.18,0.44
0,FusedInferAttentionScore,AI_CORE,AI_CORE,1704161511628294.750,76.859,6.149,24,"[[1,1024],[1024,4096]]","[[1,4096]]",0.18,0.44
0,RmsNorm,AI_VECTOR_CORE,AI_VECTOR_CORE,1704161511628371.500,28.361,2.269,24,"[[1,1024],[1024,4096]]","[[1,4096]]",0.05,0.3
0,MatMulV2,AI_CORE,AI_CORE,1704161511628399.750,125.774,10.062,24,"[[1,1024],[1024,4096]]","[[1,4096]]",0.18,0.44
0,FusedInferAttentionScore,AI_CORE,AI_CORE,1704161511628525.500,72.575,5.806,24,"[[1,1024],[1024,4096]]","[[1,4096]]",0.18,0.44
0,RmsNorm,AI_VECTOR_CORE,AI_VECTOR_CORE,1704161511628598.000,25.629,2.050,24,"[[1,1024],[1024,4096]]","[[1,4096]]",0.05,0.3
0,MatMulV2,AI_CORE,AI_CORE,1704161511628623.750,119.608,9.569,24,"[[1,1024],[1024,4096]]","[[1,4096]]",0.18,0.44
0,FusedInferAttentionScore,AI_CORE,AI_CORE,1704161511628743.250,64.702,5.176,24,"[[1,1024],[1024,4096]]","[[1,4096]]",0.18,0.44
0,RmsNorm,AI_VECTOR_CORE,AI_VECTOR_CORE,1704161511628808.000,20.806,1.664,24,"[[1,1024],[1024,4096]]","[[1,4096]]",0.05,0.3
0,MatMulV2,AI_CORE,AI_CORE,1704161511628828.750,117.894,9.432,24,"[[1,1024],[1024,4096]]","[[1,4096]]",0.18,0.44
0,FusedInferAttentionScore,AI_CORE,AI_CORE,1704161511628946.750,75.042,6.003,24,"[[1,1024],[1024,4096]]","[[1,4096]]",0.18,0.44
0,RmsNorm,AI_VECTOR_CORE,AI_VECTOR_CORE,1704161511629021.750,28.511,2.281,24,"[[1,1024],[1024,4096]]","[[1,4096]]",0.05,0.3
0,MatMulV2,AI_CORE,AI_CORE,1704161511629050.250,124.469,9.958,24,"[[1,1024],[1024,4096]]","[[1,4096]]",0.18,0.44
0,FusedInferAttentionScore,AI_CORE,AI_CORE,1704161511629174.750,67.113,5.369,24,"[[1,1024],[1024,4096]]","[[1,4096]]",0.18,0.44
0,RmsNorm,AI_VECTOR_CORE,AI_VECTOR_CORE,1704161511629241.750,20.419,1.634,24,"[[1,1024],[1024,4096]]","[[1,4096]]",0.05,0.3
0,MatMulV2,AI_CORE,AI_CORE,1704161511629262.250,108.205,8.656,24,"[[1,1024],[1024,4096]]","[[1,4096]]",0.18,0.44
0,FusedInferAttentionScore,AI_CORE,AI_CORE,1704161511629370.500,65.866,5.269,24,"[[1,1024],[1024,4096]]","[[1,4096]]",0.18,0.44
0,RmsNorm,AI_VECTOR_CORE,AI_VECTOR_CORE,1704161511629436.250,28.511,2.281,24,"[[1,1024],[1024,4096]]","[[1,4096]]",0.05,0.3
0,MatMulV2,AI_CORE,AI_CORE,1704161511629464.750,128.575,10.286,24,"[[1,1024],[1024,4096]]","[[1,4096]]",0.18,0.44
0,FusedInferAttentionScore,AI_CORE,AI_CORE,1704161511629593.250,66.418,5.313,24,"[[1,1024],[1024,4096]]","[[1,4096]]",0.18,0.44
0,RmsNorm,AI_VECTOR_CORE,AI_VECTOR_CORE,1704161511629659.750,23.659,1.893,24,"[[1,1024],[1024,4096]]","[[1,4096]]",0.05,0.3
0,MatMulV2,AI_CORE,AI_CORE,1704161511629683.500,129.266,10.341,24,"[[1,1024],[1024,4096]]","[[1,4096]]",0.18,0.44
0,FusedInferAttentionScore,AI_CORE,AI_CORE,1704161511629812.750,64.548,5.164,24,"[[1,1024],[1024,4096]]","[[1,4096]]",0.18,0.44
0,RmsNorm,AI_VECTOR_CORE,AI_VECTOR_CORE,1704161511629877.250,20.321,1.626,24,"[[1,1024],[1024,4096]]","[[1,4096]]",0.05,0.3
0,MatMulV2,AI_CORE,AI_CORE,1704161511629897.500,121.727,9.738,24,"[[1,1024],[1024,4096]]","[[1,4096]]",0.18,0.44
0,FusedInferAttentionScore,AI_CORE,AI_CORE,1704161511630019.250,69.150,5.532,24,"[[1,1024],[1024,4096]]","[[1,4096]]",0.18,0.44
0,RmsNorm,AI_VECTOR_CORE,AI_VECTOR_CORE,1704161511630088.500,25.272,2.022,24,"[[1,1024],[1024,4096]]","[[1,4096]]",0.05,0.3
0,MatMulV2,AI_CORE,AI_CORE,1704161511630113.750,118.520,9.482,24,"[[1,1024],[1024,4096]]","[[1,4096]]",0.18,0.44
0,FusedInferAttentionScore,AI_CORE,AI_CORE,1704161511630232.250,72.374,5.790,24,"[[1,1024],[1024,4096]]","[[1,4096]]",0.18,0.44
0,RmsNorm,AI_VECTOR_CORE,AI_VECTOR_CORE,1704161511630304.500,26.741,2.139,24,"[[1,1024],[1024,4096]]","[[1,4096]]",0.05,0.3
0,MatMulV2,AI_CORE,AI_CORE,1704161511630331.250,118.353,9.468,24,"[[1,1024],[1024,4096]]","[[1,4096]]",0.18,0.44
0,FusedInferAttentionScore,AI_CORE,AI_CORE,1704161511630449.500,68.672,5.494,24,"[[1,1024],[1024,4096]]","[[1,4096]]",0.18,0.44
0,RmsNorm,AI_VECTOR_CORE,AI_VECTOR_CORE,1704161511630518.250,21.086,1.687,24,"[[1,1024],[1024,4096]]","[[1,4096]]",0.05,0.3
0,MatMulV2,AI_CORE,AI_CORE,1704161511630539.250,114.660,9.173,24,"[[1,1024],[1024,4096]]","[[1,4096]]",0.18,0.44
0,FusedInferAttentionScore,AI_CORE,AI_CORE,1704161511630654.000,63.468,5.077,24,"[[1,1024],[1024,4096]]","[[1,4096]]",0.18,0.44
0,RmsNorm,AI_VECTOR_CORE,AI_VECTOR_CORE,1704161511630717.500,28.573,2.286,24,"[[1,1024],[1024,4096]]","[[1,4096]]",0.05,0.3
0,MatMulV2,AI_CORE,AI_CORE,1704161511630746.000,129.622,10.370,24,"[[1,1024],[1024,4096]]","[[1,4096]]",0.18,0.44
0,FusedInferAttentionScore,AI_CORE,AI_CORE,1704161511630875.500,71.668,5.733,24,"[[1,1024],[1024,4096]]","[[1,4096]]",0.18,0.44
0,RmsNorm,AI_VECTOR_CORE,AI_VECTOR_CORE,1704161511630947.250,23.402,1.872,24,"[[1,1024],[1024,4096]]","[[1,4096]]",0.05,0.3
0,MatMulV2,AI_CORE,AI_CORE,1704161511630970.750,113.481,9.078,24,"[[1,1024],[1024,4096]]","[[1,4096]]",0.18,0.44
0,FusedInferAttentionScore,AI_CORE,AI_CORE,1704161511631084.250,67.732,5.419,24,"[[1,1024],[1024,4096]]","[[1,4096]]",0.18,0.44
0,RmsNorm,AI_VECTOR_CORE,AI_VECTOR_CORE,1704161511631152.000,22.319,1.785,24,"[[1,1024],[1024,4096]]","[[1,4096]]",0.05,0.3
0,MatMulV2,AI_CORE,AI_CORE,1704161511631174.250,131.047,10.484,24,"[[1,1024],[1024,4096]]","[[1,4096]]",0.18,0.44
0,FusedInferAttentionScore,AI_CORE,AI_CORE,1704161511631305.250,76.521,6.122,24,"[[1,1024],[1024,4096]]","[[1,4096]]",0.18,0.44
0,RmsNorm,AI_VECTOR_CORE,AI_VECTOR_CORE,1704161511631381.750,21.791,1.743,24,"[[1,1024],[1024,4096]]","[[1,4096]]",0.05,0.3
0,MatMulV2,AI_CORE,AI_CORE,1704161511631403.500,111.243,8.899,24,"[[1,1024],[1024,4096]]","[[1,4096]]",0.18,0.44
0,FusedInferAttentionScore,AI_CORE,AI_CORE,1704161511631514.750,65.650,5.252,24,"[[1,1024],[1024,4096]]","[[1,4096]]",0.18,0.44
0,RmsNorm,AI_VECTOR_CORE,AI_VECTOR_CORE,1704161511631580.500,23.267,1.861,24,"[[1,1024],[1024,4096]]","[[1,4096]]",0.05,0.3
0,MatMulV2,AI_CORE,AI_CORE,1704161511631603.750,121.599,9.728,24,"[[1,1024],[1024,4096]]","[[1,4096]]",0.18,0.44
0,FusedInferAttentionScore,AI_CORE,AI_CORE,1704161511631725.250,73.552,5.884,24,"[[1,1024],[1024,4096]]","[[1,4096]]",0.18,0.44
0,RmsNorm,AI_VECTOR_CORE,AI_VECTOR_CORE,1704161511631798.750,23.687,1.895,24,"[[1,1024],[1024,4096]]","[[1,4096]]",0.05,0.3
0,MatMulV2,AI_CORE,AI_CORE,1704161511631822.500,119.530,9.562,24,"[[1,1024],[1024,4096]]","[[1,4096]]",0.18,0.44
0,FusedInferAttentionScore,AI_CORE,AI_CORE,1704161511631942.000,72.975,5.838,24,"[[1,1024],[1024,4096]]","[[1,4096]]",0.18,0.44
0,RmsNorm,AI_VECTOR_CORE,AI_VECTOR_CORE,1704161511632015.000,23.592,1.887,24,"[[1,1024],[1024,4096]]","[[1,4096]]",0.05,0.3
0,MatMulV2,AI_CORE,AI_CORE,1704161511632038.500,130.314,10.425,24,"[[1,1024],[1024,4096]]","[[1,4096]]",0.18,0.44
0,FusedInferAttentionScore,AI_CORE,AI_CORE,1704161511632168.750,67.145,5.372,24,"[[1,1024],[1024,4096]]","[[1,4096]]",0.18,0.44
0,RmsNorm,AI_VECTOR_CORE,AI_VECTOR_CORE,1704161511632236.000,21.178,1.694,24,"[[1,1024],[1024,4096]]","[[1,4096]]",0.05,0.3
0,MatMulV2,AI_CORE,AI_CORE,1704161511632257.250,127.609,10.209,24,"[[1,1024],[1024,4096]]","[[1,4096]]",0.18,0.44
0,FusedInferAttentionScore,AI_CORE,AI_CORE,1704161511632384.750,65.286,5.223,24,"[[1,1024],[1024,4096]]","[[1,4096]]",0.18,0.44
0,RmsNorm,AI_VECTOR_CORE,AI_VECTOR_CORE,1704161511632450.000,20.646,1.652,24,"[[1,1024],[1024,4096]]","[[1,4096]]",0.05,0.3
0,MatMulV2,AI_CORE,AI_CORE,1704161511637400.000,130.935,10.475,24,"[[1,1024],[1024,4096]]","[[1,4096]]",0.18,0.44
0,FusedInferAttentionScore,AI_CORE,AI_CORE,1704161511637531.000,67.227,5.378,24,"[[1,1024],[1024,4096]]","[[1,4096]]",0.18,0.44
0,RmsNorm,AI_VECTOR_CORE,AI_VECTOR_CORE,1704161511637598.250,27.968,2.237,24,"[[1,1024],[1024,4096]]","[[1,4096]]",0.05,0.3
0,MatMulV2,AI_CORE,AI_CORE,1704161511637886.250,120.785,9.663,24,"[[1,1024],[1024,4096]]","[[1,4096]]",0.18,0.44
0,FusedInferAttentionScore,AI_CORE,AI_CORE,1704161511638007.000,65.836,5.267,24,"[[1,1024],[1024,4096]]","[[1,4096]]",0.18,0.44
0,RmsNorm,AI_VECTOR_CORE,AI_VECTOR_CORE,1704161511638072.750,25.181,2.014,24,"[[1,1024],[1024,4096]]","[[1,4096]]",0.05,0.3
0,MatMulV2,AI_CORE,AI_CORE,1704161511638098.000,127.329,10.186,24,"[[1,1024],[1024,4096]]","[[1,4096]]",0.18,0.44
0,FusedInferAttentionScore,AI_CORE,AI_CORE,1704161511638225.250,73.650,5.892,24,"[[1,1024],[1024,4096]]","[[1,4096]]",0.18,0.44
0,RmsNorm,AI_VECTOR_CORE,AI_VECTOR_CORE,1704161511638299.000,20.650,1.652,24,"[[1,1024],[1024,4096]]","[[1,4096]]",0.05,0.3
0,MatMulV2,AI_CORE,AI_CORE,1704161511638319.750,126.917,10.153,24,"[[1,1024],[1024,4096]]","[[1,4096]]",0.18,0.44
0,FusedInferAttentionScore,AI_CORE,AI_CORE,1704161511638446.750,68.590,5.487,24,"[[1,1024],[1024,4096]]","[[1,4096]]",0.18,0.44
0,RmsNorm,AI_VECTOR_CORE,AI_VECTOR_CORE,1704161511638515.250,27.156,2.173,24,"[[1,1024],[1024,4096]]","[[1,4096]]",0.05,0.3
0,MatMulV2,AI_CORE,AI_CORE,1704161511638542.500,126.234,10.099,24,"[[1,1024],[1024,4096]]","[[1,4096]]",0.18,0.44
0,FusedInferAttentionScore,AI_CORE,AI_CORE,1704161511638668.750,72.852,5.828,24,"[[1,1024],[1024,4096]]","[[1,4096]]",0.18,0.44
0,RmsNorm,AI_VECTOR_CORE,AI_VECTOR_CORE,1704161511638741.500,25.153,2.012,24,"[[1,1024],[1024,4096]]","[[1,4096]]",0.05,0.3
0,MatMulV2,AI_CORE,AI_CORE,1704161511638766.750,111.773,8.942,24,"[[1,1024],[1024,4096]]","[[1,4096]]",0.18,0.44
0,FusedInferAttentionScore,AI_CORE,AI_CORE,1704161511638878.500,63.326,5.066,24,"[[1,1024],[1024,4096]]","[[1,4096]]",0.18,0.44
0,RmsNorm,AI_VECTOR_CORE,AI_VECTOR_CORE,1704161511638941.750,24.347,1.948,24,"[[1,1024],[1024,4096]]","[[1,4096]]",0.05,0.3
0,MatMulV2,AI_CORE,AI_CORE,1704161511638966.000,116.991,9.359,24,"[[1,1024],[1024,4096]]","[[1,4096]]",0.18,0.44
0,FusedInferAttentionScore,AI_CORE,AI_CORE,1704161511639083.000,67.429,5.394,24,"[[1,1024],[1024,4096]]","[[1,4096]]",0.18,0.44
0,RmsNorm,AI_VECTOR_CORE,AI_VECTOR_CORE,1704161511639150.500,26.030,2.082,24,"[[1,1024],[1024,4096]]","[[1,4096]]",0.05,0.3
0,MatMulV2,AI_CORE,AI_CORE,1704161511639176.500,115.018,9.201,24,"[[1,1024],[1024,4096]]","[[1,4096]]",0.18,0.44
0,FusedInferAttentionScore,AI_CORE,AI_CORE,1704161511639291.500,63.047,5.044,24,"[[1,1024],[1024,4096]]","[[1,4096]]",0.18,0.44
0,RmsNorm,AI_VECTOR_CORE,AI_VECTOR_CORE,1704161511639354.500,20.106,1.609,24,"[[1,1024],[1024,4096]]","[[1,4096]]",0.05,0.3
0,MatMulV2,AI_CORE,AI_CORE,1704161511639374.500,122.801,9.824,24,"[[1,1024],[1024,4096]]","[[1,4096]]",0.18,0.44
0,FusedInferAttentionScore,AI_CORE,AI_CORE,1704161511639497.250,74.835,5.987,24,"[[1,1024],[1024,4096]]","[[1,4096]]",0.18,0.44
0,RmsNorm,AI_VECTOR_CORE,AI_VECTOR_CORE,1704161511639572.000,28.361,2.269,24,"[[1,1024],[1024,4096]]","[[1,4096]]",0.05,0.3
0,MatMulV2,AI_CORE,AI_CORE,1704161511639600.250,116.544,9.324,24,"[[1,1024],[1024,4096]]","[[1,4096]]",0.18,0.44
0,FusedInferAttentionScore,AI_CORE,AI_CORE,1704161511639716.750,64.561,5.165,24,"[[1,1024],[1024,4096]]","[[1,4096]]",0.18,0.44
0,RmsNorm,AI_VECTOR_CORE,AI_VECTOR_CORE,1704161511639781.250,25.536,2.043,24,"[[1,1024],[1024,4096]]","[[1,4096]]",0.05,0.3
0,MatMulV2,AI_CORE,AI_CORE,1704161511639806.750,108.338,8.667,24,"[[1,1024],[1024,4096]]","[[1,4096]]",0.18,0.44
0,FusedInferAttentionScore,AI_CORE,AI_CORE,1704161511639915.000,70.747,5.660,24,"[[1,1024],[1024,4096]]","[[1,4096]]",0.18,0.44
0,RmsNorm,AI_VECTOR_CORE,AI_VECTOR_CORE,1704161511639985.750,23.343,1.867,24,"[[1,1024],[1024,4096]]","[[1,4096]]",0.05,0.3
0,MatMulV2,AI_CORE,AI_CORE,1704161511640009.000,115.835,9.267,24,"[[1,1024],[1024,4096]]","[[1,4096]]",0.18,0.44
0,FusedInferAttentionScore,AI_CORE,AI_CORE,1704161511640124.750,76.291,6.103,24,"[[1,1024],[1024,4096]]","[[1,4096]]",0.18,0.44
0,RmsNorm,AI_VECTOR_CORE,AI_VECTOR_CORE,1704161511640201.000,19.378,1.550,24,"[[1,1024],[1024,4096]]","[[1,4096]]",0.05,0.3
0,MatMulV2,AI_CORE,AI_CORE,1704161511640220.500,122.860,9.829,24,"[[1,1024],[1024,4096]]","[[1,4096]]",0.18,0.44
0,FusedInferAttentionScore,AI_CORE,AI_CORE,1704161511640343.250,66.318,5.305,24,"[[1,1024],[1024,4096]]","[[1,4096]]",0.18,0.44
0,RmsNorm,AI_VECTOR_CORE,AI_VECTOR_CORE,1704161511640409.500,24.085,1.927,24,"[[1,1024],[1024,4096]]","[[1,4096]]",0.05,0.3
0,MatMulV2,AI_CORE,AI_CORE,1704161511640433.500,110.822,8.866,24,"[[1,1024],[1024,4096]]","[[1,4096]]",0.18,0.44
0,FusedInferAttentionScore,AI_CORE,AI_CORE,1704161511640544.250,69.959,5.597,24,"[[1,1024],[1024,4096]]","[[1,4096]]",0.18,0.44
0,RmsNorm,AI_VECTOR_CORE,AI_VECTOR_CORE,1704161511640614.250,26.109,2.089,24,"[[1,1024],[1024,4096]]","[[1,4096]]",0.05,0.3
0,MatMulV2,AI_CORE,AI_CORE,1704161511640640.250,126.812,10.145,24,"[[1,1024],[1024,4096]]","[[1,4096]]",0.18,0.44
0,FusedInferAttentionScore,AI_CORE,AI_CORE,1704161511640767.000,67.292,5.383,24,"[[1,1024],[1024,4096]]","[[1,4096]]",0.18,0.44
0,RmsNorm,AI_VECTOR_CORE,AI_VECTOR_CORE,1704161511640834.250,27.603,2.208,24,"[[1,1024],[1024,4096]]","[[1,4096]]",0.05,0.3
0,MatMulV2,AI_CORE,AI_CORE,1704161511640861.750,120.244,9.620,24,"[[1,1024],[1024,4096]]","[[1,4096]]",0.18,0.44
0,FusedInferAttentionScore,AI_CORE,AI_CORE,1704161511640982.000,66.145,5.292,24,"[[1,1024],[1024,4096]]","[[1,4096]]",0.18,0.44
0,RmsNorm,AI_VECTOR_CORE,AI_VECTOR_CORE,1704161511641048.250,24.231,1.938,24,"[[1,1024],[1024,4096]]","[[1,4096]]",0.05,0.3
0,MatMulV2,AI_CORE,AI_CORE,1704161511641072.500,125.941,10.075,24,"[[1,1024],[1024,4096]]","[[1,4096]]",0.18,0.44
0,FusedInferAttentionScore,AI_CORE,AI_CORE,1704161511641198.500,69.004,5.520,24,"[[1,1024],[1024,4096]]","[[1,4096]]",0.18,0.44
0,RmsNorm,AI_VECTOR_CORE,AI_VECTOR_CORE,1704161511641267.500,27.812,2.225,24,"[[1,1024],[1024,4096]]","[[1,4096]]",0.05,0.3
0,MatMulV2,AI_CORE,AI_CORE,1704161511641295.250,129.509,10.361,24,"[[1,1024],[1024,4096]]","[[1,4096]]",0.18,0.44
0,FusedInferAttentionScore,AI_CORE,AI_CORE,1704161511641424.750,73.719,5.898,24,"[[1,1024],[1024,4096]]","[[1,4096]]",0.18,0.44
0,RmsNorm,AI_VECTOR_CORE,AI_VECTOR_CORE,1704161511641498.500,20.770,1.662,24,"[[1,1024],[1024,4096]]","[[1,4096]]",0.05,0.3
0,MatMulV2,AI_CORE,AI_CORE,1704161511641519.250,108.905,8.712,24,"[[1,1024],[1024,4096]]","[[1,4096]]",0.18,0.44
0,FusedInferAttentionScore,AI_CORE,AI_CORE,1704161511641628.250,73.249,5.860,24,"[[1,1024],[1024,4096]]","[[1,4096]]",0.18,0.44
0,RmsNorm,AI_VECTOR_CORE,AI_VECTOR_CORE,1704161511641701.500,21.921,1.754,24,"[[1,1024],[1024,4096]]","[[1,4096]]",0.05,0.3
0,MatMulV2,AI_CORE,AI_CORE,1704161511641723.500,128.051,10.244,24,"[[1,1024],[1024,4096]]","[[1,4096]]",0.18,0.44
0,FusedInferAttentionScore,AI_CORE,AI_CORE,1704161511641851.500,65.151,5.212,24,"[[1,1024],[1024,4096]]","[[1,4096]]",0.18,0.44
0,RmsNorm,AI_VECTOR_CORE,AI_VECTOR_CORE,1704161511641916.750,23.167,1.853,24,"[[1,1024],[1024,4096]]","[[1,4096]]",0.05,0.3
0,MatMulV2,AI_CORE,AI_CORE,1704161511641940.000,124.380,9.950,24,"[[1,1024],[1024,4096]]","[[1,4096]]",0.18,0.44
0,FusedInferAttentionScore,AI_CORE,AI_CORE,1704161511642064.500,71.031,5.682,24,"[[1,1024],[1024,4096]]","[[1,4096]]",0.18,0.44
0,RmsNorm,AI_VECTOR_CORE,AI_VECTOR_CORE,1704161511642135.500,19.827,1.586,24,"[[1,1024],[1024,4096]]","[[1,4096]]",0.05,0.3
0,MatMulV2,AI_CORE,AI_CORE,1704161511642155.250,118.189,9.455,24,"[[1,1024],[1024,4096]]","[[1,4096]]",0.18,0.44
0,FusedInferAttentionScore,AI_CORE,AI_CORE,1704161511642273.500,71.693,5.735,24,"[[1,1024],[1024,4096]]","[[1,4096]]",0.18,0.44
0,RmsNorm,AI_VECTOR_CORE,AI_VECTOR_CORE,1704161511642345.250,23.773,1.902,24,"[[1,1024],[1024,4096]]","[[1,4096]]",0.05,0.3
0,MatMulV2,AI_CORE,AI_CORE,1704161511642369.000,113.670,9.094,24,"[[1,1024],[1024,4096]]","[[1,4096]]",0.18,0.44
0,FusedInferAttentionScore,AI_CORE,AI_CORE,1704161511642482.750,75.179,6.014,24,"[[1,1024],[1024,4096]]","[[1,4096]]",0.18,0.44
0,RmsNorm,AI_VECTOR_CORE,AI_VECTOR_CORE,1704161511642558.000,27.707,2.217,24,"[[1,1024],[1024,4096]]","[[1,4096]]",0.05,0.3
0,MatMulV2,AI_CORE,AI_CORE,1704161511642585.750,119.490,9.559,24,"[[1,1024],[1024,4096]]","[[1,4096]]",0.18,0.44
0,FusedInferAttentionScore,AI_CORE,AI_CORE,1704161511642705.250,76.440,6.115,24,"[[1,1024],[1024,4096]]","[[1,4096]]",0.18,0.44
0,RmsNorm,AI_VECTOR_CORE,AI_VECTOR_CORE,1704161511642781.750,25.740,2.059,24,"[[1,1024],[1024,4096]]","[[1,4096]]",0.05,0.3
0,MatMulV2,AI_CORE,AI_CORE,1704161511642807.500,122.816,9.825,24,"[[1,1024],[1024,4096]]","[[1,4096]]",0.18,0.44
0,FusedInferAttentionScore,AI_CORE,AI_CORE,1704161511642930.250,76.848,6.148,24,"[[1,1024],[1024,4096]]","[[1,4096]]",0.18,0.44
0,RmsNorm,AI_VECTOR_CORE,AI_VECTOR_CORE,1704161511643007.000,25.013,2.001,24,"[[1,1024],[1024,4096]]","[[1,4096]]",0.05,0.3
0,MatMulV2,AI_CORE,AI_CORE,1704161511643032.000,120.625,9.650,24,"[[1,1024],[1024,4096]]","[[1,4096]]",0.18,0.44
0,FusedInferAttentionScore,AI_CORE,AI_CORE,1704161511643152.500,69.263,5.541,24,"[[1,1024],[1024,4096]]","[[1,4096]]",0.18,0.44
0,RmsNorm,AI_VECTOR_CORE,AI_VECTOR_CORE,1704161511643221.750,23.918,1.913,24,"[[1,1024],[1024,4096]]","[[1,4096]]",0.05,0.3
0,MatMulV2,AI_CORE,AI_CORE,1704161511643245.750,126.209,10.097,24,"[[1,1024],[1024,4096]]","[[1,4096]]",0.18,0.44
0,FusedInferAttentionScore,AI_CORE,AI_CORE,1704161511643372.000,65.887,5.271,24,"[[1,1024],[1024,4096]]","[[1,4096]]",0.18,0.44
0,RmsNorm,AI_VECTOR_CORE,AI_VECTOR_CORE,1704161511643438.000,21.266,1.701,24,"[[1,1024],[1024,4096]]","[[1,4096]]",0.05,0.3
0,MatMulV2,AI_CORE,AI_CORE,1704161511643459.250,122.727,9.818,24,"[[1,1024],[1024,4096]]","[[1,4096]]",0.18,0.44
0,FusedInferAttentionScore,AI_CORE,AI_CORE,1704161511643582.000,67.614,5.409,24,"[[1,1024],[1024,4096]]","[[1,4096]]",0.18,0.44
0,RmsNorm,AI_VECTOR_CORE,AI_VECTOR_CORE,1704161511643649.500,27.147,2.172,24,"[[1,1024],[1024,4096]]","[[1,4096]]",0.05,0.3
0,MatMulV2,AI_CORE,AI_CORE,1704161511643676.750,109.693,8.775,24,"[[1,1024],[1024,4096]]","[[1,4096]]",0.18,0.44
0,FusedInferAttentionScore,AI_CORE,AI_CORE,1704161511643786.500,73.089,5.847,24,"[[1,1024],[1024,4096]]","[[1,4096]]",0.18,0.44
0,RmsNorm,AI_VECTOR_CORE,AI_VECTOR_CORE,1704161511643859.500,19.848,1.588,24,"[[1,1024],[1024,4096]]","[[1,4096]]",0.05,0.3
0,MatMulV2,AI_CORE,AI_CORE,1704161511643879.250,130.257,10.421,24,"[[1,1024],[1024,4096]]","[[1,4096]]",0.18,0.44
0,FusedInferAttentionScore,AI_CORE,AI_CORE,1704161511644009.500,75.215,6.017,24,"[[1,1024],[1024,4096]]","[[1,4096]]",0.18,0.44
0,RmsNorm,AI_VECTOR_CORE,AI_VECTOR_CORE,1704161511644084.750,25.952,2.076,24,"[[1,1024],[1024,4096]]","[[1,4096]]",0.05,0.3
0,MatMulV2,AI_CORE,AI_CORE,1704161511644110.750,125.181,10.015,24,"[[1,1024],[1024,4096]]","[[1,4096]]",0.18,0.44
0,FusedInferAttentionScore,AI_CORE,AI_CORE,1704161511644236.000,66.305,5.304,24,"[[1,1024],[1024,4096]]","[[1,4096]]",0.18,0.44
0,RmsNorm,AI_VECTOR_CORE,AI_VECTOR_CORE,1704161511644302.250,23.199,1.856,24,"[[1,1024],[1024,4096]]","[[1,4096]]",0.05,0.3
0,MatMulV2,AI_CORE,AI_CORE,1704161511644325.500,113.357,9.069,24,"[[1,1024],[1024,4096]]","[[1,4096]]",0.18,0.44
0,FusedInferAttentionScore,AI_CORE,AI_CORE,1704161511644438.750,76.612,6.129,24,"[[1,1024],[1024,4096]]","[[1,4096]]",0.18,0.44
0,RmsNorm,AI_VECTOR_CORE,AI_VECTOR_CORE,1704161511644515.250,20.834,1.667,24,"[[1,1024],[1024,4096]]","[[1,4096]]",0.05,0.3
0,MatMulV2,AI_CORE,AI_CORE,1704161511649400.000,122.211,9.777,24,"[[1,1024],[1024,4096]]","[[1,4096]]",0.18,0.44
0,FusedInferAttentionScore,AI_CORE,AI_CORE,1704161511649522.250,76.724,6.138,24,"[[1,1024],[1024,4096]]","[[1,4096]]",0.18,0.44
0,RmsNorm,AI_VECTOR_CORE,AI_VECTOR_CORE,1704161511649599.000,26.302,2.104,24,"[[1,1024],[1024,4096]]","[[1,4096]]",0.05,0.3
0,MatMulV2,AI_CORE,AI_CORE,1704161511649885.250,123.075,9.846,24,"[[1,1024],[1024,4096]]","[[1,4096]]",0.18,0.44
0,FusedInferAttentionScore,AI_CORE,AI_CORE,1704161511650008.250,64.363,5.149,24,"[[1,1024],[1024,4096]]","[[1,4096]]",0.18,0.44
0,RmsNorm,AI_VECTOR_CORE,AI_VECTOR_CORE,1704161511650072.500,25.742,2.059,24,"[[1,1024],[1024,4096]]","[[1,4096]]",0.05,0.3
0,MatMulV2,AI_CORE,AI_CORE,1704161511650098.250,120.268,9.621,24,"[[1,1024],[1024,4096]]","[[1,4096]]",0.18,0.44
0,FusedInferAttentionScore,AI_CORE,AI_CORE,1704161511650218.500,72.647,5.812,24,"[[1,1024],[1024,4096]]","[[1,4096]]",0.18,0.44
0,RmsNorm,AI_VECTOR_CORE,AI_VECTOR_CORE,1704161511650291.250,19.622,1.570,24,"[[1,1024],[1024,4096]]","[[1,4096]]",0.05,0.3
0,MatMulV2,AI_CORE,AI_CORE,1704161511650310.750,130.087,10.407,24,"[[1,1024],[1024,4096]]","[[1,4096]]",0.18,0.44
0,FusedInferAttentionScore,AI_CORE,AI_CORE,1704161511650440.750,63.209,5.057,24,"[[1,1024],[1024,4096]]","[[1,4096]]",0.18,0.44
0,RmsNorm,AI_VECTOR_CORE,AI_VECTOR_CORE,1704161511650504.000,27.515,2.201,24,"[[1,1024],[1024,4096]]","[[1,4096]]",0.05,0.3
0,MatMulV2,AI_CORE,AI_CORE,1704161511650531.500,112.317,8.985,24,"[[1,1024],[1024,4096]]","[[1,4096]]",0.18,0.44
0,FusedInferAttentionScore,AI_CORE,AI_CORE,1704161511650643.750,65.764,5.261,24,"[[1,1024],[1024,4096]]","[[1,4096]]",0.18,0.44
0,RmsNorm,AI_VECTOR_CORE,AI_VECTOR_CORE,1704161511650709.500,24.739,1.979,24,"[[1,1024],[1024,4096]]","[[1,4096]]",0.05,0.3
0,MatMulV2,AI_CORE,AI_CORE,1704161511650734.250,131.190,10.495,24,"[[1,1024],[1024,4096]]","[[1,4096]]",0.18,0.44
0,FusedInferAttentionScore,AI_CORE,AI_CORE,1704161511650865.500,66.526,5.322,24,"[[1,1024],[1024,4096]]","[[1,4096]]",0.18,0.44
0,RmsNorm,AI_VECTOR_CORE,AI_VECTOR_CORE,1704161511650932.000,22.549,1.804,24,"[[1,1024],[1024,4096]]","[[1,4096]]",0.05,0.3
0,MatMulV2,AI_CORE,AI_CORE,1704161511650954.500,119.986,9.599,24,"[[1,1024],[1024,4096]]","[[1,4096]]",0.18,0.44
0,FusedInferAttentionScore,AI_CORE,AI_CORE,1704161511651074.500,75.954,6.076,24,"[[1,1024],[1024,4096]]","[[1,4096]]",0.18,0.44
0,RmsNorm,AI_VECTOR_CORE,AI_VECTOR_CORE,1704161511651150.500,23.769,1.902,24,"[[1,1024],[1024,4096]]","[[1,4096]]",0.05,0.3
0,MatMulV2,AI_CORE,AI_CORE,1704161511651174.250,128.669,10.294,24,"[[1,1024],[1024,4096]]","[[1,4096]]",0.18,0.44
0,FusedInferAttentionScore,AI_CORE,AI_CORE,1704161511651303.000,72.430,5.794,24,"[[1,1024],[1024,4096]]","[[1,4096]]",0.18,0.44
0,RmsNorm,AI_VECTOR_CORE,AI_VECTOR_CORE,1704161511651375.500,19.604,1.568,24,"[[1,1024],[1024,4096]]","[[1,4096]]",0.05,0.3
0,MatMulV2,AI_CORE,AI_CORE,1704161511651395.000,115.916,9.273,24,"[[1,1024],[1024,4096]]","[[1,4096]]",0.18,0.44
0,FusedInferAttentionScore,AI_CORE,AI_CORE,1704161511651511.000,67.955,5.436,24,"[[1,1024],[1024,4096]]","[[1,4096]]",0.18,0.44
0,RmsNorm,AI_VECTOR_CORE,AI_VECTOR_CORE,1704161511651579.000,22.985,1.839,24,"[[1,1024],[1024,4096]]","[[1,4096]]",0.05,0.3
0,MatMulV2,AI_CORE,AI_CORE,1704161511651602.000,128.913,10.313,24,"[[1,1024],[1024,4096]]","[[1,4096]]",0.18,0.44
0,FusedInferAttentionScore,AI_CORE,AI_CORE,1704161511651731.000,69.462,5.557,24,"[[1,1024],[1024,4096]]","[[1,4096]]",0.18,0.44
0,RmsNorm,AI_VECTOR_CORE,AI_VECTOR_CORE,1704161511651800.500,21.006,1.680,24,"[[1,1024],[1024,4096]]","[[1,4096]]",0.05,0.3
0,MatMulV2,AI_CORE,AI_CORE,1704161511651821.500,112.313,8.985,24,"[[1,1024],[1024,4096]]","[[1,4096]]",0.18,0.44
0,FusedInferAttentionScore,AI_CORE,AI_CORE,1704161511651933.750,76.842,6.147,24,"[[1,1024],[1024,4096]]","[[1,4096]]",0.18,0.44
0,RmsNorm,AI_VECTOR_CORE,AI_VECTOR_CORE,1704161511652010.500,19.385,1.551,24,"[[1,1024],[1024,4096]]","[[1,4096]]",0.05,0.3
0,MatMulV2,AI_CORE,AI_CORE,1704161511652030.000,129.708,10.377,24,"[[1,1024],[1024,4096]]","[[1,4096]]",0.18,0.44
0,FusedInferAttentionScore,AI_CORE,AI_CORE,1704161511652159.750,66.260,5.301,24,"[[1,1024],[1024,4096]]","[[1,4096]]",0.18,0.44
0,RmsNorm,AI_VECTOR_CORE,AI_VECTOR_CORE,1704161511652226.000,27.916,2.233,24,"[[1,1024],[1024,4096]]","[[1,4096]]",0.05,0.3
0,MatMulV2,AI_CORE,AI_CORE,1704161511652254.000,130.997,10.480,24,"[[1,1024],[1024,4096]]","[[1,4096]]",0.18,0.44
0,FusedInferAttentionScore,AI_CORE,AI_CORE,1704161511652385.000,64.886,5.191,24,"[[1,1024],[1024,4096]]","[[1,4096]]",0.18,0.44
0,RmsNorm,AI_VECTOR_CORE,AI_VECTOR_CORE,1704161511652450.000,20.656,1.652,24,"[[1,1024],[1024,4096]]","[[1,4096]]",0.05,0.3
0,MatMulV2,AI_CORE,AI_CORE,1704161511652470.750,109.038,8.723,24,"[[1,1024],[1024,4096]]","[[1,4096]]",0.18,0.44
0,FusedInferAttentionScore,AI_CORE,AI_CORE,1704161511652579.750,76.599,6.128,24,"[[1,1024],[1024,4096]]","[[1,4096]]",0.18,0.44
0,RmsNorm,AI_VECTOR_CORE,AI_VECTOR_CORE,1704161511652656.250,22.194,1.776,24,"[[1,1024],[1024,4096]]","[[1,4096]]",0.05,0.3
0,MatMulV2,AI_CORE,AI_CORE,1704161511652678.500,126.940,10.155,24,"[[1,1024],[1024,4096]]","[[1,4096]]",0.18,0.44
0,FusedInferAttentionScore,AI_CORE,AI_CORE,1704161511652805.500,69.785,5.583,24,"[[1,1024],[1024,4096]]","[[1,4096]]",0.18,0.44
0,RmsNorm,AI_VECTOR_CORE,AI_VECTOR_CORE,1704161511652875.250,22.551,1.804,24,"[[1,1024],[1024,4096]]","[[1,4096]]",0.05,0.3
0,MatMulV2,AI_CORE,AI_CORE,1704161511652897.750,111.381,8.911,24,"[[1,1024],[1024,4096]]","[[1,4096]]",0.18,0.44
0,FusedInferAttentionScore,AI_CORE,AI_CORE,1704161511653009.250,73.810,5.905,24,"[[1,1024],[1024,4096]]","[[1,4096]]",0.18,0.44
0,RmsNorm,AI_VECTOR_CORE,AI_VECTOR_CORE,1704161511653083.000,20.873,1.670,24,"[[1,1024],[1024,4096]]","[[1,4096]]",0.05,0.3
0,MatMulV2,AI_CORE,AI_CORE,1704161511653103.750,129.324,10.346,24,"[[1,1024],[1024,4096]]","[[1,4096]]",0.18,0.44
0,FusedInferAttentionScore,AI_CORE,AI_CORE,1704161511653233.000,70.265,5.621,24,"[[1,1024],[1024,4096]]","[[1,4096]]",0.18,0.44
0,RmsNorm,AI_VECTOR_CORE,AI_VECTOR_CORE,1704161511653303.250,20.450,1.636,24,"[[1,1024],[1024,4096]]","[[1,4096]]",0.05,0.3
0,MatMulV2,AI_CORE,AI_CORE,1704161511653323.750,119.506,9.561,24,"[[1,1024],[1024,4096]]","[[1,4096]]",0.18,0.44
0,FusedInferAttentionScore,AI_CORE,AI_CORE,1704161511653443.250,68.574,5.486,24,"[[1,1024],[1024,4096]]","[[1,4096]]",0.18,0.44
0,RmsNorm,AI_VECTOR_CORE,AI_VECTOR_CORE,1704161511653511.750,20.825,1.666,24,"[[1,1024],[1024,4096]]","[[1,4096]]",0.05,0.3
0,MatMulV2,AI_CORE,AI_CORE,1704161511653532.500,120.079,9.606,24,"[[1,1024],[1024,4096]]","[[1,4096]]",0.18,0.44
0,FusedInferAttentionScore,AI_CORE,AI_CORE,1704161511653652.500,73.064,5.845,24,"[[1,1024],[1024,4096]]","[[1,4096]]",0.18,0.44
0,RmsNorm,AI_VECTOR_CORE,AI_VECTOR_CORE,1704161511653725.500,26.334,2.107,24,"[[1,1024],[1024,4096]]","[[1,4096]]",0.05,0.3
0,MatMulV2,AI_CORE,AI_CORE,1704161511653751.750,119.769,9.581,24,"[[1,1024],[1024,4096]]","[[1,4096]]",0.18,0.44
0,FusedInferAttentionScore,AI_CORE,AI_CORE,1704161511653871.500,72.087,5.767,24,"[[1,1024],[1024,4096]]","[[1,4096]]",0.18,0.44
0,RmsNorm,AI_VECTOR_CORE,AI_VECTOR_CORE,1704161511653943.500,25.632,2.051,24,"[[1,1024],[1024,4096]]","[[1,4096]]",0.05,0.3
0,MatMulV2,AI_CORE,AI_CORE,1704161511653969.250,129.935,10.395,24,"[[1,1024],[1024,4096]]","[[1,4096]]",0.18,0.44
0,FusedInferAttentionScore,AI_CORE,AI_CORE,1704161511654099.250,71.286,5.703,24,"[[1,1024],[1024,4096]]","[[1,4096]]",0.18,0.44
0,RmsNorm,AI_VECTOR_CORE,AI_VECTOR_CORE,1704161511654170.500,23.951,1.916,24,"[[1,1024],[1024,4096]]","[[1,4096]]",0.05,0.3
0,MatMulV2,AI_CORE,AI_CORE,1704161511654194.500,120.909,9.673,24,"[[1,1024],[1024,4096]]","[[1,4096]]",0.18,0.44
0,FusedInferAttentionScore,AI_CORE,AI_CORE,1704161511654315.500,70.606,5.648,24,"[[1,1024],[1024,4096]]","[[1,4096]]",0.18,0.44
0,RmsNorm,AI_VECTOR_CORE,AI_VECTOR_CORE,1704161511654386.000,20.249,1.620,24,"[[1,1024],[1024,4096]]","[[1,4096]]",0.05,0.3
0,MatMulV2,AI_CORE,AI_CORE,1704161511654406.250,119.967,9.597,24,"[[1,1024],[1024,4096]]","[[1,4096]]",0.18,0.44
0,FusedInferAttentionScore,AI_CORE,AI_CORE,1704161511654526.250,70.134,5.611,24,"[[1,1024],[1024,4096]]","[[1,4096]]",0.18,0.44
0,RmsNorm,AI_VECTOR_CORE,AI_VECTOR_CORE,1704161511654596.500,25.385,2.031,24,"[[1,1024],[1024,4096]]","[[1,4096]]",0.05,0.3
0,MatMulV2,AI_CORE,AI_CORE,1704161511654622.000,126.347,10.108,24,"[[1,1024],[1024,4096]]","[[1,4096]]",0.18,0.44
0,FusedInferAttentionScore,AI_CORE,AI_CORE,1704161511654748.250,67.367,5.389,24,"[[1,1024],[1024,4096]]","[[1,4096]]",0.18,0.44
0,RmsNorm,AI_VECTOR_CORE,AI_VECTOR_CORE,1704161511654815.500,27.882,2.231,24,"[[1,1024],[1024,4096]]","[[1,4096]]",0.05,0.3
0,MatMulV2,AI_CORE,AI_CORE,1704161511654843.500,128.642,10.291,24,"[[1,1024],[1024,4096]]","[[1,4096]]",0.18,0.44
0,FusedInferAttentionScore,AI_CORE,AI_CORE,1704161511654972.250,68.010,5.441,24,"[[1,1024],[1024,4096]]","[[1,4096]]",0.18,0.44
0,RmsNorm,AI_VECTOR_CORE,AI_VECTOR_CORE,1704161511655040.250,27.426,2.194,24,"[[1,1024],[1024,4096]]","[[1,4096]]",0.05,0.3
0,MatMulV2,AI_CORE,AI_CORE,1704161511655067.750,131.983,10.559,24,"[[1,1024],[1024,4096]]","[[1,4096]]",0.18,0.44
0,FusedInferAttentionScore,AI_CORE,AI_CORE,1704161511655199.750,65.876,5.270,24,"[[1,1024],[1024,4096]]","[[1,4096]]",0.18,0.44
0,RmsNorm,AI_VECTOR_CORE,AI_VECTOR_CORE,1704161511655265.750,28.248,2.260,24,"[[1,1024],[1024,4096]]","[[1,4096]]",0.05,0.3
0,MatMulV2,AI_CORE,AI_CORE,1704161511655294.000,108.365,8.669,24,"[[1,1024],[1024,4096]]","[[1,4096]]",0.18,0.44
0,FusedInferAttentionScore,AI_CORE,AI_CORE,1704161511655402.250,63.004,5.040,24,"[[1,1024],[1024,4096]]","[[1,4096]]",0.18,0.44
0,RmsNorm,AI_VECTOR_CORE,AI_VECTOR_CORE,1704161511655465.250,21.338,1.707,24,"[[1,1024],[1024,4096]]","[[1,4096]]",0.05,0.3
0,MatMulV2,AI_CORE,AI_CORE,1704161511655486.500,125.492,10.039,24,"[[1,1024],[1024,4096]]","[[1,4096]]",0.18,0.44
0,FusedInferAttentionScore,AI_CORE,AI_CORE,1704161511655612.000,64.577,5.166,24,"[[1,1024],[1024,4096]]","[[1,4096]]",0.18,0.44
0,RmsNorm,AI_VECTOR_CORE,AI_VECTOR_CORE,1704161511655676.500,25.249,2.020,24,"[[1,1024],[1024,4096]]","[[1,4096]]",0.05,0.3
0,MatMulV2,AI_CORE,AI_CORE,1704161511655701.750,123.528,9.882,24,"[[1,1024],[1024,4096]]","[[1,4096]]",0.18,0.44
0,FusedInferAttentionScore,AI_CORE,AI_CORE,1704161511655825.250,70.739,5.659,24,"[[1,1024],[1024,4096]]","[[1,4096]]",0.18,0.44
0,RmsNorm,AI_VECTOR_CORE,AI_VECTOR_CORE,1704161511655896.000,27.227,2.178,24,"[[1,1024],[1024,4096]]","[[1,4096]]",0.05,0.3
0,MatMulV2,AI_CORE,AI_CORE,1704161511655923.250,111.118,8.889,24,"[[1,1024],[1024,4096]]","[[1,4096]]",0.18,0.44
0,FusedInferAttentionScore,AI_CORE,AI_CORE,1704161511656034.250,76.897,6.152,24,"[[1,1024],[1024,4096]]","[[1,4096]]",0.18,0.44
0,RmsNorm,AI_VECTOR_CORE,AI_VECTOR_CORE,1704161511656111.250,24.038,1.923,24,"[[1,1024],[1024,4096]]","[[1,4096]]",0.05,0.3
0,MatMulV2,AI_CORE,AI_CORE,1704161511656135.250,118.055,9.444,24,"[[1,1024],[1024,4096]]","[[1,4096]]",0.18,0.44
0,FusedInferAttentionScore,AI_CORE,AI_CORE,1704161511656253.250,69.611,5.569,24,"[[1,1024],[1024,4096]]","[[1,4096]]",0.18,0.44
0,RmsNorm,AI_VECTOR_CORE,AI_VECTOR_CORE,1704161511656322.750,28.213,2.257,24,"[[1,1024],[1024,4096]]","[[1,4096]]",0.05,0.3
0,MatMulV2,AI_CORE,AI_CORE,1704161511656351.000,111.976,8.958,24,"[[1,1024],[1024,4096]]","[[1,4096]]",0.18,0.44
0,FusedInferAttentionScore,AI_CORE,AI_CORE,1704161511656463.000,64.662,5.173,24,"[[1,1024],[1024,4096]]","[[1,4096]]",0.18,0.44
0,RmsNorm,AI_VECTOR_CORE,AI_VECTOR_CORE,1704161511656527.750,23.091,1.847,24,"[[1,1024],[1024,4096]]","[[1,4096]]",0.05,0.3
