Device_id,Name,Input Shapes,Call Stack,Host Self Duration(us),Host Total Duration(us),Device Self Duration(us),Device Total Duration(us),mac_ratio,mte2_ratio
0,MatMulV2,"[[1,1024],[1024,4096]]",vllm/worker/model_runner.py:1234,6.5,9.8,118.123,122.123,0.18,0.44
0,FusedInferAttentionScore,"[[1,1024],[1024,4096]]",vllm/worker/model_runner.py:1234,6.5,9.8,67.934,71.934,0.18,0.44
0,RmsNorm,"[[1,1024],[1024,4096]]",vllm/worker/model_runner.py:1234,6.5,9.8,28.006,32.006,0.18,0.44
0,AllReduce,"[[1,1024],[1024,4096]]",vllm/worker/model_runner.py:1234,6.5,9.8,30.822,34.822,0.18,0.44
0,aclrtMemcpyAsync_D2H,"[[1,1024],[1024,4096]]",vllm/worker/model_runner.py:1234,6.5,9.8,260,264,0.18,0.44
0,MatMulV2,"[[1,1024],[1024,4096]]",vllm/worker/model_runner.py:1234,6.5,9.8,131.483,135.483,0.18,0.44
0,FusedInferAttentionScore,"[[1,1024],[1024,4096]]",vllm/worker/model_runner.py:1234,6.5,9.8,68.137,72.137,0.18,0.44
0,RmsNorm,"[[1,1024],[1024,4096]]",vllm/worker/model_runner.py:1234,6.5,9.8,25.973,29.973,0.18,0.44
0,AllReduce,"[[1,1024],[1024,4096]]",vllm/worker/model_runner.py:1234,6.5,9.8,32.422,36.422,0.18,0.44
0,MatMulV2,"[[1,1024],[1024,4096]]",vllm/worker/model_runner.py:1234,6.5,9.8,124.786,128.786,0.18,0.44
0,FusedInferAttentionScore,"[[1,1024],[1024,4096]]",vllm/worker/model_runner.py:1234,6.5,9.8,74.562,78.562,0.18,0.44
0,RmsNorm,"[[1,1024],[1024,4096]]",vllm/worker/model_runner.py:1234,6.5,9.8,22.99,26.99,0.18,0.44
0,AllReduce,"[[1,1024],[1024,4096]]",vllm/worker/model_runner.py:1234,6.5,9.8,32.59,36.59,0.18,0.44
0,MatMulV2,"[[1,1024],[1024,4096]]",vllm/worker/model_runner.py:1234,6.5,9.8,127.519,131.519,0.18,0.44
0,FusedInferAttentionScore,"[[1,1024],[1024,4096]]",vllm/worker/model_runner.py:1234,6.5,9.8,76.302,80.302,0.18,0.44
0,RmsNorm,"[[1,1024],[1024,4096]]",vllm/worker/model_runner.py:1234,6.5,9.8,23.093,27.093,0.18,0.44
0,AllReduce,"[[1,1024],[1024,4096]]",vllm/worker/model_runner.py:1234,6.5,9.8,35.775,39.775,0.18,0.44
0,MatMulV2,"[[1,1024],[1024,4096]]",vllm/worker/model_runner.py:1234,6.5,9.8,110.312,114.312,0.18,0.44
0,FusedInferAttentionScore,"[[1,1024],[1024,4096]]",vllm/worker/model_runner.py:1234,6.5,9.8,76.341,80.341,0.18,0.44
0,RmsNorm,"[[1,1024],[1024,4096]]",vllm/worker/model_runner.py:1234,6.5,9.8,23.099,27.099,0.18,0.44
0,AllReduce,"[[1,1024],[1024,4096]]",vllm/worker/model_runner.py:1234,6.5,9.8,31.261,35.260999999999996,0.18,0.44
0,MatMulV2,"[[1,1024],[1024,4096]]",vllm/worker/model_runner.py:1234,6.5,9.8,118.105,122.105,0.18,0.44
0,FusedInferAttentionScore,"[[1,1024],[1024,4096]]",vllm/worker/model_runner.py:1234,6.5,9.8,68.47,72.47,0.18,0.44
0,RmsNorm,"[[1,1024],[1024,4096]]",vllm/worker/model_runner.py:1234,6.5,9.8,26.128,30.128,0.18,0.44
0,AllReduce,"[[1,1024],[1024,4096]]",vllm/worker/model_runner.py:1234,6.5,9.8,35.869,39.869,0.18,0.44
0,MatMulV2,"[[1,1024],[1024,4096]]",vllm/worker/model_runner.py:1234,6.5,9.8,131.56,135.56,0.18,0.44
0,FusedInferAttentionScore,"[[1,1024],[1024,4096]]",vllm/worker/model_runner.py:1234,6.5,9.8,74.37,78.37,0.18,0.44
0,RmsNorm,"[[1,1024],[1024,4096]]",vllm/worker/model_runner.py:1234,6.5,9.8,20.299,24.299,0.18,0.44
0,AllReduce,"[[1,1024],[1024,4096]]",vllm/worker/model_runner.py:1234,6.5,9.8,36.948,40.948,0.18,0.44
0,MatMulV2,"[[1,1024],[1024,4096]]",vllm/worker/model_runner.py:1234,6.5,9.8,117.583,121.583,0.18,0.44
0,FusedInferAttentionScore,"[[1,1024],[1024,4096]]",vllm/worker/model_runner.py:1234,6.5,9.8,67.843,71.843,0.18,0.44
0,RmsNorm,"[[1,1024],[1024,4096]]",vllm/worker/model_runner.py:1234,6.5,9.8,21.74,25.74,0.18,0.44
0,AllReduce,"[[1,1024],[1024,4096]]",vllm/worker/model_runner.py:1234,6.5,9.8,34.663,38.663,0.18,0.44
0,MatMulV2,"[[1,1024],[1024,4096]]",vllm/worker/model_runner.py:1234,6.5,9.8,111.849,115.849,0.18,0.44
0,FusedInferAttentionScore,"[[1,1024],[1024,4096]]",vllm/worker/model_runner.py:1234,6.5,9.8,64.635,68.635,0.18,0.44
0,RmsNorm,"[[1,1024],[1024,4096]]",vllm/worker/model_runner.py:1234,6.5,9.8,24.282,28.282,0.18,0.44
0,AllReduce,"[[1,1024],[1024,4096]]",vllm/worker/model_runner.py:1234,6.5,9.8,30.685,34.685,0.18,0.44
0,MatMulV2,"[[1,1024],[1024,4096]]",vllm/worker/model_runner.py:1234,6.5,9.8,110.182,114.182,0.18,0.44
0,FusedInferAttentionScore,"[[1,1024],[1024,4096]]",vllm/worker/model_runner.py:1234,6.5,9.8,71.852,75.852,0.18,0.44
0,RmsNorm,"[[1,1024],[1024,4096]]",vllm/worker/model_runner.py:1234,6.5,9.8,26.963,30.963,0.18,0.44
0,AllReduce,"[[1,1024],[1024,4096]]",vllm/worker/model_runner.py:1234,6.5,9.8,36.492,40.492,0.18,0.44
0,MatMulV2,"[[1,1024],[1024,4096]]",vllm/worker/model_runner.py:1234,6.5,9.8,127.691,131.691,0.18,0.44
0,FusedInferAttentionScore,"[[1,1024],[1024,4096]]",vllm/worker/model_runner.py:1234,6.5,9.8,70.41,74.41,0.18,0.44
0,RmsNorm,"[[1,1024],[1024,4096]]",vllm/worker/model_runner.py:1234,6.5,9.8,24.911,28.911,0.18,0.44
0,AllReduce,"[[1,1024],[1024,4096]]",vllm/worker/model_runner.py:1234,6.5,9.8,33.39,37.39,0.18,0.44
0,MatMulV2,"[[1,1024],[1024,4096]]",vllm/worker/model_runner.py:1234,6.5,9.8,118.508,122.508,0.18,0.44
0,FusedInferAttentionScore,"[[1,1024],[1024,4096]]",vllm/worker/model_runner.py:1234,6.5,9.8,67.5,71.5,0.18,0.44
0,RmsNorm,"[[1,1024],[1024,4096]]",vllm/worker/model_runner.py:1234,6.5,9.8,24.349,28.349,0.18,0.44
0,AllReduce,"[[1,1024],[1024,4096]]",vllm/worker/model_runner.py:1234,6.5,9.8,35.647,39.647,0.18,0.44
0,MatMulV2,"[[1,1024],[1024,4096]]",vllm/worker/model_runner.py:1234,6.5,9.8,127.03,131.03,0.18,0.44
0,FusedInferAttentionScore,"[[1,1024],[1024,4096]]",vllm/worker/model_runner.py:1234,6.5,9.8,63.54,67.53999999999999,0.18,0.44
0,RmsNorm,"[[1,1024],[1024,4096]]",vllm/worker/model_runner.py:1234,6.5,9.8,20.064,24.064,0.18,0.44
0,AllReduce,"[[1,1024],[1024,4096]]",vllm/worker/model_runner.py:1234,6.5,9.8,35.865,39.865,0.18,0.44
0,MatMulV2,"[[1,1024],[1024,4096]]",vllm/worker/model_runner.py:1234,6.5,9.8,111.524,115.524,0.18,0.44
0,FusedInferAttentionScore,"[[1,1024],[1024,4096]]",vllm/worker/model_runner.py:1234,6.5,9.8,75.571,79.571,0.18,0.44
0,RmsNorm,"[[1,1024],[1024,4096]]",vllm/worker/model_runner.py:1234,6.5,9.8,20.111,24.111,0.18,0.44
0,AllReduce,"[[1,1024],[1024,4096]]",vllm/worker/model_runner.py:1234,6.5,9.8,34.982,38.982,0.18,0.44
0,MatMulV2,"[[1,1024],[1024,4096]]",vllm/worker/model_runner.py:1234,6.5,9.8,110.972,114.972,0.18,0.44
0,FusedInferAttentionScore,"[[1,1024],[1024,4096]]",vllm/worker/model_runner.py:1234,6.5,9.8,68.585,72.585,0.18,0.44
0,RmsNorm,"[[1,1024],[1024,4096]]",vllm/worker/model_runner.py:1234,6.5,9.8,22.475,26.475,0.18,0.44
0,AllReduce,"[[1,1024],[1024,4096]]",vllm/worker/model_runner.py:1234,6.5,9.8,34.614,38.614,0.18,0.44
0,MatMulV2,"[[1,1024],[1024,4096]]",vllm/worker/model_runner.py:1234,6.5,9.8,112.037,116.037,0.18,0.44
0,FusedInferAttentionScore,"[[1,1024],[1024,4096]]",vllm/worker/model_runner.py:1234,6.5,9.8,69.725,73.725,0.18,0.44
0,RmsNorm,"[[1,1024],[1024,4096]]",vllm/worker/model_runner.py:1234,6.5,9.8,23.666,27.666,0.18,0.44
0,AllReduce,"[[1,1024],[1024,4096]]",vllm/worker/model_runner.py:1234,6.5,9.8,34.348,38.348,0.18,0.44
0,MatMulV2,"[[1,1024],[1024,4096]]",vllm/worker/model_runner.py:1234,6.5,9.8,131.02,135.02,0.18,0.44
0,FusedInferAttentionScore,"[[1,1024],[1024,4096]]",vllm/worker/model_runner.py:1234,6.5,9.8,71.856,75.856,0.18,0.44
0,RmsNorm,"[[1,1024],[1024,4096]]",vllm/worker/model_runner.py:1234,6.5,9.8,26.379,30.379,0.18,0.44
0,AllReduce,"[[1,1024],[1024,4096]]",vllm/worker/model_runner.py:1234,6.5,9.8,30.685,34.685,0.18,0.44
0,MatMulV2,"[[1,1024],[1024,4096]]",vllm/worker/model_runner.py:1234,6.5,9.8,119.682,123.682,0.18,0.44
0,FusedInferAttentionScore,"[[1,1024],[1024,4096]]",vllm/worker/model_runner.py:1234,6.5,9.8,64.458,68.458,0.18,0.44
0,RmsNorm,"[[1,1024],[1024,4096]]",vllm/worker/model_runner.py:1234,6.5,9.8,25.38,29.38,0.18,0.44
0,AllReduce,"[[1,1024],[1024,4096]]",vllm/worker/model_runner.py:1234,6.5,9.8,36.447,40.447,0.18,0.44
0,MatMulV2,"[[1,1024],[1024,4096]]",vllm/worker/model_runner.py:1234,6.5,9.8,125.812,129.812,0.18,0.44
0,FusedInferAttentionScore,"[[1,1024],[1024,4096]]",vllm/worker/model_runner.py:1234,6.5,9.8,71.311,75.311,0.18,0.44
0,RmsNorm,"[[1,1024],[1024,4096]]",vllm/worker/model_runner.py:1234,6.5,9.8,20.358,24.358,0.18,0.44
0,AllReduce,"[[1,1024],[1024,4096]]",vllm/worker/model_runner.py:1234,6.5,9.8,32.343,36.343,0.18,0.44
0,MatMulV2,"[[1,1024],[1024,4096]]",vllm/worker/model_runner.py:1234,6.5,9.8,113.406,117.406,0.18,0.44
0,FusedInferAttentionScore,"[[1,1024],[1024,4096]]",vllm/worker/model_runner.py:1234,6.5,9.8,63.947,67.947,0.18,0.44
0,RmsNorm,"[[1,1024],[1024,4096]]",vllm/worker/model_runner.py:1234,6.5,9.8,20.509,24.509,0.18,0.44
0,AllReduce,"[[1,1024],[1024,4096]]",vllm/worker/model_runner.py:1234,6.5,9.8,36.116,40.116,0.18,0.44
0,MatMulV2,"[[1,1024],[1024,4096]]",vllm/worker/model_runner.py:1234,6.5,9.8,125.35,129.35,0.18,0.44
0,FusedInferAttentionScore,"[[1,1024],[1024,4096]]",vllm/worker/model_runner.py:1234,6.5,9.8,71.335,75.335,0.18,0.44
0,RmsNorm,"[[1,1024],[1024,4096]]",vllm/worker/model_runner.py:1234,6.5,9.8,27.181,31.181,0.18,0.44
0,AllReduce,"[[1,1024],[1024,4096]]",vllm/worker/model_runner.py:1234,6.5,9.8,34.362,38.362,0.18,0.44
0,MatMulV2,"[[1,1024],[1024,4096]]",vllm/worker/model_runner.py:1234,6.5,9.8,109.453,113.453,0.18,0.44
0,FusedInferAttentionScore,"[[1,1024],[1024,4096]]",vllm/worker/model_runner.py:1234,6.5,9.8,67.763,71.763,0.18,0.44
0,RmsNorm,"[[1,1024],[1024,4096]]",vllm/worker/model_runner.py:1234,6.5,9.8,21.747,25.747,0.18,0.44
0,AllReduce,"[[1,1024],[1024,4096]]",vllm/worker/model_runner.py:1234,6.5,9.8,33.834,37.834,0.18,0.44
0,MatMulV2,"[[1,1024],[1024,4096]]",vllm/worker/model_runner.py:1234,6.5,9.8,126.738,130.738,0.18,0.44
0,FusedInferAttentionScore,"[[1,1024],[1024,4096]]",vllm/worker/model_runner.py:1234,6.5,9.8,64.394,68.394,0.18,0.44
0,RmsNorm,"[[1,1024],[1024,4096]]",vllm/worker/model_runner.py:1234,6.5,9.8,26.651,30.651,0.18,0.44
0,AllReduce,"[[1,1024],[1024,4096]]",vllm/worker/model_runner.py:1234,6.5,9.8,35.145,39.145,0.18,0.44
0,MatMulV2,"[[1,1024],[1024,4096]]",vllm/worker/model_runner.py:1234,6.5,9.8,130.845,134.845,0.18,0.44
0,FusedInferAttentionScore,"[[1,1024],[1024,4096]]",vllm/worker/model_runner.py:1234,6.5,9.8,63.458,67.458,0.18,0.44
0,RmsNorm,"[[1,1024],[1024,4096]]",vllm/worker/model_runner.py:1234,6.5,9.8,21.967,25.967,0.18,0.44
0,AllReduce,"[[1,1024],[1024,4096]]",vllm/worker/model_runner.py:1234,6.5,9.8,32.655,36.655,0.18,0.44
0,MatMulV2,"[[1,1024],[1024,4096]]",vllm/worker/model_runner.py:1234,6.5,9.8,121.418,125.418,0.18,0.44
0,FusedInferAttentionScore,"[[1,1024],[1024,4096]]",vllm/worker/model_runner.py:1234,6.5,9.8,69.556,73.556,0.18,0.44
0,RmsNorm,"[[1,1024],[1024,4096]]",vllm/worker/model_runner.py:1234,6.5,9.8,20.645,24.645,0.18,0.44
0,AllReduce,"[[1,1024],[1024,4096]]",vllm/worker/model_runner.py:1234,6.5,9.8,37.272,41.272,0.18,0.44
0,MatMulV2,"[[1,1024],[1024,4096]]",vllm/worker/model_runner.py:1234,6.5,9.8,112.372,116.372,0.18,0.44
0,FusedInferAttentionScore,"[[1,1024],[1024,4096]]",vllm/worker/model_runner.py:1234,6.5,9.8,76.033,80.033,0.18,0.44
0,RmsNorm,"[[1,1024],[1024,4096]]",vllm/worker/model_runner.py:1234,6.5,9.8,22.364,26.364,0.18,0.44
0,AllReduce,"[[1,1024],[1024,4096]]",vllm/worker/model_runner.py:1234,6.5,9.8,32.16,36.16,0.18,0.44
0,MatMulV2,"[[1,1024],[1024,4096]]",vllm/worker/model_runner.py:1234,6.5,9.8,129.896,133.896,0.18,0.44
0,FusedInferAttentionScore,"[[1,1024],[1024,4096]]",vllm/worker/model_runner.py:1234,6.5,9.8,73.902,77.902,0.18,0.44
0,RmsNorm,"[[1,1024],[1024,4096]]",vllm/worker/model_runner.py:1234,6.5,9.8,19.565,23.565,0.18,0.44
0,AllReduce,"[[1,1024],[1024,4096]]",vllm/worker/model_runner.py:1234,6.5,9.8,31.462,35.462,0.18,0.44
0,MatMulV2,"[[1,1024],[1024,4096]]",vllm/worker/model_runner.py:1234,6.5,9.8,125.073,129.07299999999998,0.18,0.44
0,FusedInferAttentionScore,"[[1,1024],[1024,4096]]",vllm/worker/model_runner.py:1234,6.5,9.8,64.278,68.278,0.18,0.44
0,RmsNorm,"[[1,1024],[1024,4096]]",vllm/worker/model_runner.py:1234,6.5,9.8,20.402,24.402,0.18,0.44
0,AllReduce,"[[1,1024],[1024,4096]]",vllm/worker/model_runner.py:1234,6.5,9.8,33.046,37.046,0.18,0.44
0,MatMulV2,"[[1,1024],[1024,4096]]",vllm/worker/model_runner.py:1234,6.5,9.8,123.989,127.989,0.18,0.44
0,FusedInferAttentionScore,"[[1,1024],[1024,4096]]",vllm/worker/model_runner.py:1234,6.5,9.8,72.797,76.797,0.18,0.44
0,RmsNorm,"[[1,1024],[1024,4096]]",vllm/worker/model_runner.py:1234,6.5,9.8,26.971,30.971,0.18,0.44
0,AllReduce,"[[1,1024],[1024,4096]]",vllm/worker/model_runner.py:1234,6.5,9.8,31.977,35.977000000000004,0.18,0.44
0,MatMulV2,"[[1,1024],[1024,4096]]",vllm/worker/model_runner.py:1234,6.5,9.8,128.219,132.219,0.18,0.44
0,FusedInferAttentionScore,"[[1,1024],[1024,4096]]",vllm/worker/model_runner.py:1234,6.5,9.8,69.984,73.984,0.18,0.44
0,RmsNorm,"[[1,1024],[1024,4096]]",vllm/worker/model_runner.py:1234,6.5,9.8,24.753,28.753,0.18,0.44
0,AllReduce,"[[1,1024],[1024,4096]]",vllm/worker/model_runner.py:1234,6.5,9.8,31.929,35.929,0.18,0.44
0,MatMulV2,"[[1,1024],[1024,4096]]",vllm/worker/model_runner.py:1234,6.5,9.8,124.547,128.547,0.18,0.44
0,FusedInferAttentionScore,"[[1,1024],[1024,4096]]",vllm/worker/model_runner.py:1234,6.5,9.8,69.044,73.044,0.18,0.44
0,RmsNorm,"[[1,1024],[1024,4096]]",vllm/worker/model_runner.py:1234,6.5,9.8,22.434,26.434,0.18,0.44
0,AllReduce,"[[1,1024],[1024,4096]]",vllm/worker/model_runner.py:1234,6.5,9.8,34.233,38.233,0.18,0.44
0,MatMulV2,"[[1,1024],[1024,4096]]",vllm/worker/model_runner.py:1234,6.5,9.8,112.803,116.803,0.18,0.44
0,FusedInferAttentionScore,"[[1,1024],[1024,4096]]",vllm/worker/model_runner.py:1234,6.5,9.8,74.037,78.037,0.18,0.44
0,RmsNorm,"[[1,1024],[1024,4096]]",vllm/worker/model_runner.py:1234,6.5,9.8,20.446,24.446,0.18,0.44
0,AllReduce,"[[1,1024],[1024,4096]]",vllm/worker/model_runner.py:1234,6.5,9.8,33.576,37.576,0.18,0.44
0,MatMulV2,"[[1,1024],[1024,4096]]",vllm/worker/model_runner.py:1234,6.5,9.8,112.435,116.435,0.18,0.44
0,FusedInferAttentionScore,"[[1,1024],[1024,4096]]",vllm/worker/model_runner.py:1234,6.5,9.8,65.792,69.792,0.18,0.44
0,RmsNorm,"[[1,1024],[1024,4096]]",vllm/worker/model_runner.py:1234,6.5,9.8,27.141,31.141,0.18,0.44
0,AllReduce,"[[1,1024],[1024,4096]]",vllm/worker/model_runner.py:1234,6.5,9.8,34.551,38.551,0.18,0.44
0,aclrtMemcpyAsync_D2H,"[[1,1024],[1024,4096]]",vllm/worker/model_runner.py:1234,6.5,9.8,260,264,0.18,0.44
0,MatMulV2,"[[1,1024],[1024,4096]]",vllm/worker/model_runner.py:1234,6.5,9.8,128.745,132.745,0.18,0.44
0,FusedInferAttentionScore,"[[1,1024],[1024,4096]]",vllm/worker/model_runner.py:1234,6.5,9.8,68.979,72.979,0.18,0.44
0,RmsNorm,"[[1,1024],[1024,4096]]",vllm/worker/model_runner.py:1234,6.5,9.8,19.996,23.996,0.18,0.44
0,AllReduce,"[[1,1024],[1024,4096]]",vllm/worker/model_runner.py:1234,6.5,9.8,34.536,38.536,0.18,0.44
0,MatMulV2,"[[1,1024],[1024,4096]]",vllm/worker/model_runner.py:1234,6.5,9.8,109.787,113.787,0.18,0.44
0,FusedInferAttentionScore,"[[1,1024],[1024,4096]]",vllm/worker/model_runner.py:1234,6.5,9.8,75.068,79.068,0.18,0.44
0,RmsNorm,"[[1,1024],[1024,4096]]",vllm/worker/model_runner.py:1234,6.5,9.8,24.453,28.453,0.18,0.44
0,AllReduce,"[[1,1024],[1024,4096]]",vllm/worker/model_runner.py:1234,6.5,9.8,31.313,35.313,0.18,0.44
0,MatMulV2,"[[1,1024],[1024,4096]]",vllm/worker/model_runner.py:1234,6.5,9.8,123.536,127.536,0.18,0.44
0,FusedInferAttentionScore,"[[1,1024],[1024,4096]]",vllm/worker/model_runner.py:1234,6.5,9.8,75.206,79.206,0.18,0.44
0,RmsNorm,"[[1,1024],[1024,4096]]",vllm/worker/model_runner.py:1234,6.5,9.8,21.01,25.01,0.18,0.44
0,AllReduce,"[[1,1024],[1024,4096]]",vllm/worker/model_runner.py:1234,6.5,9.8,30.759,34.759,0.18,0.44
0,MatMulV2,"[[1,1024],[1024,4096]]",vllm/worker/model_runner.py:1234,6.5,9.8,130.527,134.527,0.18,0.44
0,FusedInferAttentionScore,"[[1,1024],[1024,4096]]",vllm/worker/model_runner.py:1234,6.5,9.8,76.702,80.702,0.18,0.44
0,RmsNorm,"[[1,1024],[1024,4096]]",vllm/worker/model_runner.py:1234,6.5,9.8,24.258,28.258,0.18,0.44
0,AllReduce,"[[1,1024],[1024,4096]]",vllm/worker/model_runner.py:1234,6.5,9.8,33.667,37.667,0.18,0.44
0,MatMulV2,"[[1,1024],[1024,4096]]",vllm/worker/model_runner.py:1234,6.5,9.8,124.289,128.289,0.18,0.44
0,FusedInferAttentionScore,"[[1,1024],[1024,4096]]",vllm/worker/model_runner.py:1234,6.5,9.8,73.743,77.743,0.18,0.44
0,RmsNorm,"[[1,1024],[1024,4096]]",vllm/worker/model_runner.py:1234,6.5,9.8,23.164,27.164,0.18,0.44
0,AllReduce,"[[1,1024],[1024,4096]]",vllm/worker/model_runner.py:1234,6.5,9.8,33.88,37.88,0.18,0.44
0,MatMulV2,"[[1,1024],[1024,4096]]",vllm/worker/model_runner.py:1234,6.5,9.8,110.913,114.913,0.18,0.44
0,FusedInferAttentionScore,"[[1,1024],[1024,4096]]",vllm/worker/model_runner.py:1234,6.5,9.8,65.324,69.324,0.18,0.44
0,RmsNorm,"[[1,1024],[1024,4096]]",vllm/worker/model_runner.py:1234,6.5,9.8,20.586,24.586,0.18,0.44
0,AllReduce,"[[1,1024],[1024,4096]]",vllm/worker/model_runner.py:1234,6.5,9.8,36.007,40.007,0.18,0.44
0,MatMulV2,"[[1,1024],[1024,4096]]",vllm/worker/model_runner.py:1234,6.5,9.8,111.156,115.156,0.18,0.44
0,FusedInferAttentionScore,"[[1,1024],[1024,4096]]",vllm/worker/model_runner.py:1234,6.5,9.8,68.979,72.979,0.18,0.44
0,RmsNorm,"[[1,1024],[1024,4096]]",vllm/worker/model_runner.py:1234,6.5,9.8,20.976,24.976,0.18,0.44
0,AllReduce,"[[1,1024],[1024,4096]]",vllm/worker/model_runner.py:1234,6.5,9.8,34.602,38.602,0.18,0.44
0,MatMulV2,"[[1,1024],[1024,4096]]",vllm/worker/model_runner.py:1234,6.5,9.8,110.437,114.437,0.18,0.44
0,FusedInferAttentionScore,"[[1,1024],[1024,4096]]",vllm/worker/model_runner.py:1234,6.5,9.8,68.411,72.411,0.18,0.44
0,RmsNorm,"[[1,1024],[1024,4096]]",vllm/worker/model_runner.py:1234,6.5,9.8,19.21,23.21,0.18,0.44
0,AllReduce,"[[1,1024],[1024,4096]]",vllm/worker/model_runner.py:1234,6.5,9.8,34.395,38.395,0.18,0.44
0,MatMulV2,"[[1,1024],[1024,4096]]",vllm/worker/model_runner.py:1234,6.5,9.8,128.108,132.108,0.18,0.44
0,FusedInferAttentionScore,"[[1,1024],[1024,4096]]",vllm/worker/model_runner.py:1234,6.5,9.8,74.603,78.603,0.18,0.44
0,RmsNorm,"[[1,1024],[1024,4096]]",vllm/worker/model_runner.py:1234,6.5,9.8,26.714,30.714,0.18,0.44
0,AllReduce,"[[1,1024],[1024,4096]]",vllm/worker/model_runner.py:1234,6.5,9.8,36.437,40.437,0.18,0.44
0,MatMulV2,"[[1,1024],[1024,4096]]",vllm/worker/model_runner.py:1234,6.5,9.8,127.375,131.375,0.18,0.44
0,FusedInferAttentionScore,"[[1,1024],[1024,4096]]",vllm/worker/model_runner.py:1234,6.5,9.8,63.525,67.525,0.18,0.44
0,RmsNorm,"[[1,1024],[1024,4096]]",vllm/worker/model_runner.py:1234,6.5,9.8,19.812,23.812,0.18,0.44
0,AllReduce,"[[1,1024],[1024,4096]]",vllm/worker/model_runner.py:1234,6.5,9.8,32.368,36.368,0.18,0.44
0,MatMulV2,"[[1,1024],[1024,4096]]",vllm/worker/model_runner.py:1234,6.5,9.8,117.237,121.237,0.18,0.44
0,FusedInferAttentionScore,"[[1,1024],[1024,4096]]",vllm/worker/model_runner.py:1234,6.5,9.8,75.012,79.012,0.18,0.44
0,RmsNorm,"[[1,1024],[1024,4096]]",vllm/worker/model_runner.py:1234,6.5,9.8,24.069,28.069,0.18,0.44
0,AllReduce,"[[1,1024],[1024,4096]]",vllm/worker/model_runner.py:1234,6.5,9.8,37.065,41.065,0.18,0.44
0,MatMulV2,"[[1,1024],[1024,4096]]",vllm/worker/model_runner.py:1234,6.5,9.8,131.833,135.833,0.18,0.44
0,FusedInferAttentionScore,"[[1,1024],[1024,4096]]",vllm/worker/model_runner.py:1234,6.5,9.8,74.913,78.913,0.18,0.44
0,RmsNorm,"[[1,1024],[1024,4096]]",vllm/worker/model_runner.py:1234,6.5,9.8,22.757,26.757,0.18,0.44
0,AllReduce,"[[1,1024],[1024,4096]]",vllm/worker/model_runner.py:1234,6.5,9.8,35.264,39.264,0.18,0.44
0,MatMulV2,"[[1,1024],[1024,4096]]",vllm/worker/model_runner.py:1234,6.5,9.8,114.55,118.55,0.18,0.44
0,FusedInferAttentionScore,"[[1,1024],[1024,4096]]",vllm/worker/model_runner.py:1234,6.5,9.8,68.109,72.109,0.18,0.44
0,RmsNorm,"[[1,1024],[1024,4096]]",vllm/worker/model_runner.py:1234,6.5,9.8,23.22,27.22,0.18,0.44
0,AllReduce,"[[1,1024],[1024,4096]]",vllm/worker/model_runner.py:1234,6.5,9.8,32.232,36.232,0.18,0.44
0,MatMulV2,"[[1,1024],[1024,4096]]",vllm/worker/model_runner.py:1234,6.5,9.8,124.293,128.293,0.18,0.44
0,FusedInferAttentionScore,"[[1,1024],[1024,4096]]",vllm/worker/model_runner.py:1234,6.5,9.8,71.489,75.489,0.18,0.44
0,RmsNorm,"[[1,1024],[1024,4096]]",vllm/worker/model_runner.py:1234,6.5,9.8,22.059,26.059,0.18,0.44
0,AllReduce,"[[1,1024],[1024,4096]]",vllm/worker/model_runner.py:1234,6.5,9.8,33.076,37.076,0.18,0.44
0,MatMulV2,"[[1,1024],[1024,4096]]",vllm/worker/model_runner.py:1234,6.5,9.8,111.266,115.266,0.18,0.44
0,FusedInferAttentionScore,"[[1,1024],[1024,4096]]",vllm/worker/model_runner.py:1234,6.5,9.8,63.474,67.47399999999999,0.18,0.44
0,RmsNorm,"[[1,1024],[1024,4096]]",vllm/worker/model_runner.py:1234,6.5,9.8,25.307,29.307,0.18,0.44
0,AllReduce,"[[1,1024],[1024,4096]]",vllm/worker/model_runner.py:1234,6.5,9.8,35.361,39.361,0.18,0.44
0,MatMulV2,"[[1,1024],[1024,4096]]",vllm/worker/model_runner.py:1234,6.5,9.8,123.661,127.661,0.18,0.44
0,FusedInferAttentionScore,"[[1,1024],[1024,4096]]",vllm/worker/model_runner.py:1234,6.5,9.8,72.192,76.192,0.18,0.44
0,RmsNorm,"[[1,1024],[1024,4096]]",vllm/worker/model_runner.py:1234,6.5,9.8,22.947,26.947,0.18,0.44
0,AllReduce,"[[1,1024],[1024,4096]]",vllm/worker/model_runner.py:1234,6.5,9.8,33.031,37.031,0.18,0.44
0,MatMulV2,"[[1,1024],[1024,4096]]",vllm/worker/model_runner.py:1234,6.5,9.8,108.613,112.613,0.18,0.44
0,FusedInferAttentionScore,"[[1,1024],[1024,4096]]",vllm/worker/model_runner.py:1234,6.5,9.8,63.897,67.89699999999999,0.18,0.44
0,RmsNorm,"[[1,1024],[1024,4096]]",vllm/worker/model_runner.py:1234,6.5,9.8,21.095,25.095,0.18,0.44
0,AllReduce,"[[1,1024],[1024,4096]]",vllm/worker/model_runner.py:1234,6.5,9.8,31.298,35.298,0.18,0.44
0,MatMulV2,"[[1,1024],[1024,4096]]",vllm/worker/model_runner.py:1234,6.5,9.8,108.811,112.811,0.18,0.44
0,FusedInferAttentionScore,"[[1,1024],[1024,4096]]",vllm/worker/model_runner.py:1234,6.5,9.8,66.712,70.712,0.18,0.44
0,RmsNorm,"[[1,1024],[1024,4096]]",vllm/worker/model_runner.py:1234,6.5,9.8,26.439,30.439,0.18,0.44
0,AllReduce,"[[1,1024],[1024,4096]]",vllm/worker/model_runner.py:1234,6.5,9.8,33.096,37.096,0.18,0.44
0,MatMulV2,"[[1,1024],[1024,4096]]",vllm/worker/model_runner.py:1234,6.5,9.8,126.125,130.125,0.18,0.44
0,FusedInferAttentionScore,"[[1,1024],[1024,4096]]",vllm/worker/model_runner.py:1234,6.5,9.8,72.308,76.308,0.18,0.44
0,RmsNorm,"[[1,1024],[1024,4096]]",vllm/worker/model_runner.py:1234,6.5,9.8,23.845,27.845,0.18,0.44
0,AllReduce,"[[1,1024],[1024,4096]]",vllm/worker/model_runner.py:1234,6.5,9.8,34.174,38.174,0.18,0.44
0,MatMulV2,"[[1,1024],[1024,4096]]",vllm/worker/model_runner.py:1234,6.5,9.8,129.636,133.636,0.18,0.44
0,FusedInferAttentionScore,"[[1,1024],[1024,4096]]",vllm/worker/model_runner.py:1234,6.5,9.8,73.599,77.599,0.18,0.44
0,RmsNorm,"[[1,1024],[1024,4096]]",vllm/worker/model_runner.py:1234,6.5,9.8,19.308,23.308,0.18,0.44
0,AllReduce,"[[1,1024],[1024,4096]]",vllm/worker/model_runner.py:1234,6.5,9.8,31.605,35.605000000000004,0.18,0.44
0,MatMulV2,"[[1,1024],[1024,4096]]",vllm/worker/model_runner.py:1234,6.5,9.8,115.44,119.44,0.18,0.44
0,FusedInferAttentionScore,"[[1,1024],[1024,4096]]",vllm/worker/model_runner.py:1234,6.5,9.8,68.06,72.06,0.18,0.44
0,RmsNorm,"[[1,1024],[1024,4096]]",vllm/worker/model_runner.py:1234,6.5,9.8,21.183,25.183,0.18,0.44
0,AllReduce,"[[1,1024],[1024,4096]]",vllm/worker/model_runner.py:1234,6.5,9.8,31.801,35.801,0.18,0.44
0,MatMulV2,"[[1,1024],[1024,4096]]",vllm/worker/model_runner.py:1234,6.5,9.8,131.594,135.594,0.18,0.44
0,FusedInferAttentionScore,"[[1,1024],[1024,4096]]",vllm/worker/model_runner.py:1234,6.5,9.8,69.742,73.742,0.18,0.44
0,RmsNorm,"[[1,1024],[1024,4096]]",vllm/worker/model_runner.py:1234,6.5,9.8,27.051,31.051,0.18,0.44
0,AllReduce,"[[1,1024],[1024,4096]]",vllm/worker/model_runner.py:1234,6.5,9.8,32.211,36.211,0.18,0.44
0,MatMulV2,"[[1,1024],[1024,4096]]",vllm/worker/model_runner.py:1234,6.5,9.8,115.595,119.595,0.18,0.44
0,FusedInferAttentionScore,"[[1,1024],[1024,4096]]",vllm/worker/model_runner.py:1234,6.5,9.8,64.603,68.603,0.18,0.44
0,RmsNorm,"[[1,1024],[1024,4096]]",vllm/worker/model_runner.py:1234,6.5,9.8,28.369,32.369,0.18,0.44
0,AllReduce,"[[1,1024],[1024,4096]]",vllm/worker/model_runner.py:1234,6.5,9.8,34.183,38.183,0.18,0.44
0,MatMulV2,"[[1,1024],[1024,4096]]",vllm/worker/model_runner.py:1234,6.5,9.8,117.751,121.751,0.18,0.44
0,FusedInferAttentionScore,"[[1,1024],[1024,4096]]",vllm/worker/model_runner.py:1234,6.5,9.8,71.224,75.224,0.18,0.44
0,RmsNorm,"[[1,1024],[1024,4096]]",vllm/worker/model_runner.py:1234,6.5,9.8,28.257,32.257000000000005,0.18,0.44
0,AllReduce,"[[1,1024],[1024,4096]]",vllm/worker/model_runner.py:1234,6.5,9.8,37.37,41.37,0.18,0.44
0,MatMulV2,"[[1,1024],[1024,4096]]",vllm/worker/model_runner.py:1234,6.5,9.8,121.825,125.825,0.18,0.44
0,FusedInferAttentionScore,"[[1,1024],[1024,4096]]",vllm/worker/model_runner.py:1234,6.5,9.8,66.525,70.525,0.18,0.44
0,RmsNorm,"[[1,1024],[1024,4096]]",vllm/worker/model_runner.py:1234,6.5,9.8,22.164,26.164,0.18,0.44
0,AllReduce,"[[1,1024],[1024,4096]]",vllm/worker/model_runner.py:1234,6.5,9.8,35.765,39.765,0.18,0.44
0,MatMulV2,"[[1,1024],[1024,4096]]",vllm/worker/model_runner.py:1234,6.5,9.8,120.332,124.332,0.18,0.44
0,FusedInferAttentionScore,"[[1,1024],[1024,4096]]",vllm/worker/model_runner.py:1234,6.5,9.8,71.555,75.555,0.18,0.44
0,RmsNorm,"[[1,1024],[1024,4096]]",vllm/worker/model_runner.py:1234,6.5,9.8,27.976,31.976,0.18,0.44
0,AllReduce,"[[1,1024],[1024,4096]]",vllm/worker/model_runner.py:1234,6.5,9.8,37.141,41.141,0.18,0.44
0,MatMulV2,"[[1,1024],[1024,4096]]",vllm/worker/model_runner.py:1234,6.5,9.8,123.857,127.857,0.18,0.44
0,FusedInferAttentionScore,"[[1,1024],[1024,4096]]",vllm/worker/model_runner.py:1234,6.5,9.8,65.969,69.969,0.18,0.44
0,RmsNorm,"[[1,1024],[1024,4096]]",vllm/worker/model_runner.py:1234,6.5,9.8,24.101,28.101,0.18,0.44
0,AllReduce,"[[1,1024],[1024,4096]]",vllm/worker/model_runner.py:1234,6.5,9.8,34.189,38.189,0.18,0.44
0,MatMulV2,"[[1,1024],[1024,4096]]",vllm/worker/model_runner.py:1234,6.5,9.8,125.768,129.768,0.18,0.44
0,FusedInferAttentionScore,"[[1,1024],[1024,4096]]",vllm/worker/model_runner.py:1234,6.5,9.8,75.272,79.272,0.18,0.44
0,RmsNorm,"[[1,1024],[1024,4096]]",vllm/worker/model_runner.py:1234,6.5,9.8,21.291,25.291,0.18,0.44
0,AllReduce,"[[1,1024],[1024,4096]]",vllm/worker/model_runner.py:1234,6.5,9.8,34.115,38.115,0.18,0.44
0,MatMulV2,"[[1,1024],[1024,4096]]",vllm/worker/model_runner.py:1234,6.5,9.8,121.71,125.71,0.18,0.44
0,FusedInferAttentionScore,"[[1,1024],[1024,4096]]",vllm/worker/model_runner.py:1234,6.5,9.8,64.428,68.428,0.18,0.44
0,RmsNorm,"[[1,1024],[1024,4096]]",vllm/worker/model_runner.py:1234,6.5,9.8,25.952,29.952,0.18,0.44
0,AllReduce,"[[1,1024],[1024,4096]]",vllm/worker/model_runner.py:1234,6.5,9.8,30.797,34.797,0.18,0.44
0,MatMulV2,"[[1,1024],[1024,4096]]",vllm/worker/model_runner.py:1234,6.5,9.8,121.24,125.24,0.18,0.44
0,FusedInferAttentionScore,"[[1,1024],[1024,4096]]",vllm/worker/model_runner.py:1234,6.5,9.8,72.928,76.928,0.18,0.44
0,RmsNorm,"[[1,1024],[1024,4096]]",vllm/worker/model_runner.py:1234,6.5,9.8,19.881,23.881,0.18,0.44
0,AllReduce,"[[1,1024],[1024,4096]]",vllm/worker/model_runner.py:1234,6.5,9.8,36.471,40.471,0.18,0.44
0,MatMulV2,"[[1,1024],[1024,4096]]",vllm/worker/model_runner.py:1234,6.5,9.8,118.989,122.989,0.18,0.44
0,FusedInferAttentionScore,"[[1,1024],[1024,4096]]",vllm/worker/model_runner.py:1234,6.5,9.8,63.913,67.913,0.18,0.44
0,RmsNorm,"[[1,1024],[1024,4096]]",vllm/worker/model_runner.py:1234,6.5,9.8,26.197,30.197,0.18,0.44
0,AllReduce,"[[1,1024],[1024,4096]]",vllm/worker/model_runner.py:1234,6.5,9.8,33.237,37.237,0.18,0.44
0,MatMulV2,"[[1,1024],[1024,4096]]",vllm/worker/model_runner.py:1234,6.5,9.8,119.282,123.282,0.18,0.44
0,FusedInferAttentionScore,"[[1,1024],[1024,4096]]",vllm/worker/model_runner.py:1234,6.5,9.8,72.495,76.495,0.18,0.44
0,RmsNorm,"[[1,1024],[1024,4096]]",vllm/worker/model_runner.py:1234,6.5,9.8,22.58,26.58,0.18,0.44
0,AllReduce,"[[1,1024],[1024,4096]]",vllm/worker/model_runner.py:1234,6.5,9.8,33.094,37.094,0.18,0.44
0,aclrtMemcpyAsync_D2H,"[[1,1024],[1024,4096]]",vllm/worker/model_runner.py:1234,6.5,9.8,260,264,0.18,0.44
0,MatMulV2,"[[1,1024],[1024,4096]]",vllm/worker/model_runner.py:1234,6.5,9.8,127.514,131.514,0.18,0.44
0,FusedInferAttentionScore,"[[1,1024],[1024,4096]]",vllm/worker/model_runner.py:1234,6.5,9.8,66.964,70.964,0.18,0.44
0,RmsNorm,"[[1,1024],[1024,4096]]",vllm/worker/model_runner.py:1234,6.5,9.8,28.092,32.092,0.18,0.44
0,AllReduce,"[[1,1024],[1024,4096]]",vllm/worker/model_runner.py:1234,6.5,9.8,34.161,38.161,0.18,0.44
0,MatMulV2,"[[1,1024],[1024,4096]]",vllm/worker/model_runner.py:1234,6.5,9.8,111.061,115.061,0.18,0.44
0,FusedInferAttentionScore,"[[1,1024],[1024,4096]]",vllm/worker/model_runner.py:1234,6.5,9.8,67.333,71.333,0.18,0.44
0,RmsNorm,"[[1,1024],[1024,4096]]",vllm/worker/model_runner.py:1234,6.5,9.8,25.376,29.376,0.18,0.44
0,AllReduce,"[[1,1024],[1024,4096]]",vllm/worker/model_runner.py:1234,6.5,9.8,36.655,40.655,0.18,0.44
0,MatMulV2,"[[1,1024],[1024,4096]]",vllm/worker/model_runner.py:1234,6.5,9.8,111.55,115.55,0.18,0.44
0,FusedInferAttentionScore,"[[1,1024],[1024,4096]]",vllm/worker/model_runner.py:1234,6.5,9.8,68.019,72.019,0.18,0.44
0,RmsNorm,"[[1,1024],[1024,4096]]",vllm/worker/model_runner.py:1234,6.5,9.8,22.348,26.348,0.18,0.44
0,AllReduce,"[[1,1024],[1024,4096]]",vllm/worker/model_runner.py:1234,6.5,9.8,33.116,37.116,0.18,0.44
0,MatMulV2,"[[1,1024],[1024,4096]]",vllm/worker/model_runner.py:1234,6.5,9.8,126.873,130.873,0.18,0.44
0,FusedInferAttentionScore,"[[1,1024],[1024,4096]]",vllm/worker/model_runner.py:1234,6.5,9.8,64.263,68.263,0.18,0.44
0,RmsNorm,"[[1,1024],[1024,4096]]",vllm/worker/model_runner.py:1234,6.5,9.8,22.027,26.027,0.18,0.44
0,AllReduce,"[[1,1024],[1024,4096]]",vllm/worker/model_runner.py:1234,6.5,9.8,35.018,39.018,0.18,0.44
0,MatMulV2,"[[1,1024],[1024,4096]]",vllm/worker/model_runner.py:1234,6.5,9.8,122.574,126.574,0.18,0.44
0,FusedInferAttentionScore,"[[1,1024],[1024,4096]]",vllm/worker/model_runner.py:1234,6.5,9.8,71.537,75.537,0.18,0.44
0,RmsNorm,"[[1,1024],[1024,4096]]",vllm/worker/model_runner.py:1234,6.5,9.8,21.237,25.237,0.18,0.44
0,AllReduce,"[[1,1024],[1024,4096]]",vllm/worker/model_runner.py:1234,6.5,9.8,33.466,37.466,0.18,0.44
0,MatMulV2,"[[1,1024],[1024,4096]]",vllm/worker/model_runner.py:1234,6.5,9.8,114.98,118.98,0.18,0.44
0,FusedInferAttentionScore,"[[1,1024],[1024,4096]]",vllm/worker/model_runner.py:1234,6.5,9.8,65.998,69.998,0.18,0.44
0,RmsNorm,"[[1,1024],[1024,4096]]",vllm/worker/model_runner.py:1234,6.5,9.8,20.696,24.696,0.18,0.44
0,AllReduce,"[[1,1024],[1024,4096]]",vllm/worker/model_runner.py:1234,6.5,9.8,34.016,38.016,0.18,0.44
0,MatMulV2,"[[1,1024],[1024,4096]]",vllm/worker/model_runner.py:1234,6.5,9.8,114.943,118.943,0.18,0.44
0,FusedInferAttentionScore,"[[1,1024],[1024,4096]]",vllm/worker/model_runner.py:1234,6.5,9.8,64.956,68.956,0.18,0.44
0,RmsNorm,"[[1,1024],[1024,4096]]",vllm/worker/model_runner.py:1234,6.5,9.8,20.812,24.812,0.18,0.44
0,AllReduce,"[[1,1024],[1024,4096]]",vllm/worker/model_runner.py:1234,6.5,9.8,31.414,35.414,0.18,0.44
0,MatMulV2,"[[1,1024],[1024,4096]]",vllm/worker/model_runner.py:1234,6.5,9.8,111.077,115.077,0.18,0.44
0,FusedInferAttentionScore,"[[1,1024],[1024,4096]]",vllm/worker/model_runner.py:1234,6.5,9.8,65.82,69.82,0.18,0.44
0,RmsNorm,"[[1,1024],[1024,4096]]",vllm/worker/model_runner.py:1234,6.5,9.8,27.961,31.961,0.18,0.44
0,AllReduce,"[[1,1024],[1024,4096]]",vllm/worker/model_runner.py:1234,6.5,9.8,36.563,40.563,0.18,0.44
0,MatMulV2,"[[1,1024],[1024,4096]]",vllm/worker/model_runner.py:1234,6.5,9.8,109.368,113.368,0.18,0.44
0,FusedInferAttentionScore,"[[1,1024],[1024,4096]]",vllm/worker/model_runner.py:1234,6.5,9.8,69.501,73.501,0.18,0.44
0,RmsNorm,"[[1,1024],[1024,4096]]",vllm/worker/model_runner.py:1234,6.5,9.8,21.584,25.584,0.18,0.44
0,AllReduce,"[[1,1024],[1024,4096]]",vllm/worker/model_runner.py:1234,6.5,9.8,31.727,35.727000000000004,0.18,0.44
0,MatMulV2,"[[1,1024],[1024,4096]]",vllm/worker/model_runner.py:1234,6.5,9.8,108.018,112.018,0.18,0.44
0,FusedInferAttentionScore,"[[1,1024],[1024,4096]]",vllm/worker/model_runner.py:1234,6.5,9.8,67.729,71.729,0.18,0.44
0,RmsNorm,"[[1,1024],[1024,4096]]",vllm/worker/model_runner.py:1234,6.5,9.8,26.855,30.855,0.18,0.44
0,AllReduce,"[[1,1024],[1024,4096]]",vllm/worker/model_runner.py:1234,6.5,9.8,30.875,34.875,0.18,0.44
0,MatMulV2,"[[1,1024],[1024,4096]]",vllm/worker/model_runner.py:1234,6.5,9.8,108.409,112.409,0.18,0.44
0,FusedInferAttentionScore,"[[1,1024],[1024,4096]]",vllm/worker/model_runner.py:1234,6.5,9.8,73.266,77.266,0.18,0.44
0,RmsNorm,"[[1,1024],[1024,4096]]",vllm/worker/model_runner.py:1234,6.5,9.8,27.271,31.271,0.18,0.44
0,AllReduce,"[[1,1024],[1024,4096]]",vllm/worker/model_runner.py:1234,6.5,9.8,36.168,40.168,0.18,0.44
0,MatMulV2,"[[1,1024],[1024,4096]]",vllm/worker/model_runner.py:1234,6.5,9.8,125.059,129.059,0.18,0.44
0,FusedInferAttentionScore,"[[1,1024],[1024,4096]]",vllm/worker/model_runner.py:1234,6.5,9.8,65.47,69.47,0.18,0.44
0,RmsNorm,"[[1,1024],[1024,4096]]",vllm/worker/model_runner.py:1234,6.5,9.8,20.315,24.315,0.18,0.44
0,AllReduce,"[[1,1024],[1024,4096]]",vllm/worker/model_runner.py:1234,6.5,9.8,36.912,40.912,0.18,0.44
0,MatMulV2,"[[1,1024],[1024,4096]]",vllm/worker/model_runner.py:1234,6.5,9.8,115.448,119.448,0.18,0.44
0,FusedInferAttentionScore,"[[1,1024],[1024,4096]]",vllm/worker/model_runner.py:1234,6.5,9.8,63.187,67.187,0.18,0.44
0,RmsNorm,"[[1,1024],[1024,4096]]",vllm/worker/model_runner.py:1234,6.5,9.8,22.538,26.538,0.18,0.44
0,AllReduce,"[[1,1024],[1024,4096]]",vllm/worker/model_runner.py:1234,6.5,9.8,35.752,39.752,0.18,0.44
0,MatMulV2,"[[1,1024],[1024,4096]]",vllm/worker/model_runner.py:1234,6.5,9.8,116.584,120.584,0.18,0.44
0,FusedInferAttentionScore,"[[1,1024],[1024,4096]]",vllm/worker/model_runner.py:1234,6.5,9.8,64.44,68.44,0.18,0.44
0,RmsNorm,"[[1,1024],[1024,4096]]",vllm/worker/model_runner.py:1234,6.5,9.8,24.821,28.821,0.18,0.44
0,AllReduce,"[[1,1024],[1024,4096]]",vllm/worker/model_runner.py:1234,6.5,9.8,34.252,38.252,0.18,0.44
0,MatMulV2,"[[1,1024],[1024,4096]]",vllm/worker/model_runner.py:1234,6.5,9.8,113.184,117.184,0.18,0.44
0,FusedInferAttentionScore,"[[1,1024],[1024,4096]]",vllm/worker/model_runner.py:1234,6.5,9.8,71.878,75.878,0.18,0.44
0,RmsNorm,"[[1,1024],[1024,4096]]",vllm/worker/model_runner.py:1234,6.5,9.8,25.743,29.743,0.18,0.44
0,AllReduce,"[[1,1024],[1024,4096]]",vllm/worker/model_runner.py:1234,6.5,9.8,34.029,38.029,0.18,0.44
0,MatMulV2,"[[1,1024],[1024,4096]]",vllm/worker/model_runner.py:1234,6.5,9.8,128.349,132.349,0.18,0.44
0,FusedInferAttentionScore,"[[1,1024],[1024,4096]]",vllm/worker/model_runner.py:1234,6.5,9.8,76.462,80.462,0.18,0.44
0,RmsNorm,"[[1,1024],[1024,4096]]",vllm/worker/model_runner.py:1234,6.5,9.8,23.843,27.843,0.18,0.44
0,AllReduce,"[[1,1024],[1024,4096]]",vllm/worker/model_runner.py:1234,6.5,9.8,36.581,40.581,0.18,0.44
0,MatMulV2,"[[1,1024],[1024,4096]]",vllm/worker/model_runner.py:1234,6.5,9.8,121.609,125.609,0.18,0.44
0,FusedInferAttentionScore,"[[1,1024],[1024,4096]]",vllm/worker/model_runner.py:1234,6.5,9.8,71.346,75.346,0.18,0.44
0,RmsNorm,"[[1,1024],[1024,4096]]",vllm/worker/model_runner.py:1234,6.5,9.8,24.679,28.679,0.18,0.44
0,AllReduce,"[[1,1024],[1024,4096]]",vllm/worker/model_runner.py:1234,6.5,9.8,33.39,37.39,0.18,0.44
0,MatMulV2,"[[1,1024],[1024,4096]]",vllm/worker/model_runner.py:1234,6.5,9.8,125.206,129.20600000000002,0.18,0.44
0,FusedInferAttentionScore,"[[1,1024],[1024,4096]]",vllm/worker/model_runner.py:1234,6.5,9.8,73.437,77.437,0.18,0.44
0,RmsNorm,"[[1,1024],[1024,4096]]",vllm/worker/model_runner.py:1234,6.5,9.8,25.083,29.083,0.18,0.44
0,AllReduce,"[[1,1024],[1024,4096]]",vllm/worker/model_runner.py:1234,6.5,9.8,34.016,38.016,0.18,0.44
0,MatMulV2,"[[1,1024],[1024,4096]]",vllm/worker/model_runner.py:1234,6.5,9.8,119.497,123.497,0.18,0.44
0,FusedInferAttentionScore,"[[1,1024],[1024,4096]]",vllm/worker/model_runner.py:1234,6.5,9.8,63.583,67.583,0.18,0.44
0,RmsNorm,"[[1,1024],[1024,4096]]",vllm/worker/model_runner.py:1234,6.5,9.8,25.718,29.718,0.18,0.44
0,AllReduce,"[[1,1024],[1024,4096]]",vllm/worker/model_runner.py:1234,6.5,9.8,31.999,35.998999999999995,0.18,0.44
0,MatMulV2,"[[1,1024],[1024,4096]]",vllm/worker/model_runner.py:1234,6.5,9.8,114.346,118.346,0.18,0.44
0,FusedInferAttentionScore,"[[1,1024],[1024,4096]]",vllm/worker/model_runner.py:1234,6.5,9.8,67.875,71.875,0.18,0.44
0,RmsNorm,"[[1,1024],[1024,4096]]",vllm/worker/model_runner.py:1234,6.5,9.8,19.921,23.921,0.18,0.44
0,AllReduce,"[[1,1024],[1024,4096]]",vllm/worker/model_runner.py:1234,6.5,9.8,34.448,38.448,0.18,0.44
0,MatMulV2,"[[1,1024],[1024,4096]]",vllm/worker/model_runner.py:1234,6.5,9.8,117.387,121.387,0.18,0.44
0,FusedInferAttentionScore,"[[1,1024],[1024,4096]]",vllm/worker/model_runner.py:1234,6.5,9.8,74.026,78.026,0.18,0.44
0,RmsNorm,"[[1,1024],[1024,4096]]",vllm/worker/model_runner.py:1234,6.5,9.8,24.357,28.357,0.18,0.44
0,AllReduce,"[[1,1024],[1024,4096]]",vllm/worker/model_runner.py:1234,6.5,9.8,31.354,35.354,0.18,0.44
0,MatMulV2,"[[1,1024],[1024,4096]]",vllm/worker/model_runner.py:1234,6.5,9.8,108.028,112.028,0.18,0.44
0,FusedInferAttentionScore,"[[1,1024],[1024,4096]]",vllm/worker/model_runner.py:1234,6.5,9.8,68.29,72.29,0.18,0.44
0,RmsNorm,"[[1,1024],[1024,4096]]",vllm/worker/model_runner.py:1234,6.5,9.8,27.455,31.455,0.18,0.44
0,AllReduce,"[[1,1024],[1024,4096]]",vllm/worker/model_runner.py:1234,6.5,9.8,33.91,37.91,0.18,0.44
0,MatMulV2,"[[1,1024],[1024,4096]]",vllm/worker/model_runner.py:1234,6.5,9.8,118.068,122.068,0.18,0.44
0,FusedInferAttentionScore,"[[1,1024],[1024,4096]]",vllm/worker/model_runner.py:1234,6.5,9.8,75.902,79.902,0.18,0.44
0,RmsNorm,"[[1,1024],[1024,4096]]",vllm/worker/model_runner.py:1234,6.5,9.8,21.957,25.957,0.18,0.44
0,AllReduce,"[[1,1024],[1024,4096]]",vllm/worker/model_runner.py:1234,6.5,9.8,34.061,38.061,0.18,0.44
0,MatMulV2,"[[1,1024],[1024,4096]]",vllm/worker/model_runner.py:1234,6.5,9.8,117.815,121.815,0.18,0.44
0,FusedInferAttentionScore,"[[1,1024],[1024,4096]]",vllm/worker/model_runner.py:1234,6.5,9.8,63.487,67.487,0.18,0.44
0,RmsNorm,"[[1,1024],[1024,4096]]",vllm/worker/model_runner.py:1234,6.5,9.8,21.548,25.548,0.18,0.44
0,AllReduce,"[[1,1024],[1024,4096]]",vllm/worker/model_runner.py:1234,6.5,9.8,31.574,35.574,0.18,0.44
0,MatMulV2,"[[1,1024],[1024,4096]]",vllm/worker/model_runner.py:1234,6.5,9.8,108.562,112.562,0.18,0.44
0,FusedInferAttentionScore,"[[1,1024],[1024,4096]]",vllm/worker/model_runner.py:1234,6.5,9.8,69.44,73.44,0.18,0.44
0,RmsNorm,"[[1,1024],[1024,4096]]",vllm/worker/model_runner.py:1234,6.5,9.8,21.494,25.494,0.18,0.44
0,AllReduce,"[[1,1024],[1024,4096]]",vllm/worker/model_runner.py:1234,6.5,9.8,31.85,35.85,0.18,0.44
0,MatMulV2,"[[1,1024],[1024,4096]]",vllm/worker/model_runner.py:1234,6.5,9.8,108.311,112.311,0.18,0.44
0,FusedInferAttentionScore,"[[1,1024],[1024,4096]]",vllm/worker/model_runner.py:1234,6.5,9.8,63.707,67.707,0.18,0.44
0,RmsNorm,"[[1,1024],[1024,4096]]",vllm/worker/model_runner.py:1234,6.5,9.8,19.269,23.269,0.18,0.44
0,AllReduce,"[[1,1024],[1024,4096]]",vllm/worker/model_runner.py:1234,6.5,9.8,34.971,38.971,0.18,0.44
0,MatMulV2,"[[1,1024],[1024,4096]]",vllm/worker/model_runner.py:1234,6.5,9.8,131.61,135.61,0.18,0.44
0,FusedInferAttentionScore,"[[1,1024],[1024,4096]]",vllm/worker/model_runner.py:1234,6.5,9.8,63.964,67.964,0.18,0.44
0,RmsNorm,"[[1,1024],[1024,4096]]",vllm/worker/model_runner.py:1234,6.5,9.8,21.494,25.494,0.18,0.44
0,AllReduce,"[[1,1024],[1024,4096]]",vllm/worker/model_runner.py:1234,6.5,9.8,31.4,35.4,0.18,0.44
0,MatMulV2,"[[1,1024],[1024,4096]]",vllm/worker/model_runner.py:1234,6.5,9.8,126.389,130.389,0.18,0.44
0,FusedInferAttentionScore,"[[1,1024],[1024,4096]]",vllm/worker/model_runner.py:1234,6.5,9.8,72.655,76.655,0.18,0.44
0,RmsNorm,"[[1,1024],[1024,4096]]",vllm/worker/model_runner.py:1234,6.5,9.8,23.542,27.542,0.18,0.44
0,AllReduce,"[[1,1024],[1024,4096]]",vllm/worker/model_runner.py:1234,6.5,9.8,35.032,39.032,0.18,0.44
0,MatMulV2,"[[1,1024],[1024,4096]]",vllm/worker/model_runner.py:1234,6.5,9.8,124.655,128.655,0.18,0.44
0,FusedInferAttentionScore,"[[1,1024],[1024,4096]]",vllm/worker/model_runner.py:1234,6.5,9.8,74.852,78.852,0.18,0.44
0,RmsNorm,"[[1,1024],[1024,4096]]",vllm/worker/model_runner.py:1234,6.5,9.8,27.383,31.383,0.18,0.44
0,AllReduce,"[[1,1024],[1024,4096]]",vllm/worker/model_runner.py:1234,6.5,9.8,36.401,40.401,0.18,0.44
0,MatMulV2,"[[1,1024],[1024,4096]]",vllm/worker/model_runner.py:1234,6.5,9.8,125.934,129.934,0.18,0.44
0,FusedInferAttentionScore,"[[1,1024],[1024,4096]]",vllm/worker/model_runner.py:1234,6.5,9.8,74.408,78.408,0.18,0.44
0,RmsNorm,"[[1,1024],[1024,4096]]",vllm/worker/model_runner.py:1234,6.5,9.8,21.583,25.583,0.18,0.44
0,AllReduce,"[[1,1024],[1024,4096]]",vllm/worker/model_runner.py:1234,6.5,9.8,32.56,36.56,0.18,0.44
0,MatMulV2,"[[1,1024],[1024,4096]]",vllm/worker/model_runner.py:1234,6.5,9.8,126.328,130.328,0.18,0.44
0,FusedInferAttentionScore,"[[1,1024],[1024,4096]]",vllm/worker/model_runner.py:1234,6.5,9.8,65.381,69.381,0.18,0.44
0,RmsNorm,"[[1,1024],[1024,4096]]",vllm/worker/model_runner.py:1234,6.5,9.8,22.632,26.632,0.18,0.44
0,AllReduce,"[[1,1024],[1024,4096]]",vllm/worker/model_runner.py:1234,6.5,9.8,33.431,37.431,0.18,0.44
0,MatMulV2,"[[1,1024],[1024,4096]]",vllm/worker/model_runner.py:1234,6.5,9.8,117.035,121.035,0.18,0.44
0,FusedInferAttentionScore,"[[1,1024],[1024,4096]]",vllm/worker/model_runner.py:1234,6.5,9.8,70.65,74.65,0.18,0.44
0,RmsNorm,"[[1,1024],[1024,4096]]",vllm/worker/model_runner.py:1234,6.5,9.8,20.847,24.847,0.18,0.44
0,AllReduce,"[[1,1024],[1024,4096]]",vllm/worker/model_runner.py:1234,6.5,9.8,33.713,37.713,0.18,0.44
0,aclrtMemcpyAsync_D2H,"[[1,1024],[1024,4096]]",vllm/worker/model_runner.py:1234,6.5,9.8,260,264,0.18,0.44
0,MatMulV2,"[[1,1024],[1024,4096]]",vllm/worker/model_runner.py:1234,6.5,9.8,108.645,112.645,0.18,0.44
0,FusedInferAttentionScore,"[[1,1024],[1024,4096]]",vllm/worker/model_runner.py:1234,6.5,9.8,76.538,80.538,0.18,0.44
0,RmsNorm,"[[1,1024],[1024,4096]]",vllm/worker/model_runner.py:1234,6.5,9.8,20.667,24.667,0.18,0.44
0,AllReduce,"[[1,1024],[1024,4096]]",vllm/worker/model_runner.py:1234,6.5,9.8,35.725,39.725,0.18,0.44
0,MatMulV2,"[[1,1024],[1024,4096]]",vllm/worker/model_runner.py:1234,6.5,9.8,109.986,113.986,0.18,0.44
0,FusedInferAttentionScore,"[[1,1024],[1024,4096]]",vllm/worker/model_runner.py:1234,6.5,9.8,66.544,70.544,0.18,0.44
0,RmsNorm,"[[1,1024],[1024,4096]]",vllm/worker/model_runner.py:1234,6.5,9.8,28.402,32.402,0.18,0.44
0,AllReduce,"[[1,1024],[1024,4096]]",vllm/worker/model_runner.py:1234,6.5,9.8,32.222,36.222,0.18,0.44
0,MatMulV2,"[[1,1024],[1024,4096]]",vllm/worker/model_runner.py:1234,6.5,9.8,130.754,134.754,0.18,0.44
0,FusedInferAttentionScore,"[[1,1024],[1024,4096]]",vllm/worker/model_runner.py:1234,6.5,9.8,76.425,80.425,0.18,0.44
0,RmsNorm,"[[1,1024],[1024,4096]]",vllm/worker/model_runner.py:1234,6.5,9.8,26.717,30.717,0.18,0.44
0,AllReduce,"[[1,1024],[1024,4096]]",vllm/worker/model_runner.py:1234,6.5,9.8,31.401,35.400999999999996,0.18,0.44
0,MatMulV2,"[[1,1024],[1024,4096]]",vllm/worker/model_runner.py:1234,6.5,9.8,125.999,129.999,0.18,0.44
0,FusedInferAttentionScore,"[[1,1024],[1024,4096]]",vllm/worker/model_runner.py:1234,6.5,9.8,76.299,80.299,0.18,0.44
0,RmsNorm,"[[1,1024],[1024,4096]]",vllm/worker/model_runner.py:1234,6.5,9.8,26.171,30.171,0.18,0.44
0,AllReduce,"[[1,1024],[1024,4096]]",vllm/worker/model_runner.py:1234,6.5,9.8,34.174,38.174,0.18,0.44
0,MatMulV2,"[[1,1024],[1024,4096]]",vllm/worker/model_runner.py:1234,6.5,9.8,122.064,126.064,0.18,0.44
0,FusedInferAttentionScore,"[[1,1024],[1024,4096]]",vllm/worker/model_runner.py:1234,6.5,9.8,69.525,73.525,0.18,0.44
0,RmsNorm,"[[1,1024],[1024,4096]]",vllm/worker/model_runner.py:1234,6.5,9.8,24.768,28.768,0.18,0.44
0,AllReduce,"[[1,1024],[1024,4096]]",vllm/worker/model_runner.py:1234,6.5,9.8,32.811,36.811,0.18,0.44
0,MatMulV2,"[[1,1024],[1024,4096]]",vllm/worker/model_runner.py:1234,6.5,9.8,123.931,127.931,0.18,0.44
0,FusedInferAttentionScore,"[[1,1024],[1024,4096]]",vllm/worker/model_runner.py:1234,6.5,9.8,66.85,70.85,0.18,0.44
0,RmsNorm,"[[1,1024],[1024,4096]]",vllm/worker/model_runner.py:1234,6.5,9.8,22.018,26.018,0.18,0.44
0,AllReduce,"[[1,1024],[1024,4096]]",vllm/worker/model_runner.py:1234,6.5,9.8,32.369,36.369,0.18,0.44
0,MatMulV2,"[[1,1024],[1024,4096]]",vllm/worker/model_runner.py:1234,6.5,9.8,119.331,123.331,0.18,0.44
0,FusedInferAttentionScore,"[[1,1024],[1024,4096]]",vllm/worker/model_runner.py:1234,6.5,9.8,73.429,77.429,0.18,0.44
0,RmsNorm,"[[1,1024],[1024,4096]]",vllm/worker/model_runner.py:1234,6.5,9.8,27.701,31.701,0.18,0.44
0,AllReduce,"[[1,1024],[1024,4096]]",vllm/worker/model_runner.py:1234,6.5,9.8,33.361,37.361,0.18,0.44
0,MatMulV2,"[[1,1024],[1024,4096]]",vllm/worker/model_runner.py:1234,6.5,9.8,117.013,121.013,0.18,0.44
0,FusedInferAttentionScore,"[[1,1024],[1024,4096]]",vllm/worker/model_runner.py:1234,6.5,9.8,75.798,79.798,0.18,0.44
0,RmsNorm,"[[1,1024],[1024,4096]]",vllm/worker/model_runner.py:1234,6.5,9.8,27.055,31.055,0.18,0.44
0,AllReduce,"[[1,1024],[1024,4096]]",vllm/worker/model_runner.py:1234,6.5,9.8,31.463,35.463,0.18,0.44
0,MatMulV2,"[[1,1024],[1024,4096]]",vllm/worker/model_runner.py:1234,6.5,9.8,114.524,118.524,0.18,0.44
0,FusedInferAttentionScore,"[[1,1024],[1024,4096]]",vllm/worker/model_runner.py:1234,6.5,9.8,75.402,79.402,0.18,0.44
0,RmsNorm,"[[1,1024],[1024,4096]]",vllm/worker/model_runner.py:1234,6.5,9.8,20.153,24.153,0.18,0.44
0,AllReduce,"[[1,1024],[1024,4096]]",vllm/worker/model_runner.py:1234,6.5,9.8,37.338,41.338,0.18,0.44
0,MatMulV2,"[[1,1024],[1024,4096]]",vllm/worker/model_runner.py:1234,6.5,9.8,112.9,116.9,0.18,0.44
0,FusedInferAttentionScore,"[[1,1024],[1024,4096]]",vllm/worker/model_runner.py:1234,6.5,9.8,64.77,68.77,0.18,0.44
0,RmsNorm,"[[1,1024],[1024,4096]]",vllm/worker/model_runner.py:1234,6.5,9.8,25.213,29.213,0.18,0.44
0,AllReduce,"[[1,1024],[1024,4096]]",vllm/worker/model_runner.py:1234,6.5,9.8,32.947,36.947,0.18,0.44
0,MatMulV2,"[[1,1024],[1024,4096]]",vllm/worker/model_runner.py:1234,6.5,9.8,109.621,113.621,0.18,0.44
0,FusedInferAttentionScore,"[[1,1024],[1024,4096]]",vllm/worker/model_runner.py:1234,6.5,9.8,69.925,73.925,0.18,0.44
0,RmsNorm,"[[1,1024],[1024,4096]]",vllm/worker/model_runner.py:1234,6.5,9.8,24.39,28.39,0.18,0.44
0,AllReduce,"[[1,1024],[1024,4096]]",vllm/worker/model_runner.py:1234,6.5,9.8,34.049,38.049,0.18,0.44
0,MatMulV2,"[[1,1024],[1024,4096]]",vllm/worker/model_runner.py:1234,6.5,9.8,127.219,131.219,0.18,0.44
0,FusedInferAttentionScore,"[[1,1024],[1024,4096]]",vllm/worker/model_runner.py:1234,6.5,9.8,64.142,68.142,0.18,0.44
0,RmsNorm,"[[1,1024],[1024,4096]]",vllm/worker/model_runner.py:1234,6.5,9.8,25.009,29.009,0.18,0.44
0,AllReduce,"[[1,1024],[1024,4096]]",vllm/worker/model_runner.py:1234,6.5,9.8,35.849,39.849,0.18,0.44
0,MatMulV2,"[[1,1024],[1024,4096]]",vllm/worker/model_runner.py:1234,6.5,9.8,124.908,128.90800000000002,0.18,0.44
0,FusedInferAttentionScore,"[[1,1024],[1024,4096]]",vllm/worker/model_runner.py:1234,6.5,9.8,65.613,69.613,0.18,0.44
0,RmsNorm,"[[1,1024],[1024,4096]]",vllm/worker/model_runner.py:1234,6.5,9.8,27.574,31.574,0.18,0.44
0,AllReduce,"[[1,1024],[1024,4096]]",vllm/worker/model_runner.py:1234,6.5,9.8,35.29,39.29,0.18,0.44
0,MatMulV2,"[[1,1024],[1024,4096]]",vllm/worker/model_runner.py:1234,6.5,9.8,126.612,130.612,0.18,0.44
0,FusedInferAttentionScore,"[[1,1024],[1024,4096]]",vllm/worker/model_runner.py:1234,6.5,9.8,63.153,67.15299999999999,0.18,0.44
0,RmsNorm,"[[1,1024],[1024,4096]]",vllm/worker/model_runner.py:1234,6.5,9.8,20.717,24.717,0.18,0.44
0,AllReduce,"[[1,1024],[1024,4096]]",vllm/worker/model_runner.py:1234,6.5,9.8,32.765,36.765,0.18,0.44
0,MatMulV2,"[[1,1024],[1024,4096]]",vllm/worker/model_runner.py:1234,6.5,9.8,112.77,116.77,0.18,0.44
0,FusedInferAttentionScore,"[[1,1024],[1024,4096]]",vllm/worker/model_runner.py:1234,6.5,9.8,75.507,79.507,0.18,0.44
0,RmsNorm,"[[1,1024],[1024,4096]]",vllm/worker/model_runner.py:1234,6.5,9.8,20.03,24.03,0.18,0.44
0,AllReduce,"[[1,1024],[1024,4096]]",vllm/worker/model_runner.py:1234,6.5,9.8,33.332,37.332,0.18,0.44
0,MatMulV2,"[[1,1024],[1024,4096]]",vllm/worker/model_runner.py:1234,6.5,9.8,117.285,121.285,0.18,0.44
0,FusedInferAttentionScore,"[[1,1024],[1024,4096]]",vllm/worker/model_runner.py:1234,6.5,9.8,65.378,69.378,0.18,0.44
0,RmsNorm,"[[1,1024],[1024,4096]]",vllm/worker/model_runner.py:1234,6.5,9.8,26.133,30.133,0.18,0.44
0,AllReduce,"[[1,1024],[1024,4096]]",vllm/worker/model_runner.py:1234,6.5,9.8,35.212,39.212,0.18,0.44
0,MatMulV2,"[[1,1024],[1024,4096]]",vllm/worker/model_runner.py:1234,6.5,9.8,112.997,116.997,0.18,0.44
0,FusedInferAttentionScore,"[[1,1024],[1024,4096]]",vllm/worker/model_runner.py:1234,6.5,9.8,76.745,80.745,0.18,0.44
0,RmsNorm,"[[1,1024],[1024,4096]]",vllm/worker/model_runner.py:1234,6.5,9.8,19.719,23.719,0.18,0.44
0,AllReduce,"[[1,1024],[1024,4096]]",vllm/worker/model_runner.py:1234,6.5,9.8,35.845,39.845,0.18,0.44
0,MatMulV2,"[[1,1024],[1024,4096]]",vllm/worker/model_runner.py:1234,6.5,9.8,115.056,119.056,0.18,0.44
0,FusedInferAttentionScore,"[[1,1024],[1024,4096]]",vllm/worker/model_runner.py:1234,6.5,9.8,71.589,75.589,0.18,0.44
0,RmsNorm,"[[1,1024],[1024,4096]]",vllm/worker/model_runner.py:1234,6.5,9.8,27.346,31.346,0.18,0.44
0,AllReduce,"[[1,1024],[1024,4096]]",vllm/worker/model_runner.py:1234,6.5,9.8,33.107,37.107,0.18,0.44
0,MatMulV2,"[[1,1024],[1024,4096]]",vllm/worker/model_runner.py:1234,6.5,9.8,121.571,125.571,0.18,0.44
0,FusedInferAttentionScore,"[[1,1024],[1024,4096]]",vllm/worker/model_runner.py:1234,6.5,9.8,65.602,69.602,0.18,0.44
0,RmsNorm,"[[1,1024],[1024,4096]]",vllm/worker/model_runner.py:1234,6.5,9.8,25.301,29.301,0.18,0.44
0,AllReduce,"[[1,1024],[1024,4096]]",vllm/worker/model_runner.py:1234,6.5,9.8,34.934,38.934,0.18,0.44
0,MatMulV2,"[[1,1024],[1024,4096]]",vllm/worker/model_runner.py:1234,6.5,9.8,116.9,120.9,0.18,0.44
0,FusedInferAttentionScore,"[[1,1024],[1024,4096]]",vllm/worker/model_runner.py:1234,6.5,9.8,73.983,77.983,0.18,0.44
0,RmsNorm,"[[1,1024],[1024,4096]]",vllm/worker/model_runner.py:1234,6.5,9.8,27.307,31.307,0.18,0.44
0,AllReduce,"[[1,1024],[1024,4096]]",vllm/worker/model_runner.py:1234,6.5,9.8,31.172,35.172,0.18,0.44
0,MatMulV2,"[[1,1024],[1024,4096]]",vllm/worker/model_runner.py:1234,6.5,9.8,128.971,132.971,0.18,0.44
0,FusedInferAttentionScore,"[[1,1024],[1024,4096]]",vllm/worker/model_runner.py:1234,6.5,9.8,67.91,71.91,0.18,0.44
0,RmsNorm,"[[1,1024],[1024,4096]]",vllm/worker/model_runner.py:1234,6.5,9.8,22.609,26.609,0.18,0.44
0,AllReduce,"[[1,1024],[1024,4096]]",vllm/worker/model_runner.py:1234,6.5,9.8,32.706,36.706,0.18,0.44
0,MatMulV2,"[[1,1024],[1024,4096]]",vllm/worker/model_runner.py:1234,6.5,9.8,121.997,125.997,0.18,0.44
0,FusedInferAttentionScore,"[[1,1024],[1024,4096]]",vllm/worker/model_runner.py:1234,6.5,9.8,75.785,79.785,0.18,0.44
0,RmsNorm,"[[1,1024],[1024,4096]]",vllm/worker/model_runner.py:1234,6.5,9.8,28.598,32.598,0.18,0.44
0,AllReduce,"[[1,1024],[1024,4096]]",vllm/worker/model_runner.py:1234,6.5,9.8,33.061,37.061,0.18,0.44
0,MatMulV2,"[[1,1024],[1024,4096]]",vllm/worker/model_runner.py:1234,6.5,9.8,111.965,115.965,0.18,0.44
0,FusedInferAttentionScore,"[[1,1024],[1024,4096]]",vllm/worker/model_runner.py:1234,6.5,9.8,76.847,80.847,0.18,0.44
0,RmsNorm,"[[1,1024],[1024,4096]]",vllm/worker/model_runner.py:1234,6.5,9.8,25.315,29.315,0.18,0.44
0,AllReduce,"[[1,1024],[1024,4096]]",vllm/worker/model_runner.py:1234,6.5,9.8,34.962,38.962,0.18,0.44
0,MatMulV2,"[[1,1024],[1024,4096]]",vllm/worker/model_runner.py:1234,6.5,9.8,130.277,134.277,0.18,0.44
0,FusedInferAttentionScore,"[[1,1024],[1024,4096]]",vllm/worker/model_runner.py:1234,6.5,9.8,66.235,70.235,0.18,0.44
0,RmsNorm,"[[1,1024],[1024,4096]]",vllm/worker/model_runner.py:1234,6.5,9.8,21.598,25.598,0.18,0.44
0,AllReduce,"[[1,1024],[1024,4096]]",vllm/worker/model_runner.py:1234,6.5,9.8,34.416,38.416,0.18,0.44
0,MatMulV2,"[[1,1024],[1024,4096]]",vllm/worker/model_runner.py:1234,6.5,9.8,122.909,126.909,0.18,0.44
0,FusedInferAttentionScore,"[[1,1024],[1024,4096]]",vllm/worker/model_runner.py:1234,6.5,9.8,72.113,76.113,0.18,0.44
0,RmsNorm,"[[1,1024],[1024,4096]]",vllm/worker/model_runner.py:1234,6.5,9.8,25,29,0.18,0.44
0,AllReduce,"[[1,1024],[1024,4096]]",vllm/worker/model_runner.py:1234,6.5,9.8,33.416,37.416,0.18,0.44
0,MatMulV2,"[[1,1024],[1024,4096]]",vllm/worker/model_runner.py:1234,6.5,9.8,118.471,122.471,0.18,0.44
0,FusedInferAttentionScore,"[[1,1024],[1024,4096]]",vllm/worker/model_runner.py:1234,6.5,9.8,76.936,80.936,0.18,0.44
0,RmsNorm,"[[1,1024],[1024,4096]]",vllm/worker/model_runner.py:1234,6.5,9.8,26.056,30.056,0.18,0.44
0,AllReduce,"[[1,1024],[1024,4096]]",vllm/worker/model_runner.py:1234,6.5,9.8,31.642,35.641999999999996,0.18,0.44
0,MatMulV2,"[[1,1024],[1024,4096]]",vllm/worker/model_runner.py:1234,6.5,9.8,116.543,120.543,0.18,0.44
0,FusedInferAttentionScore,"[[1,1024],[1024,4096]]",vllm/worker/model_runner.py:1234,6.5,9.8,64.463,68.463,0.18,0.44
0,RmsNorm,"[[1,1024],[1024,4096]]",vllm/worker/model_runner.py:1234,6.5,9.8,23.422,27.422,0.18,0.44
0,AllReduce,"[[1,1024],[1024,4096]]",vllm/worker/model_runner.py:1234,6.5,9.8,30.832,34.832,0.18,0.44
0,MatMulV2,"[[1,1024],[1024,4096]]",vllm/worker/model_runner.py:1234,6.5,9.8,113.654,117.654,0.18,0.44
0,FusedInferAttentionScore,"[[1,1024],[1024,4096]]",vllm/worker/model_runner.py:1234,6.5,9.8,67.591,71.591,0.18,0.44
0,RmsNorm,"[[1,1024],[1024,4096]]",vllm/worker/model_runner.py:1234,6.5,9.8,22.857,26.857,0.18,0.44
0,AllReduce,"[[1,1024],[1024,4096]]",vllm/worker/model_runner.py:1234,6.5,9.8,32.817,36.817,0.18,0.44
0,MatMulV2,"[[1,1024],[1024,4096]]",vllm/worker/model_runner.py:1234,6.5,9.8,114.288,118.288,0.18,0.44
0,FusedInferAttentionScore,"[[1,1024],[1024,4096]]",vllm/worker/model_runner.py:1234,6.5,9.8,67.633,71.633,0.18,0.44
0,RmsNorm,"[[1,1024],[1024,4096]]",vllm/worker/model_runner.py:1234,6.5,9.8,22.184,26.184,0.18,0.44
0,AllReduce,"[[1,1024],[1024,4096]]",vllm/worker/model_runner.py:1234,6.5,9.8,34.294,38.294,0.18,0.44
0,MatMulV2,"[[1,1024],[1024,4096]]",vllm/worker/model_runner.py:1234,6.5,9.8,124.291,128.291,0.18,0.44
0,FusedInferAttentionScore,"[[1,1024],[1024,4096]]",vllm/worker/model_runner.py:1234,6.5,9.8,75.103,79.103,0.18,0.44
0,RmsNorm,"[[1,1024],[1024,4096]]",vllm/worker/model_runner.py:1234,6.5,9.8,25.589,29.589,0.18,0.44
0,AllReduce,"[[1,1024],[1024,4096]]",vllm/worker/model_runner.py:1234,6.5,9.8,36.716,40.716,0.18,0.44
0,MatMulV2,"[[1,1024],[1024,4096]]",vllm/worker/model_runner.py:1234,6.5,9.8,130.044,134.044,0.18,0.44
0,FusedInferAttentionScore,"[[1,1024],[1024,4096]]",vllm/worker/model_runner.py:1234,6.5,9.8,67.628,71.628,0.18,0.44
0,RmsNorm,"[[1,1024],[1024,4096]]",vllm/worker/model_runner.py:1234,6.5,9.8,27.403,31.403,0.18,0.44
0,AllReduce,"[[1,1024],[1024,4096]]",vllm/worker/model_runner.py:1234,6.5,9.8,36.993,40.993,0.18,0.44
0,MatMulV2,"[[1,1024],[1024,4096]]",vllm/worker/model_runner.py:1234,6.5,9.8,120.796,124.796,0.18,0.44
0,FusedInferAttentionScore,"[[1,1024],[1024,4096]]",vllm/worker/model_runner.py:1234,6.5,9.8,69.867,73.867,0.18,0.44
0,RmsNorm,"[[1,1024],[1024,4096]]",vllm/worker/model_runner.py:1234,6.5,9.8,19.96,23.96,0.18,0.44
0,AllReduce,"[[1,1024],[1024,4096]]",vllm/worker/model_runner.py:1234,6.5,9.8,32.386,36.386,0.18,0.44
0,aclrtMemcpyAsync_D2H,"[[1,1024],[1024,4096]]",vllm/worker/model_runner.py:1234,6.5,9.8,260,264,0.18,0.44
0,MatMulV2,"[[1,1024],[1024,4096]]",vllm/worker/model_runner.py:1234,6.5,9.8,130.263,134.263,0.18,0.44
0,FusedInferAttentionScore,"[[1,1024],[1024,4096]]",vllm/worker/model_runner.py:1234,6.5,9.8,69.324,73.324,0.18,0.44
0,RmsNorm,"[[1,1024],[1024,4096]]",vllm/worker/model_runner.py:1234,6.5,9.8,27.387,31.387,0.18,0.44
0,AllReduce,"[[1,1024],[1024,4096]]",vllm/worker/model_runner.py:1234,6.5,9.8,31.069,35.069,0.18,0.44
0,MatMulV2,"[[1,1024],[1024,4096]]",vllm/worker/model_runner.py:1234,6.5,9.8,128.811,132.811,0.18,0.44
0,FusedInferAttentionScore,"[[1,1024],[1024,4096]]",vllm/worker/model_runner.py:1234,6.5,9.8,67.751,71.751,0.18,0.44
0,RmsNorm,"[[1,1024],[1024,4096]]",vllm/worker/model_runner.py:1234,6.5,9.8,23.181,27.181,0.18,0.44
0,AllReduce,"[[1,1024],[1024,4096]]",vllm/worker/model_runner.py:1234,6.5,9.8,33.455,37.455,0.18,0.44
0,MatMulV2,"[[1,1024],[1024,4096]]",vllm/worker/model_runner.py:1234,6.5,9.8,125.644,129.644,0.18,0.44
0,FusedInferAttentionScore,"[[1,1024],[1024,4096]]",vllm/worker/model_runner.py:1234,6.5,9.8,76.564,80.564,0.18,0.44
0,RmsNorm,"[[1,1024],[1024,4096]]",vllm/worker/model_runner.py:1234,6.5,9.8,26.147,30.147,0.18,0.44
0,AllReduce,"[[1,1024],[1024,4096]]",vllm/worker/model_runner.py:1234,6.5,9.8,35.717,39.717,0.18,0.44
0,MatMulV2,"[[1,1024],[1024,4096]]",vllm/worker/model_runner.py:1234,6.5,9.8,129.31,133.31,0.18,0.44
0,FusedInferAttentionScore,"[[1,1024],[1024,4096]]",vllm/worker/model_runner.py:1234,6.5,9.8,70.583,74.583,0.18,0.44
0,RmsNorm,"[[1,1024],[1024,4096]]",vllm/worker/model_runner.py:1234,6.5,9.8,22.848,26.848,0.18,0.44
0,AllReduce,"[[1,1024],[1024,4096]]",vllm/worker/model_runner.py:1234,6.5,9.8,36.98,40.98,0.18,0.44
0,MatMulV2,"[[1,1024],[1024,4096]]",vllm/worker/model_runner.py:1234,6.5,9.8,122.886,126.886,0.18,0.44
0,FusedInferAttentionScore,"[[1,1024],[1024,4096]]",vllm/worker/model_runner.py:1234,6.5,9.8,67.135,71.135,0.18,0.44
0,RmsNorm,"[[1,1024],[1024,4096]]",vllm/worker/model_runner.py:1234,6.5,9.8,22.045,26.045,0.18,0.44
0,AllReduce,"[[1,1024],[1024,4096]]",vllm/worker/model_runner.py:1234,6.5,9.8,36.413,40.413,0.18,0.44
0,MatMulV2,"[[1,1024],[1024,4096]]",vllm/worker/model_runner.py:1234,6.5,9.8,121.867,125.867,0.18,0.44
0,FusedInferAttentionScore,"[[1,1024],[1024,4096]]",vllm/worker/model_runner.py:1234,6.5,9.8,69.382,73.382,0.18,0.44
0,RmsNorm,"[[1,1024],[1024,4096]]",vllm/worker/model_runner.py:1234,6.5,9.8,26.805,30.805,0.18,0.44
0,AllReduce,"[[1,1024],[1024,4096]]",vllm/worker/model_runner.py:1234,6.5,9.8,37.106,41.106,0.18,0.44
0,MatMulV2,"[[1,1024],[1024,4096]]",vllm/worker/model_runner.py:1234,6.5,9.8,123.147,127.147,0.18,0.44
0,FusedInferAttentionScore,"[[1,1024],[1024,4096]]",vllm/worker/model_runner.py:1234,6.5,9.8,72.716,76.716,0.18,0.44
0,RmsNorm,"[[1,1024],[1024,4096]]",vllm/worker/model_runner.py:1234,6.5,9.8,26.417,30.417,0.18,0.44
0,AllReduce,"[[1,1024],[1024,4096]]",vllm/worker/model_runner.py:1234,6.5,9.8,31.752,35.751999999999995,0.18,0.44
0,MatMulV2,"[[1,1024],[1024,4096]]",vllm/worker/model_runner.py:1234,6.5,9.8,119.454,123.454,0.18,0.44
0,FusedInferAttentionScore,"[[1,1024],[1024,4096]]",vllm/worker/model_runner.py:1234,6.5,9.8,70.567,74.567,0.18,0.44
0,RmsNorm,"[[1,1024],[1024,4096]]",vllm/worker/model_runner.py:1234,6.5,9.8,26.264,30.264,0.18,0.44
0,AllReduce,"[[1,1024],[1024,4096]]",vllm/worker/model_runner.py:1234,6.5,9.8,35.275,39.275,0.18,0.44
0,MatMulV2,"[[1,1024],[1024,4096]]",vllm/worker/model_runner.py:1234,6.5,9.8,119.629,123.629,0.18,0.44
0,FusedInferAttentionScore,"[[1,1024],[1024,4096]]",vllm/worker/model_runner.py:1234,6.5,9.8,69.469,73.469,0.18,0.44
0,RmsNorm,"[[1,1024],[1024,4096]]",vllm/worker/model_runner.py:1234,6.5,9.8,21.007,25.007,0.18,0.44
0,AllReduce,"[[1,1024],[1024,4096]]",vllm/worker/model_runner.py:1234,6.5,9.8,34.033,38.033,0.18,0.44
0,MatMulV2,"[[1,1024],[1024,4096]]",vllm/worker/model_runner.py:1234,6.5,9.8,121.11,125.11,0.18,0.44
0,FusedInferAttentionScore,"[[1,1024],[1024,4096]]",vllm/worker/model_runner.py:1234,6.5,9.8,70.719,74.719,0.18,0.44
0,RmsNorm,"[[1,1024],[1024,4096]]",vllm/worker/model_runner.py:1234,6.5,9.8,20.426,24.426,0.18,0.44
0,AllReduce,"[[1,1024],[1024,4096]]",vllm/worker/model_runner.py:1234,6.5,9.8,35.723,39.723,0.18,0.44
0,MatMulV2,"[[1,1024],[1024,4096]]",vllm/worker/model_runner.py:1234,6.5,9.8,131.001,135.001,0.18,0.44
0,FusedInferAttentionScore,"[[1,1024],[1024,4096]]",vllm/worker/model_runner.py:1234,6.5,9.8,63.488,67.488,0.18,0.44
0,RmsNorm,"[[1,1024],[1024,4096]]",vllm/worker/model_runner.py:1234,6.5,9.8,28.476,32.476,0.18,0.44
0,AllReduce,"[[1,1024],[1024,4096]]",vllm/worker/model_runner.py:1234,6.5,9.8,31.824,35.824,0.18,0.44
0,MatMulV2,"[[1,1024],[1024,4096]]",vllm/worker/model_runner.py:1234,6.5,9.8,122.112,126.112,0.18,0.44
0,FusedInferAttentionScore,"[[1,1024],[1024,4096]]",vllm/worker/model_runner.py:1234,6.5,9.8,63.713,67.713,0.18,0.44
0,RmsNorm,"[[1,1024],[1024,4096]]",vllm/worker/model_runner.py:1234,6.5,9.8,22.496,26.496,0.18,0.44
0,AllReduce,"[[1,1024],[1024,4096]]",vllm/worker/model_runner.py:1234,6.5,9.8,32.905,36.905,0.18,0.44
0,MatMulV2,"[[1,1024],[1024,4096]]",vllm/worker/model_runner.py:1234,6.5,9.8,128.319,132.319,0.18,0.44
0,FusedInferAttentionScore,"[[1,1024],[1024,4096]]",vllm/worker/model_runner.py:1234,6.5,9.8,68.623,72.623,0.18,0.44
0,RmsNorm,"[[1,1024],[1024,4096]]",vllm/worker/model_runner.py:1234,6.5,9.8,20.33,24.33,0.18,0.44
0,AllReduce,"[[1,1024],[1024,4096]]",vllm/worker/model_runner.py:1234,6.5,9.8,32.839,36.839,0.18,0.44
0,MatMulV2,"[[1,1024],[1024,4096]]",vllm/worker/model_runner.py:1234,6.5,9.8,113.65,117.65,0.18,0.44
0,FusedInferAttentionScore,"[[1,1024],[1024,4096]]",vllm/worker/model_runner.py:1234,6.5,9.8,66.237,70.237,0.18,0.44
0,RmsNorm,"[[1,1024],[1024,4096]]",vllm/worker/model_runner.py:1234,6.5,9.8,27.908,31.908,0.18,0.44
0,AllReduce,"[[1,1024],[1024,4096]]",vllm/worker/model_runner.py:1234,6.5,9.8,31.638,35.638000000000005,0.18,0.44
0,MatMulV2,"[[1,1024],[1024,4096]]",vllm/worker/model_runner.py:1234,6.5,9.8,119.449,123.449,0.18,0.44
0,FusedInferAttentionScore,"[[1,1024],[1024,4096]]",vllm/worker/model_runner.py:1234,6.5,9.8,74.681,78.681,0.18,0.44
0,RmsNorm,"[[1,1024],[1024,4096]]",vllm/worker/model_runner.py:1234,6.5,9.8,27.035,31.035,0.18,0.44
0,AllReduce,"[[1,1024],[1024,4096]]",vllm/worker/model_runner.py:1234,6.5,9.8,30.756,34.756,0.18,0.44
0,MatMulV2,"[[1,1024],[1024,4096]]",vllm/worker/model_runner.py:1234,6.5,9.8,120,124,0.18,0.44
0,FusedInferAttentionScore,"[[1,1024],[1024,4096]]",vllm/worker/model_runner.py:1234,6.5,9.8,63.67,67.67,0.18,0.44
0,RmsNorm,"[[1,1024],[1024,4096]]",vllm/worker/model_runner.py:1234,6.5,9.8,21.54,25.54,0.18,0.44
0,AllReduce,"[[1,1024],[1024,4096]]",vllm/worker/model_runner.py:1234,6.5,9.8,31.979,35.979,0.18,0.44
0,MatMulV2,"[[1,1024],[1024,4096]]",vllm/worker/model_runner.py:1234,6.5,9.8,126.991,130.99099999999999,0.18,0.44
0,FusedInferAttentionScore,"[[1,1024],[1024,4096]]",vllm/worker/model_runner.py:1234,6.5,9.8,75.995,79.995,0.18,0.44
0,RmsNorm,"[[1,1024],[1024,4096]]",vllm/worker/model_runner.py:1234,6.5,9.8,27.934,31.934,0.18,0.44
0,AllReduce,"[[1,1024],[1024,4096]]",vllm/worker/model_runner.py:1234,6.5,9.8,31.946,35.946,0.18,0.44
0,MatMulV2,"[[1,1024],[1024,4096]]",vllm/worker/model_runner.py:1234,6.5,9.8,129.189,133.189,0.18,0.44
0,FusedInferAttentionScore,"[[1,1024],[1024,4096]]",vllm/worker/model_runner.py:1234,6.5,9.8,72.353,76.353,0.18,0.44
0,RmsNorm,"[[1,1024],[1024,4096]]",vllm/worker/model_runner.py:1234,6.5,9.8,23.93,27.93,0.18,0.44
0,AllReduce,"[[1,1024],[1024,4096]]",vllm/worker/model_runner.py:1234,6.5,9.8,33.217,37.217,0.18,0.44
0,MatMulV2,"[[1,1024],[1024,4096]]",vllm/worker/model_runner.py:1234,6.5,9.8,131.696,135.696,0.18,0.44
0,FusedInferAttentionScore,"[[1,1024],[1024,4096]]",vllm/worker/model_runner.py:1234,6.5,9.8,76.381,80.381,0.18,0.44
0,RmsNorm,"[[1,1024],[1024,4096]]",vllm/worker/model_runner.py:1234,6.5,9.8,24.167,28.167,0.18,0.44
0,AllReduce,"[[1,1024],[1024,4096]]",vllm/worker/model_runner.py:1234,6.5,9.8,33.336,37.336,0.18,0.44
0,MatMulV2,"[[1,1024],[1024,4096]]",vllm/worker/model_runner.py:1234,6.5,9.8,109.173,113.173,0.18,0.44
0,FusedInferAttentionScore,"[[1,1024],[1024,4096]]",vllm/worker/model_runner.py:1234,6.5,9.8,66.218,70.218,0.18,0.44
0,RmsNorm,"[[1,1024],[1024,4096]]",vllm/worker/model_runner.py:1234,6.5,9.8,22.901,26.901,0.18,0.44
0,AllReduce,"[[1,1024],[1024,4096]]",vllm/worker/model_runner.py:1234,6.5,9.8,36.603,40.603,0.18,0.44
0,MatMulV2,"[[1,1024],[1024,4096]]",vllm/worker/model_runner.py:1234,6.5,9.8,125.393,129.393,0.18,0.44
0,FusedInferAttentionScore,"[[1,1024],[1024,4096]]",vllm/worker/model_runner.py:1234,6.5,9.8,70.455,74.455,0.18,0.44
0,RmsNorm,"[[1,1024],[1024,4096]]",vllm/worker/model_runner.py:1234,6.5,9.8,25.793,29.793,0.18,0.44
0,AllReduce,"[[1,1024],[1024,4096]]",vllm/worker/model_runner.py:1234,6.5,9.8,32.997,36.997,0.18,0.44
0,MatMulV2,"[[1,1024],[1024,4096]]",vllm/worker/model_runner.py:1234,6.5,9.8,109.509,113.509,0.18,0.44
0,FusedInferAttentionScore,"[[1,1024],[1024,4096]]",vllm/worker/model_runner.py:1234,6.5,9.8,75.804,79.804,0.18,0.44
0,RmsNorm,"[[1,1024],[1024,4096]]",vllm/worker/model_runner.py:1234,6.5,9.8,20.975,24.975,0.18,0.44
0,AllReduce,"[[1,1024],[1024,4096]]",vllm/worker/model_runner.py:1234,6.5,9.8,33.189,37.189,0.18,0.44
0,MatMulV2,"[[1,1024],[1024,4096]]",vllm/worker/model_runner.py:1234,6.5,9.8,129.407,133.407,0.18,0.44
0,FusedInferAttentionScore,"[[1,1024],[1024,4096]]",vllm/worker/model_runner.py:1234,6.5,9.8,71.337,75.337,0.18,0.44
0,RmsNorm,"[[1,1024],[1024,4096]]",vllm/worker/model_runner.py:1234,6.5,9.8,20.304,24.304,0.18,0.44
0,AllReduce,"[[1,1024],[1024,4096]]",vllm/worker/model_runner.py:1234,6.5,9.8,32.648,36.648,0.18,0.44
0,MatMulV2,"[[1,1024],[1024,4096]]",vllm/worker/model_runner.py:1234,6.5,9.8,112.522,116.522,0.18,0.44
0,FusedInferAttentionScore,"[[1,1024],[1024,4096]]",vllm/worker/model_runner.py:1234,6.5,9.8,67.642,71.642,0.18,0.44
0,RmsNorm,"[[1,1024],[1024,4096]]",vllm/worker/model_runner.py:1234,6.5,9.8,25.794,29.794,0.18,0.44
0,AllReduce,"[[1,1024],[1024,4096]]",vllm/worker/model_runner.py:1234,6.5,9.8,31.208,35.208,0.18,0.44
0,MatMulV2,"[[1,1024],[1024,4096]]",vllm/worker/model_runner.py:1234,6.5,9.8,130.483,134.483,0.18,0.44
0,FusedInferAttentionScore,"[[1,1024],[1024,4096]]",vllm/worker/model_runner.py:1234,6.5,9.8,72.724,76.724,0.18,0.44
0,RmsNorm,"[[1,1024],[1024,4096]]",vllm/worker/model_runner.py:1234,6.5,9.8,28.145,32.144999999999996,0.18,0.44
0,AllReduce,"[[1,1024],[1024,4096]]",vllm/worker/model_runner.py:1234,6.5,9.8,32.095,36.095,0.18,0.44
0,MatMulV2,"[[1,1024],[1024,4096]]",vllm/worker/model_runner.py:1234,6.5,9.8,113.981,117.981,0.18,0.44
0,FusedInferAttentionScore,"[[1,1024],[1024,4096]]",vllm/worker/model_runner.py:1234,6.5,9.8,66.018,70.018,0.18,0.44
0,RmsNorm,"[[1,1024],[1024,4096]]",vllm/worker/model_runner.py:1234,6.5,9.8,21.938,25.938,0.18,0.44
0,AllReduce,"[[1,1024],[1024,4096]]",vllm/worker/model_runner.py:1234,6.5,9.8,34.567,38.567,0.18,0.44
0,MatMulV2,"[[1,1024],[1024,4096]]",vllm/worker/model_runner.py:1234,6.5,9.8,126.208,130.208,0.18,0.44
0,FusedInferAttentionScore,"[[1,1024],[1024,4096]]",vllm/worker/model_runner.py:1234,6.5,9.8,71.337,75.337,0.18,0.44
0,RmsNorm,"[[1,1024],[1024,4096]]",vllm/worker/model_runner.py:1234,6.5,9.8,24.436,28.436,0.18,0.44
0,AllReduce,"[[1,1024],[1024,4096]]",vllm/worker/model_runner.py:1234,6.5,9.8,35.99,39.99,0.18,0.44
0,MatMulV2,"[[1,1024],[1024,4096]]",vllm/worker/model_runner.py:1234,6.5,9.8,121.271,125.271,0.18,0.44
0,FusedInferAttentionScore,"[[1,1024],[1024,4096]]",vllm/worker/model_runner.py:1234,6.5,9.8,69.109,73.109,0.18,0.44
0,RmsNorm,"[[1,1024],[1024,4096]]",vllm/worker/model_runner.py:1234,6.5,9.8,20.144,24.144,0.18,0.44
0,AllReduce,"[[1,1024],[1024,4096]]",vllm/worker/model_runner.py:1234,6.5,9.8,33.673,37.673,0.18,0.44
0,MatMulV2,"[[1,1024],[1024,4096]]",vllm/worker/model_runner.py:1234,6.5,9.8,111.931,115.931,0.18,0.44
0,FusedInferAttentionScore,"[[1,1024],[1024,4096]]",vllm/worker/model_runner.py:1234,6.5,9.8,65.747,69.747,0.18,0.44
0,RmsNorm,"[[1,1024],[1024,4096]]",vllm/worker/model_runner.py:1234,6.5,9.8,24.485,28.485,0.18,0.44
0,AllReduce,"[[1,1024],[1024,4096]]",vllm/worker/model_runner.py:1234,6.5,9.8,32.117,36.117,0.18,0.44
0,MatMulV2,"[[1,1024],[1024,4096]]",vllm/worker/model_runner.py:1234,6.5,9.8,117.062,121.062,0.18,0.44
0,FusedInferAttentionScore,"[[1,1024],[1024,4096]]",vllm/worker/model_runner.py:1234,6.5,9.8,67.493,71.493,0.18,0.44
0,RmsNorm,"[[1,1024],[1024,4096]]",vllm/worker/model_runner.py:1234,6.5,9.8,20.724,24.724,0.18,0.44
0,AllReduce,"[[1,1024],[1024,4096]]",vllm/worker/model_runner.py:1234,6.5,9.8,35.778,39.778,0.18,0.44
0,MatMulV2,"[[1,1024],[1024,4096]]",vllm/worker/model_runner.py:1234,6.5,9.8,129.187,133.187,0.18,0.44
0,FusedInferAttentionScore,"[[1,1024],[1024,4096]]",vllm/worker/model_runner.py:1234,6.5,9.8,73.577,77.577,0.18,0.44
0,RmsNorm,"[[1,1024],[1024,4096]]",vllm/worker/model_runner.py:1234,6.5,9.8,25.912,29.912,0.18,0.44
0,AllReduce,"[[1,1024],[1024,4096]]",vllm/worker/model_runner.py:1234,6.5,9.8,36.403,40.403,0.18,0.44
0,MatMulV2,"[[1,1024],[1024,4096]]",vllm/worker/model_runner.py:1234,6.5,9.8,121.573,125.573,0.18,0.44
0,FusedInferAttentionScore,"[[1,1024],[1024,4096]]",vllm/worker/model_runner.py:1234,6.5,9.8,70.41,74.41,0.18,0.44
0,RmsNorm,"[[1,1024],[1024,4096]]",vllm/worker/model_runner.py:1234,6.5,9.8,25.144,29.144,0.18,0.44
0,AllReduce,"[[1,1024],[1024,4096]]",vllm/worker/model_runner.py:1234,6.5,9.8,34.359,38.359,0.18,0.44
0,aclrtMemcpyAsync_D2H,"[[1,1024],[1024,4096]]",vllm/worker/model_runner.py:1234,6.5,9.8,260,264,0.18,0.44
0,MatMulV2,"[[1,1024],[1024,4096]]",vllm/worker/model_runner.py:1234,6.5,9.8,108.655,112.655,0.18,0.44
0,FusedInferAttentionScore,"[[1,1024],[1024,4096]]",vllm/worker/model_runner.py:1234,6.5,9.8,63.609,67.60900000000001,0.18,0.44
0,RmsNorm,"[[1,1024],[1024,4096]]",vllm/worker/model_runner.py:1234,6.5,9.8,26.665,30.665,0.18,0.44
0,AllReduce,"[[1,1024],[1024,4096]]",vllm/worker/model_runner.py:1234,6.5,9.8,32.981,36.981,0.18,0.44
0,MatMulV2,"[[1,1024],[1024,4096]]",vllm/worker/model_runner.py:1234,6.5,9.8,129.654,133.654,0.18,0.44
0,FusedInferAttentionScore,"[[1,1024],[1024,4096]]",vllm/worker/model_runner.py:1234,6.5,9.8,75,79,0.18,0.44
0,RmsNorm,"[[1,1024],[1024,4096]]",vllm/worker/model_runner.py:1234,6.5,9.8,20.76,24.76,0.18,0.44
0,AllReduce,"[[1,1024],[1024,4096]]",vllm/worker/model_runner.py:1234,6.5,9.8,36.971,40.971,0.18,0.44
0,MatMulV2,"[[1,1024],[1024,4096]]",vllm/worker/model_runner.py:1234,6.5,9.8,121.873,125.873,0.18,0.44
0,FusedInferAttentionScore,"[[1,1024],[1024,4096]]",vllm/worker/model_runner.py:1234,6.5,9.8,66.399,70.399,0.18,0.44
0,RmsNorm,"[[1,1024],[1024,4096]]",vllm/worker/model_runner.py:1234,6.5,9.8,20.642,24.642,0.18,0.44
0,AllReduce,"[[1,1024],[1024,4096]]",vllm/worker/model_runner.py:1234,6.5,9.8,34.597,38.597,0.18,0.44
0,MatMulV2,"[[1,1024],[1024,4096]]",vllm/worker/model_runner.py:1234,6.5,9.8,130.202,134.202,0.18,0.44
0,FusedInferAttentionScore,"[[1,1024],[1024,4096]]",vllm/worker/model_runner.py:1234,6.5,9.8,69.709,73.709,0.18,0.44
0,RmsNorm,"[[1,1024],[1024,4096]]",vllm/worker/model_runner.py:1234,6.5,9.8,26.093,30.093,0.18,0.44
0,AllReduce,"[[1,1024],[1024,4096]]",vllm/worker/model_runner.py:1234,6.5,9.8,31.778,35.778,0.18,0.44
0,MatMulV2,"[[1,1024],[1024,4096]]",vllm/worker/model_runner.py:1234,6.5,9.8,124.586,128.586,0.18,0.44
0,FusedInferAttentionScore,"[[1,1024],[1024,4096]]",vllm/worker/model_runner.py:1234,6.5,9.8,76.341,80.341,0.18,0.44
0,RmsNorm,"[[1,1024],[1024,4096]]",vllm/worker/model_runner.py:1234,6.5,9.8,22.653,26.653,0.18,0.44
0,AllReduce,"[[1,1024],[1024,4096]]",vllm/worker/model_runner.py:1234,6.5,9.8,35.846,39.846,0.18,0.44
0,MatMulV2,"[[1,1024],[1024,4096]]",vllm/worker/model_runner.py:1234,6.5,9.8,127.184,131.184,0.18,0.44
0,FusedInferAttentionScore,"[[1,1024],[1024,4096]]",vllm/worker/model_runner.py:1234,6.5,9.8,70.041,74.041,0.18,0.44
0,RmsNorm,"[[1,1024],[1024,4096]]",vllm/worker/model_runner.py:1234,6.5,9.8,25.545,29.545,0.18,0.44
0,AllReduce,"[[1,1024],[1024,4096]]",vllm/worker/model_runner.py:1234,6.5,9.8,33.151,37.151,0.18,0.44
0,MatMulV2,"[[1,1024],[1024,4096]]",vllm/worker/model_runner.py:1234,6.5,9.8,117.081,121.081,0.18,0.44
0,FusedInferAttentionScore,"[[1,1024],[1024,4096]]",vllm/worker/model_runner.py:1234,6.5,9.8,73.843,77.843,0.18,0.44
0,RmsNorm,"[[1,1024],[1024,4096]]",vllm/worker/model_runner.py:1234,6.5,9.8,23.904,27.904,0.18,0.44
0,AllReduce,"[[1,1024],[1024,4096]]",vllm/worker/model_runner.py:1234,6.5,9.8,31.167,35.167,0.18,0.44
0,MatMulV2,"[[1,1024],[1024,4096]]",vllm/worker/model_runner.py:1234,6.5,9.8,122.426,126.426,0.18,0.44
0,FusedInferAttentionScore,"[[1,1024],[1024,4096]]",vllm/worker/model_runner.py:1234,6.5,9.8,71.355,75.355,0.18,0.44
0,RmsNorm,"[[1,1024],[1024,4096]]",vllm/worker/model_runner.py:1234,6.5,9.8,19.246,23.246,0.18,0.44
0,AllReduce,"[[1,1024],[1024,4096]]",vllm/worker/model_runner.py:1234,6.5,9.8,33.452,37.452,0.18,0.44
0,MatMulV2,"[[1,1024],[1024,4096]]",vllm/worker/model_runner.py:1234,6.5,9.8,123.878,127.878,0.18,0.44
0,FusedInferAttentionScore,"[[1,1024],[1024,4096]]",vllm/worker/model_runner.py:1234,6.5,9.8,72.119,76.119,0.18,0.44
0,RmsNorm,"[[1,1024],[1024,4096]]",vllm/worker/model_runner.py:1234,6.5,9.8,28.145,32.144999999999996,0.18,0.44
0,AllReduce,"[[1,1024],[1024,4096]]",vllm/worker/model_runner.py:1234,6.5,9.8,35.123,39.123,0.18,0.44
0,MatMulV2,"[[1,1024],[1024,4096]]",vllm/worker/model_runner.py:1234,6.5,9.8,119.228,123.228,0.18,0.44
0,FusedInferAttentionScore,"[[1,1024],[1024,4096]]",vllm/worker/model_runner.py:1234,6.5,9.8,76.235,80.235,0.18,0.44
0,RmsNorm,"[[1,1024],[1024,4096]]",vllm/worker/model_runner.py:1234,6.5,9.8,27.043,31.043,0.18,0.44
0,AllReduce,"[[1,1024],[1024,4096]]",vllm/worker/model_runner.py:1234,6.5,9.8,33.001,37.001,0.18,0.44
0,MatMulV2,"[[1,1024],[1024,4096]]",vllm/worker/model_runner.py:1234,6.5,9.8,129.083,133.083,0.18,0.44
0,FusedInferAttentionScore,"[[1,1024],[1024,4096]]",vllm/worker/model_runner.py:1234,6.5,9.8,74.998,78.998,0.18,0.44
0,RmsNorm,"[[1,1024],[1024,4096]]",vllm/worker/model_runner.py:1234,6.5,9.8,21.169,25.169,0.18,0.44
0,AllReduce,"[[1,1024],[1024,4096]]",vllm/worker/model_runner.py:1234,6.5,9.8,32.683,36.683,0.18,0.44
0,MatMulV2,"[[1,1024],[1024,4096]]",vllm/worker/model_runner.py:1234,6.5,9.8,121.471,125.471,0.18,0.44
0,FusedInferAttentionScore,"[[1,1024],[1024,4096]]",vllm/worker/model_runner.py:1234,6.5,9.8,73.739,77.739,0.18,0.44
0,RmsNorm,"[[1,1024],[1024,4096]]",vllm/worker/model_runner.py:1234,6.5,9.8,28.296,32.296,0.18,0.44
0,AllReduce,"[[1,1024],[1024,4096]]",vllm/worker/model_runner.py:1234,6.5,9.8,36.486,40.486,0.18,0.44
0,MatMulV2,"[[1,1024],[1024,4096]]",vllm/worker/model_runner.py:1234,6.5,9.8,127.254,131.25400000000002,0.18,0.44
0,FusedInferAttentionScore,"[[1,1024],[1024,4096]]",vllm/worker/model_runner.py:1234,6.5,9.8,70.61,74.61,0.18,0.44
0,RmsNorm,"[[1,1024],[1024,4096]]",vllm/worker/model_runner.py:1234,6.5,9.8,20.101,24.101,0.18,0.44
0,AllReduce,"[[1,1024],[1024,4096]]",vllm/worker/model_runner.py:1234,6.5,9.8,31.942,35.942,0.18,0.44
0,MatMulV2,"[[1,1024],[1024,4096]]",vllm/worker/model_runner.py:1234,6.5,9.8,128.226,132.226,0.18,0.44
0,FusedInferAttentionScore,"[[1,1024],[1024,4096]]",vllm/worker/model_runner.py:1234,6.5,9.8,68.519,72.519,0.18,0.44
0,RmsNorm,"[[1,1024],[1024,4096]]",vllm/worker/model_runner.py:1234,6.5,9.8,19.87,23.87,0.18,0.44
0,AllReduce,"[[1,1024],[1024,4096]]",vllm/worker/model_runner.py:1234,6.5,9.8,36.179,40.179,0.18,0.44
0,MatMulV2,"[[1,1024],[1024,4096]]",vllm/worker/model_runner.py:1234,6.5,9.8,121.755,125.755,0.18,0.44
0,FusedInferAttentionScore,"[[1,1024],[1024,4096]]",vllm/worker/model_runner.py:1234,6.5,9.8,74.94,78.94,0.18,0.44
0,RmsNorm,"[[1,1024],[1024,4096]]",vllm/worker/model_runner.py:1234,6.5,9.8,20.096,24.096,0.18,0.44
0,AllReduce,"[[1,1024],[1024,4096]]",vllm/worker/model_runner.py:1234,6.5,9.8,35.655,39.655,0.18,0.44
0,MatMulV2,"[[1,1024],[1024,4096]]",vllm/worker/model_runner.py:1234,6.5,9.8,123.866,127.866,0.18,0.44
0,FusedInferAttentionScore,"[[1,1024],[1024,4096]]",vllm/worker/model_runner.py:1234,6.5,9.8,75.815,79.815,0.18,0.44
0,RmsNorm,"[[1,1024],[1024,4096]]",vllm/worker/model_runner.py:1234,6.5,9.8,19.531,23.531,0.18,0.44
0,AllReduce,"[[1,1024],[1024,4096]]",vllm/worker/model_runner.py:1234,6.5,9.8,36.397,40.397,0.18,0.44
0,MatMulV2,"[[1,1024],[1024,4096]]",vllm/worker/model_runner.py:1234,6.5,9.8,118.619,122.619,0.18,0.44
0,FusedInferAttentionScore,"[[1,1024],[1024,4096]]",vllm/worker/model_runner.py:1234,6.5,9.8,71.264,75.264,0.18,0.44
0,RmsNorm,"[[1,1024],[1024,4096]]",vllm/worker/model_runner.py:1234,6.5,9.8,20.828,24.828,0.18,0.44
0,AllReduce,"[[1,1024],[1024,4096]]",vllm/worker/model_runner.py:1234,6.5,9.8,33.603,37.603,0.18,0.44
0,MatMulV2,"[[1,1024],[1024,4096]]",vllm/worker/model_runner.py:1234,6.5,9.8,111.673,115.673,0.18,0.44
0,FusedInferAttentionScore,"[[1,1024],[1024,4096]]",vllm/worker/model_runner.py:1234,6.5,9.8,68.329,72.329,0.18,0.44
0,RmsNorm,"[[1,1024],[1024,4096]]",vllm/worker/model_runner.py:1234,6.5,9.8,24.337,28.337,0.18,0.44
0,AllReduce,"[[1,1024],[1024,4096]]",vllm/worker/model_runner.py:1234,6.5,9.8,30.769,34.769,0.18,0.44
0,MatMulV2,"[[1,1024],[1024,4096]]",vllm/worker/model_runner.py:1234,6.5,9.8,115.903,119.903,0.18,0.44
0,FusedInferAttentionScore,"[[1,1024],[1024,4096]]",vllm/worker/model_runner.py:1234,6.5,9.8,69.459,73.459,0.18,0.44
0,RmsNorm,"[[1,1024],[1024,4096]]",vllm/worker/model_runner.py:1234,6.5,9.8,27.189,31.189,0.18,0.44
0,AllReduce,"[[1,1024],[1024,4096]]",vllm/worker/model_runner.py:1234,6.5,9.8,36.179,40.179,0.18,0.44
0,MatMulV2,"[[1,1024],[1024,4096]]",vllm/worker/model_runner.py:1234,6.5,9.8,118.947,122.947,0.18,0.44
0,FusedInferAttentionScore,"[[1,1024],[1024,4096]]",vllm/worker/model_runner.py:1234,6.5,9.8,70.97,74.97,0.18,0.44
0,RmsNorm,"[[1,1024],[1024,4096]]",vllm/worker/model_runner.py:1234,6.5,9.8,20.035,24.035,0.18,0.44
0,AllReduce,"[[1,1024],[1024,4096]]",vllm/worker/model_runner.py:1234,6.5,9.8,34.341,38.341,0.18,0.44
0,MatMulV2,"[[1,1024],[1024,4096]]",vllm/worker/model_runner.py:1234,6.5,9.8,112.554,116.554,0.18,0.44
0,FusedInferAttentionScore,"[[1,1024],[1024,4096]]",vllm/worker/model_runner.py:1234,6.5,9.8,75.183,79.183,0.18,0.44
0,RmsNorm,"[[1,1024],[1024,4096]]",vllm/worker/model_runner.py:1234,6.5,9.8,24.178,28.178,0.18,0.44
0,AllReduce,"[[1,1024],[1024,4096]]",vllm/worker/model_runner.py:1234,6.5,9.8,33.601,37.601,0.18,0.44
0,MatMulV2,"[[1,1024],[1024,4096]]",vllm/worker/model_runner.py:1234,6.5,9.8,125.618,129.618,0.18,0.44
0,FusedInferAttentionScore,"[[1,1024],[1024,4096]]",vllm/worker/model_runner.py:1234,6.5,9.8,67.474,71.474,0.18,0.44
0,RmsNorm,"[[1,1024],[1024,4096]]",vllm/worker/model_runner.py:1234,6.5,9.8,22.252,26.252,0.18,0.44
0,AllReduce,"[[1,1024],[1024,4096]]",vllm/worker/model_runner.py:1234,6.5,9.8,34.503,38.503,0.18,0.44
0,MatMulV2,"[[1,1024],[1024,4096]]",vllm/worker/model_runner.py:1234,6.5,9.8,112.762,116.762,0.18,0.44
0,FusedInferAttentionScore,"[[1,1024],[1024,4096]]",vllm/worker/model_runner.py:1234,6.5,9.8,66.938,70.938,0.18,0.44
0,RmsNorm,"[[1,1024],[1024,4096]]",vllm/worker/model_runner.py:1234,6.5,9.8,21.999,25.999,0.18,0.44
0,AllReduce,"[[1,1024],[1024,4096]]",vllm/worker/model_runner.py:1234,6.5,9.8,37.154,41.154,0.18,0.44
0,MatMulV2,"[[1,1024],[1024,4096]]",vllm/worker/model_runner.py:1234,6.5,9.8,108.353,112.353,0.18,0.44
0,FusedInferAttentionScore,"[[1,1024],[1024,4096]]",vllm/worker/model_runner.py:1234,6.5,9.8,68.903,72.903,0.18,0.44
0,RmsNorm,"[[1,1024],[1024,4096]]",vllm/worker/model_runner.py:1234,6.5,9.8,24.69,28.69,0.18,0.44
0,AllReduce,"[[1,1024],[1024,4096]]",vllm/worker/model_runner.py:1234,6.5,9.8,30.737,34.736999999999995,0.18,0.44
0,MatMulV2,"[[1,1024],[1024,4096]]",vllm/worker/model_runner.py:1234,6.5,9.8,125.822,129.822,0.18,0.44
0,FusedInferAttentionScore,"[[1,1024],[1024,4096]]",vllm/worker/model_runner.py:1234,6.5,9.8,64.999,68.999,0.18,0.44
0,RmsNorm,"[[1,1024],[1024,4096]]",vllm/worker/model_runner.py:1234,6.5,9.8,27.351,31.351,0.18,0.44
0,AllReduce,"[[1,1024],[1024,4096]]",vllm/worker/model_runner.py:1234,6.5,9.8,32.448,36.448,0.18,0.44
0,MatMulV2,"[[1,1024],[1024,4096]]",vllm/worker/model_runner.py:1234,6.5,9.8,128.166,132.166,0.18,0.44
0,FusedInferAttentionScore,"[[1,1024],[1024,4096]]",vllm/worker/model_runner.py:1234,6.5,9.8,64.012,68.012,0.18,0.44
0,RmsNorm,"[[1,1024],[1024,4096]]",vllm/worker/model_runner.py:1234,6.5,9.8,27.121,31.121,0.18,0.44
0,AllReduce,"[[1,1024],[1024,4096]]",vllm/worker/model_runner.py:1234,6.5,9.8,33.993,37.993,0.18,0.44
0,MatMulV2,"[[1,1024],[1024,4096]]",vllm/worker/model_runner.py:1234,6.5,9.8,113.496,117.496,0.18,0.44
0,FusedInferAttentionScore,"[[1,1024],[1024,4096]]",vllm/worker/model_runner.py:1234,6.5,9.8,68.226,72.226,0.18,0.44
0,RmsNorm,"[[1,1024],[1024,4096]]",vllm/worker/model_runner.py:1234,6.5,9.8,27.324,31.324,0.18,0.44
0,AllReduce,"[[1,1024],[1024,4096]]",vllm/worker/model_runner.py:1234,6.5,9.8,35.112,39.112,0.18,0.44
0,MatMulV2,"[[1,1024],[1024,4096]]",vllm/worker/model_runner.py:1234,6.5,9.8,125.528,129.52800000000002,0.18,0.44
0,FusedInferAttentionScore,"[[1,1024],[1024,4096]]",vllm/worker/model_runner.py:1234,6.5,9.8,75.498,79.498,0.18,0.44
0,RmsNorm,"[[1,1024],[1024,4096]]",vllm/worker/model_runner.py:1234,6.5,9.8,27.977,31.977,0.18,0.44
0,AllReduce,"[[1,1024],[1024,4096]]",vllm/worker/model_runner.py:1234,6.5,9.8,32.49,36.49,0.18,0.44
0,MatMulV2,"[[1,1024],[1024,4096]]",vllm/worker/model_runner.py:1234,6.5,9.8,124.866,128.86599999999999,0.18,0.44
0,FusedInferAttentionScore,"[[1,1024],[1024,4096]]",vllm/worker/model_runner.py:1234,6.5,9.8,68.748,72.748,0.18,0.44
0,RmsNorm,"[[1,1024],[1024,4096]]",vllm/worker/model_runner.py:1234,6.5,9.8,24.294,28.294,0.18,0.44
0,AllReduce,"[[1,1024],[1024,4096]]",vllm/worker/model_runner.py:1234,6.5,9.8,31.302,35.302,0.18,0.44
0,MatMulV2,"[[1,1024],[1024,4096]]",vllm/worker/model_runner.py:1234,6.5,9.8,118.976,122.976,0.18,0.44
0,FusedInferAttentionScore,"[[1,1024],[1024,4096]]",vllm/worker/model_runner.py:1234,6.5,9.8,70.121,74.121,0.18,0.44
0,RmsNorm,"[[1,1024],[1024,4096]]",vllm/worker/model_runner.py:1234,6.5,9.8,19.946,23.946,0.18,0.44
0,AllReduce,"[[1,1024],[1024,4096]]",vllm/worker/model_runner.py:1234,6.5,9.8,32.746,36.746,0.18,0.44
0,MatMulV2,"[[1,1024],[1024,4096]]",vllm/worker/model_runner.py:1234,6.5,9.8,114.701,118.701,0.18,0.44
0,FusedInferAttentionScore,"[[1,1024],[1024,4096]]",vllm/worker/model_runner.py:1234,6.5,9.8,74.516,78.516,0.18,0.44
0,RmsNorm,"[[1,1024],[1024,4096]]",vllm/worker/model_runner.py:1234,6.5,9.8,25.811,29.811,0.18,0.44
0,AllReduce,"[[1,1024],[1024,4096]]",vllm/worker/model_runner.py:1234,6.5,9.8,34.242,38.242,0.18,0.44
0,MatMulV2,"[[1,1024],[1024,4096]]",vllm/worker/model_runner.py:1234,6.5,9.8,129.949,133.949,0.18,0.44
0,FusedInferAttentionScore,"[[1,1024],[1024,4096]]",vllm/worker/model_runner.py:1234,6.5,9.8,75.326,79.326,0.18,0.44
0,RmsNorm,"[[1,1024],[1024,4096]]",vllm/worker/model_runner.py:1234,6.5,9.8,23.895,27.895,0.18,0.44
0,AllReduce,"[[1,1024],[1024,4096]]",vllm/worker/model_runner.py:1234,6.5,9.8,35.784,39.784,0.18,0.44
0,aclrtMemcpyAsync_D2H,"[[1,1024],[1024,4096]]",vllm/worker/model_runner.py:1234,6.5,9.8,260,264,0.18,0.44
0,MatMulV2,"[[1,1024],[1024,4096]]",vllm/worker/model_runner.py:1234,6.5,9.8,127.661,131.661,0.18,0.44
0,FusedInferAttentionScore,"[[1,1024],[1024,4096]]",vllm/worker/model_runner.py:1234,6.5,9.8,68.075,72.075,0.18,0.44
0,RmsNorm,"[[1,1024],[1024,4096]]",vllm/worker/model_runner.py:1234,6.5,9.8,21.111,25.111,0.18,0.44
0,AllReduce,"[[1,1024],[1024,4096]]",vllm/worker/model_runner.py:1234,6.5,9.8,34.245,38.245,0.18,0.44
0,MatMulV2,"[[1,1024],[1024,4096]]",vllm/worker/model_runner.py:1234,6.5,9.8,118.826,122.826,0.18,0.44
0,FusedInferAttentionScore,"[[1,1024],[1024,4096]]",vllm/worker/model_runner.py:1234,6.5,9.8,70.367,74.367,0.18,0.44
0,RmsNorm,"[[1,1024],[1024,4096]]",vllm/worker/model_runner.py:1234,6.5,9.8,23.504,27.504,0.18,0.44
0,AllReduce,"[[1,1024],[1024,4096]]",vllm/worker/model_runner.py:1234,6.5,9.8,32.714,36.714,0.18,0.44
0,MatMulV2,"[[1,1024],[1024,4096]]",vllm/worker/model_runner.py:1234,6.5,9.8,119.087,123.087,0.18,0.44
0,FusedInferAttentionScore,"[[1,1024],[1024,4096]]",vllm/worker/model_runner.py:1234,6.5,9.8,72.541,76.541,0.18,0.44
0,RmsNorm,"[[1,1024],[1024,4096]]",vllm/worker/model_runner.py:1234,6.5,9.8,28.242,32.242000000000004,0.18,0.44
0,AllReduce,"[[1,1024],[1024,4096]]",vllm/worker/model_runner.py:1234,6.5,9.8,34.875,38.875,0.18,0.44
0,MatMulV2,"[[1,1024],[1024,4096]]",vllm/worker/model_runner.py:1234,6.5,9.8,110.764,114.764,0.18,0.44
0,FusedInferAttentionScore,"[[1,1024],[1024,4096]]",vllm/worker/model_runner.py:1234,6.5,9.8,66.155,70.155,0.18,0.44
0,RmsNorm,"[[1,1024],[1024,4096]]",vllm/worker/model_runner.py:1234,6.5,9.8,22.302,26.302,0.18,0.44
0,AllReduce,"[[1,1024],[1024,4096]]",vllm/worker/model_runner.py:1234,6.5,9.8,35.143,39.143,0.18,0.44
0,MatMulV2,"[[1,1024],[1024,4096]]",vllm/worker/model_runner.py:1234,6.5,9.8,122.989,126.989,0.18,0.44
0,FusedInferAttentionScore,"[[1,1024],[1024,4096]]",vllm/worker/model_runner.py:1234,6.5,9.8,70.285,74.285,0.18,0.44
0,RmsNorm,"[[1,1024],[1024,4096]]",vllm/worker/model_runner.py:1234,6.5,9.8,25.746,29.746,0.18,0.44
0,AllReduce,"[[1,1024],[1024,4096]]",vllm/worker/model_runner.py:1234,6.5,9.8,31.035,35.035,0.18,0.44
0,MatMulV2,"[[1,1024],[1024,4096]]",vllm/worker/model_runner.py:1234,6.5,9.8,123.155,127.155,0.18,0.44
0,FusedInferAttentionScore,"[[1,1024],[1024,4096]]",vllm/worker/model_runner.py:1234,6.5,9.8,63.873,67.87299999999999,0.18,0.44
0,RmsNorm,"[[1,1024],[1024,4096]]",vllm/worker/model_runner.py:1234,6.5,9.8,22.389,26.389,0.18,0.44
0,AllReduce,"[[1,1024],[1024,4096]]",vllm/worker/model_runner.py:1234,6.5,9.8,35.637,39.637,0.18,0.44
0,MatMulV2,"[[1,1024],[1024,4096]]",vllm/worker/model_runner.py:1234,6.5,9.8,117.539,121.539,0.18,0.44
0,FusedInferAttentionScore,"[[1,1024],[1024,4096]]",vllm/worker/model_runner.py:1234,6.5,9.8,69.36,73.36,0.18,0.44
0,RmsNorm,"[[1,1024],[1024,4096]]",vllm/worker/model_runner.py:1234,6.5,9.8,24.618,28.618,0.18,0.44
0,AllReduce,"[[1,1024],[1024,4096]]",vllm/worker/model_runner.py:1234,6.5,9.8,36.754,40.754,0.18,0.44
0,MatMulV2,"[[1,1024],[1024,4096]]",vllm/worker/model_runner.py:1234,6.5,9.8,120.982,124.982,0.18,0.44
0,FusedInferAttentionScore,"[[1,1024],[1024,4096]]",vllm/worker/model_runner.py:1234,6.5,9.8,76.318,80.318,0.18,0.44
0,RmsNorm,"[[1,1024],[1024,4096]]",vllm/worker/model_runner.py:1234,6.5,9.8,22.306,26.306,0.18,0.44
0,AllReduce,"[[1,1024],[1024,4096]]",vllm/worker/model_runner.py:1234,6.5,9.8,34.574,38.574,0.18,0.44
0,MatMulV2,"[[1,1024],[1024,4096]]",vllm/worker/model_runner.py:1234,6.5,9.8,117.496,121.496,0.18,0.44
0,FusedInferAttentionScore,"[[1,1024],[1024,4096]]",vllm/worker/model_runner.py:1234,6.5,9.8,71.292,75.292,0.18,0.44
0,RmsNorm,"[[1,1024],[1024,4096]]",vllm/worker/model_runner.py:1234,6.5,9.8,19.37,23.37,0.18,0.44
0,AllReduce,"[[1,1024],[1024,4096]]",vllm/worker/model_runner.py:1234,6.5,9.8,33.023,37.023,0.18,0.44
0,MatMulV2,"[[1,1024],[1024,4096]]",vllm/worker/model_runner.py:1234,6.5,9.8,115.678,119.678,0.18,0.44
0,FusedInferAttentionScore,"[[1,1024],[1024,4096]]",vllm/worker/model_runner.py:1234,6.5,9.8,65.588,69.588,0.18,0.44
0,RmsNorm,"[[1,1024],[1024,4096]]",vllm/worker/model_runner.py:1234,6.5,9.8,27.931,31.931,0.18,0.44
0,AllReduce,"[[1,1024],[1024,4096]]",vllm/worker/model_runner.py:1234,6.5,9.8,31.653,35.653,0.18,0.44
0,MatMulV2,"[[1,1024],[1024,4096]]",vllm/worker/model_runner.py:1234,6.5,9.8,120.805,124.805,0.18,0.44
0,FusedInferAttentionScore,"[[1,1024],[1024,4096]]",vllm/worker/model_runner.py:1234,6.5,9.8,72.202,76.202,0.18,0.44
0,RmsNorm,"[[1,1024],[1024,4096]]",vllm/worker/model_runner.py:1234,6.5,9.8,26.817,30.817,0.18,0.44
0,AllReduce,"[[1,1024],[1024,4096]]",vllm/worker/model_runner.py:1234,6.5,9.8,32.624,36.624,0.18,0.44
0,MatMulV2,"[[1,1024],[1024,4096]]",vllm/worker/model_runner.py:1234,6.5,9.8,115.48,119.48,0.18,0.44
0,FusedInferAttentionScore,"[[1,1024],[1024,4096]]",vllm/worker/model_runner.py:1234,6.5,9.8,70.637,74.637,0.18,0.44
0,RmsNorm,"[[1,1024],[1024,4096]]",vllm/worker/model_runner.py:1234,6.5,9.8,27.966,31.966,0.18,0.44
0,AllReduce,"[[1,1024],[1024,4096]]",vllm/worker/model_runner.py:1234,6.5,9.8,31.437,35.437,0.18,0.44
0,MatMulV2,"[[1,1024],[1024,4096]]",vllm/worker/model_runner.py:1234,6.5,9.8,122.713,126.713,0.18,0.44
0,FusedInferAttentionScore,"[[1,1024],[1024,4096]]",vllm/worker/model_runner.py:1234,6.5,9.8,71.8,75.8,0.18,0.44
0,RmsNorm,"[[1,1024],[1024,4096]]",vllm/worker/model_runner.py:1234,6.5,9.8,22.273,26.273,0.18,0.44
0,AllReduce,"[[1,1024],[1024,4096]]",vllm/worker/model_runner.py:1234,6.5,9.8,36.577,40.577,0.18,0.44
0,MatMulV2,"[[1,1024],[1024,4096]]",vllm/worker/model_runner.py:1234,6.5,9.8,119.298,123.298,0.18,0.44
0,FusedInferAttentionScore,"[[1,1024],[1024,4096]]",vllm/worker/model_runner.py:1234,6.5,9.8,76.712,80.712,0.18,0.44
0,RmsNorm,"[[1,1024],[1024,4096]]",vllm/worker/model_runner.py:1234,6.5,9.8,20.437,24.437,0.18,0.44
0,AllReduce,"[[1,1024],[1024,4096]]",vllm/worker/model_runner.py:1234,6.5,9.8,35.712,39.712,0.18,0.44
0,MatMulV2,"[[1,1024],[1024,4096]]",vllm/worker/model_runner.py:1234,6.5,9.8,125.378,129.378,0.18,0.44
0,FusedInferAttentionScore,"[[1,1024],[1024,4096]]",vllm/worker/model_runner.py:1234,6.5,9.8,76.254,80.254,0.18,0.44
0,RmsNorm,"[[1,1024],[1024,4096]]",vllm/worker/model_runner.py:1234,6.5,9.8,22.749,26.749,0.18,0.44
0,AllReduce,"[[1,1024],[1024,4096]]",vllm/worker/model_runner.py:1234,6.5,9.8,31.819,35.819,0.18,0.44
0,MatMulV2,"[[1,1024],[1024,4096]]",vllm/worker/model_runner.py:1234,6.5,9.8,130.063,134.063,0.18,0.44
0,FusedInferAttentionScore,"[[1,1024],[1024,4096]]",vllm/worker/model_runner.py:1234,6.5,9.8,74.655,78.655,0.18,0.44
0,RmsNorm,"[[1,1024],[1024,4096]]",vllm/worker/model_runner.py:1234,6.5,9.8,22.985,26.985,0.18,0.44
0,AllReduce,"[[1,1024],[1024,4096]]",vllm/worker/model_runner.py:1234,6.5,9.8,36.277,40.277,0.18,0.44
0,MatMulV2,"[[1,1024],[1024,4096]]",vllm/worker/model_runner.py:1234,6.5,9.8,118.975,122.975,0.18,0.44
0,FusedInferAttentionScore,"[[1,1024],[1024,4096]]",vllm/worker/model_runner.py:1234,6.5,9.8,66.945,70.945,0.18,0.44
0,RmsNorm,"[[1,1024],[1024,4096]]",vllm/worker/model_runner.py:1234,6.5,9.8,19.54,23.54,0.18,0.44
0,AllReduce,"[[1,1024],[1024,4096]]",vllm/worker/model_runner.py:1234,6.5,9.8,36.902,40.902,0.18,0.44
0,MatMulV2,"[[1,1024],[1024,4096]]",vllm/worker/model_runner.py:1234,6.5,9.8,115.598,119.598,0.18,0.44
0,FusedInferAttentionScore,"[[1,1024],[1024,4096]]",vllm/worker/model_runner.py:1234,6.5,9.8,72.096,76.096,0.18,0.44
0,RmsNorm,"[[1,1024],[1024,4096]]",vllm/worker/model_runner.py:1234,6.5,9.8,28.56,32.56,0.18,0.44
0,AllReduce,"[[1,1024],[1024,4096]]",vllm/worker/model_runner.py:1234,6.5,9.8,35.358,39.358,0.18,0.44
0,MatMulV2,"[[1,1024],[1024,4096]]",vllm/worker/model_runner.py:1234,6.5,9.8,130.309,134.309,0.18,0.44
0,FusedInferAttentionScore,"[[1,1024],[1024,4096]]",vllm/worker/model_runner.py:1234,6.5,9.8,75.075,79.075,0.18,0.44
0,RmsNorm,"[[1,1024],[1024,4096]]",vllm/worker/model_runner.py:1234,6.5,9.8,19.423,23.423,0.18,0.44
0,AllReduce,"[[1,1024],[1024,4096]]",vllm/worker/model_runner.py:1234,6.5,9.8,32.522,36.522,0.18,0.44
0,MatMulV2,"[[1,1024],[1024,4096]]",vllm/worker/model_runner.py:1234,6.5,9.8,108.967,112.967,0.18,0.44
0,FusedInferAttentionScore,"[[1,1024],[1024,4096]]",vllm/worker/model_runner.py:1234,6.5,9.8,70.504,74.504,0.18,0.44
0,RmsNorm,"[[1,1024],[1024,4096]]",vllm/worker/model_runner.py:1234,6.5,9.8,21.715,25.715,0.18,0.44
0,AllReduce,"[[1,1024],[1024,4096]]",vllm/worker/model_runner.py:1234,6.5,9.8,32.444,36.444,0.18,0.44
0,MatMulV2,"[[1,1024],[1024,4096]]",vllm/worker/model_runner.py:1234,6.5,9.8,122.922,126.922,0.18,0.44
0,FusedInferAttentionScore,"[[1,1024],[1024,4096]]",vllm/worker/model_runner.py:1234,6.5,9.8,68.176,72.176,0.18,0.44
0,RmsNorm,"[[1,1024],[1024,4096]]",vllm/worker/model_runner.py:1234,6.5,9.8,21.652,25.652,0.18,0.44
0,AllReduce,"[[1,1024],[1024,4096]]",vllm/worker/model_runner.py:1234,6.5,9.8,35.267,39.267,0.18,0.44
0,MatMulV2,"[[1,1024],[1024,4096]]",vllm/worker/model_runner.py:1234,6.5,9.8,112.341,116.341,0.18,0.44
0,FusedInferAttentionScore,"[[1,1024],[1024,4096]]",vllm/worker/model_runner.py:1234,6.5,9.8,64.124,68.124,0.18,0.44
0,RmsNorm,"[[1,1024],[1024,4096]]",vllm/worker/model_runner.py:1234,6.5,9.8,26.7,30.7,0.18,0.44
0,AllReduce,"[[1,1024],[1024,4096]]",vllm/worker/model_runner.py:1234,6.5,9.8,31.954,35.954,0.18,0.44
0,MatMulV2,"[[1,1024],[1024,4096]]",vllm/worker/model_runner.py:1234,6.5,9.8,108.703,112.703,0.18,0.44
0,FusedInferAttentionScore,"[[1,1024],[1024,4096]]",vllm/worker/model_runner.py:1234,6.5,9.8,68.472,72.472,0.18,0.44
0,RmsNorm,"[[1,1024],[1024,4096]]",vllm/worker/model_runner.py:1234,6.5,9.8,26.746,30.746,0.18,0.44
0,AllReduce,"[[1,1024],[1024,4096]]",vllm/worker/model_runner.py:1234,6.5,9.8,35.793,39.793,0.18,0.44
0,MatMulV2,"[[1,1024],[1024,4096]]",vllm/worker/model_runner.py:1234,6.5,9.8,116.355,120.355,0.18,0.44
0,FusedInferAttentionScore,"[[1,1024],[1024,4096]]",vllm/worker/model_runner.py:1234,6.5,9.8,74.784,78.784,0.18,0.44
0,RmsNorm,"[[1,1024],[1024,4096]]",vllm/worker/model_runner.py:1234,6.5,9.8,24.155,28.155,0.18,0.44
0,AllReduce,"[[1,1024],[1024,4096]]",vllm/worker/model_runner.py:1234,6.5,9.8,30.921,34.921,0.18,0.44
0,MatMulV2,"[[1,1024],[1024,4096]]",vllm/worker/model_runner.py:1234,6.5,9.8,110.997,114.997,0.18,0.44
0,FusedInferAttentionScore,"[[1,1024],[1024,4096]]",vllm/worker/model_runner.py:1234,6.5,9.8,69.129,73.129,0.18,0.44
0,RmsNorm,"[[1,1024],[1024,4096]]",vllm/worker/model_runner.py:1234,6.5,9.8,19.488,23.488,0.18,0.44
0,AllReduce,"[[1,1024],[1024,4096]]",vllm/worker/model_runner.py:1234,6.5,9.8,32.628,36.628,0.18,0.44
0,MatMulV2,"[[1,1024],[1024,4096]]",vllm/worker/model_runner.py:1234,6.5,9.8,114.969,118.969,0.18,0.44
0,FusedInferAttentionScore,"[[1,1024],[1024,4096]]",vllm/worker/model_runner.py:1234,6.5,9.8,68.58,72.58,0.18,0.44
0,RmsNorm,"[[1,1024],[1024,4096]]",vllm/worker/model_runner.py:1234,6.5,9.8,24.404,28.404,0.18,0.44
0,AllReduce,"[[1,1024],[1024,4096]]",vllm/worker/model_runner.py:1234,6.5,9.8,34.307,38.307,0.18,0.44
0,MatMulV2,"[[1,1024],[1024,4096]]",vllm/worker/model_runner.py:1234,6.5,9.8,123.217,127.217,0.18,0.44
0,FusedInferAttentionScore,"[[1,1024],[1024,4096]]",vllm/worker/model_runner.py:1234,6.5,9.8,70.375,74.375,0.18,0.44
0,RmsNorm,"[[1,1024],[1024,4096]]",vllm/worker/model_runner.py:1234,6.5,9.8,22.118,26.118,0.18,0.44
0,AllReduce,"[[1,1024],[1024,4096]]",vllm/worker/model_runner.py:1234,6.5,9.8,32.392,36.392,0.18,0.44
0,MatMulV2,"[[1,1024],[1024,4096]]",vllm/worker/model_runner.py:1234,6.5,9.8,115.823,119.823,0.18,0.44
0,FusedInferAttentionScore,"[[1,1024],[1024,4096]]",vllm/worker/model_runner.py:1234,6.5,9.8,76.435,80.435,0.18,0.44
0,RmsNorm,"[[1,1024],[1024,4096]]",vllm/worker/model_runner.py:1234,6.5,9.8,28.549,32.549,0.18,0.44
0,AllReduce,"[[1,1024],[1024,4096]]",vllm/worker/model_runner.py:1234,6.5,9.8,36.745,40.745,0.18,0.44
0,MatMulV2,"[[1,1024],[1024,4096]]",vllm/worker/model_runner.py:1234,6.5,9.8,110.95,114.95,0.18,0.44
0,FusedInferAttentionScore,"[[1,1024],[1024,4096]]",vllm/worker/model_runner.py:1234,6.5,9.8,67.497,71.497,0.18,0.44
0,RmsNorm,"[[1,1024],[1024,4096]]",vllm/worker/model_runner.py:1234,6.5,9.8,25.724,29.724,0.18,0.44
0,AllReduce,"[[1,1024],[1024,4096]]",vllm/worker/model_runner.py:1234,6.5,9.8,36.854,40.854,0.18,0.44
0,MatMulV2,"[[1,1024],[1024,4096]]",vllm/worker/model_runner.py:1234,6.5,9.8,122.103,126.103,0.18,0.44
0,FusedInferAttentionScore,"[[1,1024],[1024,4096]]",vllm/worker/model_runner.py:1234,6.5,9.8,70.531,74.531,0.18,0.44
0,RmsNorm,"[[1,1024],[1024,4096]]",vllm/worker/model_runner.py:1234,6.5,9.8,21.365,25.365,0.18,0.44
0,AllReduce,"[[1,1024],[1024,4096]]",vllm/worker/model_runner.py:1234,6.5,9.8,31.894,35.894,0.18,0.44
0,MatMulV2,"[[1,1024],[1024,4096]]",vllm/worker/model_runner.py:1234,6.5,9.8,129.567,133.567,0.18,0.44
0,FusedInferAttentionScore,"[[1,1024],[1024,4096]]",vllm/worker/model_runner.py:1234,6.5,9.8,74.711,78.711,0.18,0.44
0,RmsNorm,"[[1,1024],[1024,4096]]",vllm/worker/model_runner.py:1234,6.5,9.8,20.639,24.639,0.18,0.44
0,AllReduce,"[[1,1024],[1024,4096]]",vllm/worker/model_runner.py:1234,6.5,9.8,37.204,41.204,0.18,0.44
0,MatMulV2,"[[1,1024],[1024,4096]]",vllm/worker/model_runner.py:1234,6.5,9.8,111.291,115.291,0.18,0.44
0,FusedInferAttentionScore,"[[1,1024],[1024,4096]]",vllm/worker/model_runner.py:1234,6.5,9.8,74.763,78.763,0.18,0.44
0,RmsNorm,"[[1,1024],[1024,4096]]",vllm/worker/model_runner.py:1234,6.5,9.8,23.514,27.514,0.18,0.44
0,AllReduce,"[[1,1024],[1024,4096]]",vllm/worker/model_runner.py:1234,6.5,9.8,31.941,35.941,0.18,0.44
0,aclrtMemcpyAsync_D2H,"[[1,1024],[1024,4096]]",vllm/worker/model_runner.py:1234,6.5,9.8,260,264,0.18,0.44
0,MatMulV2,"[[1,1024],[1024,4096]]",vllm/worker/model_runner.py:1234,6.5,9.8,127.358,131.358,0.18,0.44
0,FusedInferAttentionScore,"[[1,1024],[1024,4096]]",vllm/worker/model_runner.py:1234,6.5,9.8,67.961,71.961,0.18,0.44
0,RmsNorm,"[[1,1024],[1024,4096]]",vllm/worker/model_runner.py:1234,6.5,9.8,25.684,29.684,0.18,0.44
0,AllReduce,"[[1,1024],[1024,4096]]",vllm/worker/model_runner.py:1234,6.5,9.8,30.737,34.736999999999995,0.18,0.44
0,MatMulV2,"[[1,1024],[1024,4096]]",vllm/worker/model_runner.py:1234,6.5,9.8,115.316,119.316,0.18,0.44
0,FusedInferAttentionScore,"[[1,1024],[1024,4096]]",vllm/worker/model_runner.py:1234,6.5,9.8,76.279,80.279,0.18,0.44
0,RmsNorm,"[[1,1024],[1024,4096]]",vllm/worker/model_runner.py:1234,6.5,9.8,26.066,30.066,0.18,0.44
0,AllReduce,"[[1,1024],[1024,4096]]",vllm/worker/model_runner.py:1234,6.5,9.8,36.713,40.713,0.18,0.44
0,MatMulV2,"[[1,1024],[1024,4096]]",vllm/worker/model_runner.py:1234,6.5,9.8,109.219,113.219,0.18,0.44
0,FusedInferAttentionScore,"[[1,1024],[1024,4096]]",vllm/worker/model_runner.py:1234,6.5,9.8,75.344,79.344,0.18,0.44
0,RmsNorm,"[[1,1024],[1024,4096]]",vllm/worker/model_runner.py:1234,6.5,9.8,27.108,31.108,0.18,0.44
0,AllReduce,"[[1,1024],[1024,4096]]",vllm/worker/model_runner.py:1234,6.5,9.8,35.558,39.558,0.18,0.44
0,MatMulV2,"[[1,1024],[1024,4096]]",vllm/worker/model_runner.py:1234,6.5,9.8,109.581,113.581,0.18,0.44
0,FusedInferAttentionScore,"[[1,1024],[1024,4096]]",vllm/worker/model_runner.py:1234,6.5,9.8,75.599,79.599,0.18,0.44
0,RmsNorm,"[[1,1024],[1024,4096]]",vllm/worker/model_runner.py:1234,6.5,9.8,20.06,24.06,0.18,0.44
0,AllReduce,"[[1,1024],[1024,4096]]",vllm/worker/model_runner.py:1234,6.5,9.8,36.183,40.183,0.18,0.44
0,MatMulV2,"[[1,1024],[1024,4096]]",vllm/worker/model_runner.py:1234,6.5,9.8,114.049,118.049,0.18,0.44
0,FusedInferAttentionScore,"[[1,1024],[1024,4096]]",vllm/worker/model_runner.py:1234,6.5,9.8,70.985,74.985,0.18,0.44
0,RmsNorm,"[[1,1024],[1024,4096]]",vllm/worker/model_runner.py:1234,6.5,9.8,20.428,24.428,0.18,0.44
0,AllReduce,"[[1,1024],[1024,4096]]",vllm/worker/model_runner.py:1234,6.5,9.8,33.139,37.139,0.18,0.44
0,MatMulV2,"[[1,1024],[1024,4096]]",vllm/worker/model_runner.py:1234,6.5,9.8,123.452,127.452,0.18,0.44
0,FusedInferAttentionScore,"[[1,1024],[1024,4096]]",vllm/worker/model_runner.py:1234,6.5,9.8,73.824,77.824,0.18,0.44
0,RmsNorm,"[[1,1024],[1024,4096]]",vllm/worker/model_runner.py:1234,6.5,9.8,22.24,26.24,0.18,0.44
0,AllReduce,"[[1,1024],[1024,4096]]",vllm/worker/model_runner.py:1234,6.5,9.8,34.124,38.124,0.18,0.44
0,MatMulV2,"[[1,1024],[1024,4096]]",vllm/worker/model_runner.py:1234,6.5,9.8,122.078,126.078,0.18,0.44
0,FusedInferAttentionScore,"[[1,1024],[1024,4096]]",vllm/worker/model_runner.py:1234,6.5,9.8,73.379,77.379,0.18,0.44
0,RmsNorm,"[[1,1024],[1024,4096]]",vllm/worker/model_runner.py:1234,6.5,9.8,25.496,29.496,0.18,0.44
0,AllReduce,"[[1,1024],[1024,4096]]",vllm/worker/model_runner.py:1234,6.5,9.8,37.078,41.078,0.18,0.44
0,MatMulV2,"[[1,1024],[1024,4096]]",vllm/worker/model_runner.py:1234,6.5,9.8,109.08,113.08,0.18,0.44
0,FusedInferAttentionScore,"[[1,1024],[1024,4096]]",vllm/worker/model_runner.py:1234,6.5,9.8,67.039,71.039,0.18,0.44
0,RmsNorm,"[[1,1024],[1024,4096]]",vllm/worker/model_runner.py:1234,6.5,9.8,24.728,28.728,0.18,0.44
0,AllReduce,"[[1,1024],[1024,4096]]",vllm/worker/model_runner.py:1234,6.5,9.8,33.482,37.482,0.18,0.44
0,MatMulV2,"[[1,1024],[1024,4096]]",vllm/worker/model_runner.py:1234,6.5,9.8,119.869,123.869,0.18,0.44
0,FusedInferAttentionScore,"[[1,1024],[1024,4096]]",vllm/worker/model_runner.py:1234,6.5,9.8,64.628,68.628,0.18,0.44
0,RmsNorm,"[[1,1024],[1024,4096]]",vllm/worker/model_runner.py:1234,6.5,9.8,21.841,25.841,0.18,0.44
0,AllReduce,"[[1,1024],[1024,4096]]",vllm/worker/model_runner.py:1234,6.5,9.8,34.548,38.548,0.18,0.44
0,MatMulV2,"[[1,1024],[1024,4096]]",vllm/worker/model_runner.py:1234,6.5,9.8,110.378,114.378,0.18,0.44
0,FusedInferAttentionScore,"[[1,1024],[1024,4096]]",vllm/worker/model_runner.py:1234,6.5,9.8,67.776,71.776,0.18,0.44
0,RmsNorm,"[[1,1024],[1024,4096]]",vllm/worker/model_runner.py:1234,6.5,9.8,23.17,27.17,0.18,0.44
0,AllReduce,"[[1,1024],[1024,4096]]",vllm/worker/model_runner.py:1234,6.5,9.8,37.134,41.134,0.18,0.44
0,MatMulV2,"[[1,1024],[1024,4096]]",vllm/worker/model_runner.py:1234,6.5,9.8,111.058,115.058,0.18,0.44
0,FusedInferAttentionScore,"[[1,1024],[1024,4096]]",vllm/worker/model_runner.py:1234,6.5,9.8,71.843,75.843,0.18,0.44
0,RmsNorm,"[[1,1024],[1024,4096]]",vllm/worker/model_runner.py:1234,6.5,9.8,21.512,25.512,0.18,0.44
0,AllReduce,"[[1,1024],[1024,4096]]",vllm/worker/model_runner.py:1234,6.5,9.8,31.463,35.463,0.18,0.44
0,MatMulV2,"[[1,1024],[1024,4096]]",vllm/worker/model_runner.py:1234,6.5,9.8,127.509,131.50900000000001,0.18,0.44
0,FusedInferAttentionScore,"[[1,1024],[1024,4096]]",vllm/worker/model_runner.py:1234,6.5,9.8,71.355,75.355,0.18,0.44
0,RmsNorm,"[[1,1024],[1024,4096]]",vllm/worker/model_runner.py:1234,6.5,9.8,23.878,27.878,0.18,0.44
0,AllReduce,"[[1,1024],[1024,4096]]",vllm/worker/model_runner.py:1234,6.5,9.8,32.07,36.07,0.18,0.44
0,MatMulV2,"[[1,1024],[1024,4096]]",vllm/worker/model_runner.py:1234,6.5,9.8,110.584,114.584,0.18,0.44
0,FusedInferAttentionScore,"[[1,1024],[1024,4096]]",vllm/worker/model_runner.py:1234,6.5,9.8,67.421,71.421,0.18,0.44
0,RmsNorm,"[[1,1024],[1024,4096]]",vllm/worker/model_runner.py:1234,6.5,9.8,24.921,28.921,0.18,0.44
0,AllReduce,"[[1,1024],[1024,4096]]",vllm/worker/model_runner.py:1234,6.5,9.8,33.476,37.476,0.18,0.44
0,MatMulV2,"[[1,1024],[1024,4096]]",vllm/worker/model_runner.py:1234,6.5,9.8,108.872,112.872,0.18,0.44
0,FusedInferAttentionScore,"[[1,1024],[1024,4096]]",vllm/worker/model_runner.py:1234,6.5,9.8,65.1,69.1,0.18,0.44
0,RmsNorm,"[[1,1024],[1024,4096]]",vllm/worker/model_runner.py:1234,6.5,9.8,20.377,24.377,0.18,0.44
0,AllReduce,"[[1,1024],[1024,4096]]",vllm/worker/model_runner.py:1234,6.5,9.8,31.799,35.799,0.18,0.44
0,MatMulV2,"[[1,1024],[1024,4096]]",vllm/worker/model_runner.py:1234,6.5,9.8,122.422,126.422,0.18,0.44
0,FusedInferAttentionScore,"[[1,1024],[1024,4096]]",vllm/worker/model_runner.py:1234,6.5,9.8,66.195,70.195,0.18,0.44
0,RmsNorm,"[[1,1024],[1024,4096]]",vllm/worker/model_runner.py:1234,6.5,9.8,22.889,26.889,0.18,0.44
0,AllReduce,"[[1,1024],[1024,4096]]",vllm/worker/model_runner.py:1234,6.5,9.8,30.8,34.8,0.18,0.44
0,MatMulV2,"[[1,1024],[1024,4096]]",vllm/worker/model_runner.py:1234,6.5,9.8,118.581,122.581,0.18,0.44
0,FusedInferAttentionScore,"[[1,1024],[1024,4096]]",vllm/worker/model_runner.py:1234,6.5,9.8,66.427,70.427,0.18,0.44
0,RmsNorm,"[[1,1024],[1024,4096]]",vllm/worker/model_runner.py:1234,6.5,9.8,25.744,29.744,0.18,0.44
0,AllReduce,"[[1,1024],[1024,4096]]",vllm/worker/model_runner.py:1234,6.5,9.8,34.183,38.183,0.18,0.44
0,MatMulV2,"[[1,1024],[1024,4096]]",vllm/worker/model_runner.py:1234,6.5,9.8,124.825,128.825,0.18,0.44
0,FusedInferAttentionScore,"[[1,1024],[1024,4096]]",vllm/worker/model_runner.py:1234,6.5,9.8,69.468,73.468,0.18,0.44
0,RmsNorm,"[[1,1024],[1024,4096]]",vllm/worker/model_runner.py:1234,6.5,9.8,25.688,29.688,0.18,0.44
0,AllReduce,"[[1,1024],[1024,4096]]",vllm/worker/model_runner.py:1234,6.5,9.8,34.446,38.446,0.18,0.44
0,MatMulV2,"[[1,1024],[1024,4096]]",vllm/worker/model_runner.py:1234,6.5,9.8,127.456,131.45600000000002,0.18,0.44
0,FusedInferAttentionScore,"[[1,1024],[1024,4096]]",vllm/worker/model_runner.py:1234,6.5,9.8,63.808,67.80799999999999,0.18,0.44
0,RmsNorm,"[[1,1024],[1024,4096]]",vllm/worker/model_runner.py:1234,6.5,9.8,26.356,30.356,0.18,0.44
0,AllReduce,"[[1,1024],[1024,4096]]",vllm/worker/model_runner.py:1234,6.5,9.8,30.691,34.691,0.18,0.44
0,MatMulV2,"[[1,1024],[1024,4096]]",vllm/worker/model_runner.py:1234,6.5,9.8,111.048,115.048,0.18,0.44
0,FusedInferAttentionScore,"[[1,1024],[1024,4096]]",vllm/worker/model_runner.py:1234,6.5,9.8,65.906,69.906,0.18,0.44
0,RmsNorm,"[[1,1024],[1024,4096]]",vllm/worker/model_runner.py:1234,6.5,9.8,23.084,27.084,0.18,0.44
0,AllReduce,"[[1,1024],[1024,4096]]",vllm/worker/model_runner.py:1234,6.5,9.8,34.7,38.7,0.18,0.44
0,MatMulV2,"[[1,1024],[1024,4096]]",vllm/worker/model_runner.py:1234,6.5,9.8,123.501,127.501,0.18,0.44
0,FusedInferAttentionScore,"[[1,1024],[1024,4096]]",vllm/worker/model_runner.py:1234,6.5,9.8,70.614,74.614,0.18,0.44
0,RmsNorm,"[[1,1024],[1024,4096]]",vllm/worker/model_runner.py:1234,6.5,9.8,20.231,24.231,0.18,0.44
0,AllReduce,"[[1,1024],[1024,4096]]",vllm/worker/model_runner.py:1234,6.5,9.8,33.085,37.085,0.18,0.44
0,MatMulV2,"[[1,1024],[1024,4096]]",vllm/worker/model_runner.py:1234,6.5,9.8,113.593,117.593,0.18,0.44
0,FusedInferAttentionScore,"[[1,1024],[1024,4096]]",vllm/worker/model_runner.py:1234,6.5,9.8,75.325,79.325,0.18,0.44
0,RmsNorm,"[[1,1024],[1024,4096]]",vllm/worker/model_runner.py:1234,6.5,9.8,19.383,23.383,0.18,0.44
0,AllReduce,"[[1,1024],[1024,4096]]",vllm/worker/model_runner.py:1234,6.5,9.8,31.413,35.413,0.18,0.44
0,MatMulV2,"[[1,1024],[1024,4096]]",vllm/worker/model_runner.py:1234,6.5,9.8,109.894,113.894,0.18,0.44
0,FusedInferAttentionScore,"[[1,1024],[1024,4096]]",vllm/worker/model_runner.py:1234,6.5,9.8,67.829,71.829,0.18,0.44
0,RmsNorm,"[[1,1024],[1024,4096]]",vllm/worker/model_runner.py:1234,6.5,9.8,24.773,28.773,0.18,0.44
0,AllReduce,"[[1,1024],[1024,4096]]",vllm/worker/model_runner.py:1234,6.5,9.8,35.923,39.923,0.18,0.44
0,MatMulV2,"[[1,1024],[1024,4096]]",vllm/worker/model_runner.py:1234,6.5,9.8,115.933,119.933,0.18,0.44
0,FusedInferAttentionScore,"[[1,1024],[1024,4096]]",vllm/worker/model_runner.py:1234,6.5,9.8,67.336,71.336,0.18,0.44
0,RmsNorm,"[[1,1024],[1024,4096]]",vllm/worker/model_runner.py:1234,6.5,9.8,28.274,32.274,0.18,0.44
0,AllReduce,"[[1,1024],[1024,4096]]",vllm/worker/model_runner.py:1234,6.5,9.8,34.122,38.122,0.18,0.44
0,MatMulV2,"[[1,1024],[1024,4096]]",vllm/worker/model_runner.py:1234,6.5,9.8,110.466,114.466,0.18,0.44
0,FusedInferAttentionScore,"[[1,1024],[1024,4096]]",vllm/worker/model_runner.py:1234,6.5,9.8,73.637,77.637,0.18,0.44
0,RmsNorm,"[[1,1024],[1024,4096]]",vllm/worker/model_runner.py:1234,6.5,9.8,25.116,29.116,0.18,0.44
0,AllReduce,"[[1,1024],[1024,4096]]",vllm/worker/model_runner.py:1234,6.5,9.8,37.293,41.293,0.18,0.44
0,MatMulV2,"[[1,1024],[1024,4096]]",vllm/worker/model_runner.py:1234,6.5,9.8,115.754,119.754,0.18,0.44
0,FusedInferAttentionScore,"[[1,1024],[1024,4096]]",vllm/worker/model_runner.py:1234,6.5,9.8,76.876,80.876,0.18,0.44
0,RmsNorm,"[[1,1024],[1024,4096]]",vllm/worker/model_runner.py:1234,6.5,9.8,27.471,31.471,0.18,0.44
0,AllReduce,"[[1,1024],[1024,4096]]",vllm/worker/model_runner.py:1234,6.5,9.8,31.994,35.994,0.18,0.44
0,MatMulV2,"[[1,1024],[1024,4096]]",vllm/worker/model_runner.py:1234,6.5,9.8,110.691,114.691,0.18,0.44
0,FusedInferAttentionScore,"[[1,1024],[1024,4096]]",vllm/worker/model_runner.py:1234,6.5,9.8,73.891,77.891,0.18,0.44
0,RmsNorm,"[[1,1024],[1024,4096]]",vllm/worker/model_runner.py:1234,6.5,9.8,26.266,30.266,0.18,0.44
0,AllReduce,"[[1,1024],[1024,4096]]",vllm/worker/model_runner.py:1234,6.5,9.8,36.172,40.172,0.18,0.44
0,MatMulV2,"[[1,1024],[1024,4096]]",vllm/worker/model_runner.py:1234,6.5,9.8,123.688,127.688,0.18,0.44
0,FusedInferAttentionScore,"[[1,1024],[1024,4096]]",vllm/worker/model_runner.py:1234,6.5,9.8,68.609,72.609,0.18,0.44
0,RmsNorm,"[[1,1024],[1024,4096]]",vllm/worker/model_runner.py:1234,6.5,9.8,26.759,30.759,0.18,0.44
0,AllReduce,"[[1,1024],[1024,4096]]",vllm/worker/model_runner.py:1234,6.5,9.8,35.596,39.596,0.18,0.44
0,MatMulV2,"[[1,1024],[1024,4096]]",vllm/worker/model_runner.py:1234,6.5,9.8,126.166,130.166,0.18,0.44
0,FusedInferAttentionScore,"[[1,1024],[1024,4096]]",vllm/worker/model_runner.py:1234,6.5,9.8,65.447,69.447,0.18,0.44
0,RmsNorm,"[[1,1024],[1024,4096]]",vllm/worker/model_runner.py:1234,6.5,9.8,26.647,30.647,0.18,0.44
0,AllReduce,"[[1,1024],[1024,4096]]",vllm/worker/model_runner.py:1234,6.5,9.8,33.604,37.604,0.18,0.44
0,MatMulV2,"[[1,1024],[1024,4096]]",vllm/worker/model_runner.py:1234,6.5,9.8,121.544,125.544,0.18,0.44
0,FusedInferAttentionScore,"[[1,1024],[1024,4096]]",vllm/worker/model_runner.py:1234,6.5,9.8,68.203,72.203,0.18,0.44
0,RmsNorm,"[[1,1024],[1024,4096]]",vllm/worker/model_runner.py:1234,6.5,9.8,28.637,32.637,0.18,0.44
0,AllReduce,"[[1,1024],[1024,4096]]",vllm/worker/model_runner.py:1234,6.5,9.8,34.089,38.089,0.18,0.44
0,MatMulV2,"[[1,1024],[1024,4096]]",vllm/worker/model_runner.py:1234,6.5,9.8,110.596,114.596,0.18,0.44
0,FusedInferAttentionScore,"[[1,1024],[1024,4096]]",vllm/worker/model_runner.py:1234,6.5,9.8,72.388,76.388,0.18,0.44
0,RmsNorm,"[[1,1024],[1024,4096]]",vllm/worker/model_runner.py:1234,6.5,9.8,28.244,32.244,0.18,0.44
0,AllReduce,"[[1,1024],[1024,4096]]",vllm/worker/model_runner.py:1234,6.5,9.8,30.91,34.91,0.18,0.44
0,MatMulV2,"[[1,1024],[1024,4096]]",vllm/worker/model_runner.py:1234,6.5,9.8,124.045,128.04500000000002,0.18,0.44
0,FusedInferAttentionScore,"[[1,1024],[1024,4096]]",vllm/worker/model_runner.py:1234,6.5,9.8,70.486,74.486,0.18,0.44
0,RmsNorm,"[[1,1024],[1024,4096]]",vllm/worker/model_runner.py:1234,6.5,9.8,25.56,29.56,0.18,0.44
0,AllReduce,"[[1,1024],[1024,4096]]",vllm/worker/model_runner.py:1234,6.5,9.8,31.049,35.049,0.18,0.44
0,MatMulV2,"[[1,1024],[1024,4096]]",vllm/worker/model_runner.py:1234,6.5,9.8,118.256,122.256,0.18,0.44
0,FusedInferAttentionScore,"[[1,1024],[1024,4096]]",vllm/worker/model_runner.py:1234,6.5,9.8,64.031,68.031,0.18,0.44
0,RmsNorm,"[[1,1024],[1024,4096]]",vllm/worker/model_runner.py:1234,6.5,9.8,20.163,24.163,0.18,0.44
0,AllReduce,"[[1,1024],[1024,4096]]",vllm/worker/model_runner.py:1234,6.5,9.8,32.286,36.286,0.18,0.44
0,aclrtMemcpyAsync_D2H,"[[1,1024],[1024,4096]]",vllm/worker/model_runner.py:1234,6.5,9.8,260,264,0.18,0.44
0,MatMulV2,"[[1,1024],[1024,4096]]",vllm/worker/model_runner.py:1234,6.5,9.8,117.236,121.236,0.18,0.44
0,FusedInferAttentionScore,"[[1,1024],[1024,4096]]",vllm/worker/model_runner.py:1234,6.5,9.8,66.282,70.282,0.18,0.44
0,RmsNorm,"[[1,1024],[1024,4096]]",vllm/worker/model_runner.py:1234,6.5,9.8,24.309,28.309,0.18,0.44
0,AllReduce,"[[1,1024],[1024,4096]]",vllm/worker/model_runner.py:1234,6.5,9.8,31.183,35.183,0.18,0.44
0,MatMulV2,"[[1,1024],[1024,4096]]",vllm/worker/model_runner.py:1234,6.5,9.8,124.463,128.463,0.18,0.44
0,FusedInferAttentionScore,"[[1,1024],[1024,4096]]",vllm/worker/model_runner.py:1234,6.5,9.8,76.522,80.522,0.18,0.44
0,RmsNorm,"[[1,1024],[1024,4096]]",vllm/worker/model_runner.py:1234,6.5,9.8,23.37,27.37,0.18,0.44
0,AllReduce,"[[1,1024],[1024,4096]]",vllm/worker/model_runner.py:1234,6.5,9.8,36.731,40.731,0.18,0.44
0,MatMulV2,"[[1,1024],[1024,4096]]",vllm/worker/model_runner.py:1234,6.5,9.8,118.551,122.551,0.18,0.44
0,FusedInferAttentionScore,"[[1,1024],[1024,4096]]",vllm/worker/model_runner.py:1234,6.5,9.8,70.267,74.267,0.18,0.44
0,RmsNorm,"[[1,1024],[1024,4096]]",vllm/worker/model_runner.py:1234,6.5,9.8,26.398,30.398,0.18,0.44
0,AllReduce,"[[1,1024],[1024,4096]]",vllm/worker/model_runner.py:1234,6.5,9.8,32.876,36.876,0.18,0.44
0,MatMulV2,"[[1,1024],[1024,4096]]",vllm/worker/model_runner.py:1234,6.5,9.8,112.285,116.285,0.18,0.44
0,FusedInferAttentionScore,"[[1,1024],[1024,4096]]",vllm/worker/model_runner.py:1234,6.5,9.8,74.132,78.132,0.18,0.44
0,RmsNorm,"[[1,1024],[1024,4096]]",vllm/worker/model_runner.py:1234,6.5,9.8,25.661,29.661,0.18,0.44
0,AllReduce,"[[1,1024],[1024,4096]]",vllm/worker/model_runner.py:1234,6.5,9.8,35.525,39.525,0.18,0.44
0,MatMulV2,"[[1,1024],[1024,4096]]",vllm/worker/model_runner.py:1234,6.5,9.8,112.77,116.77,0.18,0.44
0,FusedInferAttentionScore,"[[1,1024],[1024,4096]]",vllm/worker/model_runner.py:1234,6.5,9.8,66.121,70.121,0.18,0.44
0,RmsNorm,"[[1,1024],[1024,4096]]",vllm/worker/model_runner.py:1234,6.5,9.8,20.706,24.706,0.18,0.44
0,AllReduce,"[[1,1024],[1024,4096]]",vllm/worker/model_runner.py:1234,6.5,9.8,36.906,40.906,0.18,0.44
0,MatMulV2,"[[1,1024],[1024,4096]]",vllm/worker/model_runner.py:1234,6.5,9.8,108.866,112.866,0.18,0.44
0,FusedInferAttentionScore,"[[1,1024],[1024,4096]]",vllm/worker/model_runner.py:1234,6.5,9.8,75.982,79.982,0.18,0.44
0,RmsNorm,"[[1,1024],[1024,4096]]",vllm/worker/model_runner.py:1234,6.5,9.8,25.838,29.838,0.18,0.44
0,AllReduce,"[[1,1024],[1024,4096]]",vllm/worker/model_runner.py:1234,6.5,9.8,31.646,35.646,0.18,0.44
0,MatMulV2,"[[1,1024],[1024,4096]]",vllm/worker/model_runner.py:1234,6.5,9.8,123.818,127.818,0.18,0.44
0,FusedInferAttentionScore,"[[1,1024],[1024,4096]]",vllm/worker/model_runner.py:1234,6.5,9.8,72.836,76.836,0.18,0.44
0,RmsNorm,"[[1,1024],[1024,4096]]",vllm/worker/model_runner.py:1234,6.5,9.8,19.731,23.731,0.18,0.44
0,AllReduce,"[[1,1024],[1024,4096]]",vllm/worker/model_runner.py:1234,6.5,9.8,37.113,41.113,0.18,0.44
0,MatMulV2,"[[1,1024],[1024,4096]]",vllm/worker/model_runner.py:1234,6.5,9.8,112.937,116.937,0.18,0.44
0,FusedInferAttentionScore,"[[1,1024],[1024,4096]]",vllm/worker/model_runner.py:1234,6.5,9.8,70.808,74.808,0.18,0.44
0,RmsNorm,"[[1,1024],[1024,4096]]",vllm/worker/model_runner.py:1234,6.5,9.8,28.743,32.742999999999995,0.18,0.44
0,AllReduce,"[[1,1024],[1024,4096]]",vllm/worker/model_runner.py:1234,6.5,9.8,35.885,39.885,0.18,0.44
0,MatMulV2,"[[1,1024],[1024,4096]]",vllm/worker/model_runner.py:1234,6.5,9.8,116.202,120.202,0.18,0.44
0,FusedInferAttentionScore,"[[1,1024],[1024,4096]]",vllm/worker/model_runner.py:1234,6.5,9.8,74.875,78.875,0.18,0.44
0,RmsNorm,"[[1,1024],[1024,4096]]",vllm/worker/model_runner.py:1234,6.5,9.8,19.481,23.481,0.18,0.44
0,AllReduce,"[[1,1024],[1024,4096]]",vllm/worker/model_runner.py:1234,6.5,9.8,35.102,39.102,0.18,0.44
0,MatMulV2,"[[1,1024],[1024,4096]]",vllm/worker/model_runner.py:1234,6.5,9.8,121.681,125.681,0.18,0.44
0,FusedInferAttentionScore,"[[1,1024],[1024,4096]]",vllm/worker/model_runner.py:1234,6.5,9.8,66.645,70.645,0.18,0.44
0,RmsNorm,"[[1,1024],[1024,4096]]",vllm/worker/model_runner.py:1234,6.5,9.8,27.352,31.352,0.18,0.44
0,AllReduce,"[[1,1024],[1024,4096]]",vllm/worker/model_runner.py:1234,6.5,9.8,31.155,35.155,0.18,0.44
0,MatMulV2,"[[1,1024],[1024,4096]]",vllm/worker/model_runner.py:1234,6.5,9.8,109.618,113.618,0.18,0.44
0,FusedInferAttentionScore,"[[1,1024],[1024,4096]]",vllm/worker/model_runner.py:1234,6.5,9.8,65.295,69.295,0.18,0.44
0,RmsNorm,"[[1,1024],[1024,4096]]",vllm/worker/model_runner.py:1234,6.5,9.8,28.673,32.673,0.18,0.44
0,AllReduce,"[[1,1024],[1024,4096]]",vllm/worker/model_runner.py:1234,6.5,9.8,37.067,41.067,0.18,0.44
0,MatMulV2,"[[1,1024],[1024,4096]]",vllm/worker/model_runner.py:1234,6.5,9.8,129.087,133.087,0.18,0.44
0,FusedInferAttentionScore,"[[1,1024],[1024,4096]]",vllm/worker/model_runner.py:1234,6.5,9.8,64.383,68.383,0.18,0.44
0,RmsNorm,"[[1,1024],[1024,4096]]",vllm/worker/model_runner.py:1234,6.5,9.8,26.268,30.268,0.18,0.44
0,AllReduce,"[[1,1024],[1024,4096]]",vllm/worker/model_runner.py:1234,6.5,9.8,32.43,36.43,0.18,0.44
0,MatMulV2,"[[1,1024],[1024,4096]]",vllm/worker/model_runner.py:1234,6.5,9.8,121.064,125.064,0.18,0.44
0,FusedInferAttentionScore,"[[1,1024],[1024,4096]]",vllm/worker/model_runner.py:1234,6.5,9.8,68.745,72.745,0.18,0.44
0,RmsNorm,"[[1,1024],[1024,4096]]",vllm/worker/model_runner.py:1234,6.5,9.8,24.121,28.121,0.18,0.44
0,AllReduce,"[[1,1024],[1024,4096]]",vllm/worker/model_runner.py:1234,6.5,9.8,30.641,34.641,0.18,0.44
0,MatMulV2,"[[1,1024],[1024,4096]]",vllm/worker/model_runner.py:1234,6.5,9.8,119.812,123.812,0.18,0.44
0,FusedInferAttentionScore,"[[1,1024],[1024,4096]]",vllm/worker/model_runner.py:1234,6.5,9.8,67.208,71.208,0.18,0.44
0,RmsNorm,"[[1,1024],[1024,4096]]",vllm/worker/model_runner.py:1234,6.5,9.8,20.217,24.217,0.18,0.44
0,AllReduce,"[[1,1024],[1024,4096]]",vllm/worker/model_runner.py:1234,6.5,9.8,31.509,35.509,0.18,0.44
0,MatMulV2,"[[1,1024],[1024,4096]]",vllm/worker/model_runner.py:1234,6.5,9.8,126.445,130.445,0.18,0.44
0,FusedInferAttentionScore,"[[1,1024],[1024,4096]]",vllm/worker/model_runner.py:1234,6.5,9.8,74.332,78.332,0.18,0.44
0,RmsNorm,"[[1,1024],[1024,4096]]",vllm/worker/model_runner.py:1234,6.5,9.8,24.336,28.336,0.18,0.44
0,AllReduce,"[[1,1024],[1024,4096]]",vllm/worker/model_runner.py:1234,6.5,9.8,36.973,40.973,0.18,0.44
0,MatMulV2,"[[1,1024],[1024,4096]]",vllm/worker/model_runner.py:1234,6.5,9.8,130.54,134.54,0.18,0.44
0,FusedInferAttentionScore,"[[1,1024],[1024,4096]]",vllm/worker/model_runner.py:1234,6.5,9.8,69.899,73.899,0.18,0.44
0,RmsNorm,"[[1,1024],[1024,4096]]",vllm/worker/model_runner.py:1234,6.5,9.8,23.54,27.54,0.18,0.44
0,AllReduce,"[[1,1024],[1024,4096]]",vllm/worker/model_runner.py:1234,6.5,9.8,30.603,34.603,0.18,0.44
0,MatMulV2,"[[1,1024],[1024,4096]]",vllm/worker/model_runner.py:1234,6.5,9.8,113.689,117.689,0.18,0.44
0,FusedInferAttentionScore,"[[1,1024],[1024,4096]]",vllm/worker/model_runner.py:1234,6.5,9.8,74.37,78.37,0.18,0.44
0,RmsNorm,"[[1,1024],[1024,4096]]",vllm/worker/model_runner.py:1234,6.5,9.8,22.113,26.113,0.18,0.44
0,AllReduce,"[[1,1024],[1024,4096]]",vllm/worker/model_runner.py:1234,6.5,9.8,34.028,38.028,0.18,0.44
0,MatMulV2,"[[1,1024],[1024,4096]]",vllm/worker/model_runner.py:1234,6.5,9.8,114.842,118.842,0.18,0.44
0,FusedInferAttentionScore,"[[1,1024],[1024,4096]]",vllm/worker/model_runner.py:1234,6.5,9.8,70.024,74.024,0.18,0.44
0,RmsNorm,"[[1,1024],[1024,4096]]",vllm/worker/model_runner.py:1234,6.5,9.8,25.887,29.887,0.18,0.44
0,AllReduce,"[[1,1024],[1024,4096]]",vllm/worker/model_runner.py:1234,6.5,9.8,35.551,39.551,0.18,0.44
0,MatMulV2,"[[1,1024],[1024,4096]]",vllm/worker/model_runner.py:1234,6.5,9.8,131.348,135.348,0.18,0.44
0,FusedInferAttentionScore,"[[1,1024],[1024,4096]]",vllm/worker/model_runner.py:1234,6.5,9.8,69.004,73.004,0.18,0.44
0,RmsNorm,"[[1,1024],[1024,4096]]",vllm/worker/model_runner.py:1234,6.5,9.8,25.729,29.729,0.18,0.44
0,AllReduce,"[[1,1024],[1024,4096]]",vllm/worker/model_runner.py:1234,6.5,9.8,36.714,40.714,0.18,0.44
0,MatMulV2,"[[1,1024],[1024,4096]]",vllm/worker/model_runner.py:1234,6.5,9.8,115.533,119.533,0.18,0.44
0,FusedInferAttentionScore,"[[1,1024],[1024,4096]]",vllm/worker/model_runner.py:1234,6.5,9.8,72.988,76.988,0.18,0.44
0,RmsNorm,"[[1,1024],[1024,4096]]",vllm/worker/model_runner.py:1234,6.5,9.8,27.711,31.711,0.18,0.44
0,AllReduce,"[[1,1024],[1024,4096]]",vllm/worker/model_runner.py:1234,6.5,9.8,35.855,39.855,0.18,0.44
0,MatMulV2,"[[1,1024],[1024,4096]]",vllm/worker/model_runner.py:1234,6.5,9.8,116.717,120.717,0.18,0.44
0,FusedInferAttentionScore,"[[1,1024],[1024,4096]]",vllm/worker/model_runner.py:1234,6.5,9.8,64.7,68.7,0.18,0.44
0,RmsNorm,"[[1,1024],[1024,4096]]",vllm/worker/model_runner.py:1234,6.5,9.8,26.337,30.337,0.18,0.44
0,AllReduce,"[[1,1024],[1024,4096]]",vllm/worker/model_runner.py:1234,6.5,9.8,34.631,38.631,0.18,0.44
0,MatMulV2,"[[1,1024],[1024,4096]]",vllm/worker/model_runner.py:1234,6.5,9.8,120.534,124.534,0.18,0.44
0,FusedInferAttentionScore,"[[1,1024],[1024,4096]]",vllm/worker/model_runner.py:1234,6.5,9.8,76.975,80.975,0.18,0.44
0,RmsNorm,"[[1,1024],[1024,4096]]",vllm/worker/model_runner.py:1234,6.5,9.8,21.161,25.161,0.18,0.44
0,AllReduce,"[[1,1024],[1024,4096]]",vllm/worker/model_runner.py:1234,6.5,9.8,32.746,36.746,0.18,0.44
0,MatMulV2,"[[1,1024],[1024,4096]]",vllm/worker/model_runner.py:1234,6.5,9.8,127.433,131.433,0.18,0.44
0,FusedInferAttentionScore,"[[1,1024],[1024,4096]]",vllm/worker/model_runner.py:1234,6.5,9.8,66.619,70.619,0.18,0.44
0,RmsNorm,"[[1,1024],[1024,4096]]",vllm/worker/model_runner.py:1234,6.5,9.8,25.957,29.957,0.18,0.44
0,AllReduce,"[[1,1024],[1024,4096]]",vllm/worker/model_runner.py:1234,6.5,9.8,32.249,36.249,0.18,0.44
0,MatMulV2,"[[1,1024],[1024,4096]]",vllm/worker/model_runner.py:1234,6.5,9.8,130.23,134.23,0.18,0.44
0,FusedInferAttentionScore,"[[1,1024],[1024,4096]]",vllm/worker/model_runner.py:1234,6.5,9.8,65.75,69.75,0.18,0.44
0,RmsNorm,"[[1,1024],[1024,4096]]",vllm/worker/model_runner.py:1234,6.5,9.8,21.979,25.979,0.18,0.44
0,AllReduce,"[[1,1024],[1024,4096]]",vllm/worker/model_runner.py:1234,6.5,9.8,33.668,37.668,0.18,0.44
0,MatMulV2,"[[1,1024],[1024,4096]]",vllm/worker/model_runner.py:1234,6.5,9.8,112.592,116.592,0.18,0.44
0,FusedInferAttentionScore,"[[1,1024],[1024,4096]]",vllm/worker/model_runner.py:1234,6.5,9.8,64.867,68.867,0.18,0.44
0,RmsNorm,"[[1,1024],[1024,4096]]",vllm/worker/model_runner.py:1234,6.5,9.8,20.473,24.473,0.18,0.44
0,AllReduce,"[[1,1024],[1024,4096]]",vllm/worker/model_runner.py:1234,6.5,9.8,35.107,39.107,0.18,0.44
0,MatMulV2,"[[1,1024],[1024,4096]]",vllm/worker/model_runner.py:1234,6.5,9.8,124.329,128.329,0.18,0.44
0,FusedInferAttentionScore,"[[1,1024],[1024,4096]]",vllm/worker/model_runner.py:1234,6.5,9.8,65.348,69.348,0.18,0.44
0,RmsNorm,"[[1,1024],[1024,4096]]",vllm/worker/model_runner.py:1234,6.5,9.8,27.587,31.587,0.18,0.44
0,AllReduce,"[[1,1024],[1024,4096]]",vllm/worker/model_runner.py:1234,6.5,9.8,33.599,37.599,0.18,0.44
0,MatMulV2,"[[1,1024],[1024,4096]]",vllm/worker/model_runner.py:1234,6.5,9.8,111.357,115.357,0.18,0.44
0,FusedInferAttentionScore,"[[1,1024],[1024,4096]]",vllm/worker/model_runner.py:1234,6.5,9.8,70.608,74.608,0.18,0.44
0,RmsNorm,"[[1,1024],[1024,4096]]",vllm/worker/model_runner.py:1234,6.5,9.8,24.023,28.023,0.18,0.44
0,AllReduce,"[[1,1024],[1024,4096]]",vllm/worker/model_runner.py:1234,6.5,9.8,36.439,40.439,0.18,0.44
0,MatMulV2,"[[1,1024],[1024,4096]]",vllm/worker/model_runner.py:1234,6.5,9.8,120.225,124.225,0.18,0.44
0,FusedInferAttentionScore,"[[1,1024],[1024,4096]]",vllm/worker/model_runner.py:1234,6.5,9.8,68.626,72.626,0.18,0.44
0,RmsNorm,"[[1,1024],[1024,4096]]",vllm/worker/model_runner.py:1234,6.5,9.8,26.189,30.189,0.18,0.44
0,AllReduce,"[[1,1024],[1024,4096]]",vllm/worker/model_runner.py:1234,6.5,9.8,30.78,34.78,0.18,0.44
0,MatMulV2,"[[1,1024],[1024,4096]]",vllm/worker/model_runner.py:1234,6.5,9.8,111.064,115.064,0.18,0.44
0,FusedInferAttentionScore,"[[1,1024],[1024,4096]]",vllm/worker/model_runner.py:1234,6.5,9.8,76.067,80.067,0.18,0.44
0,RmsNorm,"[[1,1024],[1024,4096]]",vllm/worker/model_runner.py:1234,6.5,9.8,19.596,23.596,0.18,0.44
0,AllReduce,"[[1,1024],[1024,4096]]",vllm/worker/model_runner.py:1234,6.5,9.8,31.425,35.425,0.18,0.44
0,MatMulV2,"[[1,1024],[1024,4096]]",vllm/worker/model_runner.py:1234,6.5,9.8,130.85,134.85,0.18,0.44
0,FusedInferAttentionScore,"[[1,1024],[1024,4096]]",vllm/worker/model_runner.py:1234,6.5,9.8,65.706,69.706,0.18,0.44
0,RmsNorm,"[[1,1024],[1024,4096]]",vllm/worker/model_runner.py:1234,6.5,9.8,28.057,32.057,0.18,0.44
0,AllReduce,"[[1,1024],[1024,4096]]",vllm/worker/model_runner.py:1234,6.5,9.8,36.087,40.087,0.18,0.44
0,MatMulV2,"[[1,1024],[1024,4096]]",vllm/worker/model_runner.py:1234,6.5,9.8,116.835,120.835,0.18,0.44
0,FusedInferAttentionScore,"[[1,1024],[1024,4096]]",vllm/worker/model_runner.py:1234,6.5,9.8,64.398,68.398,0.18,0.44
0,RmsNorm,"[[1,1024],[1024,4096]]",vllm/worker/model_runner.py:1234,6.5,9.8,27.825,31.825,0.18,0.44
0,AllReduce,"[[1,1024],[1024,4096]]",vllm/worker/model_runner.py:1234,6.5,9.8,31.868,35.867999999999995,0.18,0.44
0,MatMulV2,"[[1,1024],[1024,4096]]",vllm/worker/model_runner.py:1234,6.5,9.8,129.747,133.747,0.18,0.44
0,FusedInferAttentionScore,"[[1,1024],[1024,4096]]",vllm/worker/model_runner.py:1234,6.5,9.8,70.802,74.802,0.18,0.44
0,RmsNorm,"[[1,1024],[1024,4096]]",vllm/worker/model_runner.py:1234,6.5,9.8,21.992,25.992,0.18,0.44
0,AllReduce,"[[1,1024],[1024,4096]]",vllm/worker/model_runner.py:1234,6.5,9.8,35.925,39.925,0.18,0.44
0,aclrtMemcpyAsync_D2H,"[[1,1024],[1024,4096]]",vllm/worker/model_runner.py:1234,6.5,9.8,260,264,0.18,0.44
0,MatMulV2,"[[1,1024],[1024,4096]]",vllm/worker/model_runner.py:1234,6.5,9.8,108.219,112.219,0.18,0.44
0,FusedInferAttentionScore,"[[1,1024],[1024,4096]]",vllm/worker/model_runner.py:1234,6.5,9.8,64.992,68.992,0.18,0.44
0,RmsNorm,"[[1,1024],[1024,4096]]",vllm/worker/model_runner.py:1234,6.5,9.8,28.003,32.003,0.18,0.44
0,AllReduce,"[[1,1024],[1024,4096]]",vllm/worker/model_runner.py:1234,6.5,9.8,35.834,39.834,0.18,0.44
0,MatMulV2,"[[1,1024],[1024,4096]]",vllm/worker/model_runner.py:1234,6.5,9.8,126.385,130.385,0.18,0.44
0,FusedInferAttentionScore,"[[1,1024],[1024,4096]]",vllm/worker/model_runner.py:1234,6.5,9.8,75.686,79.686,0.18,0.44
0,RmsNorm,"[[1,1024],[1024,4096]]",vllm/worker/model_runner.py:1234,6.5,9.8,28.336,32.336,0.18,0.44
0,AllReduce,"[[1,1024],[1024,4096]]",vllm/worker/model_runner.py:1234,6.5,9.8,35.111,39.111,0.18,0.44
0,MatMulV2,"[[1,1024],[1024,4096]]",vllm/worker/model_runner.py:1234,6.5,9.8,122.488,126.488,0.18,0.44
0,FusedInferAttentionScore,"[[1,1024],[1024,4096]]",vllm/worker/model_runner.py:1234,6.5,9.8,71.81,75.81,0.18,0.44
0,RmsNorm,"[[1,1024],[1024,4096]]",vllm/worker/model_runner.py:1234,6.5,9.8,22.779,26.779,0.18,0.44
0,AllReduce,"[[1,1024],[1024,4096]]",vllm/worker/model_runner.py:1234,6.5,9.8,34.403,38.403,0.18,0.44
0,MatMulV2,"[[1,1024],[1024,4096]]",vllm/worker/model_runner.py:1234,6.5,9.8,109.352,113.352,0.18,0.44
0,FusedInferAttentionScore,"[[1,1024],[1024,4096]]",vllm/worker/model_runner.py:1234,6.5,9.8,66.124,70.124,0.18,0.44
0,RmsNorm,"[[1,1024],[1024,4096]]",vllm/worker/model_runner.py:1234,6.5,9.8,22.89,26.89,0.18,0.44
0,AllReduce,"[[1,1024],[1024,4096]]",vllm/worker/model_runner.py:1234,6.5,9.8,32.455,36.455,0.18,0.44
0,MatMulV2,"[[1,1024],[1024,4096]]",vllm/worker/model_runner.py:1234,6.5,9.8,111.86,115.86,0.18,0.44
0,FusedInferAttentionScore,"[[1,1024],[1024,4096]]",vllm/worker/model_runner.py:1234,6.5,9.8,74.65,78.65,0.18,0.44
0,RmsNorm,"[[1,1024],[1024,4096]]",vllm/worker/model_runner.py:1234,6.5,9.8,22.384,26.384,0.18,0.44
0,AllReduce,"[[1,1024],[1024,4096]]",vllm/worker/model_runner.py:1234,6.5,9.8,37.08,41.08,0.18,0.44
0,MatMulV2,"[[1,1024],[1024,4096]]",vllm/worker/model_runner.py:1234,6.5,9.8,126.11,130.11,0.18,0.44
0,FusedInferAttentionScore,"[[1,1024],[1024,4096]]",vllm/worker/model_runner.py:1234,6.5,9.8,65.494,69.494,0.18,0.44
0,RmsNorm,"[[1,1024],[1024,4096]]",vllm/worker/model_runner.py:1234,6.5,9.8,21.858,25.858,0.18,0.44
0,AllReduce,"[[1,1024],[1024,4096]]",vllm/worker/model_runner.py:1234,6.5,9.8,35.954,39.954,0.18,0.44
0,MatMulV2,"[[1,1024],[1024,4096]]",vllm/worker/model_runner.py:1234,6.5,9.8,120.124,124.124,0.18,0.44
0,FusedInferAttentionScore,"[[1,1024],[1024,4096]]",vllm/worker/model_runner.py:1234,6.5,9.8,75.796,79.796,0.18,0.44
0,RmsNorm,"[[1,1024],[1024,4096]]",vllm/worker/model_runner.py:1234,6.5,9.8,21.022,25.022,0.18,0.44
0,AllReduce,"[[1,1024],[1024,4096]]",vllm/worker/model_runner.py:1234,6.5,9.8,31.93,35.93,0.18,0.44
0,MatMulV2,"[[1,1024],[1024,4096]]",vllm/worker/model_runner.py:1234,6.5,9.8,125.989,129.989,0.18,0.44
0,FusedInferAttentionScore,"[[1,1024],[1024,4096]]",vllm/worker/model_runner.py:1234,6.5,9.8,63.028,67.02799999999999,0.18,0.44
0,RmsNorm,"[[1,1024],[1024,4096]]",vllm/worker/model_runner.py:1234,6.5,9.8,28.368,32.367999999999995,0.18,0.44
0,AllReduce,"[[1,1024],[1024,4096]]",vllm/worker/model_runner.py:1234,6.5,9.8,31.593,35.593,0.18,0.44
0,MatMulV2,"[[1,1024],[1024,4096]]",vllm/worker/model_runner.py:1234,6.5,9.8,119.299,123.299,0.18,0.44
0,FusedInferAttentionScore,"[[1,1024],[1024,4096]]",vllm/worker/model_runner.py:1234,6.5,9.8,68.338,72.338,0.18,0.44
0,RmsNorm,"[[1,1024],[1024,4096]]",vllm/worker/model_runner.py:1234,6.5,9.8,25.444,29.444,0.18,0.44
0,AllReduce,"[[1,1024],[1024,4096]]",vllm/worker/model_runner.py:1234,6.5,9.8,33.94,37.94,0.18,0.44
0,MatMulV2,"[[1,1024],[1024,4096]]",vllm/worker/model_runner.py:1234,6.5,9.8,131.786,135.786,0.18,0.44
0,FusedInferAttentionScore,"[[1,1024],[1024,4096]]",vllm/worker/model_runner.py:1234,6.5,9.8,69.187,73.187,0.18,0.44
0,RmsNorm,"[[1,1024],[1024,4096]]",vllm/worker/model_runner.py:1234,6.5,9.8,26.868,30.868,0.18,0.44
0,AllReduce,"[[1,1024],[1024,4096]]",vllm/worker/model_runner.py:1234,6.5,9.8,33.72,37.72,0.18,0.44
0,MatMulV2,"[[1,1024],[1024,4096]]",vllm/worker/model_runner.py:1234,6.5,9.8,112.992,116.992,0.18,0.44
0,FusedInferAttentionScore,"[[1,1024],[1024,4096]]",vllm/worker/model_runner.py:1234,6.5,9.8,63.979,67.979,0.18,0.44
0,RmsNorm,"[[1,1024],[1024,4096]]",vllm/worker/model_runner.py:1234,6.5,9.8,24.443,28.443,0.18,0.44
0,AllReduce,"[[1,1024],[1024,4096]]",vllm/worker/model_runner.py:1234,6.5,9.8,35.306,39.306,0.18,0.44
0,MatMulV2,"[[1,1024],[1024,4096]]",vllm/worker/model_runner.py:1234,6.5,9.8,118.884,122.884,0.18,0.44
0,FusedInferAttentionScore,"[[1,1024],[1024,4096]]",vllm/worker/model_runner.py:1234,6.5,9.8,66.904,70.904,0.18,0.44
0,RmsNorm,"[[1,1024],[1024,4096]]",vllm/worker/model_runner.py:1234,6.5,9.8,28.518,32.518,0.18,0.44
0,AllReduce,"[[1,1024],[1024,4096]]",vllm/worker/model_runner.py:1234,6.5,9.8,33.844,37.844,0.18,0.44
0,MatMulV2,"[[1,1024],[1024,4096]]",vllm/worker/model_runner.py:1234,6.5,9.8,115.261,119.261,0.18,0.44
0,FusedInferAttentionScore,"[[1,1024],[1024,4096]]",vllm/worker/model_runner.py:1234,6.5,9.8,72.724,76.724,0.18,0.44
0,RmsNorm,"[[1,1024],[1024,4096]]",vllm/worker/model_runner.py:1234,6.5,9.8,28.544,32.544,0.18,0.44
0,AllReduce,"[[1,1024],[1024,4096]]",vllm/worker/model_runner.py:1234,6.5,9.8,30.946,34.946,0.18,0.44
0,MatMulV2,"[[1,1024],[1024,4096]]",vllm/worker/model_runner.py:1234,6.5,9.8,129.853,133.853,0.18,0.44
0,FusedInferAttentionScore,"[[1,1024],[1024,4096]]",vllm/worker/model_runner.py:1234,6.5,9.8,68.705,72.705,0.18,0.44
0,RmsNorm,"[[1,1024],[1024,4096]]",vllm/worker/model_runner.py:1234,6.5,9.8,23.582,27.582,0.18,0.44
0,AllReduce,"[[1,1024],[1024,4096]]",vllm/worker/model_runner.py:1234,6.5,9.8,31.467,35.467,0.18,0.44
0,MatMulV2,"[[1,1024],[1024,4096]]",vllm/worker/model_runner.py:1234,6.5,9.8,124.968,128.96800000000002,0.18,0.44
0,FusedInferAttentionScore,"[[1,1024],[1024,4096]]",vllm/worker/model_runner.py:1234,6.5,9.8,76.432,80.432,0.18,0.44
0,RmsNorm,"[[1,1024],[1024,4096]]",vllm/worker/model_runner.py:1234,6.5,9.8,26.301,30.301,0.18,0.44
0,AllReduce,"[[1,1024],[1024,4096]]",vllm/worker/model_runner.py:1234,6.5,9.8,30.842,34.842,0.18,0.44
0,MatMulV2,"[[1,1024],[1024,4096]]",vllm/worker/model_runner.py:1234,6.5,9.8,120.567,124.567,0.18,0.44
0,FusedInferAttentionScore,"[[1,1024],[1024,4096]]",vllm/worker/model_runner.py:1234,6.5,9.8,69.706,73.706,0.18,0.44
0,RmsNorm,"[[1,1024],[1024,4096]]",vllm/worker/model_runner.py:1234,6.5,9.8,23.227,27.227,0.18,0.44
0,AllReduce,"[[1,1024],[1024,4096]]",vllm/worker/model_runner.py:1234,6.5,9.8,31.326,35.326,0.18,0.44
0,MatMulV2,"[[1,1024],[1024,4096]]",vllm/worker/model_runner.py:1234,6.5,9.8,119.647,123.647,0.18,0.44
0,FusedInferAttentionScore,"[[1,1024],[1024,4096]]",vllm/worker/model_runner.py:1234,6.5,9.8,66.256,70.256,0.18,0.44
0,RmsNorm,"[[1,1024],[1024,4096]]",vllm/worker/model_runner.py:1234,6.5,9.8,20.389,24.389,0.18,0.44
0,AllReduce,"[[1,1024],[1024,4096]]",vllm/worker/model_runner.py:1234,6.5,9.8,31.997,35.997,0.18,0.44
0,MatMulV2,"[[1,1024],[1024,4096]]",vllm/worker/model_runner.py:1234,6.5,9.8,113.807,117.807,0.18,0.44
0,FusedInferAttentionScore,"[[1,1024],[1024,4096]]",vllm/worker/model_runner.py:1234,6.5,9.8,64.484,68.484,0.18,0.44
0,RmsNorm,"[[1,1024],[1024,4096]]",vllm/worker/model_runner.py:1234,6.5,9.8,27.511,31.511,0.18,0.44
0,AllReduce,"[[1,1024],[1024,4096]]",vllm/worker/model_runner.py:1234,6.5,9.8,34.278,38.278,0.18,0.44
0,MatMulV2,"[[1,1024],[1024,4096]]",vllm/worker/model_runner.py:1234,6.5,9.8,116.857,120.857,0.18,0.44
0,FusedInferAttentionScore,"[[1,1024],[1024,4096]]",vllm/worker/model_runner.py:1234,6.5,9.8,73.947,77.947,0.18,0.44
0,RmsNorm,"[[1,1024],[1024,4096]]",vllm/worker/model_runner.py:1234,6.5,9.8,28.299,32.299,0.18,0.44
0,AllReduce,"[[1,1024],[1024,4096]]",vllm/worker/model_runner.py:1234,6.5,9.8,31.631,35.631,0.18,0.44
0,MatMulV2,"[[1,1024],[1024,4096]]",vllm/worker/model_runner.py:1234,6.5,9.8,108.373,112.373,0.18,0.44
0,FusedInferAttentionScore,"[[1,1024],[1024,4096]]",vllm/worker/model_runner.py:1234,6.5,9.8,71.822,75.822,0.18,0.44
0,RmsNorm,"[[1,1024],[1024,4096]]",vllm/worker/model_runner.py:1234,6.5,9.8,25.18,29.18,0.18,0.44
0,AllReduce,"[[1,1024],[1024,4096]]",vllm/worker/model_runner.py:1234,6.5,9.8,35.394,39.394,0.18,0.44
0,MatMulV2,"[[1,1024],[1024,4096]]",vllm/worker/model_runner.py:1234,6.5,9.8,111.043,115.043,0.18,0.44
0,FusedInferAttentionScore,"[[1,1024],[1024,4096]]",vllm/worker/model_runner.py:1234,6.5,9.8,71.039,75.039,0.18,0.44
0,RmsNorm,"[[1,1024],[1024,4096]]",vllm/worker/model_runner.py:1234,6.5,9.8,28.432,32.432,0.18,0.44
0,AllReduce,"[[1,1024],[1024,4096]]",vllm/worker/model_runner.py:1234,6.5,9.8,33.988,37.988,0.18,0.44
0,MatMulV2,"[[1,1024],[1024,4096]]",vllm/worker/model_runner.py:1234,6.5,9.8,127.696,131.696,0.18,0.44
0,FusedInferAttentionScore,"[[1,1024],[1024,4096]]",vllm/worker/model_runner.py:1234,6.5,9.8,69.332,73.332,0.18,0.44
0,RmsNorm,"[[1,1024],[1024,4096]]",vllm/worker/model_runner.py:1234,6.5,9.8,25.263,29.263,0.18,0.44
0,AllReduce,"[[1,1024],[1024,4096]]",vllm/worker/model_runner.py:1234,6.5,9.8,36.088,40.088,0.18,0.44
0,MatMulV2,"[[1,1024],[1024,4096]]",vllm/worker/model_runner.py:1234,6.5,9.8,125.894,129.894,0.18,0.44
0,FusedInferAttentionScore,"[[1,1024],[1024,4096]]",vllm/worker/model_runner.py:1234,6.5,9.8,71.906,75.906,0.18,0.44
0,RmsNorm,"[[1,1024],[1024,4096]]",vllm/worker/model_runner.py:1234,6.5,9.8,24.39,28.39,0.18,0.44
0,AllReduce,"[[1,1024],[1024,4096]]",vllm/worker/model_runner.py:1234,6.5,9.8,37.176,41.176,0.18,0.44
0,MatMulV2,"[[1,1024],[1024,4096]]",vllm/worker/model_runner.py:1234,6.5,9.8,119.942,123.942,0.18,0.44
0,FusedInferAttentionScore,"[[1,1024],[1024,4096]]",vllm/worker/model_runner.py:1234,6.5,9.8,75.95,79.95,0.18,0.44
0,RmsNorm,"[[1,1024],[1024,4096]]",vllm/worker/model_runner.py:1234,6.5,9.8,24.461,28.461,0.18,0.44
0,AllReduce,"[[1,1024],[1024,4096]]",vllm/worker/model_runner.py:1234,6.5,9.8,36.266,40.266,0.18,0.44
0,MatMulV2,"[[1,1024],[1024,4096]]",vllm/worker/model_runner.py:1234,6.5,9.8,118.209,122.209,0.18,0.44
0,FusedInferAttentionScore,"[[1,1024],[1024,4096]]",vllm/worker/model_runner.py:1234,6.5,9.8,76.702,80.702,0.18,0.44
0,RmsNorm,"[[1,1024],[1024,4096]]",vllm/worker/model_runner.py:1234,6.5,9.8,25.873,29.873,0.18,0.44
0,AllReduce,"[[1,1024],[1024,4096]]",vllm/worker/model_runner.py:1234,6.5,9.8,34.031,38.031,0.18,0.44
0,MatMulV2,"[[1,1024],[1024,4096]]",vllm/worker/model_runner.py:1234,6.5,9.8,117.626,121.626,0.18,0.44
0,FusedInferAttentionScore,"[[1,1024],[1024,4096]]",vllm/worker/model_runner.py:1234,6.5,9.8,74.306,78.306,0.18,0.44
0,RmsNorm,"[[1,1024],[1024,4096]]",vllm/worker/model_runner.py:1234,6.5,9.8,25.544,29.544,0.18,0.44
0,AllReduce,"[[1,1024],[1024,4096]]",vllm/worker/model_runner.py:1234,6.5,9.8,33.705,37.705,0.18,0.44
0,MatMulV2,"[[1,1024],[1024,4096]]",vllm/worker/model_runner.py:1234,6.5,9.8,117.245,121.245,0.18,0.44
0,FusedInferAttentionScore,"[[1,1024],[1024,4096]]",vllm/worker/model_runner.py:1234,6.5,9.8,64.159,68.159,0.18,0.44
0,RmsNorm,"[[1,1024],[1024,4096]]",vllm/worker/model_runner.py:1234,6.5,9.8,22.972,26.972,0.18,0.44
0,AllReduce,"[[1,1024],[1024,4096]]",vllm/worker/model_runner.py:1234,6.5,9.8,33.807,37.807,0.18,0.44
0,MatMulV2,"[[1,1024],[1024,4096]]",vllm/worker/model_runner.py:1234,6.5,9.8,128.718,132.718,0.18,0.44
0,FusedInferAttentionScore,"[[1,1024],[1024,4096]]",vllm/worker/model_runner.py:1234,6.5,9.8,66.974,70.974,0.18,0.44
0,RmsNorm,"[[1,1024],[1024,4096]]",vllm/worker/model_runner.py:1234,6.5,9.8,20.347,24.347,0.18,0.44
0,AllReduce,"[[1,1024],[1024,4096]]",vllm/worker/model_runner.py:1234,6.5,9.8,30.649,34.649,0.18,0.44
0,MatMulV2,"[[1,1024],[1024,4096]]",vllm/worker/model_runner.py:1234,6.5,9.8,119.588,123.588,0.18,0.44
0,FusedInferAttentionScore,"[[1,1024],[1024,4096]]",vllm/worker/model_runner.py:1234,6.5,9.8,76.282,80.282,0.18,0.44
0,RmsNorm,"[[1,1024],[1024,4096]]",vllm/worker/model_runner.py:1234,6.5,9.8,21.06,25.06,0.18,0.44
0,AllReduce,"[[1,1024],[1024,4096]]",vllm/worker/model_runner.py:1234,6.5,9.8,36.684,40.684,0.18,0.44
0,MatMulV2,"[[1,1024],[1024,4096]]",vllm/worker/model_runner.py:1234,6.5,9.8,119.255,123.255,0.18,0.44
0,FusedInferAttentionScore,"[[1,1024],[1024,4096]]",vllm/worker/model_runner.py:1234,6.5,9.8,70.588,74.588,0.18,0.44
0,RmsNorm,"[[1,1024],[1024,4096]]",vllm/worker/model_runner.py:1234,6.5,9.8,23.757,27.757,0.18,0.44
0,AllReduce,"[[1,1024],[1024,4096]]",vllm/worker/model_runner.py:1234,6.5,9.8,34.04,38.04,0.18,0.44
0,MatMulV2,"[[1,1024],[1024,4096]]",vllm/worker/model_runner.py:1234,6.5,9.8,123.503,127.503,0.18,0.44
0,FusedInferAttentionScore,"[[1,1024],[1024,4096]]",vllm/worker/model_runner.py:1234,6.5,9.8,72.898,76.898,0.18,0.44
0,RmsNorm,"[[1,1024],[1024,4096]]",vllm/worker/model_runner.py:1234,6.5,9.8,21.089,25.089,0.18,0.44
0,AllReduce,"[[1,1024],[1024,4096]]",vllm/worker/model_runner.py:1234,6.5,9.8,35.913,39.913,0.18,0.44
0,MatMulV2,"[[1,1024],[1024,4096]]",vllm/worker/model_runner.py:1234,6.5,9.8,110.703,114.703,0.18,0.44
0,FusedInferAttentionScore,"[[1,1024],[1024,4096]]",vllm/worker/model_runner.py:1234,6.5,9.8,68.128,72.128,0.18,0.44
0,RmsNorm,"[[1,1024],[1024,4096]]",vllm/worker/model_runner.py:1234,6.5,9.8,19.887,23.887,0.18,0.44
0,AllReduce,"[[1,1024],[1024,4096]]",vllm/worker/model_runner.py:1234,6.5,9.8,31.552,35.552,0.18,0.44
0,aclrtMemcpyAsync_D2H,"[[1,1024],[1024,4096]]",vllm/worker/model_runner.py:1234,6.5,9.8,260,264,0.18,0.44
0,MatMulV2,"[[1,1024],[1024,4096]]",vllm/worker/model_runner.py:1234,6.5,9.8,117.266,121.266,0.18,0.44
0,FusedInferAttentionScore,"[[1,1024],[1024,4096]]",vllm/worker/model_runner.py:1234,6.5,9.8,71.47,75.47,0.18,0.44
0,RmsNorm,"[[1,1024],[1024,4096]]",vllm/worker/model_runner.py:1234,6.5,9.8,28.357,32.357,0.18,0.44
0,AllReduce,"[[1,1024],[1024,4096]]",vllm/worker/model_runner.py:1234,6.5,9.8,31.795,35.795,0.18,0.44
0,MatMulV2,"[[1,1024],[1024,4096]]",vllm/worker/model_runner.py:1234,6.5,9.8,116.59,120.59,0.18,0.44
0,FusedInferAttentionScore,"[[1,1024],[1024,4096]]",vllm/worker/model_runner.py:1234,6.5,9.8,70.669,74.669,0.18,0.44
0,RmsNorm,"[[1,1024],[1024,4096]]",vllm/worker/model_runner.py:1234,6.5,9.8,28.355,32.355000000000004,0.18,0.44
0,AllReduce,"[[1,1024],[1024,4096]]",vllm/worker/model_runner.py:1234,6.5,9.8,31.347,35.347,0.18,0.44
0,MatMulV2,"[[1,1024],[1024,4096]]",vllm/worker/model_runner.py:1234,6.5,9.8,118.337,122.337,0.18,0.44
0,FusedInferAttentionScore,"[[1,1024],[1024,4096]]",vllm/worker/model_runner.py:1234,6.5,9.8,66.88,70.88,0.18,0.44
0,RmsNorm,"[[1,1024],[1024,4096]]",vllm/worker/model_runner.py:1234,6.5,9.8,28.573,32.573,0.18,0.44
0,AllReduce,"[[1,1024],[1024,4096]]",vllm/worker/model_runner.py:1234,6.5,9.8,31.071,35.071,0.18,0.44
0,MatMulV2,"[[1,1024],[1024,4096]]",vllm/worker/model_runner.py:1234,6.5,9.8,113.407,117.407,0.18,0.44
0,FusedInferAttentionScore,"[[1,1024],[1024,4096]]",vllm/worker/model_runner.py:1234,6.5,9.8,70.506,74.506,0.18,0.44
0,RmsNorm,"[[1,1024],[1024,4096]]",vllm/worker/model_runner.py:1234,6.5,9.8,21.606,25.606,0.18,0.44
0,AllReduce,"[[1,1024],[1024,4096]]",vllm/worker/model_runner.py:1234,6.5,9.8,30.664,34.664,0.18,0.44
0,MatMulV2,"[[1,1024],[1024,4096]]",vllm/worker/model_runner.py:1234,6.5,9.8,113.615,117.615,0.18,0.44
0,FusedInferAttentionScore,"[[1,1024],[1024,4096]]",vllm/worker/model_runner.py:1234,6.5,9.8,72.714,76.714,0.18,0.44
0,RmsNorm,"[[1,1024],[1024,4096]]",vllm/worker/model_runner.py:1234,6.5,9.8,28.599,32.599000000000004,0.18,0.44
0,AllReduce,"[[1,1024],[1024,4096]]",vllm/worker/model_runner.py:1234,6.5,9.8,33.225,37.225,0.18,0.44
0,MatMulV2,"[[1,1024],[1024,4096]]",vllm/worker/model_runner.py:1234,6.5,9.8,117.438,121.438,0.18,0.44
0,FusedInferAttentionScore,"[[1,1024],[1024,4096]]",vllm/worker/model_runner.py:1234,6.5,9.8,65.206,69.206,0.18,0.44
0,RmsNorm,"[[1,1024],[1024,4096]]",vllm/worker/model_runner.py:1234,6.5,9.8,21.982,25.982,0.18,0.44
0,AllReduce,"[[1,1024],[1024,4096]]",vllm/worker/model_runner.py:1234,6.5,9.8,32.295,36.295,0.18,0.44
0,MatMulV2,"[[1,1024],[1024,4096]]",vllm/worker/model_runner.py:1234,6.5,9.8,123.686,127.686,0.18,0.44
0,FusedInferAttentionScore,"[[1,1024],[1024,4096]]",vllm/worker/model_runner.py:1234,6.5,9.8,66.459,70.459,0.18,0.44
0,RmsNorm,"[[1,1024],[1024,4096]]",vllm/worker/model_runner.py:1234,6.5,9.8,25.858,29.858,0.18,0.44
0,AllReduce,"[[1,1024],[1024,4096]]",vllm/worker/model_runner.py:1234,6.5,9.8,33.328,37.328,0.18,0.44
0,MatMulV2,"[[1,1024],[1024,4096]]",vllm/worker/model_runner.py:1234,6.5,9.8,128.975,132.975,0.18,0.44
0,FusedInferAttentionScore,"[[1,1024],[1024,4096]]",vllm/worker/model_runner.py:1234,6.5,9.8,74.145,78.145,0.18,0.44
0,RmsNorm,"[[1,1024],[1024,4096]]",vllm/worker/model_runner.py:1234,6.5,9.8,23.985,27.985,0.18,0.44
0,AllReduce,"[[1,1024],[1024,4096]]",vllm/worker/model_runner.py:1234,6.5,9.8,34.054,38.054,0.18,0.44
0,MatMulV2,"[[1,1024],[1024,4096]]",vllm/worker/model_runner.py:1234,6.5,9.8,122.889,126.889,0.18,0.44
0,FusedInferAttentionScore,"[[1,1024],[1024,4096]]",vllm/worker/model_runner.py:1234,6.5,9.8,76.962,80.962,0.18,0.44
0,RmsNorm,"[[1,1024],[1024,4096]]",vllm/worker/model_runner.py:1234,6.5,9.8,27.705,31.705,0.18,0.44
0,AllReduce,"[[1,1024],[1024,4096]]",vllm/worker/model_runner.py:1234,6.5,9.8,32.684,36.684,0.18,0.44
0,MatMulV2,"[[1,1024],[1024,4096]]",vllm/worker/model_runner.py:1234,6.5,9.8,124.682,128.68200000000002,0.18,0.44
0,FusedInferAttentionScore,"[[1,1024],[1024,4096]]",vllm/worker/model_runner.py:1234,6.5,9.8,66.578,70.578,0.18,0.44
0,RmsNorm,"[[1,1024],[1024,4096]]",vllm/worker/model_runner.py:1234,6.5,9.8,24.97,28.97,0.18,0.44
0,AllReduce,"[[1,1024],[1024,4096]]",vllm/worker/model_runner.py:1234,6.5,9.8,32.612,36.612,0.18,0.44
0,MatMulV2,"[[1,1024],[1024,4096]]",vllm/worker/model_runner.py:1234,6.5,9.8,119.426,123.426,0.18,0.44
0,FusedInferAttentionScore,"[[1,1024],[1024,4096]]",vllm/worker/model_runner.py:1234,6.5,9.8,63.926,67.926,0.18,0.44
0,RmsNorm,"[[1,1024],[1024,4096]]",vllm/worker/model_runner.py:1234,6.5,9.8,23.617,27.617,0.18,0.44
0,AllReduce,"[[1,1024],[1024,4096]]",vllm/worker/model_runner.py:1234,6.5,9.8,34.383,38.383,0.18,0.44
0,MatMulV2,"[[1,1024],[1024,4096]]",vllm/worker/model_runner.py:1234,6.5,9.8,117.451,121.451,0.18,0.44
0,FusedInferAttentionScore,"[[1,1024],[1024,4096]]",vllm/worker/model_runner.py:1234,6.5,9.8,65.56,69.56,0.18,0.44
0,RmsNorm,"[[1,1024],[1024,4096]]",vllm/worker/model_runner.py:1234,6.5,9.8,20.438,24.438,0.18,0.44
0,AllReduce,"[[1,1024],[1024,4096]]",vllm/worker/model_runner.py:1234,6.5,9.8,34.561,38.561,0.18,0.44
0,MatMulV2,"[[1,1024],[1024,4096]]",vllm/worker/model_runner.py:1234,6.5,9.8,110.972,114.972,0.18,0.44
0,FusedInferAttentionScore,"[[1,1024],[1024,4096]]",vllm/worker/model_runner.py:1234,6.5,9.8,71.281,75.281,0.18,0.44
0,RmsNorm,"[[1,1024],[1024,4096]]",vllm/worker/model_runner.py:1234,6.5,9.8,27.593,31.593,0.18,0.44
0,AllReduce,"[[1,1024],[1024,4096]]",vllm/worker/model_runner.py:1234,6.5,9.8,32.478,36.478,0.18,0.44
0,MatMulV2,"[[1,1024],[1024,4096]]",vllm/worker/model_runner.py:1234,6.5,9.8,115.767,119.767,0.18,0.44
0,FusedInferAttentionScore,"[[1,1024],[1024,4096]]",vllm/worker/model_runner.py:1234,6.5,9.8,63.767,67.767,0.18,0.44
0,RmsNorm,"[[1,1024],[1024,4096]]",vllm/worker/model_runner.py:1234,6.5,9.8,21.53,25.53,0.18,0.44
0,AllReduce,"[[1,1024],[1024,4096]]",vllm/worker/model_runner.py:1234,6.5,9.8,33.903,37.903,0.18,0.44
0,MatMulV2,"[[1,1024],[1024,4096]]",vllm/worker/model_runner.py:1234,6.5,9.8,131.784,135.784,0.18,0.44
0,FusedInferAttentionScore,"[[1,1024],[1024,4096]]",vllm/worker/model_runner.py:1234,6.5,9.8,66.426,70.426,0.18,0.44
0,RmsNorm,"[[1,1024],[1024,4096]]",vllm/worker/model_runner.py:1234,6.5,9.8,27.542,31.542,0.18,0.44
0,AllReduce,"[[1,1024],[1024,4096]]",vllm/worker/model_runner.py:1234,6.5,9.8,35.588,39.588,0.18,0.44
0,MatMulV2,"[[1,1024],[1024,4096]]",vllm/worker/model_runner.py:1234,6.5,9.8,126.559,130.559,0.18,0.44
0,FusedInferAttentionScore,"[[1,1024],[1024,4096]]",vllm/worker/model_runner.py:1234,6.5,9.8,73.17,77.17,0.18,0.44
0,RmsNorm,"[[1,1024],[1024,4096]]",vllm/worker/model_runner.py:1234,6.5,9.8,27.523,31.523,0.18,0.44
0,AllReduce,"[[1,1024],[1024,4096]]",vllm/worker/model_runner.py:1234,6.5,9.8,30.763,34.763000000000005,0.18,0.44
0,MatMulV2,"[[1,1024],[1024,4096]]",vllm/worker/model_runner.py:1234,6.5,9.8,127.307,131.30700000000002,0.18,0.44
0,FusedInferAttentionScore,"[[1,1024],[1024,4096]]",vllm/worker/model_runner.py:1234,6.5,9.8,67.357,71.357,0.18,0.44
0,RmsNorm,"[[1,1024],[1024,4096]]",vllm/worker/model_runner.py:1234,6.5,9.8,24.079,28.079,0.18,0.44
0,AllReduce,"[[1,1024],[1024,4096]]",vllm/worker/model_runner.py:1234,6.5,9.8,36.517,40.517,0.18,0.44
0,MatMulV2,"[[1,1024],[1024,4096]]",vllm/worker/model_runner.py:1234,6.5,9.8,129.568,133.568,0.18,0.44
0,FusedInferAttentionScore,"[[1,1024],[1024,4096]]",vllm/worker/model_runner.py:1234,6.5,9.8,70.598,74.598,0.18,0.44
0,RmsNorm,"[[1,1024],[1024,4096]]",vllm/worker/model_runner.py:1234,6.5,9.8,20.521,24.521,0.18,0.44
0,AllReduce,"[[1,1024],[1024,4096]]",vllm/worker/model_runner.py:1234,6.5,9.8,36.93,40.93,0.18,0.44
0,MatMulV2,"[[1,1024],[1024,4096]]",vllm/worker/model_runner.py:1234,6.5,9.8,112.289,116.289,0.18,0.44
0,FusedInferAttentionScore,"[[1,1024],[1024,4096]]",vllm/worker/model_runner.py:1234,6.5,9.8,67.659,71.659,0.18,0.44
0,RmsNorm,"[[1,1024],[1024,4096]]",vllm/worker/model_runner.py:1234,6.5,9.8,24.32,28.32,0.18,0.44
0,AllReduce,"[[1,1024],[1024,4096]]",vllm/worker/model_runner.py:1234,6.5,9.8,36.712,40.712,0.18,0.44
0,MatMulV2,"[[1,1024],[1024,4096]]",vllm/worker/model_runner.py:1234,6.5,9.8,119.202,123.202,0.18,0.44
0,FusedInferAttentionScore,"[[1,1024],[1024,4096]]",vllm/worker/model_runner.py:1234,6.5,9.8,63.172,67.172,0.18,0.44
0,RmsNorm,"[[1,1024],[1024,4096]]",vllm/worker/model_runner.py:1234,6.5,9.8,20.748,24.748,0.18,0.44
0,AllReduce,"[[1,1024],[1024,4096]]",vllm/worker/model_runner.py:1234,6.5,9.8,34.212,38.212,0.18,0.44
0,MatMulV2,"[[1,1024],[1024,4096]]",vllm/worker/model_runner.py:1234,6.5,9.8,108.387,112.387,0.18,0.44
0,FusedInferAttentionScore,"[[1,1024],[1024,4096]]",vllm/worker/model_runner.py:1234,6.5,9.8,67.378,71.378,0.18,0.44
0,RmsNorm,"[[1,1024],[1024,4096]]",vllm/worker/model_runner.py:1234,6.5,9.8,19.473,23.473,0.18,0.44
0,AllReduce,"[[1,1024],[1024,4096]]",vllm/worker/model_runner.py:1234,6.5,9.8,37.134,41.134,0.18,0.44
0,MatMulV2,"[[1,1024],[1024,4096]]",vllm/worker/model_runner.py:1234,6.5,9.8,117.893,121.893,0.18,0.44
0,FusedInferAttentionScore,"[[1,1024],[1024,4096]]",vllm/worker/model_runner.py:1234,6.5,9.8,63.612,67.612,0.18,0.44
0,RmsNorm,"[[1,1024],[1024,4096]]",vllm/worker/model_runner.py:1234,6.5,9.8,20.046,24.046,0.18,0.44
0,AllReduce,"[[1,1024],[1024,4096]]",vllm/worker/model_runner.py:1234,6.5,9.8,35.236,39.236,0.18,0.44
0,MatMulV2,"[[1,1024],[1024,4096]]",vllm/worker/model_runner.py:1234,6.5,9.8,125.277,129.277,0.18,0.44
0,FusedInferAttentionScore,"[[1,1024],[1024,4096]]",vllm/worker/model_runner.py:1234,6.5,9.8,69.765,73.765,0.18,0.44
0,RmsNorm,"[[1,1024],[1024,4096]]",vllm/worker/model_runner.py:1234,6.5,9.8,23.036,27.036,0.18,0.44
0,AllReduce,"[[1,1024],[1024,4096]]",vllm/worker/model_runner.py:1234,6.5,9.8,36.361,40.361,0.18,0.44
0,MatMulV2,"[[1,1024],[1024,4096]]",vllm/worker/model_runner.py:1234,6.5,9.8,112.962,116.962,0.18,0.44
0,FusedInferAttentionScore,"[[1,1024],[1024,4096]]",vllm/worker/model_runner.py:1234,6.5,9.8,73.42,77.42,0.18,0.44
0,RmsNorm,"[[1,1024],[1024,4096]]",vllm/worker/model_runner.py:1234,6.5,9.8,23.964,27.964,0.18,0.44
0,AllReduce,"[[1,1024],[1024,4096]]",vllm/worker/model_runner.py:1234,6.5,9.8,35.851,39.851,0.18,0.44
0,MatMulV2,"[[1,1024],[1024,4096]]",vllm/worker/model_runner.py:1234,6.5,9.8,113.263,117.263,0.18,0.44
0,FusedInferAttentionScore,"[[1,1024],[1024,4096]]",vllm/worker/model_runner.py:1234,6.5,9.8,71.901,75.901,0.18,0.44
0,RmsNorm,"[[1,1024],[1024,4096]]",vllm/worker/model_runner.py:1234,6.5,9.8,25.585,29.585,0.18,0.44
0,AllReduce,"[[1,1024],[1024,4096]]",vllm/worker/model_runner.py:1234,6.5,9.8,35.912,39.912,0.18,0.44
0,MatMulV2,"[[1,1024],[1024,4096]]",vllm/worker/model_runner.py:1234,6.5,9.8,108.975,112.975,0.18,0.44
0,FusedInferAttentionScore,"[[1,1024],[1024,4096]]",vllm/worker/model_runner.py:1234,6.5,9.8,73.941,77.941,0.18,0.44
0,RmsNorm,"[[1,1024],[1024,4096]]",vllm/worker/model_runner.py:1234,6.5,9.8,20.057,24.057,0.18,0.44
0,AllReduce,"[[1,1024],[1024,4096]]",vllm/worker/model_runner.py:1234,6.5,9.8,35.973,39.973,0.18,0.44
0,MatMulV2,"[[1,1024],[1024,4096]]",vllm/worker/model_runner.py:1234,6.5,9.8,127.387,131.387,0.18,0.44
0,FusedInferAttentionScore,"[[1,1024],[1024,4096]]",vllm/worker/model_runner.py:1234,6.5,9.8,63.192,67.19200000000001,0.18,0.44
0,RmsNorm,"[[1,1024],[1024,4096]]",vllm/worker/model_runner.py:1234,6.5,9.8,19.772,23.772,0.18,0.44
0,AllReduce,"[[1,1024],[1024,4096]]",vllm/worker/model_runner.py:1234,6.5,9.8,32.402,36.402,0.18,0.44
0,MatMulV2,"[[1,1024],[1024,4096]]",vllm/worker/model_runner.py:1234,6.5,9.8,127.602,131.602,0.18,0.44
0,FusedInferAttentionScore,"[[1,1024],[1024,4096]]",vllm/worker/model_runner.py:1234,6.5,9.8,67.295,71.295,0.18,0.44
0,RmsNorm,"[[1,1024],[1024,4096]]",vllm/worker/model_runner.py:1234,6.5,9.8,25.973,29.973,0.18,0.44
0,AllReduce,"[[1,1024],[1024,4096]]",vllm/worker/model_runner.py:1234,6.5,9.8,33.643,37.643,0.18,0.44
0,MatMulV2,"[[1,1024],[1024,4096]]",vllm/worker/model_runner.py:1234,6.5,9.8,127.038,131.038,0.18,0.44
0,FusedInferAttentionScore,"[[1,1024],[1024,4096]]",vllm/worker/model_runner.py:1234,6.5,9.8,73.735,77.735,0.18,0.44
0,RmsNorm,"[[1,1024],[1024,4096]]",vllm/worker/model_runner.py:1234,6.5,9.8,28.319,32.319,0.18,0.44
0,AllReduce,"[[1,1024],[1024,4096]]",vllm/worker/model_runner.py:1234,6.5,9.8,37.312,41.312,0.18,0.44
0,MatMulV2,"[[1,1024],[1024,4096]]",vllm/worker/model_runner.py:1234,6.5,9.8,130.979,134.979,0.18,0.44
0,FusedInferAttentionScore,"[[1,1024],[1024,4096]]",vllm/worker/model_runner.py:1234,6.5,9.8,69.186,73.186,0.18,0.44
0,RmsNorm,"[[1,1024],[1024,4096]]",vllm/worker/model_runner.py:1234,6.5,9.8,25.352,29.352,0.18,0.44
0,AllReduce,"[[1,1024],[1024,4096]]",vllm/worker/model_runner.py:1234,6.5,9.8,33.122,37.122,0.18,0.44
0,MatMulV2,"[[1,1024],[1024,4096]]",vllm/worker/model_runner.py:1234,6.5,9.8,131.062,135.062,0.18,0.44
0,FusedInferAttentionScore,"[[1,1024],[1024,4096]]",vllm/worker/model_runner.py:1234,6.5,9.8,76.574,80.574,0.18,0.44
0,RmsNorm,"[[1,1024],[1024,4096]]",vllm/worker/model_runner.py:1234,6.5,9.8,19.808,23.808,0.18,0.44
0,AllReduce,"[[1,1024],[1024,4096]]",vllm/worker/model_runner.py:1234,6.5,9.8,35.993,39.993,0.18,0.44
0,MatMulV2,"[[1,1024],[1024,4096]]",vllm/worker/model_runner.py:1234,6.5,9.8,126.026,130.026,0.18,0.44
0,FusedInferAttentionScore,"[[1,1024],[1024,4096]]",vllm/worker/model_runner.py:1234,6.5,9.8,65.732,69.732,0.18,0.44
0,RmsNorm,"[[1,1024],[1024,4096]]",vllm/worker/model_runner.py:1234,6.5,9.8,21.516,25.516,0.18,0.44
0,AllReduce,"[[1,1024],[1024,4096]]",vllm/worker/model_runner.py:1234,6.5,9.8,30.909,34.909,0.18,0.44
0,aclrtMemcpyAsync_D2H,"[[1,1024],[1024,4096]]",vllm/worker/model_runner.py:1234,6.5,9.8,260,264,0.18,0.44
0,MatMulV2,"[[1,1024],[1024,4096]]",vllm/worker/model_runner.py:1234,6.5,9.8,108.261,112.261,0.18,0.44
0,FusedInferAttentionScore,"[[1,1024],[1024,4096]]",vllm/worker/model_runner.py:1234,6.5,9.8,72.667,76.667,0.18,0.44
0,RmsNorm,"[[1,1024],[1024,4096]]",vllm/worker/model_runner.py:1234,6.5,9.8,28.194,32.194,0.18,0.44
0,AllReduce,"[[1,1024],[1024,4096]]",vllm/worker/model_runner.py:1234,6.5,9.8,35.203,39.203,0.18,0.44
0,MatMulV2,"[[1,1024],[1024,4096]]",vllm/worker/model_runner.py:1234,6.5,9.8,123.146,127.146,0.18,0.44
0,FusedInferAttentionScore,"[[1,1024],[1024,4096]]",vllm/worker/model_runner.py:1234,6.5,9.8,73.951,77.951,0.18,0.44
0,RmsNorm,"[[1,1024],[1024,4096]]",vllm/worker/model_runner.py:1234,6.5,9.8,27.541,31.541,0.18,0.44
0,AllReduce,"[[1,1024],[1024,4096]]",vllm/worker/model_runner.py:1234,6.5,9.8,30.918,34.918,0.18,0.44
0,MatMulV2,"[[1,1024],[1024,4096]]",vllm/worker/model_runner.py:1234,6.5,9.8,118.314,122.314,0.18,0.44
0,FusedInferAttentionScore,"[[1,1024],[1024,4096]]",vllm/worker/model_runner.py:1234,6.5,9.8,73.887,77.887,0.18,0.44
0,RmsNorm,"[[1,1024],[1024,4096]]",vllm/worker/model_runner.py:1234,6.5,9.8,24.996,28.996,0.18,0.44
0,AllReduce,"[[1,1024],[1024,4096]]",vllm/worker/model_runner.py:1234,6.5,9.8,34.02,38.02,0.18,0.44
0,MatMulV2,"[[1,1024],[1024,4096]]",vllm/worker/model_runner.py:1234,6.5,9.8,108.064,112.064,0.18,0.44
0,FusedInferAttentionScore,"[[1,1024],[1024,4096]]",vllm/worker/model_runner.py:1234,6.5,9.8,68.483,72.483,0.18,0.44
0,RmsNorm,"[[1,1024],[1024,4096]]",vllm/worker/model_runner.py:1234,6.5,9.8,27.249,31.249,0.18,0.44
0,AllReduce,"[[1,1024],[1024,4096]]",vllm/worker/model_runner.py:1234,6.5,9.8,36.891,40.891,0.18,0.44
0,MatMulV2,"[[1,1024],[1024,4096]]",vllm/worker/model_runner.py:1234,6.5,9.8,127.107,131.107,0.18,0.44
0,FusedInferAttentionScore,"[[1,1024],[1024,4096]]",vllm/worker/model_runner.py:1234,6.5,9.8,72.218,76.218,0.18,0.44
0,RmsNorm,"[[1,1024],[1024,4096]]",vllm/worker/model_runner.py:1234,6.5,9.8,27.372,31.372,0.18,0.44
0,AllReduce,"[[1,1024],[1024,4096]]",vllm/worker/model_runner.py:1234,6.5,9.8,32.765,36.765,0.18,0.44
0,MatMulV2,"[[1,1024],[1024,4096]]",vllm/worker/model_runner.py:1234,6.5,9.8,112.239,116.239,0.18,0.44
0,FusedInferAttentionScore,"[[1,1024],[1024,4096]]",vllm/worker/model_runner.py:1234,6.5,9.8,67.285,71.285,0.18,0.44
0,RmsNorm,"[[1,1024],[1024,4096]]",vllm/worker/model_runner.py:1234,6.5,9.8,23.614,27.614,0.18,0.44
0,AllReduce,"[[1,1024],[1024,4096]]",vllm/worker/model_runner.py:1234,6.5,9.8,33.803,37.803,0.18,0.44
0,MatMulV2,"[[1,1024],[1024,4096]]",vllm/worker/model_runner.py:1234,6.5,9.8,127.809,131.809,0.18,0.44
0,FusedInferAttentionScore,"[[1,1024],[1024,4096]]",vllm/worker/model_runner.py:1234,6.5,9.8,75.008,79.008,0.18,0.44
0,RmsNorm,"[[1,1024],[1024,4096]]",vllm/worker/model_runner.py:1234,6.5,9.8,28.174,32.174,0.18,0.44
0,AllReduce,"[[1,1024],[1024,4096]]",vllm/worker/model_runner.py:1234,6.5,9.8,34.456,38.456,0.18,0.44
0,MatMulV2,"[[1,1024],[1024,4096]]",vllm/worker/model_runner.py:1234,6.5,9.8,108.886,112.886,0.18,0.44
0,FusedInferAttentionScore,"[[1,1024],[1024,4096]]",vllm/worker/model_runner.py:1234,6.5,9.8,76.673,80.673,0.18,0.44
0,RmsNorm,"[[1,1024],[1024,4096]]",vllm/worker/model_runner.py:1234,6.5,9.8,24.739,28.739,0.18,0.44
0,AllReduce,"[[1,1024],[1024,4096]]",vllm/worker/model_runner.py:1234,6.5,9.8,36.665,40.665,0.18,0.44
0,MatMulV2,"[[1,1024],[1024,4096]]",vllm/worker/model_runner.py:1234,6.5,9.8,125.958,129.958,0.18,0.44
0,FusedInferAttentionScore,"[[1,1024],[1024,4096]]",vllm/worker/model_runner.py:1234,6.5,9.8,74.476,78.476,0.18,0.44
0,RmsNorm,"[[1,1024],[1024,4096]]",vllm/worker/model_runner.py:1234,6.5,9.8,27.906,31.906,0.18,0.44
0,AllReduce,"[[1,1024],[1024,4096]]",vllm/worker/model_runner.py:1234,6.5,9.8,30.771,34.771,0.18,0.44
0,MatMulV2,"[[1,1024],[1024,4096]]",vllm/worker/model_runner.py:1234,6.5,9.8,117.082,121.082,0.18,0.44
0,FusedInferAttentionScore,"[[1,1024],[1024,4096]]",vllm/worker/model_runner.py:1234,6.5,9.8,68.817,72.817,0.18,0.44
0,RmsNorm,"[[1,1024],[1024,4096]]",vllm/worker/model_runner.py:1234,6.5,9.8,25.654,29.654,0.18,0.44
0,AllReduce,"[[1,1024],[1024,4096]]",vllm/worker/model_runner.py:1234,6.5,9.8,31.673,35.673,0.18,0.44
0,MatMulV2,"[[1,1024],[1024,4096]]",vllm/worker/model_runner.py:1234,6.5,9.8,127.322,131.322,0.18,0.44
0,FusedInferAttentionScore,"[[1,1024],[1024,4096]]",vllm/worker/model_runner.py:1234,6.5,9.8,67.65,71.65,0.18,0.44
0,RmsNorm,"[[1,1024],[1024,4096]]",vllm/worker/model_runner.py:1234,6.5,9.8,20.419,24.419,0.18,0.44
0,AllReduce,"[[1,1024],[1024,4096]]",vllm/worker/model_runner.py:1234,6.5,9.8,33.508,37.508,0.18,0.44
0,MatMulV2,"[[1,1024],[1024,4096]]",vllm/worker/model_runner.py:1234,6.5,9.8,109.378,113.378,0.18,0.44
0,FusedInferAttentionScore,"[[1,1024],[1024,4096]]",vllm/worker/model_runner.py:1234,6.5,9.8,65.116,69.116,0.18,0.44
0,RmsNorm,"[[1,1024],[1024,4096]]",vllm/worker/model_runner.py:1234,6.5,9.8,21.906,25.906,0.18,0.44
0,AllReduce,"[[1,1024],[1024,4096]]",vllm/worker/model_runner.py:1234,6.5,9.8,33.388,37.388,0.18,0.44
0,MatMulV2,"[[1,1024],[1024,4096]]",vllm/worker/model_runner.py:1234,6.5,9.8,121.26,125.26,0.18,0.44
0,FusedInferAttentionScore,"[[1,1024],[1024,4096]]",vllm/worker/model_runner.py:1234,6.5,9.8,70.172,74.172,0.18,0.44
0,RmsNorm,"[[1,1024],[1024,4096]]",vllm/worker/model_runner.py:1234,6.5,9.8,20.005,24.005,0.18,0.44
0,AllReduce,"[[1,1024],[1024,4096]]",vllm/worker/model_runner.py:1234,6.5,9.8,31.676,35.676,0.18,0.44
0,MatMulV2,"[[1,1024],[1024,4096]]",vllm/worker/model_runner.py:1234,6.5,9.8,130.903,134.903,0.18,0.44
0,FusedInferAttentionScore,"[[1,1024],[1024,4096]]",vllm/worker/model_runner.py:1234,6.5,9.8,73.44,77.44,0.18,0.44
0,RmsNorm,"[[1,1024],[1024,4096]]",vllm/worker/model_runner.py:1234,6.5,9.8,26.154,30.154,0.18,0.44
0,AllReduce,"[[1,1024],[1024,4096]]",vllm/worker/model_runner.py:1234,6.5,9.8,33.533,37.533,0.18,0.44
0,MatMulV2,"[[1,1024],[1024,4096]]",vllm/worker/model_runner.py:1234,6.5,9.8,131.576,135.576,0.18,0.44
0,FusedInferAttentionScore,"[[1,1024],[1024,4096]]",vllm/worker/model_runner.py:1234,6.5,9.8,67.984,71.984,0.18,0.44
0,RmsNorm,"[[1,1024],[1024,4096]]",vllm/worker/model_runner.py:1234,6.5,9.8,24.29,28.29,0.18,0.44
0,AllReduce,"[[1,1024],[1024,4096]]",vllm/worker/model_runner.py:1234,6.5,9.8,30.607,34.607,0.18,0.44
0,MatMulV2,"[[1,1024],[1024,4096]]",vllm/worker/model_runner.py:1234,6.5,9.8,125.979,129.97899999999998,0.18,0.44
0,FusedInferAttentionScore,"[[1,1024],[1024,4096]]",vllm/worker/model_runner.py:1234,6.5,9.8,75.251,79.251,0.18,0.44
0,RmsNorm,"[[1,1024],[1024,4096]]",vllm/worker/model_runner.py:1234,6.5,9.8,20.563,24.563,0.18,0.44
0,AllReduce,"[[1,1024],[1024,4096]]",vllm/worker/model_runner.py:1234,6.5,9.8,31.82,35.82,0.18,0.44
0,MatMulV2,"[[1,1024],[1024,4096]]",vllm/worker/model_runner.py:1234,6.5,9.8,118.887,122.887,0.18,0.44
0,FusedInferAttentionScore,"[[1,1024],[1024,4096]]",vllm/worker/model_runner.py:1234,6.5,9.8,74.882,78.882,0.18,0.44
0,RmsNorm,"[[1,1024],[1024,4096]]",vllm/worker/model_runner.py:1234,6.5,9.8,28.128,32.128,0.18,0.44
0,AllReduce,"[[1,1024],[1024,4096]]",vllm/worker/model_runner.py:1234,6.5,9.8,37.094,41.094,0.18,0.44
0,MatMulV2,"[[1,1024],[1024,4096]]",vllm/worker/model_runner.py:1234,6.5,9.8,120.23,124.23,0.18,0.44
0,FusedInferAttentionScore,"[[1,1024],[1024,4096]]",vllm/worker/model_runner.py:1234,6.5,9.8,76.605,80.605,0.18,0.44
0,RmsNorm,"[[1,1024],[1024,4096]]",vllm/worker/model_runner.py:1234,6.5,9.8,27.4,31.4,0.18,0.44
0,AllReduce,"[[1,1024],[1024,4096]]",vllm/worker/model_runner.py:1234,6.5,9.8,33.2,37.2,0.18,0.44
0,MatMulV2,"[[1,1024],[1024,4096]]",vllm/worker/model_runner.py:1234,6.5,9.8,118.474,122.474,0.18,0.44
0,FusedInferAttentionScore,"[[1,1024],[1024,4096]]",vllm/worker/model_runner.py:1234,6.5,9.8,71.956,75.956,0.18,0.44
0,RmsNorm,"[[1,1024],[1024,4096]]",vllm/worker/model_runner.py:1234,6.5,9.8,21.294,25.294,0.18,0.44
0,AllReduce,"[[1,1024],[1024,4096]]",vllm/worker/model_runner.py:1234,6.5,9.8,31.354,35.354,0.18,0.44
0,MatMulV2,"[[1,1024],[1024,4096]]",vllm/worker/model_runner.py:1234,6.5,9.8,110.186,114.186,0.18,0.44
0,FusedInferAttentionScore,"[[1,1024],[1024,4096]]",vllm/worker/model_runner.py:1234,6.5,9.8,69.014,73.014,0.18,0.44
0,RmsNorm,"[[1,1024],[1024,4096]]",vllm/worker/model_runner.py:1234,6.5,9.8,19.423,23.423,0.18,0.44
0,AllReduce,"[[1,1024],[1024,4096]]",vllm/worker/model_runner.py:1234,6.5,9.8,31.942,35.942,0.18,0.44
0,MatMulV2,"[[1,1024],[1024,4096]]",vllm/worker/model_runner.py:1234,6.5,9.8,109.647,113.647,0.18,0.44
0,FusedInferAttentionScore,"[[1,1024],[1024,4096]]",vllm/worker/model_runner.py:1234,6.5,9.8,66.894,70.894,0.18,0.44
0,RmsNorm,"[[1,1024],[1024,4096]]",vllm/worker/model_runner.py:1234,6.5,9.8,27.58,31.58,0.18,0.44
0,AllReduce,"[[1,1024],[1024,4096]]",vllm/worker/model_runner.py:1234,6.5,9.8,34.617,38.617,0.18,0.44
0,MatMulV2,"[[1,1024],[1024,4096]]",vllm/worker/model_runner.py:1234,6.5,9.8,116.399,120.399,0.18,0.44
0,FusedInferAttentionScore,"[[1,1024],[1024,4096]]",vllm/worker/model_runner.py:1234,6.5,9.8,68.201,72.201,0.18,0.44
0,RmsNorm,"[[1,1024],[1024,4096]]",vllm/worker/model_runner.py:1234,6.5,9.8,25.278,29.278,0.18,0.44
0,AllReduce,"[[1,1024],[1024,4096]]",vllm/worker/model_runner.py:1234,6.5,9.8,36.929,40.929,0.18,0.44
0,MatMulV2,"[[1,1024],[1024,4096]]",vllm/worker/model_runner.py:1234,6.5,9.8,120.6,124.6,0.18,0.44
0,FusedInferAttentionScore,"[[1,1024],[1024,4096]]",vllm/worker/model_runner.py:1234,6.5,9.8,63.169,67.169,0.18,0.44
0,RmsNorm,"[[1,1024],[1024,4096]]",vllm/worker/model_runner.py:1234,6.5,9.8,22.084,26.084,0.18,0.44
0,AllReduce,"[[1,1024],[1024,4096]]",vllm/worker/model_runner.py:1234,6.5,9.8,34.341,38.341,0.18,0.44
0,MatMulV2,"[[1,1024],[1024,4096]]",vllm/worker/model_runner.py:1234,6.5,9.8,112.048,116.048,0.18,0.44
0,FusedInferAttentionScore,"[[1,1024],[1024,4096]]",vllm/worker/model_runner.py:1234,6.5,9.8,76.714,80.714,0.18,0.44
0,RmsNorm,"[[1,1024],[1024,4096]]",vllm/worker/model_runner.py:1234,6.5,9.8,26.694,30.694,0.18,0.44
0,AllReduce,"[[1,1024],[1024,4096]]",vllm/worker/model_runner.py:1234,6.5,9.8,36.189,40.189,0.18,0.44
0,MatMulV2,"[[1,1024],[1024,4096]]",vllm/worker/model_runner.py:1234,6.5,9.8,112.773,116.773,0.18,0.44
0,FusedInferAttentionScore,"[[1,1024],[1024,4096]]",vllm/worker/model_runner.py:1234,6.5,9.8,65.094,69.094,0.18,0.44
0,RmsNorm,"[[1,1024],[1024,4096]]",vllm/worker/model_runner.py:1234,6.5,9.8,24.311,28.311,0.18,0.44
0,AllReduce,"[[1,1024],[1024,4096]]",vllm/worker/model_runner.py:1234,6.5,9.8,32.246,36.246,0.18,0.44
0,MatMulV2,"[[1,1024],[1024,4096]]",vllm/worker/model_runner.py:1234,6.5,9.8,115.05,119.05,0.18,0.44
0,FusedInferAttentionScore,"[[1,1024],[1024,4096]]",vllm/worker/model_runner.py:1234,6.5,9.8,68.426,72.426,0.18,0.44
0,RmsNorm,"[[1,1024],[1024,4096]]",vllm/worker/model_runner.py:1234,6.5,9.8,21.871,25.871,0.18,0.44
0,AllReduce,"[[1,1024],[1024,4096]]",vllm/worker/model_runner.py:1234,6.5,9.8,36.64,40.64,0.18,0.44
0,MatMulV2,"[[1,1024],[1024,4096]]",vllm/worker/model_runner.py:1234,6.5,9.8,124.714,128.714,0.18,0.44
0,FusedInferAttentionScore,"[[1,1024],[1024,4096]]",vllm/worker/model_runner.py:1234,6.5,9.8,76.756,80.756,0.18,0.44
0,RmsNorm,"[[1,1024],[1024,4096]]",vllm/worker/model_runner.py:1234,6.5,9.8,21.46,25.46,0.18,0.44
0,AllReduce,"[[1,1024],[1024,4096]]",vllm/worker/model_runner.py:1234,6.5,9.8,31.582,35.582,0.18,0.44
0,MatMulV2,"[[1,1024],[1024,4096]]",vllm/worker/model_runner.py:1234,6.5,9.8,131.669,135.669,0.18,0.44
0,FusedInferAttentionScore,"[[1,1024],[1024,4096]]",vllm/worker/model_runner.py:1234,6.5,9.8,64.907,68.907,0.18,0.44
0,RmsNorm,"[[1,1024],[1024,4096]]",vllm/worker/model_runner.py:1234,6.5,9.8,24.681,28.681,0.18,0.44
0,AllReduce,"[[1,1024],[1024,4096]]",vllm/worker/model_runner.py:1234,6.5,9.8,36.27,40.27,0.18,0.44
0,MatMulV2,"[[1,1024],[1024,4096]]",vllm/worker/model_runner.py:1234,6.5,9.8,123.432,127.432,0.18,0.44
0,FusedInferAttentionScore,"[[1,1024],[1024,4096]]",vllm/worker/model_runner.py:1234,6.5,9.8,66.829,70.829,0.18,0.44
0,RmsNorm,"[[1,1024],[1024,4096]]",vllm/worker/model_runner.py:1234,6.5,9.8,19.521,23.521,0.18,0.44
0,AllReduce,"[[1,1024],[1024,4096]]",vllm/worker/model_runner.py:1234,6.5,9.8,31.614,35.614000000000004,0.18,0.44
0,MatMulV2,"[[1,1024],[1024,4096]]",vllm/worker/model_runner.py:1234,6.5,9.8,119.626,123.626,0.18,0.44
0,FusedInferAttentionScore,"[[1,1024],[1024,4096]]",vllm/worker/model_runner.py:1234,6.5,9.8,65.665,69.665,0.18,0.44
0,RmsNorm,"[[1,1024],[1024,4096]]",vllm/worker/model_runner.py:1234,6.5,9.8,28.457,32.457,0.18,0.44
0,AllReduce,"[[1,1024],[1024,4096]]",vllm/worker/model_runner.py:1234,6.5,9.8,30.738,34.738,0.18,0.44
0,MatMulV2,"[[1,1024],[1024,4096]]",vllm/worker/model_runner.py:1234,6.5,9.8,115.261,119.261,0.18,0.44
0,FusedInferAttentionScore,"[[1,1024],[1024,4096]]",vllm/worker/model_runner.py:1234,6.5,9.8,67.252,71.252,0.18,0.44
0,RmsNorm,"[[1,1024],[1024,4096]]",vllm/worker/model_runner.py:1234,6.5,9.8,20.568,24.568,0.18,0.44
0,AllReduce,"[[1,1024],[1024,4096]]",vllm/worker/model_runner.py:1234,6.5,9.8,36.135,40.135,0.18,0.44
0,MatMulV2,"[[1,1024],[1024,4096]]",vllm/worker/model_runner.py:1234,6.5,9.8,112.598,116.598,0.18,0.44
0,FusedInferAttentionScore,"[[1,1024],[1024,4096]]",vllm/worker/model_runner.py:1234,6.5,9.8,65.336,69.336,0.18,0.44
0,RmsNorm,"[[1,1024],[1024,4096]]",vllm/worker/model_runner.py:1234,6.5,9.8,23.476,27.476,0.18,0.44
0,AllReduce,"[[1,1024],[1024,4096]]",vllm/worker/model_runner.py:1234,6.5,9.8,31.353,35.353,0.18,0.44
0,aclrtMemcpyAsync_D2H,"[[1,1024],[1024,4096]]",vllm/worker/model_runner.py:1234,6.5,9.8,260,264,0.18,0.44
0,MatMulV2,"[[1,1024],[1024,4096]]",vllm/worker/model_runner.py:1234,6.5,9.8,119.553,123.553,0.18,0.44
0,FusedInferAttentionScore,"[[1,1024],[1024,4096]]",vllm/worker/model_runner.py:1234,6.5,9.8,63.38,67.38,0.18,0.44
0,RmsNorm,"[[1,1024],[1024,4096]]",vllm/worker/model_runner.py:1234,6.5,9.8,24.536,28.536,0.18,0.44
0,AllReduce,"[[1,1024],[1024,4096]]",vllm/worker/model_runner.py:1234,6.5,9.8,32.74,36.74,0.18,0.44
0,MatMulV2,"[[1,1024],[1024,4096]]",vllm/worker/model_runner.py:1234,6.5,9.8,116.948,120.948,0.18,0.44
0,FusedInferAttentionScore,"[[1,1024],[1024,4096]]",vllm/worker/model_runner.py:1234,6.5,9.8,70.102,74.102,0.18,0.44
0,RmsNorm,"[[1,1024],[1024,4096]]",vllm/worker/model_runner.py:1234,6.5,9.8,19.895,23.895,0.18,0.44
0,AllReduce,"[[1,1024],[1024,4096]]",vllm/worker/model_runner.py:1234,6.5,9.8,37.185,41.185,0.18,0.44
0,MatMulV2,"[[1,1024],[1024,4096]]",vllm/worker/model_runner.py:1234,6.5,9.8,125.175,129.175,0.18,0.44
0,FusedInferAttentionScore,"[[1,1024],[1024,4096]]",vllm/worker/model_runner.py:1234,6.5,9.8,71.715,75.715,0.18,0.44
0,RmsNorm,"[[1,1024],[1024,4096]]",vllm/worker/model_runner.py:1234,6.5,9.8,27.521,31.521,0.18,0.44
0,AllReduce,"[[1,1024],[1024,4096]]",vllm/worker/model_runner.py:1234,6.5,9.8,37.24,41.24,0.18,0.44
0,MatMulV2,"[[1,1024],[1024,4096]]",vllm/worker/model_runner.py:1234,6.5,9.8,114.01,118.01,0.18,0.44
0,FusedInferAttentionScore,"[[1,1024],[1024,4096]]",vllm/worker/model_runner.py:1234,6.5,9.8,64.01,68.01,0.18,0.44
0,RmsNorm,"[[1,1024],[1024,4096]]",vllm/worker/model_runner.py:1234,6.5,9.8,28.796,32.796,0.18,0.44
0,AllReduce,"[[1,1024],[1024,4096]]",vllm/worker/model_runner.py:1234,6.5,9.8,34.203,38.203,0.18,0.44
0,MatMulV2,"[[1,1024],[1024,4096]]",vllm/worker/model_runner.py:1234,6.5,9.8,114.734,118.734,0.18,0.44
0,FusedInferAttentionScore,"[[1,1024],[1024,4096]]",vllm/worker/model_runner.py:1234,6.5,9.8,74.372,78.372,0.18,0.44
0,RmsNorm,"[[1,1024],[1024,4096]]",vllm/worker/model_runner.py:1234,6.5,9.8,20.468,24.468,0.18,0.44
0,AllReduce,"[[1,1024],[1024,4096]]",vllm/worker/model_runner.py:1234,6.5,9.8,30.99,34.989999999999995,0.18,0.44
0,MatMulV2,"[[1,1024],[1024,4096]]",vllm/worker/model_runner.py:1234,6.5,9.8,126.39,130.39,0.18,0.44
0,FusedInferAttentionScore,"[[1,1024],[1024,4096]]",vllm/worker/model_runner.py:1234,6.5,9.8,71.756,75.756,0.18,0.44
0,RmsNorm,"[[1,1024],[1024,4096]]",vllm/worker/model_runner.py:1234,6.5,9.8,23.043,27.043,0.18,0.44
0,AllReduce,"[[1,1024],[1024,4096]]",vllm/worker/model_runner.py:1234,6.5,9.8,35.244,39.244,0.18,0.44
0,MatMulV2,"[[1,1024],[1024,4096]]",vllm/worker/model_runner.py:1234,6.5,9.8,119.575,123.575,0.18,0.44
0,FusedInferAttentionScore,"[[1,1024],[1024,4096]]",vllm/worker/model_runner.py:1234,6.5,9.8,63.211,67.211,0.18,0.44
0,RmsNorm,"[[1,1024],[1024,4096]]",vllm/worker/model_runner.py:1234,6.5,9.8,19.363,23.363,0.18,0.44
0,AllReduce,"[[1,1024],[1024,4096]]",vllm/worker/model_runner.py:1234,6.5,9.8,34.957,38.957,0.18,0.44
0,MatMulV2,"[[1,1024],[1024,4096]]",vllm/worker/model_runner.py:1234,6.5,9.8,111.119,115.119,0.18,0.44
0,FusedInferAttentionScore,"[[1,1024],[1024,4096]]",vllm/worker/model_runner.py:1234,6.5,9.8,63.059,67.059,0.18,0.44
0,RmsNorm,"[[1,1024],[1024,4096]]",vllm/worker/model_runner.py:1234,6.5,9.8,20.315,24.315,0.18,0.44
0,AllReduce,"[[1,1024],[1024,4096]]",vllm/worker/model_runner.py:1234,6.5,9.8,32.981,36.981,0.18,0.44
0,MatMulV2,"[[1,1024],[1024,4096]]",vllm/worker/model_runner.py:1234,6.5,9.8,121.051,125.051,0.18,0.44
0,FusedInferAttentionScore,"[[1,1024],[1024,4096]]",vllm/worker/model_runner.py:1234,6.5,9.8,72.306,76.306,0.18,0.44
0,RmsNorm,"[[1,1024],[1024,4096]]",vllm/worker/model_runner.py:1234,6.5,9.8,25.023,29.023,0.18,0.44
0,AllReduce,"[[1,1024],[1024,4096]]",vllm/worker/model_runner.py:1234,6.5,9.8,31.329,35.329,0.18,0.44
0,MatMulV2,"[[1,1024],[1024,4096]]",vllm/worker/model_runner.py:1234,6.5,9.8,117.197,121.197,0.18,0.44
0,FusedInferAttentionScore,"[[1,1024],[1024,4096]]",vllm/worker/model_runner.py:1234,6.5,9.8,69.392,73.392,0.18,0.44
0,RmsNorm,"[[1,1024],[1024,4096]]",vllm/worker/model_runner.py:1234,6.5,9.8,19.68,23.68,0.18,0.44
0,AllReduce,"[[1,1024],[1024,4096]]",vllm/worker/model_runner.py:1234,6.5,9.8,34.622,38.622,0.18,0.44
0,MatMulV2,"[[1,1024],[1024,4096]]",vllm/worker/model_runner.py:1234,6.5,9.8,130.821,134.821,0.18,0.44
0,FusedInferAttentionScore,"[[1,1024],[1024,4096]]",vllm/worker/model_runner.py:1234,6.5,9.8,72.865,76.865,0.18,0.44
0,RmsNorm,"[[1,1024],[1024,4096]]",vllm/worker/model_runner.py:1234,6.5,9.8,27.159,31.159,0.18,0.44
0,AllReduce,"[[1,1024],[1024,4096]]",vllm/worker/model_runner.py:1234,6.5,9.8,34.983,38.983,0.18,0.44
0,MatMulV2,"[[1,1024],[1024,4096]]",vllm/worker/model_runner.py:1234,6.5,9.8,108.642,112.642,0.18,0.44
0,FusedInferAttentionScore,"[[1,1024],[1024,4096]]",vllm/worker/model_runner.py:1234,6.5,9.8,74.084,78.084,0.18,0.44
0,RmsNorm,"[[1,1024],[1024,4096]]",vllm/worker/model_runner.py:1234,6.5,9.8,20.362,24.362,0.18,0.44
0,AllReduce,"[[1,1024],[1024,4096]]",vllm/worker/model_runner.py:1234,6.5,9.8,30.746,34.745999999999995,0.18,0.44
0,MatMulV2,"[[1,1024],[1024,4096]]",vllm/worker/model_runner.py:1234,6.5,9.8,128.647,132.647,0.18,0.44
0,FusedInferAttentionScore,"[[1,1024],[1024,4096]]",vllm/worker/model_runner.py:1234,6.5,9.8,75.525,79.525,0.18,0.44
0,RmsNorm,"[[1,1024],[1024,4096]]",vllm/worker/model_runner.py:1234,6.5,9.8,23.448,27.448,0.18,0.44
0,AllReduce,"[[1,1024],[1024,4096]]",vllm/worker/model_runner.py:1234,6.5,9.8,31.073,35.073,0.18,0.44
0,MatMulV2,"[[1,1024],[1024,4096]]",vllm/worker/model_runner.py:1234,6.5,9.8,125.035,129.035,0.18,0.44
0,FusedInferAttentionScore,"[[1,1024],[1024,4096]]",vllm/worker/model_runner.py:1234,6.5,9.8,67.807,71.807,0.18,0.44
0,RmsNorm,"[[1,1024],[1024,4096]]",vllm/worker/model_runner.py:1234,6.5,9.8,26.706,30.706,0.18,0.44
0,AllReduce,"[[1,1024],[1024,4096]]",vllm/worker/model_runner.py:1234,6.5,9.8,34.25,38.25,0.18,0.44
0,MatMulV2,"[[1,1024],[1024,4096]]",vllm/worker/model_runner.py:1234,6.5,9.8,121.693,125.693,0.18,0.44
0,FusedInferAttentionScore,"[[1,1024],[1024,4096]]",vllm/worker/model_runner.py:1234,6.5,9.8,76.016,80.016,0.18,0.44
0,RmsNorm,"[[1,1024],[1024,4096]]",vllm/worker/model_runner.py:1234,6.5,9.8,24.798,28.798,0.18,0.44
0,AllReduce,"[[1,1024],[1024,4096]]",vllm/worker/model_runner.py:1234,6.5,9.8,37.148,41.148,0.18,0.44
0,MatMulV2,"[[1,1024],[1024,4096]]",vllm/worker/model_runner.py:1234,6.5,9.8,131.569,135.569,0.18,0.44
0,FusedInferAttentionScore,"[[1,1024],[1024,4096]]",vllm/worker/model_runner.py:1234,6.5,9.8,73.424,77.424,0.18,0.44
0,RmsNorm,"[[1,1024],[1024,4096]]",vllm/worker/model_runner.py:1234,6.5,9.8,20.152,24.152,0.18,0.44
0,AllReduce,"[[1,1024],[1024,4096]]",vllm/worker/model_runner.py:1234,6.5,9.8,33.033,37.033,0.18,0.44
0,MatMulV2,"[[1,1024],[1024,4096]]",vllm/worker/model_runner.py:1234,6.5,9.8,109.318,113.318,0.18,0.44
0,FusedInferAttentionScore,"[[1,1024],[1024,4096]]",vllm/worker/model_runner.py:1234,6.5,9.8,68.206,72.206,0.18,0.44
0,RmsNorm,"[[1,1024],[1024,4096]]",vllm/worker/model_runner.py:1234,6.5,9.8,27.622,31.622,0.18,0.44
0,AllReduce,"[[1,1024],[1024,4096]]",vllm/worker/model_runner.py:1234,6.5,9.8,31.396,35.396,0.18,0.44
0,MatMulV2,"[[1,1024],[1024,4096]]",vllm/worker/model_runner.py:1234,6.5,9.8,110.594,114.594,0.18,0.44
0,FusedInferAttentionScore,"[[1,1024],[1024,4096]]",vllm/worker/model_runner.py:1234,6.5,9.8,70.227,74.227,0.18,0.44
0,RmsNorm,"[[1,1024],[1024,4096]]",vllm/worker/model_runner.py:1234,6.5,9.8,23,27,0.18,0.44
0,AllReduce,"[[1,1024],[1024,4096]]",vllm/worker/model_runner.py:1234,6.5,9.8,33.198,37.198,0.18,0.44
0,MatMulV2,"[[1,1024],[1024,4096]]",vllm/worker/model_runner.py:1234,6.5,9.8,121.374,125.374,0.18,0.44
0,FusedInferAttentionScore,"[[1,1024],[1024,4096]]",vllm/worker/model_runner.py:1234,6.5,9.8,68.522,72.522,0.18,0.44
0,RmsNorm,"[[1,1024],[1024,4096]]",vllm/worker/model_runner.py:1234,6.5,9.8,20.301,24.301,0.18,0.44
0,AllReduce,"[[1,1024],[1024,4096]]",vllm/worker/model_runner.py:1234,6.5,9.8,32.603,36.603,0.18,0.44
0,MatMulV2,"[[1,1024],[1024,4096]]",vllm/worker/model_runner.py:1234,6.5,9.8,130.665,134.665,0.18,0.44
0,FusedInferAttentionScore,"[[1,1024],[1024,4096]]",vllm/worker/model_runner.py:1234,6.5,9.8,69.536,73.536,0.18,0.44
0,RmsNorm,"[[1,1024],[1024,4096]]",vllm/worker/model_runner.py:1234,6.5,9.8,23.583,27.583,0.18,0.44
0,AllReduce,"[[1,1024],[1024,4096]]",vllm/worker/model_runner.py:1234,6.5,9.8,36.38,40.38,0.18,0.44
0,MatMulV2,"[[1,1024],[1024,4096]]",vllm/worker/model_runner.py:1234,6.5,9.8,114.004,118.004,0.18,0.44
0,FusedInferAttentionScore,"[[1,1024],[1024,4096]]",vllm/worker/model_runner.py:1234,6.5,9.8,67.736,71.736,0.18,0.44
0,RmsNorm,"[[1,1024],[1024,4096]]",vllm/worker/model_runner.py:1234,6.5,9.8,23.858,27.858,0.18,0.44
0,AllReduce,"[[1,1024],[1024,4096]]",vllm/worker/model_runner.py:1234,6.5,9.8,32.655,36.655,0.18,0.44
0,MatMulV2,"[[1,1024],[1024,4096]]",vllm/worker/model_runner.py:1234,6.5,9.8,129.088,133.088,0.18,0.44
0,FusedInferAttentionScore,"[[1,1024],[1024,4096]]",vllm/worker/model_runner.py:1234,6.5,9.8,75.682,79.682,0.18,0.44
0,RmsNorm,"[[1,1024],[1024,4096]]",vllm/worker/model_runner.py:1234,6.5,9.8,22.031,26.031,0.18,0.44
0,AllReduce,"[[1,1024],[1024,4096]]",vllm/worker/model_runner.py:1234,6.5,9.8,32.802,36.802,0.18,0.44
0,MatMulV2,"[[1,1024],[1024,4096]]",vllm/worker/model_runner.py:1234,6.5,9.8,130.94,134.94,0.18,0.44
0,FusedInferAttentionScore,"[[1,1024],[1024,4096]]",vllm/worker/model_runner.py:1234,6.5,9.8,64.141,68.141,0.18,0.44
0,RmsNorm,"[[1,1024],[1024,4096]]",vllm/worker/model_runner.py:1234,6.5,9.8,22.824,26.824,0.18,0.44
0,AllReduce,"[[1,1024],[1024,4096]]",vllm/worker/model_runner.py:1234,6.5,9.8,33.144,37.144,0.18,0.44
0,MatMulV2,"[[1,1024],[1024,4096]]",vllm/worker/model_runner.py:1234,6.5,9.8,127.967,131.96699999999998,0.18,0.44
0,FusedInferAttentionScore,"[[1,1024],[1024,4096]]",vllm/worker/model_runner.py:1234,6.5,9.8,72.364,76.364,0.18,0.44
0,RmsNorm,"[[1,1024],[1024,4096]]",vllm/worker/model_runner.py:1234,6.5,9.8,23.841,27.841,0.18,0.44
0,AllReduce,"[[1,1024],[1024,4096]]",vllm/worker/model_runner.py:1234,6.5,9.8,37.251,41.251,0.18,0.44
0,MatMulV2,"[[1,1024],[1024,4096]]",vllm/worker/model_runner.py:1234,6.5,9.8,130.296,134.296,0.18,0.44
0,FusedInferAttentionScore,"[[1,1024],[1024,4096]]",vllm/worker/model_runner.py:1234,6.5,9.8,66.086,70.086,0.18,0.44
0,RmsNorm,"[[1,1024],[1024,4096]]",vllm/worker/model_runner.py:1234,6.5,9.8,26.306,30.306,0.18,0.44
0,AllReduce,"[[1,1024],[1024,4096]]",vllm/worker/model_runner.py:1234,6.5,9.8,36.516,40.516,0.18,0.44
0,MatMulV2,"[[1,1024],[1024,4096]]",vllm/worker/model_runner.py:1234,6.5,9.8,115.752,119.752,0.18,0.44
0,FusedInferAttentionScore,"[[1,1024],[1024,4096]]",vllm/worker/model_runner.py:1234,6.5,9.8,76.377,80.377,0.18,0.44
0,RmsNorm,"[[1,1024],[1024,4096]]",vllm/worker/model_runner.py:1234,6.5,9.8,19.648,23.648,0.18,0.44
0,AllReduce,"[[1,1024],[1024,4096]]",vllm/worker/model_runner.py:1234,6.5,9.8,31.986,35.986000000000004,0.18,0.44
0,MatMulV2,"[[1,1024],[1024,4096]]",vllm/worker/model_runner.py:1234,6.5,9.8,124.868,128.868,0.18,0.44
0,FusedInferAttentionScore,"[[1,1024],[1024,4096]]",vllm/worker/model_runner.py:1234,6.5,9.8,63.901,67.90100000000001,0.18,0.44
0,RmsNorm,"[[1,1024],[1024,4096]]",vllm/worker/model_runner.py:1234,6.5,9.8,19.258,23.258,0.18,0.44
0,AllReduce,"[[1,1024],[1024,4096]]",vllm/worker/model_runner.py:1234,6.5,9.8,32.537,36.537,0.18,0.44
0,MatMulV2,"[[1,1024],[1024,4096]]",vllm/worker/model_runner.py:1234,6.5,9.8,122.285,126.285,0.18,0.44
0,FusedInferAttentionScore,"[[1,1024],[1024,4096]]",vllm/worker/model_runner.py:1234,6.5,9.8,76.719,80.719,0.18,0.44
0,RmsNorm,"[[1,1024],[1024,4096]]",vllm/worker/model_runner.py:1234,6.5,9.8,27.991,31.991,0.18,0.44
0,AllReduce,"[[1,1024],[1024,4096]]",vllm/worker/model_runner.py:1234,6.5,9.8,34.163,38.163,0.18,0.44
0,MatMulV2,"[[1,1024],[1024,4096]]",vllm/worker/model_runner.py:1234,6.5,9.8,131.932,135.932,0.18,0.44
0,FusedInferAttentionScore,"[[1,1024],[1024,4096]]",vllm/worker/model_runner.py:1234,6.5,9.8,69.186,73.186,0.18,0.44
0,RmsNorm,"[[1,1024],[1024,4096]]",vllm/worker/model_runner.py:1234,6.5,9.8,24.747,28.747,0.18,0.44
0,AllReduce,"[[1,1024],[1024,4096]]",vllm/worker/model_runner.py:1234,6.5,9.8,34.479,38.479,0.18,0.44
0,MatMulV2,"[[1,1024],[1024,4096]]",vllm/worker/model_runner.py:1234,6.5,9.8,127.347,131.34699999999998,0.18,0.44
0,FusedInferAttentionScore,"[[1,1024],[1024,4096]]",vllm/worker/model_runner.py:1234,6.5,9.8,69.071,73.071,0.18,0.44
0,RmsNorm,"[[1,1024],[1024,4096]]",vllm/worker/model_runner.py:1234,6.5,9.8,28.285,32.285,0.18,0.44
0,AllReduce,"[[1,1024],[1024,4096]]",vllm/worker/model_runner.py:1234,6.5,9.8,36.191,40.191,0.18,0.44
0,MatMulV2,"[[1,1024],[1024,4096]]",vllm/worker/model_runner.py:1234,6.5,9.8,124.535,128.535,0.18,0.44
0,FusedInferAttentionScore,"[[1,1024],[1024,4096]]",vllm/worker/model_runner.py:1234,6.5,9.8,67.477,71.477,0.18,0.44
0,RmsNorm,"[[1,1024],[1024,4096]]",vllm/worker/model_runner.py:1234,6.5,9.8,27.626,31.626,0.18,0.44
0,AllReduce,"[[1,1024],[1024,4096]]",vllm/worker/model_runner.py:1234,6.5,9.8,35.844,39.844,0.18,0.44
0,MatMulV2,"[[1,1024],[1024,4096]]",vllm/worker/model_runner.py:1234,6.5,9.8,110.087,114.087,0.18,0.44
0,FusedInferAttentionScore,"[[1,1024],[1024,4096]]",vllm/worker/model_runner.py:1234,6.5,9.8,65.768,69.768,0.18,0.44
0,RmsNorm,"[[1,1024],[1024,4096]]",vllm/worker/model_runner.py:1234,6.5,9.8,19.768,23.768,0.18,0.44
0,AllReduce,"[[1,1024],[1024,4096]]",vllm/worker/model_runner.py:1234,6.5,9.8,31.605,35.605000000000004,0.18,0.44
0,aclrtMemcpyAsync_D2H,"[[1,1024],[1024,4096]]",vllm/worker/model_runner.py:1234,6.5,9.8,260,264,0.18,0.44
0,MatMulV2,"[[1,1024],[1024,4096]]",vllm/worker/model_runner.py:1234,6.5,9.8,114.599,118.599,0.18,0.44
0,FusedInferAttentionScore,"[[1,1024],[1024,4096]]",vllm/worker/model_runner.py:1234,6.5,9.8,64.063,68.063,0.18,0.44
0,RmsNorm,"[[1,1024],[1024,4096]]",vllm/worker/model_runner.py:1234,6.5,9.8,26.913,30.913,0.18,0.44
0,AllReduce,"[[1,1024],[1024,4096]]",vllm/worker/model_runner.py:1234,6.5,9.8,36.065,40.065,0.18,0.44
0,MatMulV2,"[[1,1024],[1024,4096]]",vllm/worker/model_runner.py:1234,6.5,9.8,116.85,120.85,0.18,0.44
0,FusedInferAttentionScore,"[[1,1024],[1024,4096]]",vllm/worker/model_runner.py:1234,6.5,9.8,66.525,70.525,0.18,0.44
0,RmsNorm,"[[1,1024],[1024,4096]]",vllm/worker/model_runner.py:1234,6.5,9.8,23.447,27.447,0.18,0.44
0,AllReduce,"[[1,1024],[1024,4096]]",vllm/worker/model_runner.py:1234,6.5,9.8,34.121,38.121,0.18,0.44
0,MatMulV2,"[[1,1024],[1024,4096]]",vllm/worker/model_runner.py:1234,6.5,9.8,109.279,113.279,0.18,0.44
0,FusedInferAttentionScore,"[[1,1024],[1024,4096]]",vllm/worker/model_runner.py:1234,6.5,9.8,69.334,73.334,0.18,0.44
0,RmsNorm,"[[1,1024],[1024,4096]]",vllm/worker/model_runner.py:1234,6.5,9.8,23.441,27.441,0.18,0.44
0,AllReduce,"[[1,1024],[1024,4096]]",vllm/worker/model_runner.py:1234,6.5,9.8,34.532,38.532,0.18,0.44
0,MatMulV2,"[[1,1024],[1024,4096]]",vllm/worker/model_runner.py:1234,6.5,9.8,129.79,133.79,0.18,0.44
0,FusedInferAttentionScore,"[[1,1024],[1024,4096]]",vllm/worker/model_runner.py:1234,6.5,9.8,71.303,75.303,0.18,0.44
0,RmsNorm,"[[1,1024],[1024,4096]]",vllm/worker/model_runner.py:1234,6.5,9.8,19.2,23.2,0.18,0.44
0,AllReduce,"[[1,1024],[1024,4096]]",vllm/worker/model_runner.py:1234,6.5,9.8,34.201,38.201,0.18,0.44
0,MatMulV2,"[[1,1024],[1024,4096]]",vllm/worker/model_runner.py:1234,6.5,9.8,116.719,120.719,0.18,0.44
0,FusedInferAttentionScore,"[[1,1024],[1024,4096]]",vllm/worker/model_runner.py:1234,6.5,9.8,69.089,73.089,0.18,0.44
0,RmsNorm,"[[1,1024],[1024,4096]]",vllm/worker/model_runner.py:1234,6.5,9.8,23.454,27.454,0.18,0.44
0,AllReduce,"[[1,1024],[1024,4096]]",vllm/worker/model_runner.py:1234,6.5,9.8,32.462,36.462,0.18,0.44
0,MatMulV2,"[[1,1024],[1024,4096]]",vllm/worker/model_runner.py:1234,6.5,9.8,122.786,126.786,0.18,0.44
0,FusedInferAttentionScore,"[[1,1024],[1024,4096]]",vllm/worker/model_runner.py:1234,6.5,9.8,65.755,69.755,0.18,0.44
0,RmsNorm,"[[1,1024],[1024,4096]]",vllm/worker/model_runner.py:1234,6.5,9.8,24.215,28.215,0.18,0.44
0,AllReduce,"[[1,1024],[1024,4096]]",vllm/worker/model_runner.py:1234,6.5,9.8,33.427,37.427,0.18,0.44
0,MatMulV2,"[[1,1024],[1024,4096]]",vllm/worker/model_runner.py:1234,6.5,9.8,112.927,116.927,0.18,0.44
0,FusedInferAttentionScore,"[[1,1024],[1024,4096]]",vllm/worker/model_runner.py:1234,6.5,9.8,66.669,70.669,0.18,0.44
0,RmsNorm,"[[1,1024],[1024,4096]]",vllm/worker/model_runner.py:1234,6.5,9.8,23.467,27.467,0.18,0.44
0,AllReduce,"[[1,1024],[1024,4096]]",vllm/worker/model_runner.py:1234,6.5,9.8,34.789,38.789,0.18,0.44
0,MatMulV2,"[[1,1024],[1024,4096]]",vllm/worker/model_runner.py:1234,6.5,9.8,112.85,116.85,0.18,0.44
0,FusedInferAttentionScore,"[[1,1024],[1024,4096]]",vllm/worker/model_runner.py:1234,6.5,9.8,68.183,72.183,0.18,0.44
0,RmsNorm,"[[1,1024],[1024,4096]]",vllm/worker/model_runner.py:1234,6.5,9.8,26.02,30.02,0.18,0.44
0,AllReduce,"[[1,1024],[1024,4096]]",vllm/worker/model_runner.py:1234,6.5,9.8,37.194,41.194,0.18,0.44
0,MatMulV2,"[[1,1024],[1024,4096]]",vllm/worker/model_runner.py:1234,6.5,9.8,113.226,117.226,0.18,0.44
0,FusedInferAttentionScore,"[[1,1024],[1024,4096]]",vllm/worker/model_runner.py:1234,6.5,9.8,76.094,80.094,0.18,0.44
0,RmsNorm,"[[1,1024],[1024,4096]]",vllm/worker/model_runner.py:1234,6.5,9.8,20.088,24.088,0.18,0.44
0,AllReduce,"[[1,1024],[1024,4096]]",vllm/worker/model_runner.py:1234,6.5,9.8,35.181,39.181,0.18,0.44
0,MatMulV2,"[[1,1024],[1024,4096]]",vllm/worker/model_runner.py:1234,6.5,9.8,124.359,128.35899999999998,0.18,0.44
0,FusedInferAttentionScore,"[[1,1024],[1024,4096]]",vllm/worker/model_runner.py:1234,6.5,9.8,68.317,72.317,0.18,0.44
0,RmsNorm,"[[1,1024],[1024,4096]]",vllm/worker/model_runner.py:1234,6.5,9.8,22.338,26.338,0.18,0.44
0,AllReduce,"[[1,1024],[1024,4096]]",vllm/worker/model_runner.py:1234,6.5,9.8,34.007,38.007,0.18,0.44
0,MatMulV2,"[[1,1024],[1024,4096]]",vllm/worker/model_runner.py:1234,6.5,9.8,110.233,114.233,0.18,0.44
0,FusedInferAttentionScore,"[[1,1024],[1024,4096]]",vllm/worker/model_runner.py:1234,6.5,9.8,71.777,75.777,0.18,0.44
0,RmsNorm,"[[1,1024],[1024,4096]]",vllm/worker/model_runner.py:1234,6.5,9.8,22.561,26.561,0.18,0.44
0,AllReduce,"[[1,1024],[1024,4096]]",vllm/worker/model_runner.py:1234,6.5,9.8,36.348,40.348,0.18,0.44
0,MatMulV2,"[[1,1024],[1024,4096]]",vllm/worker/model_runner.py:1234,6.5,9.8,112.793,116.793,0.18,0.44
0,FusedInferAttentionScore,"[[1,1024],[1024,4096]]",vllm/worker/model_runner.py:1234,6.5,9.8,64.963,68.963,0.18,0.44
0,RmsNorm,"[[1,1024],[1024,4096]]",vllm/worker/model_runner.py:1234,6.5,9.8,20.719,24.719,0.18,0.44
0,AllReduce,"[[1,1024],[1024,4096]]",vllm/worker/model_runner.py:1234,6.5,9.8,33.001,37.001,0.18,0.44
0,MatMulV2,"[[1,1024],[1024,4096]]",vllm/worker/model_runner.py:1234,6.5,9.8,115.348,119.348,0.18,0.44
0,FusedInferAttentionScore,"[[1,1024],[1024,4096]]",vllm/worker/model_runner.py:1234,6.5,9.8,65.117,69.117,0.18,0.44
0,RmsNorm,"[[1,1024],[1024,4096]]",vllm/worker/model_runner.py:1234,6.5,9.8,25.107,29.107,0.18,0.44
0,AllReduce,"[[1,1024],[1024,4096]]",vllm/worker/model_runner.py:1234,6.5,9.8,33.374,37.374,0.18,0.44
0,MatMulV2,"[[1,1024],[1024,4096]]",vllm/worker/model_runner.py:1234,6.5,9.8,111.967,115.967,0.18,0.44
0,FusedInferAttentionScore,"[[1,1024],[1024,4096]]",vllm/worker/model_runner.py:1234,6.5,9.8,76.537,80.537,0.18,0.44
0,RmsNorm,"[[1,1024],[1024,4096]]",vllm/worker/model_runner.py:1234,6.5,9.8,26.792,30.792,0.18,0.44
0,AllReduce,"[[1,1024],[1024,4096]]",vllm/worker/model_runner.py:1234,6.5,9.8,37.286,41.286,0.18,0.44
0,MatMulV2,"[[1,1024],[1024,4096]]",vllm/worker/model_runner.py:1234,6.5,9.8,111.735,115.735,0.18,0.44
0,FusedInferAttentionScore,"[[1,1024],[1024,4096]]",vllm/worker/model_runner.py:1234,6.5,9.8,69.956,73.956,0.18,0.44
0,RmsNorm,"[[1,1024],[1024,4096]]",vllm/worker/model_runner.py:1234,6.5,9.8,25.472,29.472,0.18,0.44
0,AllReduce,"[[1,1024],[1024,4096]]",vllm/worker/model_runner.py:1234,6.5,9.8,34.874,38.874,0.18,0.44
0,MatMulV2,"[[1,1024],[1024,4096]]",vllm/worker/model_runner.py:1234,6.5,9.8,124.764,128.764,0.18,0.44
0,FusedInferAttentionScore,"[[1,1024],[1024,4096]]",vllm/worker/model_runner.py:1234,6.5,9.8,68.462,72.462,0.18,0.44
0,RmsNorm,"[[1,1024],[1024,4096]]",vllm/worker/model_runner.py:1234,6.5,9.8,21.107,25.107,0.18,0.44
0,AllReduce,"[[1,1024],[1024,4096]]",vllm/worker/model_runner.py:1234,6.5,9.8,34.715,38.715,0.18,0.44
0,MatMulV2,"[[1,1024],[1024,4096]]",vllm/worker/model_runner.py:1234,6.5,9.8,110.807,114.807,0.18,0.44
0,FusedInferAttentionScore,"[[1,1024],[1024,4096]]",vllm/worker/model_runner.py:1234,6.5,9.8,68.93,72.93,0.18,0.44
0,RmsNorm,"[[1,1024],[1024,4096]]",vllm/worker/model_runner.py:1234,6.5,9.8,22.471,26.471,0.18,0.44
0,AllReduce,"[[1,1024],[1024,4096]]",vllm/worker/model_runner.py:1234,6.5,9.8,33.574,37.574,0.18,0.44
0,MatMulV2,"[[1,1024],[1024,4096]]",vllm/worker/model_runner.py:1234,6.5,9.8,117.375,121.375,0.18,0.44
0,FusedInferAttentionScore,"[[1,1024],[1024,4096]]",vllm/worker/model_runner.py:1234,6.5,9.8,63.446,67.446,0.18,0.44
0,RmsNorm,"[[1,1024],[1024,4096]]",vllm/worker/model_runner.py:1234,6.5,9.8,20.576,24.576,0.18,0.44
0,AllReduce,"[[1,1024],[1024,4096]]",vllm/worker/model_runner.py:1234,6.5,9.8,33.278,37.278,0.18,0.44
0,MatMulV2,"[[1,1024],[1024,4096]]",vllm/worker/model_runner.py:1234,6.5,9.8,120.212,124.212,0.18,0.44
0,FusedInferAttentionScore,"[[1,1024],[1024,4096]]",vllm/worker/model_runner.py:1234,6.5,9.8,64.672,68.672,0.18,0.44
0,RmsNorm,"[[1,1024],[1024,4096]]",vllm/worker/model_runner.py:1234,6.5,9.8,21.325,25.325,0.18,0.44
0,AllReduce,"[[1,1024],[1024,4096]]",vllm/worker/model_runner.py:1234,6.5,9.8,35.122,39.122,0.18,0.44
0,MatMulV2,"[[1,1024],[1024,4096]]",vllm/worker/model_runner.py:1234,6.5,9.8,117.025,121.025,0.18,0.44
0,FusedInferAttentionScore,"[[1,1024],[1024,4096]]",vllm/worker/model_runner.py:1234,6.5,9.8,70.636,74.636,0.18,0.44
0,RmsNorm,"[[1,1024],[1024,4096]]",vllm/worker/model_runner.py:1234,6.5,9.8,22.92,26.92,0.18,0.44
0,AllReduce,"[[1,1024],[1024,4096]]",vllm/worker/model_runner.py:1234,6.5,9.8,32.323,36.323,0.18,0.44
0,MatMulV2,"[[1,1024],[1024,4096]]",vllm/worker/model_runner.py:1234,6.5,9.8,119.316,123.316,0.18,0.44
0,FusedInferAttentionScore,"[[1,1024],[1024,4096]]",vllm/worker/model_runner.py:1234,6.5,9.8,75.911,79.911,0.18,0.44
0,RmsNorm,"[[1,1024],[1024,4096]]",vllm/worker/model_runner.py:1234,6.5,9.8,27.613,31.613,0.18,0.44
0,AllReduce,"[[1,1024],[1024,4096]]",vllm/worker/model_runner.py:1234,6.5,9.8,36.316,40.316,0.18,0.44
0,MatMulV2,"[[1,1024],[1024,4096]]",vllm/worker/model_runner.py:1234,6.5,9.8,125.216,129.216,0.18,0.44
0,FusedInferAttentionScore,"[[1,1024],[1024,4096]]",vllm/worker/model_runner.py:1234,6.5,9.8,71.647,75.647,0.18,0.44
0,RmsNorm,"[[1,1024],[1024,4096]]",vllm/worker/model_runner.py:1234,6.5,9.8,26.11,30.11,0.18,0.44
0,AllReduce,"[[1,1024],[1024,4096]]",vllm/worker/model_runner.py:1234,6.5,9.8,31.603,35.603,0.18,0.44
0,MatMulV2,"[[1,1024],[1024,4096]]",vllm/worker/model_runner.py:1234,6.5,9.8,114.186,118.186,0.18,0.44
0,FusedInferAttentionScore,"[[1,1024],[1024,4096]]",vllm/worker/model_runner.py:1234,6.5,9.8,64.434,68.434,0.18,0.44
0,RmsNorm,"[[1,1024],[1024,4096]]",vllm/worker/model_runner.py:1234,6.5,9.8,20.211,24.211,0.18,0.44
0,AllReduce,"[[1,1024],[1024,4096]]",vllm/worker/model_runner.py:1234,6.5,9.8,34.364,38.364,0.18,0.44
0,MatMulV2,"[[1,1024],[1024,4096]]",vllm/worker/model_runner.py:1234,6.5,9.8,110.454,114.454,0.18,0.44
0,FusedInferAttentionScore,"[[1,1024],[1024,4096]]",vllm/worker/model_runner.py:1234,6.5,9.8,63.459,67.459,0.18,0.44
0,RmsNorm,"[[1,1024],[1024,4096]]",vllm/worker/model_runner.py:1234,6.5,9.8,26.813,30.813,0.18,0.44
0,AllReduce,"[[1,1024],[1024,4096]]",vllm/worker/model_runner.py:1234,6.5,9.8,37.338,41.338,0.18,0.44
0,MatMulV2,"[[1,1024],[1024,4096]]",vllm/worker/model_runner.py:1234,6.5,9.8,128.078,132.078,0.18,0.44
0,FusedInferAttentionScore,"[[1,1024],[1024,4096]]",vllm/worker/model_runner.py:1234,6.5,9.8,72.924,76.924,0.18,0.44
0,RmsNorm,"[[1,1024],[1024,4096]]",vllm/worker/model_runner.py:1234,6.5,9.8,28.038,32.038,0.18,0.44
0,AllReduce,"[[1,1024],[1024,4096]]",vllm/worker/model_runner.py:1234,6.5,9.8,33.164,37.164,0.18,0.44
0,MatMulV2,"[[1,1024],[1024,4096]]",vllm/worker/model_runner.py:1234,6.5,9.8,128.49,132.49,0.18,0.44
0,FusedInferAttentionScore,"[[1,1024],[1024,4096]]",vllm/worker/model_runner.py:1234,6.5,9.8,74.199,78.199,0.18,0.44
0,RmsNorm,"[[1,1024],[1024,4096]]",vllm/worker/model_runner.py:1234,6.5,9.8,26.635,30.635,0.18,0.44
0,AllReduce,"[[1,1024],[1024,4096]]",vllm/worker/model_runner.py:1234,6.5,9.8,31.317,35.317,0.18,0.44
0,MatMulV2,"[[1,1024],[1024,4096]]",vllm/worker/model_runner.py:1234,6.5,9.8,127.419,131.41899999999998,0.18,0.44
0,FusedInferAttentionScore,"[[1,1024],[1024,4096]]",vllm/worker/model_runner.py:1234,6.5,9.8,69.675,73.675,0.18,0.44
0,RmsNorm,"[[1,1024],[1024,4096]]",vllm/worker/model_runner.py:1234,6.5,9.8,22.598,26.598,0.18,0.44
0,AllReduce,"[[1,1024],[1024,4096]]",vllm/worker/model_runner.py:1234,6.5,9.8,33.013,37.013,0.18,0.44
0,MatMulV2,"[[1,1024],[1024,4096]]",vllm/worker/model_runner.py:1234,6.5,9.8,114.048,118.048,0.18,0.44
0,FusedInferAttentionScore,"[[1,1024],[1024,4096]]",vllm/worker/model_runner.py:1234,6.5,9.8,67.79,71.79,0.18,0.44
0,RmsNorm,"[[1,1024],[1024,4096]]",vllm/worker/model_runner.py:1234,6.5,9.8,26.963,30.963,0.18,0.44
0,AllReduce,"[[1,1024],[1024,4096]]",vllm/worker/model_runner.py:1234,6.5,9.8,32.215,36.215,0.18,0.44
0,MatMulV2,"[[1,1024],[1024,4096]]",vllm/worker/model_runner.py:1234,6.5,9.8,123.292,127.292,0.18,0.44
0,FusedInferAttentionScore,"[[1,1024],[1024,4096]]",vllm/worker/model_runner.py:1234,6.5,9.8,74.186,78.186,0.18,0.44
0,RmsNorm,"[[1,1024],[1024,4096]]",vllm/worker/model_runner.py:1234,6.5,9.8,19.924,23.924,0.18,0.44
0,AllReduce,"[[1,1024],[1024,4096]]",vllm/worker/model_runner.py:1234,6.5,9.8,30.936,34.936,0.18,0.44
0,MatMulV2,"[[1,1024],[1024,4096]]",vllm/worker/model_runner.py:1234,6.5,9.8,112.064,116.064,0.18,0.44
0,FusedInferAttentionScore,"[[1,1024],[1024,4096]]",vllm/worker/model_runner.py:1234,6.5,9.8,73.482,77.482,0.18,0.44
0,RmsNorm,"[[1,1024],[1024,4096]]",vllm/worker/model_runner.py:1234,6.5,9.8,22.014,26.014,0.18,0.44
0,AllReduce,"[[1,1024],[1024,4096]]",vllm/worker/model_runner.py:1234,6.5,9.8,31.537,35.537,0.18,0.44
0,MatMulV2,"[[1,1024],[1024,4096]]",vllm/worker/model_runner.py:1234,6.5,9.8,112.418,116.418,0.18,0.44
0,FusedInferAttentionScore,"[[1,1024],[1024,4096]]",vllm/worker/model_runner.py:1234,6.5,9.8,73.62,77.62,0.18,0.44
0,RmsNorm,"[[1,1024],[1024,4096]]",vllm/worker/model_runner.py:1234,6.5,9.8,27.123,31.123,0.18,0.44
0,AllReduce,"[[1,1024],[1024,4096]]",vllm/worker/model_runner.py:1234,6.5,9.8,31.646,35.646,0.18,0.44
0,MatMulV2,"[[1,1024],[1024,4096]]",vllm/worker/model_runner.py:1234,6.5,9.8,111.064,115.064,0.18,0.44
0,FusedInferAttentionScore,"[[1,1024],[1024,4096]]",vllm/worker/model_runner.py:1234,6.5,9.8,76.619,80.619,0.18,0.44
0,RmsNorm,"[[1,1024],[1024,4096]]",vllm/worker/model_runner.py:1234,6.5,9.8,24.846,28.846,0.18,0.44
0,AllReduce,"[[1,1024],[1024,4096]]",vllm/worker/model_runner.py:1234,6.5,9.8,35.908,39.908,0.18,0.44
0,aclrtMemcpyAsync_D2H,"[[1,1024],[1024,4096]]",vllm/worker/model_runner.py:1234,6.5,9.8,260,264,0.18,0.44
0,MatMulV2,"[[1,1024],[1024,4096]]",vllm/worker/model_runner.py:1234,6.5,9.8,120.17,124.17,0.18,0.44
0,FusedInferAttentionScore,"[[1,1024],[1024,4096]]",vllm/worker/model_runner.py:1234,6.5,9.8,64.588,68.588,0.18,0.44
0,RmsNorm,"[[1,1024],[1024,4096]]",vllm/worker/model_runner.py:1234,6.5,9.8,28.282,32.282,0.18,0.44
0,AllReduce,"[[1,1024],[1024,4096]]",vllm/worker/model_runner.py:1234,6.5,9.8,33.38,37.38,0.18,0.44
0,MatMulV2,"[[1,1024],[1024,4096]]",vllm/worker/model_runner.py:1234,6.5,9.8,118.577,122.577,0.18,0.44
0,FusedInferAttentionScore,"[[1,1024],[1024,4096]]",vllm/worker/model_runner.py:1234,6.5,9.8,72.583,76.583,0.18,0.44
0,RmsNorm,"[[1,1024],[1024,4096]]",vllm/worker/model_runner.py:1234,6.5,9.8,28.773,32.772999999999996,0.18,0.44
0,AllReduce,"[[1,1024],[1024,4096]]",vllm/worker/model_runner.py:1234,6.5,9.8,33.341,37.341,0.18,0.44
0,MatMulV2,"[[1,1024],[1024,4096]]",vllm/worker/model_runner.py:1234,6.5,9.8,127.172,131.172,0.18,0.44
0,FusedInferAttentionScore,"[[1,1024],[1024,4096]]",vllm/worker/model_runner.py:1234,6.5,9.8,67.206,71.206,0.18,0.44
0,RmsNorm,"[[1,1024],[1024,4096]]",vllm/worker/model_runner.py:1234,6.5,9.8,25.863,29.863,0.18,0.44
0,AllReduce,"[[1,1024],[1024,4096]]",vllm/worker/model_runner.py:1234,6.5,9.8,34.004,38.004,0.18,0.44
0,MatMulV2,"[[1,1024],[1024,4096]]",vllm/worker/model_runner.py:1234,6.5,9.8,115.895,119.895,0.18,0.44
0,FusedInferAttentionScore,"[[1,1024],[1024,4096]]",vllm/worker/model_runner.py:1234,6.5,9.8,64.531,68.531,0.18,0.44
0,RmsNorm,"[[1,1024],[1024,4096]]",vllm/worker/model_runner.py:1234,6.5,9.8,25.233,29.233,0.18,0.44
0,AllReduce,"[[1,1024],[1024,4096]]",vllm/worker/model_runner.py:1234,6.5,9.8,36.455,40.455,0.18,0.44
0,MatMulV2,"[[1,1024],[1024,4096]]",vllm/worker/model_runner.py:1234,6.5,9.8,126.421,130.421,0.18,0.44
0,FusedInferAttentionScore,"[[1,1024],[1024,4096]]",vllm/worker/model_runner.py:1234,6.5,9.8,71.277,75.277,0.18,0.44
0,RmsNorm,"[[1,1024],[1024,4096]]",vllm/worker/model_runner.py:1234,6.5,9.8,27.605,31.605,0.18,0.44
0,AllReduce,"[[1,1024],[1024,4096]]",vllm/worker/model_runner.py:1234,6.5,9.8,31.569,35.569,0.18,0.44
0,MatMulV2,"[[1,1024],[1024,4096]]",vllm/worker/model_runner.py:1234,6.5,9.8,109.122,113.122,0.18,0.44
0,FusedInferAttentionScore,"[[1,1024],[1024,4096]]",vllm/worker/model_runner.py:1234,6.5,9.8,64.225,68.225,0.18,0.44
0,RmsNorm,"[[1,1024],[1024,4096]]",vllm/worker/model_runner.py:1234,6.5,9.8,27.343,31.343,0.18,0.44
0,AllReduce,"[[1,1024],[1024,4096]]",vllm/worker/model_runner.py:1234,6.5,9.8,31.902,35.902,0.18,0.44
0,MatMulV2,"[[1,1024],[1024,4096]]",vllm/worker/model_runner.py:1234,6.5,9.8,131.668,135.668,0.18,0.44
0,FusedInferAttentionScore,"[[1,1024],[1024,4096]]",vllm/worker/model_runner.py:1234,6.5,9.8,64.962,68.962,0.18,0.44
0,RmsNorm,"[[1,1024],[1024,4096]]",vllm/worker/model_runner.py:1234,6.5,9.8,20.875,24.875,0.18,0.44
0,AllReduce,"[[1,1024],[1024,4096]]",vllm/worker/model_runner.py:1234,6.5,9.8,34.347,38.347,0.18,0.44
0,MatMulV2,"[[1,1024],[1024,4096]]",vllm/worker/model_runner.py:1234,6.5,9.8,110.666,114.666,0.18,0.44
0,FusedInferAttentionScore,"[[1,1024],[1024,4096]]",vllm/worker/model_runner.py:1234,6.5,9.8,76.561,80.561,0.18,0.44
0,RmsNorm,"[[1,1024],[1024,4096]]",vllm/worker/model_runner.py:1234,6.5,9.8,27.513,31.513,0.18,0.44
0,AllReduce,"[[1,1024],[1024,4096]]",vllm/worker/model_runner.py:1234,6.5,9.8,32.22,36.22,0.18,0.44
0,MatMulV2,"[[1,1024],[1024,4096]]",vllm/worker/model_runner.py:1234,6.5,9.8,119.68,123.68,0.18,0.44
0,FusedInferAttentionScore,"[[1,1024],[1024,4096]]",vllm/worker/model_runner.py:1234,6.5,9.8,72.278,76.278,0.18,0.44
0,RmsNorm,"[[1,1024],[1024,4096]]",vllm/worker/model_runner.py:1234,6.5,9.8,21.995,25.995,0.18,0.44
0,AllReduce,"[[1,1024],[1024,4096]]",vllm/worker/model_runner.py:1234,6.5,9.8,33.977,37.977,0.18,0.44
0,MatMulV2,"[[1,1024],[1024,4096]]",vllm/worker/model_runner.py:1234,6.5,9.8,125.04,129.04000000000002,0.18,0.44
0,FusedInferAttentionScore,"[[1,1024],[1024,4096]]",vllm/worker/model_runner.py:1234,6.5,9.8,75.863,79.863,0.18,0.44
0,RmsNorm,"[[1,1024],[1024,4096]]",vllm/worker/model_runner.py:1234,6.5,9.8,26.12,30.12,0.18,0.44
0,AllReduce,"[[1,1024],[1024,4096]]",vllm/worker/model_runner.py:1234,6.5,9.8,33.826,37.826,0.18,0.44
0,MatMulV2,"[[1,1024],[1024,4096]]",vllm/worker/model_runner.py:1234,6.5,9.8,118.789,122.789,0.18,0.44
0,FusedInferAttentionScore,"[[1,1024],[1024,4096]]",vllm/worker/model_runner.py:1234,6.5,9.8,68.583,72.583,0.18,0.44
0,RmsNorm,"[[1,1024],[1024,4096]]",vllm/worker/model_runner.py:1234,6.5,9.8,23.612,27.612,0.18,0.44
0,AllReduce,"[[1,1024],[1024,4096]]",vllm/worker/model_runner.py:1234,6.5,9.8,30.822,34.822,0.18,0.44
0,MatMulV2,"[[1,1024],[1024,4096]]",vllm/worker/model_runner.py:1234,6.5,9.8,112.157,116.157,0.18,0.44
0,FusedInferAttentionScore,"[[1,1024],[1024,4096]]",vllm/worker/model_runner.py:1234,6.5,9.8,63.549,67.549,0.18,0.44
0,RmsNorm,"[[1,1024],[1024,4096]]",vllm/worker/model_runner.py:1234,6.5,9.8,27.173,31.173,0.18,0.44
0,AllReduce,"[[1,1024],[1024,4096]]",vllm/worker/model_runner.py:1234,6.5,9.8,31.532,35.532,0.18,0.44
0,MatMulV2,"[[1,1024],[1024,4096]]",vllm/worker/model_runner.py:1234,6.5,9.8,130.937,134.937,0.18,0.44
0,FusedInferAttentionScore,"[[1,1024],[1024,4096]]",vllm/worker/model_runner.py:1234,6.5,9.8,75.43,79.43,0.18,0.44
0,RmsNorm,"[[1,1024],[1024,4096]]",vllm/worker/model_runner.py:1234,6.5,9.8,24.265,28.265,0.18,0.44
0,AllReduce,"[[1,1024],[1024,4096]]",vllm/worker/model_runner.py:1234,6.5,9.8,34.241,38.241,0.18,0.44
0,MatMulV2,"[[1,1024],[1024,4096]]",vllm/worker/model_runner.py:1234,6.5,9.8,120.126,124.126,0.18,0.44
0,FusedInferAttentionScore,"[[1,1024],[1024,4096]]",vllm/worker/model_runner.py:1234,6.5,9.8,67.175,71.175,0.18,0.44
0,RmsNorm,"[[1,1024],[1024,4096]]",vllm/worker/model_runner.py:1234,6.5,9.8,20.183,24.183,0.18,0.44
0,AllReduce,"[[1,1024],[1024,4096]]",vllm/worker/model_runner.py:1234,6.5,9.8,35.187,39.187,0.18,0.44
0,MatMulV2,"[[1,1024],[1024,4096]]",vllm/worker/model_runner.py:1234,6.5,9.8,127.224,131.224,0.18,0.44
0,FusedInferAttentionScore,"[[1,1024],[1024,4096]]",vllm/worker/model_runner.py:1234,6.5,9.8,70.796,74.796,0.18,0.44
0,RmsNorm,"[[1,1024],[1024,4096]]",vllm/worker/model_runner.py:1234,6.5,9.8,24.956,28.956,0.18,0.44
0,AllReduce,"[[1,1024],[1024,4096]]",vllm/worker/model_runner.py:1234,6.5,9.8,31.001,35.001000000000005,0.18,0.44
0,MatMulV2,"[[1,1024],[1024,4096]]",vllm/worker/model_runner.py:1234,6.5,9.8,131.55,135.55,0.18,0.44
0,FusedInferAttentionScore,"[[1,1024],[1024,4096]]",vllm/worker/model_runner.py:1234,6.5,9.8,66.853,70.853,0.18,0.44
0,RmsNorm,"[[1,1024],[1024,4096]]",vllm/worker/model_runner.py:1234,6.5,9.8,25.034,29.034,0.18,0.44
0,AllReduce,"[[1,1024],[1024,4096]]",vllm/worker/model_runner.py:1234,6.5,9.8,34.042,38.042,0.18,0.44
0,MatMulV2,"[[1,1024],[1024,4096]]",vllm/worker/model_runner.py:1234,6.5,9.8,116.956,120.956,0.18,0.44
0,FusedInferAttentionScore,"[[1,1024],[1024,4096]]",vllm/worker/model_runner.py:1234,6.5,9.8,64.689,68.689,0.18,0.44
0,RmsNorm,"[[1,1024],[1024,4096]]",vllm/worker/model_runner.py:1234,6.5,9.8,21.515,25.515,0.18,0.44
0,AllReduce,"[[1,1024],[1024,4096]]",vllm/worker/model_runner.py:1234,6.5,9.8,37.398,41.398,0.18,0.44
0,MatMulV2,"[[1,1024],[1024,4096]]",vllm/worker/model_runner.py:1234,6.5,9.8,127.322,131.322,0.18,0.44
0,FusedInferAttentionScore,"[[1,1024],[1024,4096]]",vllm/worker/model_runner.py:1234,6.5,9.8,73.046,77.046,0.18,0.44
0,RmsNorm,"[[1,1024],[1024,4096]]",vllm/worker/model_runner.py:1234,6.5,9.8,27.047,31.047,0.18,0.44
0,AllReduce,"[[1,1024],[1024,4096]]",vllm/worker/model_runner.py:1234,6.5,9.8,31.242,35.242000000000004,0.18,0.44
0,MatMulV2,"[[1,1024],[1024,4096]]",vllm/worker/model_runner.py:1234,6.5,9.8,122.188,126.188,0.18,0.44
0,FusedInferAttentionScore,"[[1,1024],[1024,4096]]",vllm/worker/model_runner.py:1234,6.5,9.8,74.129,78.129,0.18,0.44
0,RmsNorm,"[[1,1024],[1024,4096]]",vllm/worker/model_runner.py:1234,6.5,9.8,21.573,25.573,0.18,0.44
0,AllReduce,"[[1,1024],[1024,4096]]",vllm/worker/model_runner.py:1234,6.5,9.8,31.118,35.117999999999995,0.18,0.44
0,MatMulV2,"[[1,1024],[1024,4096]]",vllm/worker/model_runner.py:1234,6.5,9.8,127.922,131.922,0.18,0.44
0,FusedInferAttentionScore,"[[1,1024],[1024,4096]]",vllm/worker/model_runner.py:1234,6.5,9.8,75.732,79.732,0.18,0.44
0,RmsNorm,"[[1,1024],[1024,4096]]",vllm/worker/model_runner.py:1234,6.5,9.8,23.053,27.053,0.18,0.44
0,AllReduce,"[[1,1024],[1024,4096]]",vllm/worker/model_runner.py:1234,6.5,9.8,32.844,36.844,0.18,0.44
0,MatMulV2,"[[1,1024],[1024,4096]]",vllm/worker/model_runner.py:1234,6.5,9.8,129.775,133.775,0.18,0.44
0,FusedInferAttentionScore,"[[1,1024],[1024,4096]]",vllm/worker/model_runner.py:1234,6.5,9.8,67.501,71.501,0.18,0.44
0,RmsNorm,"[[1,1024],[1024,4096]]",vllm/worker/model_runner.py:1234,6.5,9.8,28.528,32.528,0.18,0.44
0,AllReduce,"[[1,1024],[1024,4096]]",vllm/worker/model_runner.py:1234,6.5,9.8,34.812,38.812,0.18,0.44
0,MatMulV2,"[[1,1024],[1024,4096]]",vllm/worker/model_runner.py:1234,6.5,9.8,116.216,120.216,0.18,0.44
0,FusedInferAttentionScore,"[[1,1024],[1024,4096]]",vllm/worker/model_runner.py:1234,6.5,9.8,74.948,78.948,0.18,0.44
0,RmsNorm,"[[1,1024],[1024,4096]]",vllm/worker/model_runner.py:1234,6.5,9.8,24.859,28.859,0.18,0.44
0,AllReduce,"[[1,1024],[1024,4096]]",vllm/worker/model_runner.py:1234,6.5,9.8,32.157,36.157,0.18,0.44
0,MatMulV2,"[[1,1024],[1024,4096]]",vllm/worker/model_runner.py:1234,6.5,9.8,116.916,120.916,0.18,0.44
0,FusedInferAttentionScore,"[[1,1024],[1024,4096]]",vllm/worker/model_runner.py:1234,6.5,9.8,74.288,78.288,0.18,0.44
0,RmsNorm,"[[1,1024],[1024,4096]]",vllm/worker/model_runner.py:1234,6.5,9.8,21.314,25.314,0.18,0.44
0,AllReduce,"[[1,1024],[1024,4096]]",vllm/worker/model_runner.py:1234,6.5,9.8,31.799,35.799,0.18,0.44
0,MatMulV2,"[[1,1024],[1024,4096]]",vllm/worker/model_runner.py:1234,6.5,9.8,129.751,133.751,0.18,0.44
0,FusedInferAttentionScore,"[[1,1024],[1024,4096]]",vllm/worker/model_runner.py:1234,6.5,9.8,66.712,70.712,0.18,0.44
0,RmsNorm,"[[1,1024],[1024,4096]]",vllm/worker/model_runner.py:1234,6.5,9.8,20.12,24.12,0.18,0.44
0,AllReduce,"[[1,1024],[1024,4096]]",vllm/worker/model_runner.py:1234,6.5,9.8,37.007,41.007,0.18,0.44
0,MatMulV2,"[[1,1024],[1024,4096]]",vllm/worker/model_runner.py:1234,6.5,9.8,126.204,130.204,0.18,0.44
0,FusedInferAttentionScore,"[[1,1024],[1024,4096]]",vllm/worker/model_runner.py:1234,6.5,9.8,68.176,72.176,0.18,0.44
0,RmsNorm,"[[1,1024],[1024,4096]]",vllm/worker/model_runner.py:1234,6.5,9.8,25.971,29.971,0.18,0.44
0,AllReduce,"[[1,1024],[1024,4096]]",vllm/worker/model_runner.py:1234,6.5,9.8,33.499,37.499,0.18,0.44
0,MatMulV2,"[[1,1024],[1024,4096]]",vllm/worker/model_runner.py:1234,6.5,9.8,114.549,118.549,0.18,0.44
0,FusedInferAttentionScore,"[[1,1024],[1024,4096]]",vllm/worker/model_runner.py:1234,6.5,9.8,68.31,72.31,0.18,0.44
0,RmsNorm,"[[1,1024],[1024,4096]]",vllm/worker/model_runner.py:1234,6.5,9.8,25.003,29.003,0.18,0.44
0,AllReduce,"[[1,1024],[1024,4096]]",vllm/worker/model_runner.py:1234,6.5,9.8,31.131,35.131,0.18,0.44
0,MatMulV2,"[[1,1024],[1024,4096]]",vllm/worker/model_runner.py:1234,6.5,9.8,126.169,130.16899999999998,0.18,0.44
0,FusedInferAttentionScore,"[[1,1024],[1024,4096]]",vllm/worker/model_runner.py:1234,6.5,9.8,71.533,75.533,0.18,0.44
0,RmsNorm,"[[1,1024],[1024,4096]]",vllm/worker/model_runner.py:1234,6.5,9.8,19.813,23.813,0.18,0.44
0,AllReduce,"[[1,1024],[1024,4096]]",vllm/worker/model_runner.py:1234,6.5,9.8,33.382,37.382,0.18,0.44
0,MatMulV2,"[[1,1024],[1024,4096]]",vllm/worker/model_runner.py:1234,6.5,9.8,116.411,120.411,0.18,0.44
0,FusedInferAttentionScore,"[[1,1024],[1024,4096]]",vllm/worker/model_runner.py:1234,6.5,9.8,70.969,74.969,0.18,0.44
0,RmsNorm,"[[1,1024],[1024,4096]]",vllm/worker/model_runner.py:1234,6.5,9.8,27.059,31.059,0.18,0.44
0,AllReduce,"[[1,1024],[1024,4096]]",vllm/worker/model_runner.py:1234,6.5,9.8,32.892,36.892,0.18,0.44
0,MatMulV2,"[[1,1024],[1024,4096]]",vllm/worker/model_runner.py:1234,6.5,9.8,113.329,117.329,0.18,0.44
0,FusedInferAttentionScore,"[[1,1024],[1024,4096]]",vllm/worker/model_runner.py:1234,6.5,9.8,75.266,79.266,0.18,0.44
0,RmsNorm,"[[1,1024],[1024,4096]]",vllm/worker/model_runner.py:1234,6.5,9.8,23.396,27.396,0.18,0.44
0,AllReduce,"[[1,1024],[1024,4096]]",vllm/worker/model_runner.py:1234,6.5,9.8,31.052,35.052,0.18,0.44
0,MatMulV2,"[[1,1024],[1024,4096]]",vllm/worker/model_runner.py:1234,6.5,9.8,113.707,117.707,0.18,0.44
0,FusedInferAttentionScore,"[[1,1024],[1024,4096]]",vllm/worker/model_runner.py:1234,6.5,9.8,73.896,77.896,0.18,0.44
0,RmsNorm,"[[1,1024],[1024,4096]]",vllm/worker/model_runner.py:1234,6.5,9.8,19.894,23.894,0.18,0.44
0,AllReduce,"[[1,1024],[1024,4096]]",vllm/worker/model_runner.py:1234,6.5,9.8,33.721,37.721,0.18,0.44
0,MatMulV2,"[[1,1024],[1024,4096]]",vllm/worker/model_runner.py:1234,6.5,9.8,119.731,123.731,0.18,0.44
0,FusedInferAttentionScore,"[[1,1024],[1024,4096]]",vllm/worker/model_runner.py:1234,6.5,9.8,68.05,72.05,0.18,0.44
0,RmsNorm,"[[1,1024],[1024,4096]]",vllm/worker/model_runner.py:1234,6.5,9.8,25.09,29.09,0.18,0.44
0,AllReduce,"[[1,1024],[1024,4096]]",vllm/worker/model_runner.py:1234,6.5,9.8,31.247,35.247,0.18,0.44
0,MatMulV2,"[[1,1024],[1024,4096]]",vllm/worker/model_runner.py:1234,6.5,9.8,113.075,117.075,0.18,0.44
0,FusedInferAttentionScore,"[[1,1024],[1024,4096]]",vllm/worker/model_runner.py:1234,6.5,9.8,65.629,69.629,0.18,0.44
0,RmsNorm,"[[1,1024],[1024,4096]]",vllm/worker/model_runner.py:1234,6.5,9.8,21.654,25.654,0.18,0.44
0,AllReduce,"[[1,1024],[1024,4096]]",vllm/worker/model_runner.py:1234,6.5,9.8,33.918,37.918,0.18,0.44
0,aclrtMemcpyAsync_D2H,"[[1,1024],[1024,4096]]",vllm/worker/model_runner.py:1234,6.5,9.8,260,264,0.18,0.44
0,MatMulV2,"[[1,1024],[1024,4096]]",vllm/worker/model_runner.py:1234,6.5,9.8,127.564,131.564,0.18,0.44
0,FusedInferAttentionScore,"[[1,1024],[1024,4096]]",vllm/worker/model_runner.py:1234,6.5,9.8,66.278,70.278,0.18,0.44
0,RmsNorm,"[[1,1024],[1024,4096]]",vllm/worker/model_runner.py:1234,6.5,9.8,21.028,25.028,0.18,0.44
0,AllReduce,"[[1,1024],[1024,4096]]",vllm/worker/model_runner.py:1234,6.5,9.8,35.047,39.047,0.18,0.44
0,MatMulV2,"[[1,1024],[1024,4096]]",vllm/worker/model_runner.py:1234,6.5,9.8,120.221,124.221,0.18,0.44
0,FusedInferAttentionScore,"[[1,1024],[1024,4096]]",vllm/worker/model_runner.py:1234,6.5,9.8,75.191,79.191,0.18,0.44
0,RmsNorm,"[[1,1024],[1024,4096]]",vllm/worker/model_runner.py:1234,6.5,9.8,20.451,24.451,0.18,0.44
0,AllReduce,"[[1,1024],[1024,4096]]",vllm/worker/model_runner.py:1234,6.5,9.8,32.098,36.098,0.18,0.44
0,MatMulV2,"[[1,1024],[1024,4096]]",vllm/worker/model_runner.py:1234,6.5,9.8,113.085,117.085,0.18,0.44
0,FusedInferAttentionScore,"[[1,1024],[1024,4096]]",vllm/worker/model_runner.py:1234,6.5,9.8,63.228,67.22800000000001,0.18,0.44
0,RmsNorm,"[[1,1024],[1024,4096]]",vllm/worker/model_runner.py:1234,6.5,9.8,20.018,24.018,0.18,0.44
0,AllReduce,"[[1,1024],[1024,4096]]",vllm/worker/model_runner.py:1234,6.5,9.8,32.534,36.534,0.18,0.44
0,MatMulV2,"[[1,1024],[1024,4096]]",vllm/worker/model_runner.py:1234,6.5,9.8,122.311,126.311,0.18,0.44
0,FusedInferAttentionScore,"[[1,1024],[1024,4096]]",vllm/worker/model_runner.py:1234,6.5,9.8,66.435,70.435,0.18,0.44
0,RmsNorm,"[[1,1024],[1024,4096]]",vllm/worker/model_runner.py:1234,6.5,9.8,24.389,28.389,0.18,0.44
0,AllReduce,"[[1,1024],[1024,4096]]",vllm/worker/model_runner.py:1234,6.5,9.8,33.243,37.243,0.18,0.44
0,MatMulV2,"[[1,1024],[1024,4096]]",vllm/worker/model_runner.py:1234,6.5,9.8,121.024,125.024,0.18,0.44
0,FusedInferAttentionScore,"[[1,1024],[1024,4096]]",vllm/worker/model_runner.py:1234,6.5,9.8,68.369,72.369,0.18,0.44
0,RmsNorm,"[[1,1024],[1024,4096]]",vllm/worker/model_runner.py:1234,6.5,9.8,24.255,28.255,0.18,0.44
0,AllReduce,"[[1,1024],[1024,4096]]",vllm/worker/model_runner.py:1234,6.5,9.8,36.678,40.678,0.18,0.44
0,MatMulV2,"[[1,1024],[1024,4096]]",vllm/worker/model_runner.py:1234,6.5,9.8,110.278,114.278,0.18,0.44
0,FusedInferAttentionScore,"[[1,1024],[1024,4096]]",vllm/worker/model_runner.py:1234,6.5,9.8,65.302,69.302,0.18,0.44
0,RmsNorm,"[[1,1024],[1024,4096]]",vllm/worker/model_runner.py:1234,6.5,9.8,19.333,23.333,0.18,0.44
0,AllReduce,"[[1,1024],[1024,4096]]",vllm/worker/model_runner.py:1234,6.5,9.8,31.149,35.149,0.18,0.44
0,MatMulV2,"[[1,1024],[1024,4096]]",vllm/worker/model_runner.py:1234,6.5,9.8,117.012,121.012,0.18,0.44
0,FusedInferAttentionScore,"[[1,1024],[1024,4096]]",vllm/worker/model_runner.py:1234,6.5,9.8,74.791,78.791,0.18,0.44
0,RmsNorm,"[[1,1024],[1024,4096]]",vllm/worker/model_runner.py:1234,6.5,9.8,21.225,25.225,0.18,0.44
0,AllReduce,"[[1,1024],[1024,4096]]",vllm/worker/model_runner.py:1234,6.5,9.8,33.97,37.97,0.18,0.44
0,MatMulV2,"[[1,1024],[1024,4096]]",vllm/worker/model_runner.py:1234,6.5,9.8,111.88,115.88,0.18,0.44
0,FusedInferAttentionScore,"[[1,1024],[1024,4096]]",vllm/worker/model_runner.py:1234,6.5,9.8,75.57,79.57,0.18,0.44
0,RmsNorm,"[[1,1024],[1024,4096]]",vllm/worker/model_runner.py:1234,6.5,9.8,24.901,28.901,0.18,0.44
0,AllReduce,"[[1,1024],[1024,4096]]",vllm/worker/model_runner.py:1234,6.5,9.8,32.661,36.661,0.18,0.44
0,MatMulV2,"[[1,1024],[1024,4096]]",vllm/worker/model_runner.py:1234,6.5,9.8,109.81,113.81,0.18,0.44
0,FusedInferAttentionScore,"[[1,1024],[1024,4096]]",vllm/worker/model_runner.py:1234,6.5,9.8,66.234,70.234,0.18,0.44
0,RmsNorm,"[[1,1024],[1024,4096]]",vllm/worker/model_runner.py:1234,6.5,9.8,26.358,30.358,0.18,0.44
0,AllReduce,"[[1,1024],[1024,4096]]",vllm/worker/model_runner.py:1234,6.5,9.8,35.118,39.118,0.18,0.44
0,MatMulV2,"[[1,1024],[1024,4096]]",vllm/worker/model_runner.py:1234,6.5,9.8,122.19,126.19,0.18,0.44
0,FusedInferAttentionScore,"[[1,1024],[1024,4096]]",vllm/worker/model_runner.py:1234,6.5,9.8,69.696,73.696,0.18,0.44
0,RmsNorm,"[[1,1024],[1024,4096]]",vllm/worker/model_runner.py:1234,6.5,9.8,22.398,26.398,0.18,0.44
0,AllReduce,"[[1,1024],[1024,4096]]",vllm/worker/model_runner.py:1234,6.5,9.8,33.36,37.36,0.18,0.44
0,MatMulV2,"[[1,1024],[1024,4096]]",vllm/worker/model_runner.py:1234,6.5,9.8,115.545,119.545,0.18,0.44
0,FusedInferAttentionScore,"[[1,1024],[1024,4096]]",vllm/worker/model_runner.py:1234,6.5,9.8,67.865,71.865,0.18,0.44
0,RmsNorm,"[[1,1024],[1024,4096]]",vllm/worker/model_runner.py:1234,6.5,9.8,26.874,30.874,0.18,0.44
0,AllReduce,"[[1,1024],[1024,4096]]",vllm/worker/model_runner.py:1234,6.5,9.8,33.942,37.942,0.18,0.44
0,MatMulV2,"[[1,1024],[1024,4096]]",vllm/worker/model_runner.py:1234,6.5,9.8,113.577,117.577,0.18,0.44
0,FusedInferAttentionScore,"[[1,1024],[1024,4096]]",vllm/worker/model_runner.py:1234,6.5,9.8,64.533,68.533,0.18,0.44
0,RmsNorm,"[[1,1024],[1024,4096]]",vllm/worker/model_runner.py:1234,6.5,9.8,24.968,28.968,0.18,0.44
0,AllReduce,"[[1,1024],[1024,4096]]",vllm/worker/model_runner.py:1234,6.5,9.8,31.069,35.069,0.18,0.44
0,MatMulV2,"[[1,1024],[1024,4096]]",vllm/worker/model_runner.py:1234,6.5,9.8,129.448,133.448,0.18,0.44
0,FusedInferAttentionScore,"[[1,1024],[1024,4096]]",vllm/worker/model_runner.py:1234,6.5,9.8,71.929,75.929,0.18,0.44
0,RmsNorm,"[[1,1024],[1024,4096]]",vllm/worker/model_runner.py:1234,6.5,9.8,19.826,23.826,0.18,0.44
0,AllReduce,"[[1,1024],[1024,4096]]",vllm/worker/model_runner.py:1234,6.5,9.8,31.288,35.288,0.18,0.44
0,MatMulV2,"[[1,1024],[1024,4096]]",vllm/worker/model_runner.py:1234,6.5,9.8,125.188,129.188,0.18,0.44
0,FusedInferAttentionScore,"[[1,1024],[1024,4096]]",vllm/worker/model_runner.py:1234,6.5,9.8,71.913,75.913,0.18,0.44
0,RmsNorm,"[[1,1024],[1024,4096]]",vllm/worker/model_runner.py:1234,6.5,9.8,21.133,25.133,0.18,0.44
0,AllReduce,"[[1,1024],[1024,4096]]",vllm/worker/model_runner.py:1234,6.5,9.8,36.385,40.385,0.18,0.44
0,MatMulV2,"[[1,1024],[1024,4096]]",vllm/worker/model_runner.py:1234,6.5,9.8,129.082,133.082,0.18,0.44
0,FusedInferAttentionScore,"[[1,1024],[1024,4096]]",vllm/worker/model_runner.py:1234,6.5,9.8,76.277,80.277,0.18,0.44
0,RmsNorm,"[[1,1024],[1024,4096]]",vllm/worker/model_runner.py:1234,6.5,9.8,19.543,23.543,0.18,0.44
0,AllReduce,"[[1,1024],[1024,4096]]",vllm/worker/model_runner.py:1234,6.5,9.8,35.579,39.579,0.18,0.44
0,MatMulV2,"[[1,1024],[1024,4096]]",vllm/worker/model_runner.py:1234,6.5,9.8,119.938,123.938,0.18,0.44
0,FusedInferAttentionScore,"[[1,1024],[1024,4096]]",vllm/worker/model_runner.py:1234,6.5,9.8,64.121,68.121,0.18,0.44
0,RmsNorm,"[[1,1024],[1024,4096]]",vllm/worker/model_runner.py:1234,6.5,9.8,22.14,26.14,0.18,0.44
0,AllReduce,"[[1,1024],[1024,4096]]",vllm/worker/model_runner.py:1234,6.5,9.8,32.633,36.633,0.18,0.44
0,MatMulV2,"[[1,1024],[1024,4096]]",vllm/worker/model_runner.py:1234,6.5,9.8,109.083,113.083,0.18,0.44
0,FusedInferAttentionScore,"[[1,1024],[1024,4096]]",vllm/worker/model_runner.py:1234,6.5,9.8,67.772,71.772,0.18,0.44
0,RmsNorm,"[[1,1024],[1024,4096]]",vllm/worker/model_runner.py:1234,6.5,9.8,24.872,28.872,0.18,0.44
0,AllReduce,"[[1,1024],[1024,4096]]",vllm/worker/model_runner.py:1234,6.5,9.8,33.178,37.178,0.18,0.44
0,MatMulV2,"[[1,1024],[1024,4096]]",vllm/worker/model_runner.py:1234,6.5,9.8,112.99,116.99,0.18,0.44
0,FusedInferAttentionScore,"[[1,1024],[1024,4096]]",vllm/worker/model_runner.py:1234,6.5,9.8,66.225,70.225,0.18,0.44
0,RmsNorm,"[[1,1024],[1024,4096]]",vllm/worker/model_runner.py:1234,6.5,9.8,21.101,25.101,0.18,0.44
0,AllReduce,"[[1,1024],[1024,4096]]",vllm/worker/model_runner.py:1234,6.5,9.8,34.855,38.855,0.18,0.44
0,MatMulV2,"[[1,1024],[1024,4096]]",vllm/worker/model_runner.py:1234,6.5,9.8,123.388,127.388,0.18,0.44
0,FusedInferAttentionScore,"[[1,1024],[1024,4096]]",vllm/worker/model_runner.py:1234,6.5,9.8,76.558,80.558,0.18,0.44
0,RmsNorm,"[[1,1024],[1024,4096]]",vllm/worker/model_runner.py:1234,6.5,9.8,23.028,27.028,0.18,0.44
0,AllReduce,"[[1,1024],[1024,4096]]",vllm/worker/model_runner.py:1234,6.5,9.8,37.391,41.391,0.18,0.44
0,MatMulV2,"[[1,1024],[1024,4096]]",vllm/worker/model_runner.py:1234,6.5,9.8,115.742,119.742,0.18,0.44
0,FusedInferAttentionScore,"[[1,1024],[1024,4096]]",vllm/worker/model_runner.py:1234,6.5,9.8,67.3,71.3,0.18,0.44
0,RmsNorm,"[[1,1024],[1024,4096]]",vllm/worker/model_runner.py:1234,6.5,9.8,27.14,31.14,0.18,0.44
0,AllReduce,"[[1,1024],[1024,4096]]",vllm/worker/model_runner.py:1234,6.5,9.8,37.009,41.009,0.18,0.44
0,MatMulV2,"[[1,1024],[1024,4096]]",vllm/worker/model_runner.py:1234,6.5,9.8,118.976,122.976,0.18,0.44
0,FusedInferAttentionScore,"[[1,1024],[1024,4096]]",vllm/worker/model_runner.py:1234,6.5,9.8,63.221,67.221,0.18,0.44
0,RmsNorm,"[[1,1024],[1024,4096]]",vllm/worker/model_runner.py:1234,6.5,9.8,20.43,24.43,0.18,0.44
0,AllReduce,"[[1,1024],[1024,4096]]",vllm/worker/model_runner.py:1234,6.5,9.8,32.477,36.477,0.18,0.44
0,MatMulV2,"[[1,1024],[1024,4096]]",vllm/worker/model_runner.py:1234,6.5,9.8,111.31,115.31,0.18,0.44
0,FusedInferAttentionScore,"[[1,1024],[1024,4096]]",vllm/worker/model_runner.py:1234,6.5,9.8,72.511,76.511,0.18,0.44
0,RmsNorm,"[[1,1024],[1024,4096]]",vllm/worker/model_runner.py:1234,6.5,9.8,20.935,24.935,0.18,0.44
0,AllReduce,"[[1,1024],[1024,4096]]",vllm/worker/model_runner.py:1234,6.5,9.8,31.006,35.006,0.18,0.44
0,MatMulV2,"[[1,1024],[1024,4096]]",vllm/worker/model_runner.py:1234,6.5,9.8,113.096,117.096,0.18,0.44
0,FusedInferAttentionScore,"[[1,1024],[1024,4096]]",vllm/worker/model_runner.py:1234,6.5,9.8,72.811,76.811,0.18,0.44
0,RmsNorm,"[[1,1024],[1024,4096]]",vllm/worker/model_runner.py:1234,6.5,9.8,23.751,27.751,0.18,0.44
0,AllReduce,"[[1,1024],[1024,4096]]",vllm/worker/model_runner.py:1234,6.5,9.8,37.101,41.101,0.18,0.44
0,MatMulV2,"[[1,1024],[1024,4096]]",vllm/worker/model_runner.py:1234,6.5,9.8,109.512,113.512,0.18,0.44
0,FusedInferAttentionScore,"[[1,1024],[1024,4096]]",vllm/worker/model_runner.py:1234,6.5,9.8,72.081,76.081,0.18,0.44
0,RmsNorm,"[[1,1024],[1024,4096]]",vllm/worker/model_runner.py:1234,6.5,9.8,23.663,27.663,0.18,0.44
0,AllReduce,"[[1,1024],[1024,4096]]",vllm/worker/model_runner.py:1234,6.5,9.8,36.368,40.368,0.18,0.44
0,MatMulV2,"[[1,1024],[1024,4096]]",vllm/worker/model_runner.py:1234,6.5,9.8,114.006,118.006,0.18,0.44
0,FusedInferAttentionScore,"[[1,1024],[1024,4096]]",vllm/worker/model_runner.py:1234,6.5,9.8,67.748,71.748,0.18,0.44
0,RmsNorm,"[[1,1024],[1024,4096]]",vllm/worker/model_runner.py:1234,6.5,9.8,28.756,32.756,0.18,0.44
0,AllReduce,"[[1,1024],[1024,4096]]",vllm/worker/model_runner.py:1234,6.5,9.8,35.596,39.596,0.18,0.44
0,MatMulV2,"[[1,1024],[1024,4096]]",vllm/worker/model_runner.py:1234,6.5,9.8,113.353,117.353,0.18,0.44
0,FusedInferAttentionScore,"[[1,1024],[1024,4096]]",vllm/worker/model_runner.py:1234,6.5,9.8,67.131,71.131,0.18,0.44
0,RmsNorm,"[[1,1024],[1024,4096]]",vllm/worker/model_runner.py:1234,6.5,9.8,20.14,24.14,0.18,0.44
0,AllReduce,"[[1,1024],[1024,4096]]",vllm/worker/model_runner.py:1234,6.5,9.8,31.703,35.703,0.18,0.44
0,MatMulV2,"[[1,1024],[1024,4096]]",vllm/worker/model_runner.py:1234,6.5,9.8,121.206,125.206,0.18,0.44
0,FusedInferAttentionScore,"[[1,1024],[1024,4096]]",vllm/worker/model_runner.py:1234,6.5,9.8,69.594,73.594,0.18,0.44
0,RmsNorm,"[[1,1024],[1024,4096]]",vllm/worker/model_runner.py:1234,6.5,9.8,26.552,30.552,0.18,0.44
0,AllReduce,"[[1,1024],[1024,4096]]",vllm/worker/model_runner.py:1234,6.5,9.8,35.464,39.464,0.18,0.44
0,MatMulV2,"[[1,1024],[1024,4096]]",vllm/worker/model_runner.py:1234,6.5,9.8,117.011,121.011,0.18,0.44
0,FusedInferAttentionScore,"[[1,1024],[1024,4096]]",vllm/worker/model_runner.py:1234,6.5,9.8,68.395,72.395,0.18,0.44
0,RmsNorm,"[[1,1024],[1024,4096]]",vllm/worker/model_runner.py:1234,6.5,9.8,24.172,28.172,0.18,0.44
0,AllReduce,"[[1,1024],[1024,4096]]",vllm/worker/model_runner.py:1234,6.5,9.8,32.822,36.822,0.18,0.44
0,MatMulV2,"[[1,1024],[1024,4096]]",vllm/worker/model_runner.py:1234,6.5,9.8,109.17,113.17,0.18,0.44
0,FusedInferAttentionScore,"[[1,1024],[1024,4096]]",vllm/worker/model_runner.py:1234,6.5,9.8,63.712,67.712,0.18,0.44
0,RmsNorm,"[[1,1024],[1024,4096]]",vllm/worker/model_runner.py:1234,6.5,9.8,27.226,31.226,0.18,0.44
0,AllReduce,"[[1,1024],[1024,4096]]",vllm/worker/model_runner.py:1234,6.5,9.8,33.492,37.492,0.18,0.44
0,MatMulV2,"[[1,1024],[1024,4096]]",vllm/worker/model_runner.py:1234,6.5,9.8,111.317,115.317,0.18,0.44
0,FusedInferAttentionScore,"[[1,1024],[1024,4096]]",vllm/worker/model_runner.py:1234,6.5,9.8,67.806,71.806,0.18,0.44
0,RmsNorm,"[[1,1024],[1024,4096]]",vllm/worker/model_runner.py:1234,6.5,9.8,26.893,30.893,0.18,0.44
0,AllReduce,"[[1,1024],[1024,4096]]",vllm/worker/model_runner.py:1234,6.5,9.8,31.862,35.861999999999995,0.18,0.44
0,MatMulV2,"[[1,1024],[1024,4096]]",vllm/worker/model_runner.py:1234,6.5,9.8,114.584,118.584,0.18,0.44
0,FusedInferAttentionScore,"[[1,1024],[1024,4096]]",vllm/worker/model_runner.py:1234,6.5,9.8,72.789,76.789,0.18,0.44
0,RmsNorm,"[[1,1024],[1024,4096]]",vllm/worker/model_runner.py:1234,6.5,9.8,24.095,28.095,0.18,0.44
0,AllReduce,"[[1,1024],[1024,4096]]",vllm/worker/model_runner.py:1234,6.5,9.8,33.297,37.297,0.18,0.44
0,MatMulV2,"[[1,1024],[1024,4096]]",vllm/worker/model_runner.py:1234,6.5,9.8,114.628,118.628,0.18,0.44
0,FusedInferAttentionScore,"[[1,1024],[1024,4096]]",vllm/worker/model_runner.py:1234,6.5,9.8,72.8,76.8,0.18,0.44
0,RmsNorm,"[[1,1024],[1024,4096]]",vllm/worker/model_runner.py:1234,6.5,9.8,25.562,29.562,0.18,0.44
0,AllReduce,"[[1,1024],[1024,4096]]",vllm/worker/model_runner.py:1234,6.5,9.8,35.9,39.9,0.18,0.44
0,aclrtMemcpyAsync_D2H,"[[1,1024],[1024,4096]]",vllm/worker/model_runner.py:1234,6.5,9.8,260,264,0.18,0.44
0,MatMulV2,"[[1,1024],[1024,4096]]",vllm/worker/model_runner.py:1234,6.5,9.8,116.588,120.588,0.18,0.44
0,FusedInferAttentionScore,"[[1,1024],[1024,4096]]",vllm/worker/model_runner.py:1234,6.5,9.8,70.463,74.463,0.18,0.44
0,RmsNorm,"[[1,1024],[1024,4096]]",vllm/worker/model_runner.py:1234,6.5,9.8,25.112,29.112,0.18,0.44
0,AllReduce,"[[1,1024],[1024,4096]]",vllm/worker/model_runner.py:1234,6.5,9.8,36.492,40.492,0.18,0.44
0,MatMulV2,"[[1,1024],[1024,4096]]",vllm/worker/model_runner.py:1234,6.5,9.8,108.235,112.235,0.18,0.44
0,FusedInferAttentionScore,"[[1,1024],[1024,4096]]",vllm/worker/model_runner.py:1234,6.5,9.8,73.541,77.541,0.18,0.44
0,RmsNorm,"[[1,1024],[1024,4096]]",vllm/worker/model_runner.py:1234,6.5,9.8,22.338,26.338,0.18,0.44
0,AllReduce,"[[1,1024],[1024,4096]]",vllm/worker/model_runner.py:1234,6.5,9.8,32.96,36.96,0.18,0.44
0,MatMulV2,"[[1,1024],[1024,4096]]",vllm/worker/model_runner.py:1234,6.5,9.8,124.285,128.285,0.18,0.44
0,FusedInferAttentionScore,"[[1,1024],[1024,4096]]",vllm/worker/model_runner.py:1234,6.5,9.8,64.8,68.8,0.18,0.44
0,RmsNorm,"[[1,1024],[1024,4096]]",vllm/worker/model_runner.py:1234,6.5,9.8,20.604,24.604,0.18,0.44
0,AllReduce,"[[1,1024],[1024,4096]]",vllm/worker/model_runner.py:1234,6.5,9.8,37.001,41.001,0.18,0.44
0,MatMulV2,"[[1,1024],[1024,4096]]",vllm/worker/model_runner.py:1234,6.5,9.8,111.761,115.761,0.18,0.44
0,FusedInferAttentionScore,"[[1,1024],[1024,4096]]",vllm/worker/model_runner.py:1234,6.5,9.8,71.828,75.828,0.18,0.44
0,RmsNorm,"[[1,1024],[1024,4096]]",vllm/worker/model_runner.py:1234,6.5,9.8,20.731,24.731,0.18,0.44
0,AllReduce,"[[1,1024],[1024,4096]]",vllm/worker/model_runner.py:1234,6.5,9.8,33.461,37.461,0.18,0.44
0,MatMulV2,"[[1,1024],[1024,4096]]",vllm/worker/model_runner.py:1234,6.5,9.8,117.153,121.153,0.18,0.44
0,FusedInferAttentionScore,"[[1,1024],[1024,4096]]",vllm/worker/model_runner.py:1234,6.5,9.8,66.859,70.859,0.18,0.44
0,RmsNorm,"[[1,1024],[1024,4096]]",vllm/worker/model_runner.py:1234,6.5,9.8,21.724,25.724,0.18,0.44
0,AllReduce,"[[1,1024],[1024,4096]]",vllm/worker/model_runner.py:1234,6.5,9.8,36.144,40.144,0.18,0.44
0,MatMulV2,"[[1,1024],[1024,4096]]",vllm/worker/model_runner.py:1234,6.5,9.8,131.121,135.121,0.18,0.44
0,FusedInferAttentionScore,"[[1,1024],[1024,4096]]",vllm/worker/model_runner.py:1234,6.5,9.8,76.727,80.727,0.18,0.44
0,RmsNorm,"[[1,1024],[1024,4096]]",vllm/worker/model_runner.py:1234,6.5,9.8,27.397,31.397,0.18,0.44
0,AllReduce,"[[1,1024],[1024,4096]]",vllm/worker/model_runner.py:1234,6.5,9.8,31.312,35.312,0.18,0.44
0,MatMulV2,"[[1,1024],[1024,4096]]",vllm/worker/model_runner.py:1234,6.5,9.8,120.645,124.645,0.18,0.44
0,FusedInferAttentionScore,"[[1,1024],[1024,4096]]",vllm/worker/model_runner.py:1234,6.5,9.8,69.154,73.154,0.18,0.44
0,RmsNorm,"[[1,1024],[1024,4096]]",vllm/worker/model_runner.py:1234,6.5,9.8,22.45,26.45,0.18,0.44
0,AllReduce,"[[1,1024],[1024,4096]]",vllm/worker/model_runner.py:1234,6.5,9.8,30.851,34.851,0.18,0.44
0,MatMulV2,"[[1,1024],[1024,4096]]",vllm/worker/model_runner.py:1234,6.5,9.8,112.459,116.459,0.18,0.44
0,FusedInferAttentionScore,"[[1,1024],[1024,4096]]",vllm/worker/model_runner.py:1234,6.5,9.8,67.108,71.108,0.18,0.44
0,RmsNorm,"[[1,1024],[1024,4096]]",vllm/worker/model_runner.py:1234,6.5,9.8,27.937,31.937,0.18,0.44
0,AllReduce,"[[1,1024],[1024,4096]]",vllm/worker/model_runner.py:1234,6.5,9.8,37.143,41.143,0.18,0.44
0,MatMulV2,"[[1,1024],[1024,4096]]",vllm/worker/model_runner.py:1234,6.5,9.8,125.684,129.684,0.18,0.44
0,FusedInferAttentionScore,"[[1,1024],[1024,4096]]",vllm/worker/model_runner.py:1234,6.5,9.8,64.427,68.427,0.18,0.44
0,RmsNorm,"[[1,1024],[1024,4096]]",vllm/worker/model_runner.py:1234,6.5,9.8,22.081,26.081,0.18,0.44
0,AllReduce,"[[1,1024],[1024,4096]]",vllm/worker/model_runner.py:1234,6.5,9.8,36.212,40.212,0.18,0.44
0,MatMulV2,"[[1,1024],[1024,4096]]",vllm/worker/model_runner.py:1234,6.5,9.8,117.506,121.506,0.18,0.44
0,FusedInferAttentionScore,"[[1,1024],[1024,4096]]",vllm/worker/model_runner.py:1234,6.5,9.8,75.457,79.457,0.18,0.44
0,RmsNorm,"[[1,1024],[1024,4096]]",vllm/worker/model_runner.py:1234,6.5,9.8,23.591,27.591,0.18,0.44
0,AllReduce,"[[1,1024],[1024,4096]]",vllm/worker/model_runner.py:1234,6.5,9.8,35.393,39.393,0.18,0.44
0,MatMulV2,"[[1,1024],[1024,4096]]",vllm/worker/model_runner.py:1234,6.5,9.8,111.778,115.778,0.18,0.44
0,FusedInferAttentionScore,"[[1,1024],[1024,4096]]",vllm/worker/model_runner.py:1234,6.5,9.8,66.892,70.892,0.18,0.44
0,RmsNorm,"[[1,1024],[1024,4096]]",vllm/worker/model_runner.py:1234,6.5,9.8,22.624,26.624,0.18,0.44
0,AllReduce,"[[1,1024],[1024,4096]]",vllm/worker/model_runner.py:1234,6.5,9.8,34.282,38.282,0.18,0.44
0,MatMulV2,"[[1,1024],[1024,4096]]",vllm/worker/model_runner.py:1234,6.5,9.8,110.444,114.444,0.18,0.44
0,FusedInferAttentionScore,"[[1,1024],[1024,4096]]",vllm/worker/model_runner.py:1234,6.5,9.8,69.559,73.559,0.18,0.44
0,RmsNorm,"[[1,1024],[1024,4096]]",vllm/worker/model_runner.py:1234,6.5,9.8,22.937,26.937,0.18,0.44
0,AllReduce,"[[1,1024],[1024,4096]]",vllm/worker/model_runner.py:1234,6.5,9.8,37.026,41.026,0.18,0.44
0,MatMulV2,"[[1,1024],[1024,4096]]",vllm/worker/model_runner.py:1234,6.5,9.8,113.623,117.623,0.18,0.44
0,FusedInferAttentionScore,"[[1,1024],[1024,4096]]",vllm/worker/model_runner.py:1234,6.5,9.8,71.355,75.355,0.18,0.44
0,RmsNorm,"[[1,1024],[1024,4096]]",vllm/worker/model_runner.py:1234,6.5,9.8,19.597,23.597,0.18,0.44
0,AllReduce,"[[1,1024],[1024,4096]]",vllm/worker/model_runner.py:1234,6.5,9.8,32.104,36.104,0.18,0.44
0,MatMulV2,"[[1,1024],[1024,4096]]",vllm/worker/model_runner.py:1234,6.5,9.8,124.263,128.263,0.18,0.44
0,FusedInferAttentionScore,"[[1,1024],[1024,4096]]",vllm/worker/model_runner.py:1234,6.5,9.8,66.055,70.055,0.18,0.44
0,RmsNorm,"[[1,1024],[1024,4096]]",vllm/worker/model_runner.py:1234,6.5,9.8,26.978,30.978,0.18,0.44
0,AllReduce,"[[1,1024],[1024,4096]]",vllm/worker/model_runner.py:1234,6.5,9.8,30.665,34.665,0.18,0.44
0,MatMulV2,"[[1,1024],[1024,4096]]",vllm/worker/model_runner.py:1234,6.5,9.8,115.216,119.216,0.18,0.44
0,FusedInferAttentionScore,"[[1,1024],[1024,4096]]",vllm/worker/model_runner.py:1234,6.5,9.8,76.215,80.215,0.18,0.44
0,RmsNorm,"[[1,1024],[1024,4096]]",vllm/worker/model_runner.py:1234,6.5,9.8,24.614,28.614,0.18,0.44
0,AllReduce,"[[1,1024],[1024,4096]]",vllm/worker/model_runner.py:1234,6.5,9.8,31.762,35.762,0.18,0.44
0,MatMulV2,"[[1,1024],[1024,4096]]",vllm/worker/model_runner.py:1234,6.5,9.8,110.62,114.62,0.18,0.44
0,FusedInferAttentionScore,"[[1,1024],[1024,4096]]",vllm/worker/model_runner.py:1234,6.5,9.8,69.879,73.879,0.18,0.44
0,RmsNorm,"[[1,1024],[1024,4096]]",vllm/worker/model_runner.py:1234,6.5,9.8,26.839,30.839,0.18,0.44
0,AllReduce,"[[1,1024],[1024,4096]]",vllm/worker/model_runner.py:1234,6.5,9.8,36.16,40.16,0.18,0.44
0,MatMulV2,"[[1,1024],[1024,4096]]",vllm/worker/model_runner.py:1234,6.5,9.8,131.463,135.463,0.18,0.44
0,FusedInferAttentionScore,"[[1,1024],[1024,4096]]",vllm/worker/model_runner.py:1234,6.5,9.8,72.328,76.328,0.18,0.44
0,RmsNorm,"[[1,1024],[1024,4096]]",vllm/worker/model_runner.py:1234,6.5,9.8,23.784,27.784,0.18,0.44
0,AllReduce,"[[1,1024],[1024,4096]]",vllm/worker/model_runner.py:1234,6.5,9.8,34.854,38.854,0.18,0.44
0,MatMulV2,"[[1,1024],[1024,4096]]",vllm/worker/model_runner.py:1234,6.5,9.8,121.199,125.199,0.18,0.44
0,FusedInferAttentionScore,"[[1,1024],[1024,4096]]",vllm/worker/model_runner.py:1234,6.5,9.8,63.563,67.563,0.18,0.44
0,RmsNorm,"[[1,1024],[1024,4096]]",vllm/worker/model_runner.py:1234,6.5,9.8,23.662,27.662,0.18,0.44
0,AllReduce,"[[1,1024],[1024,4096]]",vllm/worker/model_runner.py:1234,6.5,9.8,36.171,40.171,0.18,0.44
0,MatMulV2,"[[1,1024],[1024,4096]]",vllm/worker/model_runner.py:1234,6.5,9.8,117.292,121.292,0.18,0.44
0,FusedInferAttentionScore,"[[1,1024],[1024,4096]]",vllm/worker/model_runner.py:1234,6.5,9.8,67.761,71.761,0.18,0.44
0,RmsNorm,"[[1,1024],[1024,4096]]",vllm/worker/model_runner.py:1234,6.5,9.8,25.504,29.504,0.18,0.44
0,AllReduce,"[[1,1024],[1024,4096]]",vllm/worker/model_runner.py:1234,6.5,9.8,33.796,37.796,0.18,0.44
0,MatMulV2,"[[1,1024],[1024,4096]]",vllm/worker/model_runner.py:1234,6.5,9.8,124.57,128.57,0.18,0.44
0,FusedInferAttentionScore,"[[1,1024],[1024,4096]]",vllm/worker/model_runner.py:1234,6.5,9.8,74.422,78.422,0.18,0.44
0,RmsNorm,"[[1,1024],[1024,4096]]",vllm/worker/model_runner.py:1234,6.5,9.8,22.696,26.696,0.18,0.44
0,AllReduce,"[[1,1024],[1024,4096]]",vllm/worker/model_runner.py:1234,6.5,9.8,37.388,41.388,0.18,0.44
0,MatMulV2,"[[1,1024],[1024,4096]]",vllm/worker/model_runner.py:1234,6.5,9.8,112.255,116.255,0.18,0.44
0,FusedInferAttentionScore,"[[1,1024],[1024,4096]]",vllm/worker/model_runner.py:1234,6.5,9.8,64.406,68.406,0.18,0.44
0,RmsNorm,"[[1,1024],[1024,4096]]",vllm/worker/model_runner.py:1234,6.5,9.8,24.851,28.851,0.18,0.44
0,AllReduce,"[[1,1024],[1024,4096]]",vllm/worker/model_runner.py:1234,6.5,9.8,30.745,34.745000000000005,0.18,0.44
0,MatMulV2,"[[1,1024],[1024,4096]]",vllm/worker/model_runner.py:1234,6.5,9.8,130.549,134.549,0.18,0.44
0,FusedInferAttentionScore,"[[1,1024],[1024,4096]]",vllm/worker/model_runner.py:1234,6.5,9.8,67.612,71.612,0.18,0.44
0,RmsNorm,"[[1,1024],[1024,4096]]",vllm/worker/model_runner.py:1234,6.5,9.8,20.794,24.794,0.18,0.44
0,AllReduce,"[[1,1024],[1024,4096]]",vllm/worker/model_runner.py:1234,6.5,9.8,36.962,40.962,0.18,0.44
0,MatMulV2,"[[1,1024],[1024,4096]]",vllm/worker/model_runner.py:1234,6.5,9.8,116.646,120.646,0.18,0.44
0,FusedInferAttentionScore,"[[1,1024],[1024,4096]]",vllm/worker/model_runner.py:1234,6.5,9.8,70.481,74.481,0.18,0.44
0,RmsNorm,"[[1,1024],[1024,4096]]",vllm/worker/model_runner.py:1234,6.5,9.8,28.578,32.578,0.18,0.44
0,AllReduce,"[[1,1024],[1024,4096]]",vllm/worker/model_runner.py:1234,6.5,9.8,36.552,40.552,0.18,0.44
0,MatMulV2,"[[1,1024],[1024,4096]]",vllm/worker/model_runner.py:1234,6.5,9.8,118.057,122.057,0.18,0.44
0,FusedInferAttentionScore,"[[1,1024],[1024,4096]]",vllm/worker/model_runner.py:1234,6.5,9.8,71.068,75.068,0.18,0.44
0,RmsNorm,"[[1,1024],[1024,4096]]",vllm/worker/model_runner.py:1234,6.5,9.8,25.707,29.707,0.18,0.44
0,AllReduce,"[[1,1024],[1024,4096]]",vllm/worker/model_runner.py:1234,6.5,9.8,36.974,40.974,0.18,0.44
0,MatMulV2,"[[1,1024],[1024,4096]]",vllm/worker/model_runner.py:1234,6.5,9.8,131.103,135.103,0.18,0.44
0,FusedInferAttentionScore,"[[1,1024],[1024,4096]]",vllm/worker/model_runner.py:1234,6.5,9.8,64.896,68.896,0.18,0.44
0,RmsNorm,"[[1,1024],[1024,4096]]",vllm/worker/model_runner.py:1234,6.5,9.8,25.504,29.504,0.18,0.44
0,AllReduce,"[[1,1024],[1024,4096]]",vllm/worker/model_runner.py:1234,6.5,9.8,36.137,40.137,0.18,0.44
0,MatMulV2,"[[1,1024],[1024,4096]]",vllm/worker/model_runner.py:1234,6.5,9.8,126.478,130.478,0.18,0.44
0,FusedInferAttentionScore,"[[1,1024],[1024,4096]]",vllm/worker/model_runner.py:1234,6.5,9.8,70.304,74.304,0.18,0.44
0,RmsNorm,"[[1,1024],[1024,4096]]",vllm/worker/model_runner.py:1234,6.5,9.8,20.774,24.774,0.18,0.44
0,AllReduce,"[[1,1024],[1024,4096]]",vllm/worker/model_runner.py:1234,6.5,9.8,32.12,36.12,0.18,0.44
0,MatMulV2,"[[1,1024],[1024,4096]]",vllm/worker/model_runner.py:1234,6.5,9.8,119.723,123.723,0.18,0.44
0,FusedInferAttentionScore,"[[1,1024],[1024,4096]]",vllm/worker/model_runner.py:1234,6.5,9.8,67.507,71.507,0.18,0.44
0,RmsNorm,"[[1,1024],[1024,4096]]",vllm/worker/model_runner.py:1234,6.5,9.8,27.113,31.113,0.18,0.44
0,AllReduce,"[[1,1024],[1024,4096]]",vllm/worker/model_runner.py:1234,6.5,9.8,35.888,39.888,0.18,0.44
0,MatMulV2,"[[1,1024],[1024,4096]]",vllm/worker/model_runner.py:1234,6.5,9.8,126.522,130.522,0.18,0.44
0,FusedInferAttentionScore,"[[1,1024],[1024,4096]]",vllm/worker/model_runner.py:1234,6.5,9.8,65.104,69.104,0.18,0.44
0,RmsNorm,"[[1,1024],[1024,4096]]",vllm/worker/model_runner.py:1234,6.5,9.8,28.619,32.619,0.18,0.44
0,AllReduce,"[[1,1024],[1024,4096]]",vllm/worker/model_runner.py:1234,6.5,9.8,31.826,35.826,0.18,0.44
0,MatMulV2,"[[1,1024],[1024,4096]]",vllm/worker/model_runner.py:1234,6.5,9.8,112.666,116.666,0.18,0.44
0,FusedInferAttentionScore,"[[1,1024],[1024,4096]]",vllm/worker/model_runner.py:1234,6.5,9.8,63.228,67.22800000000001,0.18,0.44
0,RmsNorm,"[[1,1024],[1024,4096]]",vllm/worker/model_runner.py:1234,6.5,9.8,24.744,28.744,0.18,0.44
0,AllReduce,"[[1,1024],[1024,4096]]",vllm/worker/model_runner.py:1234,6.5,9.8,36.689,40.689,0.18,0.44
0,MatMulV2,"[[1,1024],[1024,4096]]",vllm/worker/model_runner.py:1234,6.5,9.8,126.58,130.57999999999998,0.18,0.44
0,FusedInferAttentionScore,"[[1,1024],[1024,4096]]",vllm/worker/model_runner.py:1234,6.5,9.8,64.078,68.078,0.18,0.44
0,RmsNorm,"[[1,1024],[1024,4096]]",vllm/worker/model_runner.py:1234,6.5,9.8,24.245,28.245,0.18,0.44
0,AllReduce,"[[1,1024],[1024,4096]]",vllm/worker/model_runner.py:1234,6.5,9.8,35.184,39.184,0.18,0.44
0,MatMulV2,"[[1,1024],[1024,4096]]",vllm/worker/model_runner.py:1234,6.5,9.8,112.271,116.271,0.18,0.44
0,FusedInferAttentionScore,"[[1,1024],[1024,4096]]",vllm/worker/model_runner.py:1234,6.5,9.8,74.034,78.034,0.18,0.44
0,RmsNorm,"[[1,1024],[1024,4096]]",vllm/worker/model_runner.py:1234,6.5,9.8,26.585,30.585,0.18,0.44
0,AllReduce,"[[1,1024],[1024,4096]]",vllm/worker/model_runner.py:1234,6.5,9.8,34.571,38.571,0.18,0.44
0,MatMulV2,"[[1,1024],[1024,4096]]",vllm/worker/model_runner.py:1234,6.5,9.8,108.595,112.595,0.18,0.44
0,FusedInferAttentionScore,"[[1,1024],[1024,4096]]",vllm/worker/model_runner.py:1234,6.5,9.8,67.211,71.211,0.18,0.44
0,RmsNorm,"[[1,1024],[1024,4096]]",vllm/worker/model_runner.py:1234,6.5,9.8,24.687,28.687,0.18,0.44
0,AllReduce,"[[1,1024],[1024,4096]]",vllm/worker/model_runner.py:1234,6.5,9.8,33.533,37.533,0.18,0.44
0,aclrtMemcpyAsync_D2H,"[[1,1024],[1024,4096]]",vllm/worker/model_runner.py:1234,6.5,9.8,260,264,0.18,0.44
0,MatMulV2,"[[1,1024],[1024,4096]]",vllm/worker/model_runner.py:1234,6.5,9.8,117.847,121.847,0.18,0.44
0,FusedInferAttentionScore,"[[1,1024],[1024,4096]]",vllm/worker/model_runner.py:1234,6.5,9.8,63.385,67.38499999999999,0.18,0.44
0,RmsNorm,"[[1,1024],[1024,4096]]",vllm/worker/model_runner.py:1234,6.5,9.8,20.478,24.478,0.18,0.44
0,AllReduce,"[[1,1024],[1024,4096]]",vllm/worker/model_runner.py:1234,6.5,9.8,36.016,40.016,0.18,0.44
0,MatMulV2,"[[1,1024],[1024,4096]]",vllm/worker/model_runner.py:1234,6.5,9.8,130.349,134.349,0.18,0.44
0,FusedInferAttentionScore,"[[1,1024],[1024,4096]]",vllm/worker/model_runner.py:1234,6.5,9.8,72.685,76.685,0.18,0.44
0,RmsNorm,"[[1,1024],[1024,4096]]",vllm/worker/model_runner.py:1234,6.5,9.8,23.687,27.687,0.18,0.44
0,AllReduce,"[[1,1024],[1024,4096]]",vllm/worker/model_runner.py:1234,6.5,9.8,32.667,36.667,0.18,0.44
0,MatMulV2,"[[1,1024],[1024,4096]]",vllm/worker/model_runner.py:1234,6.5,9.8,110.216,114.216,0.18,0.44
0,FusedInferAttentionScore,"[[1,1024],[1024,4096]]",vllm/worker/model_runner.py:1234,6.5,9.8,64.257,68.257,0.18,0.44
0,RmsNorm,"[[1,1024],[1024,4096]]",vllm/worker/model_runner.py:1234,6.5,9.8,26.453,30.453,0.18,0.44
0,AllReduce,"[[1,1024],[1024,4096]]",vllm/worker/model_runner.py:1234,6.5,9.8,35.289,39.289,0.18,0.44
0,MatMulV2,"[[1,1024],[1024,4096]]",vllm/worker/model_runner.py:1234,6.5,9.8,126.15,130.15,0.18,0.44
0,FusedInferAttentionScore,"[[1,1024],[1024,4096]]",vllm/worker/model_runner.py:1234,6.5,9.8,68.58,72.58,0.18,0.44
0,RmsNorm,"[[1,1024],[1024,4096]]",vllm/worker/model_runner.py:1234,6.5,9.8,25.485,29.485,0.18,0.44
0,AllReduce,"[[1,1024],[1024,4096]]",vllm/worker/model_runner.py:1234,6.5,9.8,35.085,39.085,0.18,0.44
0,MatMulV2,"[[1,1024],[1024,4096]]",vllm/worker/model_runner.py:1234,6.5,9.8,120.908,124.908,0.18,0.44
0,FusedInferAttentionScore,"[[1,1024],[1024,4096]]",vllm/worker/model_runner.py:1234,6.5,9.8,66.894,70.894,0.18,0.44
0,RmsNorm,"[[1,1024],[1024,4096]]",vllm/worker/model_runner.py:1234,6.5,9.8,21.245,25.245,0.18,0.44
0,AllReduce,"[[1,1024],[1024,4096]]",vllm/worker/model_runner.py:1234,6.5,9.8,34.022,38.022,0.18,0.44
0,MatMulV2,"[[1,1024],[1024,4096]]",vllm/worker/model_runner.py:1234,6.5,9.8,110.462,114.462,0.18,0.44
0,FusedInferAttentionScore,"[[1,1024],[1024,4096]]",vllm/worker/model_runner.py:1234,6.5,9.8,66.023,70.023,0.18,0.44
0,RmsNorm,"[[1,1024],[1024,4096]]",vllm/worker/model_runner.py:1234,6.5,9.8,23.483,27.483,0.18,0.44
0,AllReduce,"[[1,1024],[1024,4096]]",vllm/worker/model_runner.py:1234,6.5,9.8,36.035,40.035,0.18,0.44
0,MatMulV2,"[[1,1024],[1024,4096]]",vllm/worker/model_runner.py:1234,6.5,9.8,112.71,116.71,0.18,0.44
0,FusedInferAttentionScore,"[[1,1024],[1024,4096]]",vllm/worker/model_runner.py:1234,6.5,9.8,75.328,79.328,0.18,0.44
0,RmsNorm,"[[1,1024],[1024,4096]]",vllm/worker/model_runner.py:1234,6.5,9.8,24.258,28.258,0.18,0.44
0,AllReduce,"[[1,1024],[1024,4096]]",vllm/worker/model_runner.py:1234,6.5,9.8,34.73,38.73,0.18,0.44
0,MatMulV2,"[[1,1024],[1024,4096]]",vllm/worker/model_runner.py:1234,6.5,9.8,119.613,123.613,0.18,0.44
0,FusedInferAttentionScore,"[[1,1024],[1024,4096]]",vllm/worker/model_runner.py:1234,6.5,9.8,69.998,73.998,0.18,0.44
0,RmsNorm,"[[1,1024],[1024,4096]]",vllm/worker/model_runner.py:1234,6.5,9.8,26.812,30.812,0.18,0.44
0,AllReduce,"[[1,1024],[1024,4096]]",vllm/worker/model_runner.py:1234,6.5,9.8,35.951,39.951,0.18,0.44
0,MatMulV2,"[[1,1024],[1024,4096]]",vllm/worker/model_runner.py:1234,6.5,9.8,120.642,124.642,0.18,0.44
0,FusedInferAttentionScore,"[[1,1024],[1024,4096]]",vllm/worker/model_runner.py:1234,6.5,9.8,70.401,74.401,0.18,0.44
0,RmsNorm,"[[1,1024],[1024,4096]]",vllm/worker/model_runner.py:1234,6.5,9.8,19.443,23.443,0.18,0.44
0,AllReduce,"[[1,1024],[1024,4096]]",vllm/worker/model_runner.py:1234,6.5,9.8,32.85,36.85,0.18,0.44
0,MatMulV2,"[[1,1024],[1024,4096]]",vllm/worker/model_runner.py:1234,6.5,9.8,119.402,123.402,0.18,0.44
0,FusedInferAttentionScore,"[[1,1024],[1024,4096]]",vllm/worker/model_runner.py:1234,6.5,9.8,64.716,68.716,0.18,0.44
0,RmsNorm,"[[1,1024],[1024,4096]]",vllm/worker/model_runner.py:1234,6.5,9.8,25.918,29.918,0.18,0.44
0,AllReduce,"[[1,1024],[1024,4096]]",vllm/worker/model_runner.py:1234,6.5,9.8,36.432,40.432,0.18,0.44
0,MatMulV2,"[[1,1024],[1024,4096]]",vllm/worker/model_runner.py:1234,6.5,9.8,115.311,119.311,0.18,0.44
0,FusedInferAttentionScore,"[[1,1024],[1024,4096]]",vllm/worker/model_runner.py:1234,6.5,9.8,65.565,69.565,0.18,0.44
0,RmsNorm,"[[1,1024],[1024,4096]]",vllm/worker/model_runner.py:1234,6.5,9.8,20.791,24.791,0.18,0.44
0,AllReduce,"[[1,1024],[1024,4096]]",vllm/worker/model_runner.py:1234,6.5,9.8,35.026,39.026,0.18,0.44
0,MatMulV2,"[[1,1024],[1024,4096]]",vllm/worker/model_runner.py:1234,6.5,9.8,124.21,128.20999999999998,0.18,0.44
0,FusedInferAttentionScore,"[[1,1024],[1024,4096]]",vllm/worker/model_runner.py:1234,6.5,9.8,76.859,80.859,0.18,0.44
0,RmsNorm,"[[1,1024],[1024,4096]]",vllm/worker/model_runner.py:1234,6.5,9.8,28.361,32.361000000000004,0.18,0.44
0,AllReduce,"[[1,1024],[1024,4096]]",vllm/worker/model_runner.py:1234,6.5,9.8,36.637,40.637,0.18,0.44
0,MatMulV2,"[[1,1024],[1024,4096]]",vllm/worker/model_runner.py:1234,6.5,9.8,125.774,129.774,0.18,0.44
0,FusedInferAttentionScore,"[[1,1024],[1024,4096]]",vllm/worker/model_runner.py:1234,6.5,9.8,72.575,76.575,0.18,0.44
0,RmsNorm,"[[1,1024],[1024,4096]]",vllm/worker/model_runner.py:1234,6.5,9.8,25.629,29.629,0.18,0.44
0,AllReduce,"[[1,1024],[1024,4096]]",vllm/worker/model_runner.py:1234,6.5,9.8,37.029,41.029,0.18,0.44
0,MatMulV2,"[[1,1024],[1024,4096]]",vllm/worker/model_runner.py:1234,6.5,9.8,119.608,123.608,0.18,0.44
0,FusedInferAttentionScore,"[[1,1024],[1024,4096]]",vllm/worker/model_runner.py:1234,6.5,9.8,64.702,68.702,0.18,0.44
0,RmsNorm,"[[1,1024],[1024,4096]]",vllm/worker/model_runner.py:1234,6.5,9.8,20.806,24.806,0.18,0.44
0,AllReduce,"[[1,1024],[1024,4096]]",vllm/worker/model_runner.py:1234,6.5,9.8,36.916,40.916,0.18,0.44
0,MatMulV2,"[[1,1024],[1024,4096]]",vllm/worker/model_runner.py:1234,6.5,9.8,117.894,121.894,0.18,0.44
0,FusedInferAttentionScore,"[[1,1024],[1024,4096]]",vllm/worker/model_runner.py:1234,6.5,9.8,75.042,79.042,0.18,0.44
0,RmsNorm,"[[1,1024],[1024,4096]]",vllm/worker/model_runner.py:1234,6.5,9.8,28.511,32.510999999999996,0.18,0.44
0,AllReduce,"[[1,1024],[1024,4096]]",vllm/worker/model_runner.py:1234,6.5,9.8,36.089,40.089,0.18,0.44
0,MatMulV2,"[[1,1024],[1024,4096]]",vllm/worker/model_runner.py:1234,6.5,9.8,124.469,128.469,0.18,0.44
0,FusedInferAttentionScore,"[[1,1024],[1024,4096]]",vllm/worker/model_runner.py:1234,6.5,9.8,67.113,71.113,0.18,0.44
0,RmsNorm,"[[1,1024],[1024,4096]]",vllm/worker/model_runner.py:1234,6.5,9.8,20.419,24.419,0.18,0.44
0,AllReduce,"[[1,1024],[1024,4096]]",vllm/worker/model_runner.py:1234,6.5,9.8,36.059,40.059,0.18,0.44
0,MatMulV2,"[[1,1024],[1024,4096]]",vllm/worker/model_runner.py:1234,6.5,9.8,108.205,112.205,0.18,0.44
0,FusedInferAttentionScore,"[[1,1024],[1024,4096]]",vllm/worker/model_runner.py:1234,6.5,9.8,65.866,69.866,0.18,0.44
0,RmsNorm,"[[1,1024],[1024,4096]]",vllm/worker/model_runner.py:1234,6.5,9.8,28.511,32.510999999999996,0.18,0.44
0,AllReduce,"[[1,1024],[1024,4096]]",vllm/worker/model_runner.py:1234,6.5,9.8,36.86,40.86,0.18,0.44
0,MatMulV2,"[[1,1024],[1024,4096]]",vllm/worker/model_runner.py:1234,6.5,9.8,128.575,132.575,0.18,0.44
0,FusedInferAttentionScore,"[[1,1024],[1024,4096]]",vllm/worker/model_runner.py:1234,6.5,9.8,66.418,70.418,0.18,0.44
0,RmsNorm,"[[1,1024],[1024,4096]]",vllm/worker/model_runner.py:1234,6.5,9.8,23.659,27.659,0.18,0.44
0,AllReduce,"[[1,1024],[1024,4096]]",vllm/worker/model_runner.py:1234,6.5,9.8,35.771,39.771,0.18,0.44
0,MatMulV2,"[[1,1024],[1024,4096]]",vllm/worker/model_runner.py:1234,6.5,9.8,129.266,133.266,0.18,0.44
0,FusedInferAttentionScore,"[[1,1024],[1024,4096]]",vllm/worker/model_runner.py:1234,6.5,9.8,64.548,68.548,0.18,0.44
0,RmsNorm,"[[1,1024],[1024,4096]]",vllm/worker/model_runner.py:1234,6.5,9.8,20.321,24.321,0.18,0.44
0,AllReduce,"[[1,1024],[1024,4096]]",vllm/worker/model_runner.py:1234,6.5,9.8,30.612,34.611999999999995,0.18,0.44
0,MatMulV2,"[[1,1024],[1024,4096]]",vllm/worker/model_runner.py:1234,6.5,9.8,121.727,125.727,0.18,0.44
0,FusedInferAttentionScore,"[[1,1024],[1024,4096]]",vllm/worker/model_runner.py:1234,6.5,9.8,69.15,73.15,0.18,0.44
0,RmsNorm,"[[1,1024],[1024,4096]]",vllm/worker/model_runner.py:1234,6.5,9.8,25.272,29.272,0.18,0.44
0,AllReduce,"[[1,1024],[1024,4096]]",vllm/worker/model_runner.py:1234,6.5,9.8,31.974,35.974000000000004,0.18,0.44
0,MatMulV2,"[[1,1024],[1024,4096]]",vllm/worker/model_runner.py:1234,6.5,9.8,118.52,122.52,0.18,0.44
0,FusedInferAttentionScore,"[[1,1024],[1024,4096]]",vllm/worker/model_runner.py:1234,6.5,9.8,72.374,76.374,0.18,0.44
0,RmsNorm,"[[1,1024],[1024,4096]]",vllm/worker/model_runner.py:1234,6.5,9.8,26.741,30.741,0.18,0.44
0,AllReduce,"[[1,1024],[1024,4096]]",vllm/worker/model_runner.py:1234,6.5,9.8,36.037,40.037,0.18,0.44
0,MatMulV2,"[[1,1024],[1024,4096]]",vllm/worker/model_runner.py:1234,6.5,9.8,118.353,122.353,0.18,0.44
0,FusedInferAttentionScore,"[[1,1024],[1024,4096]]",vllm/worker/model_runner.py:1234,6.5,9.8,68.672,72.672,0.18,0.44
0,RmsNorm,"[[1,1024],[1024,4096]]",vllm/worker/model_runner.py:1234,6.5,9.8,21.086,25.086,0.18,0.44
0,AllReduce,"[[1,1024],[1024,4096]]",vllm/worker/model_runner.py:1234,6.5,9.8,33.731,37.731,0.18,0.44
0,MatMulV2,"[[1,1024],[1024,4096]]",vllm/worker/model_runner.py:1234,6.5,9.8,114.66,118.66,0.18,0.44
0,FusedInferAttentionScore,"[[1,1024],[1024,4096]]",vllm/worker/model_runner.py:1234,6.5,9.8,63.468,67.468,0.18,0.44
0,RmsNorm,"[[1,1024],[1024,4096]]",vllm/worker/model_runner.py:1234,6.5,9.8,28.573,32.573,0.18,0.44
0,AllReduce,"[[1,1024],[1024,4096]]",vllm/worker/model_runner.py:1234,6.5,9.8,31.695,35.695,0.18,0.44
0,MatMulV2,"[[1,1024],[1024,4096]]",vllm/worker/model_runner.py:1234,6.5,9.8,129.622,133.622,0.18,0.44
0,FusedInferAttentionScore,"[[1,1024],[1024,4096]]",vllm/worker/model_runner.py:1234,6.5,9.8,71.668,75.668,0.18,0.44
0,RmsNorm,"[[1,1024],[1024,4096]]",vllm/worker/model_runner.py:1234,6.5,9.8,23.402,27.402,0.18,0.44
0,AllReduce,"[[1,1024],[1024,4096]]",vllm/worker/model_runner.py:1234,6.5,9.8,34.999,38.999,0.18,0.44
0,MatMulV2,"[[1,1024],[1024,4096]]",vllm/worker/model_runner.py:1234,6.5,9.8,113.481,117.481,0.18,0.44
0,FusedInferAttentionScore,"[[1,1024],[1024,4096]]",vllm/worker/model_runner.py:1234,6.5,9.8,67.732,71.732,0.18,0.44
0,RmsNorm,"[[1,1024],[1024,4096]]",vllm/worker/model_runner.py:1234,6.5,9.8,22.319,26.319,0.18,0.44
0,AllReduce,"[[1,1024],[1024,4096]]",vllm/worker/model_runner.py:1234,6.5,9.8,31.673,35.673,0.18,0.44
0,MatMulV2,"[[1,1024],[1024,4096]]",vllm/worker/model_runner.py:1234,6.5,9.8,131.047,135.047,0.18,0.44
0,FusedInferAttentionScore,"[[1,1024],[1024,4096]]",vllm/worker/model_runner.py:1234,6.5,9.8,76.521,80.521,0.18,0.44
0,RmsNorm,"[[1,1024],[1024,4096]]",vllm/worker/model_runner.py:1234,6.5,9.8,21.791,25.791,0.18,0.44
0,AllReduce,"[[1,1024],[1024,4096]]",vllm/worker/model_runner.py:1234,6.5,9.8,34.405,38.405,0.18,0.44
0,MatMulV2,"[[1,1024],[1024,4096]]",vllm/worker/model_runner.py:1234,6.5,9.8,111.243,115.243,0.18,0.44
0,FusedInferAttentionScore,"[[1,1024],[1024,4096]]",vllm/worker/model_runner.py:1234,6.5,9.8,65.65,69.65,0.18,0.44
0,RmsNorm,"[[1,1024],[1024,4096]]",vllm/worker/model_runner.py:1234,6.5,9.8,23.267,27.267,0.18,0.44
0,AllReduce,"[[1,1024],[1024,4096]]",vllm/worker/model_runner.py:1234,6.5,9.8,32.472,36.472,0.18,0.44
0,MatMulV2,"[[1,1024],[1024,4096]]",vllm/worker/model_runner.py:1234,6.5,9.8,121.599,125.599,0.18,0.44
0,FusedInferAttentionScore,"[[1,1024],[1024,4096]]",vllm/worker/model_runner.py:1234,6.5,9.8,73.552,77.552,0.18,0.44
0,RmsNorm,"[[1,1024],[1024,4096]]",vllm/worker/model_runner.py:1234,6.5,9.8,23.687,27.687,0.18,0.44
0,AllReduce,"[[1,1024],[1024,4096]]",vllm/worker/model_runner.py:1234,6.5,9.8,35.042,39.042,0.18,0.44
0,MatMulV2,"[[1,1024],[1024,4096]]",vllm/worker/model_runner.py:1234,6.5,9.8,119.53,123.53,0.18,0.44
0,FusedInferAttentionScore,"[[1,1024],[1024,4096]]",vllm/worker/model_runner.py:1234,6.5,9.8,72.975,76.975,0.18,0.44
0,RmsNorm,"[[1,1024],[1024,4096]]",vllm/worker/model_runner.py:1234,6.5,9.8,23.592,27.592,0.18,0.44
0,AllReduce,"[[1,1024],[1024,4096]]",vllm/worker/model_runner.py:1234,6.5,9.8,35.124,39.124,0.18,0.44
0,MatMulV2,"[[1,1024],[1024,4096]]",vllm/worker/model_runner.py:1234,6.5,9.8,130.314,134.314,0.18,0.44
0,FusedInferAttentionScore,"[[1,1024],[1024,4096]]",vllm/worker/model_runner.py:1234,6.5,9.8,67.145,71.145,0.18,0.44
0,RmsNorm,"[[1,1024],[1024,4096]]",vllm/worker/model_runner.py:1234,6.5,9.8,21.178,25.178,0.18,0.44
0,AllReduce,"[[1,1024],[1024,4096]]",vllm/worker/model_runner.py:1234,6.5,9.8,31.102,35.102000000000004,0.18,0.44
0,MatMulV2,"[[1,1024],[1024,4096]]",vllm/worker/model_runner.py:1234,6.5,9.8,127.609,131.60899999999998,0.18,0.44
0,FusedInferAttentionScore,"[[1,1024],[1024,4096]]",vllm/worker/model_runner.py:1234,6.5,9.8,65.286,69.286,0.18,0.44
0,RmsNorm,"[[1,1024],[1024,4096]]",vllm/worker/model_runner.py:1234,6.5,9.8,20.646,24.646,0.18,0.44
0,AllReduce,"[[1,1024],[1024,4096]]",vllm/worker/model_runner.py:1234,6.5,9.8,33.729,37.729,0.18,0.44
0,MatMulV2,"[[1,1024],[1024,4096]]",vllm/worker/model_runner.py:1234,6.5,9.8,130.935,134.935,0.18,0.44
0,FusedInferAttentionScore,"[[1,1024],[1024,4096]]",vllm/worker/model_runner.py:1234,6.5,9.8,67.227,71.227,0.18,0.44
0,RmsNorm,"[[1,1024],[1024,4096]]",vllm/worker/model_runner.py:1234,6.5,9.8,27.968,31.968,0.18,0.44
0,AllReduce,"[[1,1024],[1024,4096]]",vllm/worker/model_runner.py:1234,6.5,9.8,32.291,36.291,0.18,0.44
0,aclrtMemcpyAsync_D2H,"[[1,1024],[1024,4096]]",vllm/worker/model_runner.py:1234,6.5,9.8,260,264,0.18,0.44
0,MatMulV2,"[[1,1024],[1024,4096]]",vllm/worker/model_runner.py:1234,6.5,9.8,120.785,124.785,0.18,0.44
0,FusedInferAttentionScore,"[[1,1024],[1024,4096]]",vllm/worker/model_runner.py:1234,6.5,9.8,65.836,69.836,0.18,0.44
0,RmsNorm,"[[1,1024],[1024,4096]]",vllm/worker/model_runner.py:1234,6.5,9.8,25.181,29.181,0.18,0.44
0,AllReduce,"[[1,1024],[1024,4096]]",vllm/worker/model_runner.py:1234,6.5,9.8,31.058,35.058,0.18,0.44
0,MatMulV2,"[[1,1024],[1024,4096]]",vllm/worker/model_runner.py:1234,6.5,9.8,127.329,131.329,0.18,0.44
0,FusedInferAttentionScore,"[[1,1024],[1024,4096]]",vllm/worker/model_runner.py:1234,6.5,9.8,73.65,77.65,0.18,0.44
0,RmsNorm,"[[1,1024],[1024,4096]]",vllm/worker/model_runner.py:1234,6.5,9.8,20.65,24.65,0.18,0.44
0,AllReduce,"[[1,1024],[1024,4096]]",vllm/worker/model_runner.py:1234,6.5,9.8,34.393,38.393,0.18,0.44
0,MatMulV2,"[[1,1024],[1024,4096]]",vllm/worker/model_runner.py:1234,6.5,9.8,126.917,130.917,0.18,0.44
0,FusedInferAttentionScore,"[[1,1024],[1024,4096]]",vllm/worker/model_runner.py:1234,6.5,9.8,68.59,72.59,0.18,0.44
0,RmsNorm,"[[1,1024],[1024,4096]]",vllm/worker/model_runner.py:1234,6.5,9.8,27.156,31.156,0.18,0.44
0,AllReduce,"[[1,1024],[1024,4096]]",vllm/worker/model_runner.py:1234,6.5,9.8,33.394,37.394,0.18,0.44
0,MatMulV2,"[[1,1024],[1024,4096]]",vllm/worker/model_runner.py:1234,6.5,9.8,126.234,130.23399999999998,0.18,0.44
0,FusedInferAttentionScore,"[[1,1024],[1024,4096]]",vllm/worker/model_runner.py:1234,6.5,9.8,72.852,76.852,0.18,0.44
0,RmsNorm,"[[1,1024],[1024,4096]]",vllm/worker/model_runner.py:1234,6.5,9.8,25.153,29.153,0.18,0.44
0,AllReduce,"[[1,1024],[1024,4096]]",vllm/worker/model_runner.py:1234,6.5,9.8,32.771,36.771,0.18,0.44
0,MatMulV2,"[[1,1024],[1024,4096]]",vllm/worker/model_runner.py:1234,6.5,9.8,111.773,115.773,0.18,0.44
0,FusedInferAttentionScore,"[[1,1024],[1024,4096]]",vllm/worker/model_runner.py:1234,6.5,9.8,63.326,67.326,0.18,0.44
0,RmsNorm,"[[1,1024],[1024,4096]]",vllm/worker/model_runner.py:1234,6.5,9.8,24.347,28.347,0.18,0.44
0,AllReduce,"[[1,1024],[1024,4096]]",vllm/worker/model_runner.py:1234,6.5,9.8,31.209,35.209,0.18,0.44
0,MatMulV2,"[[1,1024],[1024,4096]]",vllm/worker/model_runner.py:1234,6.5,9.8,116.991,120.991,0.18,0.44
0,FusedInferAttentionScore,"[[1,1024],[1024,4096]]",vllm/worker/model_runner.py:1234,6.5,9.8,67.429,71.429,0.18,0.44
0,RmsNorm,"[[1,1024],[1024,4096]]",vllm/worker/model_runner.py:1234,6.5,9.8,26.03,30.03,0.18,0.44
0,AllReduce,"[[1,1024],[1024,4096]]",vllm/worker/model_runner.py:1234,6.5,9.8,36.377,40.377,0.18,0.44
0,MatMulV2,"[[1,1024],[1024,4096]]",vllm/worker/model_runner.py:1234,6.5,9.8,115.018,119.018,0.18,0.44
0,FusedInferAttentionScore,"[[1,1024],[1024,4096]]",vllm/worker/model_runner.py:1234,6.5,9.8,63.047,67.047,0.18,0.44
0,RmsNorm,"[[1,1024],[1024,4096]]",vllm/worker/model_runner.py:1234,6.5,9.8,20.106,24.106,0.18,0.44
0,AllReduce,"[[1,1024],[1024,4096]]",vllm/worker/model_runner.py:1234,6.5,9.8,35.625,39.625,0.18,0.44
0,MatMulV2,"[[1,1024],[1024,4096]]",vllm/worker/model_runner.py:1234,6.5,9.8,122.801,126.801,0.18,0.44
0,FusedInferAttentionScore,"[[1,1024],[1024,4096]]",vllm/worker/model_runner.py:1234,6.5,9.8,74.835,78.835,0.18,0.44
0,RmsNorm,"[[1,1024],[1024,4096]]",vllm/worker/model_runner.py:1234,6.5,9.8,28.361,32.361000000000004,0.18,0.44
0,AllReduce,"[[1,1024],[1024,4096]]",vllm/worker/model_runner.py:1234,6.5,9.8,35.553,39.553,0.18,0.44
0,MatMulV2,"[[1,1024],[1024,4096]]",vllm/worker/model_runner.py:1234,6.5,9.8,116.544,120.544,0.18,0.44
0,FusedInferAttentionScore,"[[1,1024],[1024,4096]]",vllm/worker/model_runner.py:1234,6.5,9.8,64.561,68.561,0.18,0.44
0,RmsNorm,"[[1,1024],[1024,4096]]",vllm/worker/model_runner.py:1234,6.5,9.8,25.536,29.536,0.18,0.44
0,AllReduce,"[[1,1024],[1024,4096]]",vllm/worker/model_runner.py:1234,6.5,9.8,33.683,37.683,0.18,0.44
0,MatMulV2,"[[1,1024],[1024,4096]]",vllm/worker/model_runner.py:1234,6.5,9.8,108.338,112.338,0.18,0.44
0,FusedInferAttentionScore,"[[1,1024],[1024,4096]]",vllm/worker/model_runner.py:1234,6.5,9.8,70.747,74.747,0.18,0.44
0,RmsNorm,"[[1,1024],[1024,4096]]",vllm/worker/model_runner.py:1234,6.5,9.8,23.343,27.343,0.18,0.44
0,AllReduce,"[[1,1024],[1024,4096]]",vllm/worker/model_runner.py:1234,6.5,9.8,32.003,36.003,0.18,0.44
0,MatMulV2,"[[1,1024],[1024,4096]]",vllm/worker/model_runner.py:1234,6.5,9.8,115.835,119.835,0.18,0.44
0,FusedInferAttentionScore,"[[1,1024],[1024,4096]]",vllm/worker/model_runner.py:1234,6.5,9.8,76.291,80.291,0.18,0.44
0,RmsNorm,"[[1,1024],[1024,4096]]",vllm/worker/model_runner.py:1234,6.5,9.8,19.378,23.378,0.18,0.44
0,AllReduce,"[[1,1024],[1024,4096]]",vllm/worker/model_runner.py:1234,6.5,9.8,33.836,37.836,0.18,0.44
0,MatMulV2,"[[1,1024],[1024,4096]]",vllm/worker/model_runner.py:1234,6.5,9.8,122.86,126.86,0.18,0.44
0,FusedInferAttentionScore,"[[1,1024],[1024,4096]]",vllm/worker/model_runner.py:1234,6.5,9.8,66.318,70.318,0.18,0.44
0,RmsNorm,"[[1,1024],[1024,4096]]",vllm/worker/model_runner.py:1234,6.5,9.8,24.085,28.085,0.18,0.44
0,AllReduce,"[[1,1024],[1024,4096]]",vllm/worker/model_runner.py:1234,6.5,9.8,35.193,39.193,0.18,0.44
0,MatMulV2,"[[1,1024],[1024,4096]]",vllm/worker/model_runner.py:1234,6.5,9.8,110.822,114.822,0.18,0.44
0,FusedInferAttentionScore,"[[1,1024],[1024,4096]]",vllm/worker/model_runner.py:1234,6.5,9.8,69.959,73.959,0.18,0.44
0,RmsNorm,"[[1,1024],[1024,4096]]",vllm/worker/model_runner.py:1234,6.5,9.8,26.109,30.109,0.18,0.44
0,AllReduce,"[[1,1024],[1024,4096]]",vllm/worker/model_runner.py:1234,6.5,9.8,37.059,41.059,0.18,0.44
0,MatMulV2,"[[1,1024],[1024,4096]]",vllm/worker/model_runner.py:1234,6.5,9.8,126.812,130.812,0.18,0.44
0,FusedInferAttentionScore,"[[1,1024],[1024,4096]]",vllm/worker/model_runner.py:1234,6.5,9.8,67.292,71.292,0.18,0.44
0,RmsNorm,"[[1,1024],[1024,4096]]",vllm/worker/model_runner.py:1234,6.5,9.8,27.603,31.603,0.18,0.44
0,AllReduce,"[[1,1024],[1024,4096]]",vllm/worker/model_runner.py:1234,6.5,9.8,31.979,35.979,0.18,0.44
0,MatMulV2,"[[1,1024],[1024,4096]]",vllm/worker/model_runner.py:1234,6.5,9.8,120.244,124.244,0.18,0.44
0,FusedInferAttentionScore,"[[1,1024],[1024,4096]]",vllm/worker/model_runner.py:1234,6.5,9.8,66.145,70.145,0.18,0.44
0,RmsNorm,"[[1,1024],[1024,4096]]",vllm/worker/model_runner.py:1234,6.5,9.8,24.231,28.231,0.18,0.44
0,AllReduce,"[[1,1024],[1024,4096]]",vllm/worker/model_runner.py:1234,6.5,9.8,35.589,39.589,0.18,0.44
0,MatMulV2,"[[1,1024],[1024,4096]]",vllm/worker/model_runner.py:1234,6.5,9.8,125.941,129.941,0.18,0.44
0,FusedInferAttentionScore,"[[1,1024],[1024,4096]]",vllm/worker/model_runner.py:1234,6.5,9.8,69.004,73.004,0.18,0.44
0,RmsNorm,"[[1,1024],[1024,4096]]",vllm/worker/model_runner.py:1234,6.5,9.8,27.812,31.812,0.18,0.44
0,AllReduce,"[[1,1024],[1024,4096]]",vllm/worker/model_runner.py:1234,6.5,9.8,31.458,35.458,0.18,0.44
0,MatMulV2,"[[1,1024],[1024,4096]]",vllm/worker/model_runner.py:1234,6.5,9.8,129.509,133.509,0.18,0.44
0,FusedInferAttentionScore,"[[1,1024],[1024,4096]]",vllm/worker/model_runner.py:1234,6.5,9.8,73.719,77.719,0.18,0.44
0,RmsNorm,"[[1,1024],[1024,4096]]",vllm/worker/model_runner.py:1234,6.5,9.8,20.77,24.77,0.18,0.44
0,AllReduce,"[[1,1024],[1024,4096]]",vllm/worker/model_runner.py:1234,6.5,9.8,32.488,36.488,0.18,0.44
0,MatMulV2,"[[1,1024],[1024,4096]]",vllm/worker/model_runner.py:1234,6.5,9.8,108.905,112.905,0.18,0.44
0,FusedInferAttentionScore,"[[1,1024],[1024,4096]]",vllm/worker/model_runner.py:1234,6.5,9.8,73.249,77.249,0.18,0.44
0,RmsNorm,"[[1,1024],[1024,4096]]",vllm/worker/model_runner.py:1234,6.5,9.8,21.921,25.921,0.18,0.44
0,AllReduce,"[[1,1024],[1024,4096]]",vllm/worker/model_runner.py:1234,6.5,9.8,35.44,39.44,0.18,0.44
0,MatMulV2,"[[1,1024],[1024,4096]]",vllm/worker/model_runner.py:1234,6.5,9.8,128.051,132.051,0.18,0.44
0,FusedInferAttentionScore,"[[1,1024],[1024,4096]]",vllm/worker/model_runner.py:1234,6.5,9.8,65.151,69.151,0.18,0.44
0,RmsNorm,"[[1,1024],[1024,4096]]",vllm/worker/model_runner.py:1234,6.5,9.8,23.167,27.167,0.18,0.44
0,AllReduce,"[[1,1024],[1024,4096]]",vllm/worker/model_runner.py:1234,6.5,9.8,34.429,38.429,0.18,0.44
0,MatMulV2,"[[1,1024],[1024,4096]]",vllm/worker/model_runner.py:1234,6.5,9.8,124.38,128.38,0.18,0.44
0,FusedInferAttentionScore,"[[1,1024],[1024,4096]]",vllm/worker/model_runner.py:1234,6.5,9.8,71.031,75.031,0.18,0.44
0,RmsNorm,"[[1,1024],[1024,4096]]",vllm/worker/model_runner.py:1234,6.5,9.8,19.827,23.827,0.18,0.44
0,AllReduce,"[[1,1024],[1024,4096]]",vllm/worker/model_runner.py:1234,6.5,9.8,36.553,40.553,0.18,0.44
0,MatMulV2,"[[1,1024],[1024,4096]]",vllm/worker/model_runner.py:1234,6.5,9.8,118.189,122.189,0.18,0.44
0,FusedInferAttentionScore,"[[1,1024],[1024,4096]]",vllm/worker/model_runner.py:1234,6.5,9.8,71.693,75.693,0.18,0.44
0,RmsNorm,"[[1,1024],[1024,4096]]",vllm/worker/model_runner.py:1234,6.5,9.8,23.773,27.773,0.18,0.44
0,AllReduce,"[[1,1024],[1024,4096]]",vllm/worker/model_runner.py:1234,6.5,9.8,31.313,35.313,0.18,0.44
0,MatMulV2,"[[1,1024],[1024,4096]]",vllm/worker/model_runner.py:1234,6.5,9.8,113.67,117.67,0.18,0.44
0,FusedInferAttentionScore,"[[1,1024],[1024,4096]]",vllm/worker/model_runner.py:1234,6.5,9.8,75.179,79.179,0.18,0.44
0,RmsNorm,"[[1,1024],[1024,4096]]",vllm/worker/model_runner.py:1234,6.5,9.8,27.707,31.707,0.18,0.44
0,AllReduce,"[[1,1024],[1024,4096]]",vllm/worker/model_runner.py:1234,6.5,9.8,37.168,41.168,0.18,0.44
0,MatMulV2,"[[1,1024],[1024,4096]]",vllm/worker/model_runner.py:1234,6.5,9.8,119.49,123.49,0.18,0.44
0,FusedInferAttentionScore,"[[1,1024],[1024,4096]]",vllm/worker/model_runner.py:1234,6.5,9.8,76.44,80.44,0.18,0.44
0,RmsNorm,"[[1,1024],[1024,4096]]",vllm/worker/model_runner.py:1234,6.5,9.8,25.74,29.74,0.18,0.44
0,AllReduce,"[[1,1024],[1024,4096]]",vllm/worker/model_runner.py:1234,6.5,9.8,30.705,34.705,0.18,0.44
0,MatMulV2,"[[1,1024],[1024,4096]]",vllm/worker/model_runner.py:1234,6.5,9.8,122.816,126.816,0.18,0.44
0,FusedInferAttentionScore,"[[1,1024],[1024,4096]]",vllm/worker/model_runner.py:1234,6.5,9.8,76.848,80.848,0.18,0.44
0,RmsNorm,"[[1,1024],[1024,4096]]",vllm/worker/model_runner.py:1234,6.5,9.8,25.013,29.013,0.18,0.44
0,AllReduce,"[[1,1024],[1024,4096]]",vllm/worker/model_runner.py:1234,6.5,9.8,34.748,38.748,0.18,0.44
0,MatMulV2,"[[1,1024],[1024,4096]]",vllm/worker/model_runner.py:1234,6.5,9.8,120.625,124.625,0.18,0.44
0,FusedInferAttentionScore,"[[1,1024],[1024,4096]]",vllm/worker/model_runner.py:1234,6.5,9.8,69.263,73.263,0.18,0.44
0,RmsNorm,"[[1,1024],[1024,4096]]",vllm/worker/model_runner.py:1234,6.5,9.8,23.918,27.918,0.18,0.44
0,AllReduce,"[[1,1024],[1024,4096]]",vllm/worker/model_runner.py:1234,6.5,9.8,31.497,35.497,0.18,0.44
0,MatMulV2,"[[1,1024],[1024,4096]]",vllm/worker/model_runner.py:1234,6.5,9.8,126.209,130.209,0.18,0.44
0,FusedInferAttentionScore,"[[1,1024],[1024,4096]]",vllm/worker/model_runner.py:1234,6.5,9.8,65.887,69.887,0.18,0.44
0,RmsNorm,"[[1,1024],[1024,4096]]",vllm/worker/model_runner.py:1234,6.5,9.8,21.266,25.266,0.18,0.44
0,AllReduce,"[[1,1024],[1024,4096]]",vllm/worker/model_runner.py:1234,6.5,9.8,34.824,38.824,0.18,0.44
0,MatMulV2,"[[1,1024],[1024,4096]]",vllm/worker/model_runner.py:1234,6.5,9.8,122.727,126.727,0.18,0.44
0,FusedInferAttentionScore,"[[1,1024],[1024,4096]]",vllm/worker/model_runner.py:1234,6.5,9.8,67.614,71.614,0.18,0.44
0,RmsNorm,"[[1,1024],[1024,4096]]",vllm/worker/model_runner.py:1234,6.5,9.8,27.147,31.147,0.18,0.44
0,AllReduce,"[[1,1024],[1024,4096]]",vllm/worker/model_runner.py:1234,6.5,9.8,31.999,35.998999999999995,0.18,0.44
0,MatMulV2,"[[1,1024],[1024,4096]]",vllm/worker/model_runner.py:1234,6.5,9.8,109.693,113.693,0.18,0.44
0,FusedInferAttentionScore,"[[1,1024],[1024,4096]]",vllm/worker/model_runner.py:1234,6.5,9.8,73.089,77.089,0.18,0.44
0,RmsNorm,"[[1,1024],[1024,4096]]",vllm/worker/model_runner.py:1234,6.5,9.8,19.848,23.848,0.18,0.44
0,AllReduce,"[[1,1024],[1024,4096]]",vllm/worker/model_runner.py:1234,6.5,9.8,37.198,41.198,0.18,0.44
0,MatMulV2,"[[1,1024],[1024,4096]]",vllm/worker/model_runner.py:1234,6.5,9.8,130.257,134.257,0.18,0.44
0,FusedInferAttentionScore,"[[1,1024],[1024,4096]]",vllm/worker/model_runner.py:1234,6.5,9.8,75.215,79.215,0.18,0.44
0,RmsNorm,"[[1,1024],[1024,4096]]",vllm/worker/model_runner.py:1234,6.5,9.8,25.952,29.952,0.18,0.44
0,AllReduce,"[[1,1024],[1024,4096]]",vllm/worker/model_runner.py:1234,6.5,9.8,31.648,35.647999999999996,0.18,0.44
0,MatMulV2,"[[1,1024],[1024,4096]]",vllm/worker/model_runner.py:1234,6.5,9.8,125.181,129.18099999999998,0.18,0.44
0,FusedInferAttentionScore,"[[1,1024],[1024,4096]]",vllm/worker/model_runner.py:1234,6.5,9.8,66.305,70.305,0.18,0.44
0,RmsNorm,"[[1,1024],[1024,4096]]",vllm/worker/model_runner.py:1234,6.5,9.8,23.199,27.199,0.18,0.44
0,AllReduce,"[[1,1024],[1024,4096]]",vllm/worker/model_runner.py:1234,6.5,9.8,36.167,40.167,0.18,0.44
0,MatMulV2,"[[1,1024],[1024,4096]]",vllm/worker/model_runner.py:1234,6.5,9.8,113.357,117.357,0.18,0.44
0,FusedInferAttentionScore,"[[1,1024],[1024,4096]]",vllm/worker/model_runner.py:1234,6.5,9.8,76.612,80.612,0.18,0.44
0,RmsNorm,"[[1,1024],[1024,4096]]",vllm/worker/model_runner.py:1234,6.5,9.8,20.834,24.834,0.18,0.44
0,AllReduce,"[[1,1024],[1024,4096]]",vllm/worker/model_runner.py:1234,6.5,9.8,33.151,37.151,0.18,0.44
0,MatMulV2,"[[1,1024],[1024,4096]]",vllm/worker/model_runner.py:1234,6.5,9.8,122.211,126.211,0.18,0.44
0,FusedInferAttentionScore,"[[1,1024],[1024,4096]]",vllm/worker/model_runner.py:1234,6.5,9.8,76.724,80.724,0.18,0.44
0,RmsNorm,"[[1,1024],[1024,4096]]",vllm/worker/model_runner.py:1234,6.5,9.8,26.302,30.302,0.18,0.44
0,AllReduce,"[[1,1024],[1024,4096]]",vllm/worker/model_runner.py:1234,6.5,9.8,35.133,39.133,0.18,0.44
0,aclrtMemcpyAsync_D2H,"[[1,1024],[1024,4096]]",vllm/worker/model_runner.py:1234,6.5,9.8,260,264,0.18,0.44
0,MatMulV2,"[[1,1024],[1024,4096]]",vllm/worker/model_runner.py:1234,6.5,9.8,123.075,127.075,0.18,0.44
0,FusedInferAttentionScore,"[[1,1024],[1024,4096]]",vllm/worker/model_runner.py:1234,6.5,9.8,64.363,68.363,0.18,0.44
0,RmsNorm,"[[1,1024],[1024,4096]]",vllm/worker/model_runner.py:1234,6.5,9.8,25.742,29.742,0.18,0.44
0,AllReduce,"[[1,1024],[1024,4096]]",vllm/worker/model_runner.py:1234,6.5,9.8,34.317,38.317,0.18,0.44
0,MatMulV2,"[[1,1024],[1024,4096]]",vllm/worker/model_runner.py:1234,6.5,9.8,120.268,124.268,0.18,0.44
0,FusedInferAttentionScore,"[[1,1024],[1024,4096]]",vllm/worker/model_runner.py:1234,6.5,9.8,72.647,76.647,0.18,0.44
0,RmsNorm,"[[1,1024],[1024,4096]]",vllm/worker/model_runner.py:1234,6.5,9.8,19.622,23.622,0.18,0.44
0,AllReduce,"[[1,1024],[1024,4096]]",vllm/worker/model_runner.py:1234,6.5,9.8,30.889,34.888999999999996,0.18,0.44
0,MatMulV2,"[[1,1024],[1024,4096]]",vllm/worker/model_runner.py:1234,6.5,9.8,130.087,134.087,0.18,0.44
0,FusedInferAttentionScore,"[[1,1024],[1024,4096]]",vllm/worker/model_runner.py:1234,6.5,9.8,63.209,67.209,0.18,0.44
0,RmsNorm,"[[1,1024],[1024,4096]]",vllm/worker/model_runner.py:1234,6.5,9.8,27.515,31.515,0.18,0.44
0,AllReduce,"[[1,1024],[1024,4096]]",vllm/worker/model_runner.py:1234,6.5,9.8,31.475,35.475,0.18,0.44
0,MatMulV2,"[[1,1024],[1024,4096]]",vllm/worker/model_runner.py:1234,6.5,9.8,112.317,116.317,0.18,0.44
0,FusedInferAttentionScore,"[[1,1024],[1024,4096]]",vllm/worker/model_runner.py:1234,6.5,9.8,65.764,69.764,0.18,0.44
0,RmsNorm,"[[1,1024],[1024,4096]]",vllm/worker/model_runner.py:1234,6.5,9.8,24.739,28.739,0.18,0.44
0,AllReduce,"[[1,1024],[1024,4096]]",vllm/worker/model_runner.py:1234,6.5,9.8,31,35,0.18,0.44
0,MatMulV2,"[[1,1024],[1024,4096]]",vllm/worker/model_runner.py:1234,6.5,9.8,131.19,135.19,0.18,0.44
0,FusedInferAttentionScore,"[[1,1024],[1024,4096]]",vllm/worker/model_runner.py:1234,6.5,9.8,66.526,70.526,0.18,0.44
0,RmsNorm,"[[1,1024],[1024,4096]]",vllm/worker/model_runner.py:1234,6.5,9.8,22.549,26.549,0.18,0.44
0,AllReduce,"[[1,1024],[1024,4096]]",vllm/worker/model_runner.py:1234,6.5,9.8,34.384,38.384,0.18,0.44
0,MatMulV2,"[[1,1024],[1024,4096]]",vllm/worker/model_runner.py:1234,6.5,9.8,119.986,123.986,0.18,0.44
0,FusedInferAttentionScore,"[[1,1024],[1024,4096]]",vllm/worker/model_runner.py:1234,6.5,9.8,75.954,79.954,0.18,0.44
0,RmsNorm,"[[1,1024],[1024,4096]]",vllm/worker/model_runner.py:1234,6.5,9.8,23.769,27.769,0.18,0.44
0,AllReduce,"[[1,1024],[1024,4096]]",vllm/worker/model_runner.py:1234,6.5,9.8,36.195,40.195,0.18,0.44
0,MatMulV2,"[[1,1024],[1024,4096]]",vllm/worker/model_runner.py:1234,6.5,9.8,128.669,132.669,0.18,0.44
0,FusedInferAttentionScore,"[[1,1024],[1024,4096]]",vllm/worker/model_runner.py:1234,6.5,9.8,72.43,76.43,0.18,0.44
0,RmsNorm,"[[1,1024],[1024,4096]]",vllm/worker/model_runner.py:1234,6.5,9.8,19.604,23.604,0.18,0.44
0,AllReduce,"[[1,1024],[1024,4096]]",vllm/worker/model_runner.py:1234,6.5,9.8,36.137,40.137,0.18,0.44
0,MatMulV2,"[[1,1024],[1024,4096]]",vllm/worker/model_runner.py:1234,6.5,9.8,115.916,119.916,0.18,0.44
0,FusedInferAttentionScore,"[[1,1024],[1024,4096]]",vllm/worker/model_runner.py:1234,6.5,9.8,67.955,71.955,0.18,0.44
0,RmsNorm,"[[1,1024],[1024,4096]]",vllm/worker/model_runner.py:1234,6.5,9.8,22.985,26.985,0.18,0.44
0,AllReduce,"[[1,1024],[1024,4096]]",vllm/worker/model_runner.py:1234,6.5,9.8,33.969,37.969,0.18,0.44
0,MatMulV2,"[[1,1024],[1024,4096]]",vllm/worker/model_runner.py:1234,6.5,9.8,128.913,132.913,0.18,0.44
0,FusedInferAttentionScore,"[[1,1024],[1024,4096]]",vllm/worker/model_runner.py:1234,6.5,9.8,69.462,73.462,0.18,0.44
0,RmsNorm,"[[1,1024],[1024,4096]]",vllm/worker/model_runner.py:1234,6.5,9.8,21.006,25.006,0.18,0.44
0,AllReduce,"[[1,1024],[1024,4096]]",vllm/worker/model_runner.py:1234,6.5,9.8,30.709,34.709,0.18,0.44
0,MatMulV2,"[[1,1024],[1024,4096]]",vllm/worker/model_runner.py:1234,6.5,9.8,112.313,116.313,0.18,0.44
0,FusedInferAttentionScore,"[[1,1024],[1024,4096]]",vllm/worker/model_runner.py:1234,6.5,9.8,76.842,80.842,0.18,0.44
0,RmsNorm,"[[1,1024],[1024,4096]]",vllm/worker/model_runner.py:1234,6.5,9.8,19.385,23.385,0.18,0.44
0,AllReduce,"[[1,1024],[1024,4096]]",vllm/worker/model_runner.py:1234,6.5,9.8,30.739,34.739000000000004,0.18,0.44
0,MatMulV2,"[[1,1024],[1024,4096]]",vllm/worker/model_runner.py:1234,6.5,9.8,129.708,133.708,0.18,0.44
0,FusedInferAttentionScore,"[[1,1024],[1024,4096]]",vllm/worker/model_runner.py:1234,6.5,9.8,66.26,70.26,0.18,0.44
0,RmsNorm,"[[1,1024],[1024,4096]]",vllm/worker/model_runner.py:1234,6.5,9.8,27.916,31.916,0.18,0.44
0,AllReduce,"[[1,1024],[1024,4096]]",vllm/worker/model_runner.py:1234,6.5,9.8,34.266,38.266,0.18,0.44
0,MatMulV2,"[[1,1024],[1024,4096]]",vllm/worker/model_runner.py:1234,6.5,9.8,130.997,134.997,0.18,0.44
0,FusedInferAttentionScore,"[[1,1024],[1024,4096]]",vllm/worker/model_runner.py:1234,6.5,9.8,64.886,68.886,0.18,0.44
0,RmsNorm,"[[1,1024],[1024,4096]]",vllm/worker/model_runner.py:1234,6.5,9.8,20.656,24.656,0.18,0.44
0,AllReduce,"[[1,1024],[1024,4096]]",vllm/worker/model_runner.py:1234,6.5,9.8,31.724,35.724000000000004,0.18,0.44
0,MatMulV2,"[[1,1024],[1024,4096]]",vllm/worker/model_runner.py:1234,6.5,9.8,109.038,113.038,0.18,0.44
0,FusedInferAttentionScore,"[[1,1024],[1024,4096]]",vllm/worker/model_runner.py:1234,6.5,9.8,76.599,80.599,0.18,0.44
0,RmsNorm,"[[1,1024],[1024,4096]]",vllm/worker/model_runner.py:1234,6.5,9.8,22.194,26.194,0.18,0.44
0,AllReduce,"[[1,1024],[1024,4096]]",vllm/worker/model_runner.py:1234,6.5,9.8,33.814,37.814,0.18,0.44
0,MatMulV2,"[[1,1024],[1024,4096]]",vllm/worker/model_runner.py:1234,6.5,9.8,126.94,130.94,0.18,0.44
0,FusedInferAttentionScore,"[[1,1024],[1024,4096]]",vllm/worker/model_runner.py:1234,6.5,9.8,69.785,73.785,0.18,0.44
0,RmsNorm,"[[1,1024],[1024,4096]]",vllm/worker/model_runner.py:1234,6.5,9.8,22.551,26.551,0.18,0.44
0,AllReduce,"[[1,1024],[1024,4096]]",vllm/worker/model_runner.py:1234,6.5,9.8,36.544,40.544,0.18,0.44
0,MatMulV2,"[[1,1024],[1024,4096]]",vllm/worker/model_runner.py:1234,6.5,9.8,111.381,115.381,0.18,0.44
0,FusedInferAttentionScore,"[[1,1024],[1024,4096]]",vllm/worker/model_runner.py:1234,6.5,9.8,73.81,77.81,0.18,0.44
0,RmsNorm,"[[1,1024],[1024,4096]]",vllm/worker/model_runner.py:1234,6.5,9.8,20.873,24.873,0.18,0.44
0,AllReduce,"[[1,1024],[1024,4096]]",vllm/worker/model_runner.py:1234,6.5,9.8,33.162,37.162,0.18,0.44
0,MatMulV2,"[[1,1024],[1024,4096]]",vllm/worker/model_runner.py:1234,6.5,9.8,129.324,133.324,0.18,0.44
0,FusedInferAttentionScore,"[[1,1024],[1024,4096]]",vllm/worker/model_runner.py:1234,6.5,9.8,70.265,74.265,0.18,0.44
0,RmsNorm,"[[1,1024],[1024,4096]]",vllm/worker/model_runner.py:1234,6.5,9.8,20.45,24.45,0.18,0.44
0,AllReduce,"[[1,1024],[1024,4096]]",vllm/worker/model_runner.py:1234,6.5,9.8,36.955,40.955,0.18,0.44
0,MatMulV2,"[[1,1024],[1024,4096]]",vllm/worker/model_runner.py:1234,6.5,9.8,119.506,123.506,0.18,0.44
0,FusedInferAttentionScore,"[[1,1024],[1024,4096]]",vllm/worker/model_runner.py:1234,6.5,9.8,68.574,72.574,0.18,0.44
0,RmsNorm,"[[1,1024],[1024,4096]]",vllm/worker/model_runner.py:1234,6.5,9.8,20.825,24.825,0.18,0.44
0,AllReduce,"[[1,1024],[1024,4096]]",vllm/worker/model_runner.py:1234,6.5,9.8,33.009,37.009,0.18,0.44
0,MatMulV2,"[[1,1024],[1024,4096]]",vllm/worker/model_runner.py:1234,6.5,9.8,120.079,124.079,0.18,0.44
0,FusedInferAttentionScore,"[[1,1024],[1024,4096]]",vllm/worker/model_runner.py:1234,6.5,9.8,73.064,77.064,0.18,0.44
0,RmsNorm,"[[1,1024],[1024,4096]]",vllm/worker/model_runner.py:1234,6.5,9.8,26.334,30.334,0.18,0.44
0,AllReduce,"[[1,1024],[1024,4096]]",vllm/worker/model_runner.py:1234,6.5,9.8,37.095,41.095,0.18,0.44
0,MatMulV2,"[[1,1024],[1024,4096]]",vllm/worker/model_runner.py:1234,6.5,9.8,119.769,123.769,0.18,0.44
0,FusedInferAttentionScore,"[[1,1024],[1024,4096]]",vllm/worker/model_runner.py:1234,6.5,9.8,72.087,76.087,0.18,0.44
0,RmsNorm,"[[1,1024],[1024,4096]]",vllm/worker/model_runner.py:1234,6.5,9.8,25.632,29.632,0.18,0.44
0,AllReduce,"[[1,1024],[1024,4096]]",vllm/worker/model_runner.py:1234,6.5,9.8,33.57,37.57,0.18,0.44
0,MatMulV2,"[[1,1024],[1024,4096]]",vllm/worker/model_runner.py:1234,6.5,9.8,129.935,133.935,0.18,0.44
0,FusedInferAttentionScore,"[[1,1024],[1024,4096]]",vllm/worker/model_runner.py:1234,6.5,9.8,71.286,75.286,0.18,0.44
0,RmsNorm,"[[1,1024],[1024,4096]]",vllm/worker/model_runner.py:1234,6.5,9.8,23.951,27.951,0.18,0.44
0,AllReduce,"[[1,1024],[1024,4096]]",vllm/worker/model_runner.py:1234,6.5,9.8,35.074,39.074,0.18,0.44
0,MatMulV2,"[[1,1024],[1024,4096]]",vllm/worker/model_runner.py:1234,6.5,9.8,120.909,124.909,0.18,0.44
0,FusedInferAttentionScore,"[[1,1024],[1024,4096]]",vllm/worker/model_runner.py:1234,6.5,9.8,70.606,74.606,0.18,0.44
0,RmsNorm,"[[1,1024],[1024,4096]]",vllm/worker/model_runner.py:1234,6.5,9.8,20.249,24.249,0.18,0.44
0,AllReduce,"[[1,1024],[1024,4096]]",vllm/worker/model_runner.py:1234,6.5,9.8,32.508,36.508,0.18,0.44
0,MatMulV2,"[[1,1024],[1024,4096]]",vllm/worker/model_runner.py:1234,6.5,9.8,119.967,123.967,0.18,0.44
0,FusedInferAttentionScore,"[[1,1024],[1024,4096]]",vllm/worker/model_runner.py:1234,6.5,9.8,70.134,74.134,0.18,0.44
0,RmsNorm,"[[1,1024],[1024,4096]]",vllm/worker/model_runner.py:1234,6.5,9.8,25.385,29.385,0.18,0.44
0,AllReduce,"[[1,1024],[1024,4096]]",vllm/worker/model_runner.py:1234,6.5,9.8,33.867,37.867,0.18,0.44
0,MatMulV2,"[[1,1024],[1024,4096]]",vllm/worker/model_runner.py:1234,6.5,9.8,126.347,130.34699999999998,0.18,0.44
0,FusedInferAttentionScore,"[[1,1024],[1024,4096]]",vllm/worker/model_runner.py:1234,6.5,9.8,67.367,71.367,0.18,0.44
0,RmsNorm,"[[1,1024],[1024,4096]]",vllm/worker/model_runner.py:1234,6.5,9.8,27.882,31.882,0.18,0.44
0,AllReduce,"[[1,1024],[1024,4096]]",vllm/worker/model_runner.py:1234,6.5,9.8,31.808,35.808,0.18,0.44
0,MatMulV2,"[[1,1024],[1024,4096]]",vllm/worker/model_runner.py:1234,6.5,9.8,128.642,132.642,0.18,0.44
0,FusedInferAttentionScore,"[[1,1024],[1024,4096]]",vllm/worker/model_runner.py:1234,6.5,9.8,68.01,72.01,0.18,0.44
0,RmsNorm,"[[1,1024],[1024,4096]]",vllm/worker/model_runner.py:1234,6.5,9.8,27.426,31.426,0.18,0.44
0,AllReduce,"[[1,1024],[1024,4096]]",vllm/worker/model_runner.py:1234,6.5,9.8,33.949,37.949,0.18,0.44
0,MatMulV2,"[[1,1024],[1024,4096]]",vllm/worker/model_runner.py:1234,6.5,9.8,131.983,135.983,0.18,0.44
0,FusedInferAttentionScore,"[[1,1024],[1024,4096]]",vllm/worker/model_runner.py:1234,6.5,9.8,65.876,69.876,0.18,0.44
0,RmsNorm,"[[1,1024],[1024,4096]]",vllm/worker/model_runner.py:1234,6.5,9.8,28.248,32.248000000000005,0.18,0.44
0,AllReduce,"[[1,1024],[1024,4096]]",vllm/worker/model_runner.py:1234,6.5,9.8,33.161,37.161,0.18,0.44
0,MatMulV2,"[[1,1024],[1024,4096]]",vllm/worker/model_runner.py:1234,6.5,9.8,108.365,112.365,0.18,0.44
0,FusedInferAttentionScore,"[[1,1024],[1024,4096]]",vllm/worker/model_runner.py:1234,6.5,9.8,63.004,67.00399999999999,0.18,0.44
0,RmsNorm,"[[1,1024],[1024,4096]]",vllm/worker/model_runner.py:1234,6.5,9.8,21.338,25.338,0.18,0.44
0,AllReduce,"[[1,1024],[1024,4096]]",vllm/worker/model_runner.py:1234,6.5,9.8,34.848,38.848,0.18,0.44
0,MatMulV2,"[[1,1024],[1024,4096]]",vllm/worker/model_runner.py:1234,6.5,9.8,125.492,129.49200000000002,0.18,0.44
0,FusedInferAttentionScore,"[[1,1024],[1024,4096]]",vllm/worker/model_runner.py:1234,6.5,9.8,64.577,68.577,0.18,0.44
0,RmsNorm,"[[1,1024],[1024,4096]]",vllm/worker/model_runner.py:1234,6.5,9.8,25.249,29.249,0.18,0.44
0,AllReduce,"[[1,1024],[1024,4096]]",vllm/worker/model_runner.py:1234,6.5,9.8,35.487,39.487,0.18,0.44
0,MatMulV2,"[[1,1024],[1024,4096]]",vllm/worker/model_runner.py:1234,6.5,9.8,123.528,127.528,0.18,0.44
0,FusedInferAttentionScore,"[[1,1024],[1024,4096]]",vllm/worker/model_runner.py:1234,6.5,9.8,70.739,74.739,0.18,0.44
0,RmsNorm,"[[1,1024],[1024,4096]]",vllm/worker/model_runner.py:1234,6.5,9.8,27.227,31.227,0.18,0.44
0,AllReduce,"[[1,1024],[1024,4096]]",vllm/worker/model_runner.py:1234,6.5,9.8,32.022,36.022,0.18,0.44
0,MatMulV2,"[[1,1024],[1024,4096]]",vllm/worker/model_runner.py:1234,6.5,9.8,111.118,115.118,0.18,0.44
0,FusedInferAttentionScore,"[[1,1024],[1024,4096]]",vllm/worker/model_runner.py:1234,6.5,9.8,76.897,80.897,0.18,0.44
0,RmsNorm,"[[1,1024],[1024,4096]]",vllm/worker/model_runner.py:1234,6.5,9.8,24.038,28.038,0.18,0.44
0,AllReduce,"[[1,1024],[1024,4096]]",vllm/worker/model_runner.py:1234,6.5,9.8,34.574,38.574,0.18,0.44
0,MatMulV2,"[[1,1024],[1024,4096]]",vllm/worker/model_runner.py:1234,6.5,9.8,118.055,122.055,0.18,0.44
0,FusedInferAttentionScore,"[[1,1024],[1024,4096]]",vllm/worker/model_runner.py:1234,6.5,9.8,69.611,73.611,0.18,0.44
0,RmsNorm,"[[1,1024],[1024,4096]]",vllm/worker/model_runner.py:1234,6.5,9.8,28.213,32.213,0.18,0.44
0,AllReduce,"[[1,1024],[1024,4096]]",vllm/worker/model_runner.py:1234,6.5,9.8,36.267,40.267,0.18,0.44
0,MatMulV2,"[[1,1024],[1024,4096]]",vllm/worker/model_runner.py:1234,6.5,9.8,111.976,115.976,0.18,0.44
0,FusedInferAttentionScore,"[[1,1024],[1024,4096]]",vllm/worker/model_runner.py:1234,6.5,9.8,64.662,68.662,0.18,0.44
0,RmsNorm,"[[1,1024],[1024,4096]]",vllm/worker/model_runner.py:1234,6.5,9.8,23.091,27.091,0.18,0.44
0,AllReduce,"[[1,1024],[1024,4096]]",vllm/worker/model_runner.py:1234,6.5,9.8,31.642,35.641999999999996,0.18,0.44
